CASE_ID,ACCIDENT_YEAR,PROC_DATE,JURIS,COLLISION_DATE,COLLISION_TIME,OFFICER_ID,REPORTING_DISTRICT,DAY_OF_WEEK,CHP_SHIFT,POPULATION,CNTY_CITY_LOC,SPECIAL_COND,BEAT_TYPE,CHP_BEAT_TYPE,CITY_DIVISION_LAPD,CHP_BEAT_CLASS,BEAT_NUMBER,PRIMARY_RD,SECONDARY_RD,DISTANCE,DIRECTION,INTERSECTION,WEATHER_1,WEATHER_2,STATE_HWY_IND,CALTRANS_COUNTY,CALTRANS_DISTRICT,STATE_ROUTE,ROUTE_SUFFIX,POSTMILE_PREFIX,POSTMILE,LOCATION_TYPE,RAMP_INTERSECTION,SIDE_OF_HWY,TOW_AWAY,COLLISION_SEVERITY,NUMBER_KILLED,NUMBER_INJURED,PARTY_COUNT,PRIMARY_COLL_FACTOR,PCF_CODE_OF_VIOL,PCF_VIOL_CATEGORY,PCF_VIOLATION,PCF_VIOL_SUBSECTION,HIT_AND_RUN,TYPE_OF_COLLISION,MVIW,PED_ACTION,ROAD_SURFACE,ROAD_COND_1,ROAD_COND_2,LIGHTING,CONTROL_DEVICE,CHP_ROAD_TYPE,PEDESTRIAN_ACCIDENT,BICYCLE_ACCIDENT,MOTORCYCLE_ACCIDENT,TRUCK_ACCIDENT,NOT_PRIVATE_PROPERTY,ALCOHOL_INVOLVED,STWD_VEHTYPE_AT_FAULT,CHP_VEHTYPE_AT_FAULT,COUNT_SEVERE_INJ,COUNT_VISIBLE_INJ,COUNT_COMPLAINT_PAIN,COUNT_PED_KILLED,COUNT_PED_INJURED,COUNT_BICYCLIST_KILLED,COUNT_BICYCLIST_INJURED,COUNT_MC_KILLED,COUNT_MC_INJURED,PRIMARY_RAMP,SECONDARY_RAMP,LATITUDE,LONGITUDE,COUNTY,CITY,POINT_X,POINT_Y
90209442,2016,2016-06-27,9590,2016-06-11,2155,020788,NA,6,2,7,1942,0,1,1,NA,2,041,I-5 S/B (SANTA ANA FREEWAY),ESPERANZA STREET,500,S,N,A,-,Y,NA,NA,5,NA,NA,NA,NA,NA,S,N,4,0,1,2,A,-,07,21658,A,N,B,C,A,A,H,-,C,D,0,NA,NA,NA,NA,Y,NA,A,01,0,0,1,0,0,0,0,0,0,-,-,34.02186,-118.19754,LOS ANGELES,LOS ANGELES,-118.19754336,34.02185227
90209452,2016,2016-06-27,9535,2016-06-12,1455,021305,NA,7,2,9,1900,0,1,1,NA,2,070,I-710 (LONG BEACH FREEWAY) N/B,HUMPHREYS AVE,200,S,N,A,-,Y,NA,NA,710,NA,NA,NA,NA,NA,N,N,3,0,1,3,A,-,07,21658,A,N,B,C,A,A,H,-,A,D,0,NA,NA,NA,NA,Y,NA,A,07,0,1,0,0,0,0,0,0,0,-,-,34.02952,-118.17157,LOS ANGELES,UNINCORPORATED,-118.17153871,34.02950617
90209455,2016,2016-06-27,9535,2016-06-13,1910,020488,NA,1,2,9,1900,0,1,1,NA,2,071,I-710 (LONG BEACH FREEWAY) S/B,OLYMPIC BLVD.,50,N,N,A,-,Y,NA,NA,710,NA,NA,NA,NA,NA,S,Y,4,0,2,2,A,-,07,21658,NA,N,C,C,A,A,H,-,A,D,0,NA,NA,NA,NA,Y,NA,A,01,0,0,2,0,0,0,0,0,0,-,-,34.01791,-118.17336,LOS ANGELES,UNINCORPORATED,-118.17353784,34.0179103
90209456,2016,2016-06-27,9590,2016-06-24,0825,019008,NA,5,1,7,1942,0,1,2,NA,2,071,US-101 SB (HOLLYWOOD FREEWAY),BENTON WAY,100,N,N,B,-,Y,NA,NA,101,NA,NA,NA,NA,NA,S,Y,4,0,1,2,A,-,03,22350,NA,N,C,C,A,A,H,-,A,D,0,NA,NA,NA,NA,Y,NA,A,01,0,0,1,0,0,0,0,0,0,-,-,34.07528,-118.2749,LOS ANGELES,LOS ANGELES,-118.27490374999999,34.07526696
90209458,2016,2016-06-27,9590,2016-06-24,1615,019008,NA,5,2,7,1942,0,1,2,NA,2,071,US-101 SB (SANTA ANA FREEWAY),GRAND AVENUE,100,S,N,A,-,Y,NA,NA,101,NA,NA,NA,NA,NA,S,N,4,0,1,2,A,-,03,22350,NA,N,C,C,A,A,H,-,A,D,0,NA,NA,NA,Y,Y,NA,F,24,0,0,1,0,0,0,0,0,0,-,-,34.05858,-118.24499,LOS ANGELES,LOS ANGELES,-118.244963,34.05861505
90209461,2016,2016-06-27,9525,2016-04-22,1745,020341,NA,5,2,4,1905,0,1,1,NA,2,214,I-210 E/B (FOOTHILL FREEWAY),CERRITOS AVE O/C,50,E,N,A,-,Y,NA,NA,210,NA,NA,NA,NA,NA,E,Y,3,0,1,2,A,-,07,21658,A,F,B,C,A,A,H,-,A,D,0,NA,NA,Y,NA,Y,NA,A,01,0,1,0,0,0,0,0,0,1,-,-,34.12102,-117.8991,LOS ANGELES,AZUSA,-117.89910004,34.12100041
90209462,2016,2016-06-27,9590,2016-06-23,0935,021111,NA,4,1,7,1942,0,1,1,NA,2,085,I-5 S/B (GOLDEN STATE FREEWAY),GLENDALE BLVD.,150,N,N,A,-,Y,NA,NA,5,NA,NA,NA,NA,NA,S,N,4,0,1,2,A,-,03,22350,NA,N,C,C,A,A,H,-,A,D,0,NA,NA,NA,NA,Y,NA,A,01,0,0,1,0,0,0,0,0,0,-,-,34.11346,-118.26734,LOS ANGELES,LOS ANGELES,-118.26736627,34.11343803
90209464,2016,2016-06-27,9535,2016-06-12,2310,021119,NA,7,3,5,1915,0,1,1,NA,2,074,I-710 (LONG BEACH FREEWAY) N/B,ROSECRANS AVE,500,S,N,A,-,Y,NA,NA,710,NA,NA,NA,NA,NA,N,Y,3,0,1,3,A,-,03,22350,NA,N,B,C,A,A,H,-,D,D,0,NA,NA,NA,NA,Y,NA,A,01,0,1,0,0,0,0,0,0,0,-,-,33.89946,-118.18684,LOS ANGELES,COMPTON,-118.18689797,33.89947085
90209467,2016,2016-06-27,9590,2016-06-23,0640,021111,NA,4,1,7,1942,0,1,3,NA,2,095,SR-2 W/B (GLENDALE FREEWAY),CASITAS AVENUE,50,E,N,A,-,Y,NA,NA,2,NA,NA,NA,NA,NA,W,Y,4,0,1,4,A,-,03,22350,NA,N,C,C,A,A,H,-,A,D,0,NA,NA,NA,NA,Y,NA,A,01,0,0,1,0,0,0,0,0,0,-,-,34.11174,-118.247,LOS ANGELES,LOS ANGELES,-118.2469516,34.11166302
90209471,2016,2016-06-27,9535,2016-06-14,1840,019839,NA,2,2,9,1900,0,3,5,NA,2,002,SOUTHSIDE DRIVE (6600 BLOCK),GARFIELD AVE,50,E,N,A,-,N,NA,NA,NA,NA,NA,NA,NA,NA,NA,N,4,0,1,2,A,-,21,22106,NA,N,B,C,A,A,H,-,A,D,0,NA,NA,NA,NA,Y,NA,A,01,0,0,1,0,0,0,0,0,0,-,-,34.00974,-118.13081,LOS ANGELES,UNINCORPORATED,-118.13103615,34.00975663
90209486,2016,2016-06-27,9590,2016-06-17,1320,021245,NA,5,1,7,1942,0,1,1,NA,2,064,I-10 E/B (SANTA MONICA FREEWAY),LOS ANGELES RIVER,20,E,N,A,-,Y,NA,NA,10,NA,NA,NA,NA,NA,E,N,4,0,1,1,A,-,01,23152,A,N,E,I,A,A,H,-,A,D,0,NA,NA,NA,NA,Y,Y,A,01,0,0,1,0,0,0,0,0,0,-,-,34.02898,-118.22641,LOS ANGELES,LOS ANGELES,-118.2264264,34.02905351
90209487,2016,2016-06-27,9525,2016-06-17,1750,020346,NA,5,2,5,1990,0,1,3,NA,2,601,SR-60 W/B (POMONA FREEWAY),GRAND AVE,720,W,N,A,-,Y,NA,NA,60,NA,NA,NA,NA,NA,W,Y,4,0,2,4,A,-,03,22350,NA,N,C,C,A,A,H,-,A,D,0,NA,NA,NA,NA,Y,NA,A,07,0,0,2,0,0,0,0,0,0,-,-,34.00882,-117.82511,LOS ANGELES,DIAMOND BAR,-117.82500402,34.00870847
90209494,2016,2016-06-27,9525,2016-06-23,1035,014971,NA,4,1,6,1975,0,1,1,NA,2,105,I-10 W/B (SAN BERNARDINO FREEWAY),CITRUS AVE,1584,W,N,A,-,Y,NA,NA,10,NA,NA,NA,NA,NA,W,Y,4,0,1,3,A,-,03,22350,NA,N,C,C,A,A,H,-,A,D,0,NA,NA,NA,NA,Y,NA,A,08,0,0,1,0,0,0,0,0,0,-,-,34.07211,-117.8954,LOS ANGELES,WEST COVINA,-117.89539981,34.07212858
90209499,2016,2016-06-27,9590,2016-06-19,1205,020985,NA,7,1,7,1942,0,1,1,NA,2,013,SR-110 S/B (ASP) FROM AVENUE 57,VIA MARISOL,355,S,N,A,-,Y,NA,NA,110,NA,NA,NA,R,NA,S,N,4,0,1,2,A,-,03,22350,NA,N,C,C,A,A,H,-,A,D,0,NA,NA,NA,NA,Y,NA,A,01,0,0,1,0,0,0,0,0,0,-,-,34.10336,-118.19231,LOS ANGELES,LOS ANGELES,-118.19231,34.10336
90209512,2016,2016-06-27,9530,2016-06-16,1633,021310,NA,4,2,5,1977,0,1,1,NA,2,410,I-405 N/B (SAN DIEGO FREEWAY),DEL AMO BLVD.,1600,N,N,A,-,Y,NA,NA,NA,NA,NA,NA,NA,NA,NA,Y,3,0,2,2,A,-,03,22350,NA,N,E,I,A,A,H,-,A,D,0,NA,NA,NA,NA,Y,NA,A,01,0,1,1,0,0,0,0,0,0,-,-,33.505,-118.1619,LOS ANGELES,CARSON,-118.27469189,33.84943459
90209528,2016,2016-06-27,9530,2016-06-17,1639,021108,NA,5,2,7,1942,0,1,1,NA,2,200,I-105 E/B (GLENN ANDERSON FWY),CENTRAL AVE.,698,W,N,A,-,Y,NA,NA,NA,NA,NA,NA,NA,NA,NA,N,4,0,1,2,A,-,07,21658,A,N,B,C,A,A,H,-,A,D,0,NA,NA,Y,NA,Y,NA,A,01,0,0,1,0,0,0,0,0,1,-,-,33.5542,-118.1648,LOS ANGELES,LOS ANGELES,-118.25652827,33.92761309
90209542,2016,2016-06-27,9535,2016-06-14,0825,014987,NA,2,1,3,1914,0,1,1,NA,2,501,I-5 (SANTA ANA FREEWAY) S/B,GARFIELD AVE,20,S,N,B,-,Y,NA,NA,5,NA,NA,NA,NA,NA,S,Y,2,0,1,2,A,-,03,22350,NA,N,E,I,A,A,H,-,A,D,0,NA,NA,Y,NA,Y,NA,C,02,1,0,0,0,0,0,0,0,1,-,-,33.9881,-118.1381,LOS ANGELES,COMMERCE,-118.13811909,33.98808157
90209561,2016,2016-06-27,9575,2016-05-22,0325,020332,NA,7,3,7,1942,0,1,1,NA,2,052,I-5 N/B (GOLDEN STATE FREEWAY),SHELDON ST,2640,S,N,A,-,Y,NA,NA,5,NA,NA,NA,NA,NA,N,Y,4,0,1,3,A,-,01,23152,A,N,C,C,A,A,H,-,D,D,0,NA,NA,NA,NA,Y,Y,A,01,0,0,1,0,0,0,0,0,0,-,-,34.23118,-118.40021,LOS ANGELES,LOS ANGELES,-118.40022619,34.23107979
90209563,2016,2016-06-27,9530,2016-06-19,0120,020583,NA,7,3,7,1941,0,1,1,NA,2,420,I-405 N/B (SAN DIEGO FREEWAY),I-710,380,S,N,A,-,Y,NA,NA,405,NA,NA,NA,NA,NA,N,Y,4,0,1,3,A,-,03,22350,NA,N,C,C,A,A,H,-,C,D,0,NA,NA,NA,NA,Y,NA,A,01,0,0,1,0,0,0,0,0,0,-,-,33.82639,-118.20579,LOS ANGELES,LONG BEACH,-118.20580795,33.82631331
9020957,2019,2020-07-13,1900,2019-11-15,1719,626465,2611,5,5,6,1950,0,0,0,NA,0,263T1,RT 138,5TH ST EAST,0,NA,Y,A,-,Y,LA,7,138,-,-,44.18,H,-,E,N,4,0,1,2,A,-,03,22350,NA,N,C,C,A,A,H,-,A,A,0,NA,NA,NA,NA,Y,NA,A,01,0,0,1,0,0,0,0,0,0,-,-,34.5796012878418,-118.12010192871094,LOS ANGELES,PALMDALE,-118.12081909179688,34.579715728759766
90209571,2016,2016-06-27,9530,2016-06-16,0735,021191,NA,4,1,7,1941,0,1,1,NA,2,430,I-405 S/B (SAN DIEGO FREEWAY),STUDEBAKER RD.,350,N,N,A,-,Y,NA,NA,405,NA,NA,NA,NA,NA,S,N,4,0,2,2,A,-,03,22350,NA,N,C,C,A,A,H,-,A,D,0,NA,NA,NA,NA,Y,NA,A,01,0,0,2,0,0,0,0,0,0,-,-,33.79222,-118.10179,LOS ANGELES,LONG BEACH,-118.10180612,33.79219868
90209575,2016,2016-06-27,9530,2016-06-17,1218,020349,NA,5,1,9,1900,0,3,5,NA,2,002,IMPERIAL HWY.,CROESUS AVE.,0,NA,Y,A,-,N,NA,NA,NA,NA,NA,NA,NA,NA,NA,Y,4,0,2,2,D,-,00,NA,NA,N,D,C,A,A,H,-,A,D,0,NA,NA,NA,NA,Y,NA,-,-,0,0,2,0,0,0,0,0,0,-,-,33.9291,-118.23366,LOS ANGELES,UNINCORPORATED,-118.23355013,33.92912002
90209579,2016,2016-06-27,9575,2016-06-09,1230,020887,NA,4,1,9,1900,0,3,5,NA,2,003,PAXTON STREET (12000 BLOCK),I-210 WESTBOUND,0,NA,Y,A,-,Y,NA,NA,NA,NA,NA,NA,NA,NA,NA,N,4,0,1,2,A,-,09,21802,A,M,D,C,A,A,H,-,A,A,0,NA,NA,NA,NA,Y,NA,A,01,0,0,1,0,0,0,0,0,0,-,-,34.28777,-118.40661,LOS ANGELES,UNINCORPORATED,-118.40712008,34.28754009
90209585,2016,2016-06-27,9575,2016-06-11,0240,020711,NA,6,3,6,1925,0,1,1,NA,2,062,I-210 W/B TO PENNSYLVANIA AVENUE,PENNSYLVANIA AVENUE,400,E,N,A,-,Y,NA,NA,210,NA,NA,NA,R,NA,W,Y,4,0,1,2,A,-,01,23152,A,N,C,C,A,A,H,-,D,D,0,NA,NA,NA,NA,Y,Y,A,01,0,0,1,0,0,0,0,0,0,-,-,34.22281,-118.24721,LOS ANGELES,GLENDALE,-118.24721,34.22281
90209605,2016,2016-06-27,9530,2016-06-23,1335,021106,NA,4,1,7,1942,0,1,1,NA,2,110,I-110 N/B TO ROSECRANS AVE.,ROSECRANS AVE.,40,S,N,A,-,Y,NA,NA,110,NA,NA,NA,R,NA,N,N,4,0,2,2,A,-,03,22350,NA,N,C,C,A,A,H,-,A,A,0,NA,NA,NA,NA,Y,NA,D,22,0,0,2,0,0,0,0,0,0,-,-,33.9015,-118.2862,LOS ANGELES,LOS ANGELES,-118.2862,33.9015
90209610,2016,2016-07-13,9530,2016-06-24,1545,020331,NA,5,2,5,1943,0,1,1,NA,2,210,I-105 W/B (GLENN ANDERSON FWY),HARRIS AVE.,580,E,N,A,-,Y,NA,NA,NA,NA,NA,NA,NA,NA,NA,N,4,0,1,2,A,-,07,21658,A,N,C,C,A,A,H,-,A,D,0,NA,NA,Y,NA,Y,NA,C,02,0,0,1,0,0,0,0,0,1,-,-,33.5582,-118.1146,LOS ANGELES,LYNWOOD,-118.19274312,33.91752305
90209615,2016,2016-06-27,9530,2016-06-24,1900,020566,NA,5,2,7,1941,0,1,1,NA,2,071,I-710 N/B (LONG BEACH FREEWAY),DEL AMO BLVD.,1056,S,N,A,-,Y,NA,NA,710,NA,NA,NA,NA,NA,N,Y,3,0,1,3,A,-,03,22350,NA,N,C,C,A,A,H,-,A,D,0,NA,NA,NA,NA,Y,NA,A,01,0,1,0,0,0,0,0,0,0,-,-,33.83811,-118.20754,LOS ANGELES,LONG BEACH,-118.207616,33.83813009
90209618,2016,2016-06-27,9530,2016-06-24,2115,020956,NA,5,2,5,1943,0,1,1,NA,2,210,I-105 E/B (GLENN ANDERSON FWY),BULLIS RD.,1056,E,N,A,-,Y,NA,NA,NA,NA,NA,NA,NA,NA,NA,Y,4,0,1,2,A,-,03,22350,NA,N,C,C,A,A,H,-,C,D,0,NA,NA,NA,NA,Y,NA,A,01,0,0,1,0,0,0,0,0,0,-,-,33.55127,-118.11513,LOS ANGELES,LYNWOOD,-118.19913271,33.91997103
9020962,2019,2020-02-13,1941,2019-12-11,0700,11253,NA,3,5,7,1941,0,0,0,NA,0,NA,LOS COYOTES DIAGONAL,STANBRIDGE AV,175,W,N,A,-,N,NA,NA,NA,NA,NA,NA,NA,NA,NA,Y,4,0,1,2,A,-,09,21804,A,N,D,C,A,A,H,-,A,D,0,NA,NA,NA,NA,Y,NA,D,NA,0,0,1,0,0,0,0,0,0,-,-,NA,NA,LOS ANGELES,LONG BEACH,-118.13128662109376,33.79854965209961
90209621,2016,2016-06-27,9575,2016-06-16,1845,020691,NA,4,2,6,1912,0,1,3,NA,2,044,SR-134 E/B (VENTURA FREEWAY),BOB HOPE DRIVE,400,W,N,A,-,Y,NA,NA,134,NA,NA,NA,NA,NA,E,N,4,0,1,3,A,-,03,22350,NA,N,C,C,A,A,H,-,A,D,0,NA,NA,NA,NA,Y,NA,A,01,0,0,1,0,0,0,0,0,0,-,-,34.15269,-118.33575,LOS ANGELES,BURBANK,-118.33575572,34.15266776
90209624,2016,2016-06-27,9530,2016-06-19,0930,020096,NA,7,1,4,1939,0,1,1,NA,2,400,I-405 NORTHBOUND,MANHATTAN BEACH BOULEVARD,175,N,N,A,-,Y,NA,NA,NA,NA,NA,NA,NA,NA,NA,Y,4,0,1,1,A,-,03,22350,NA,N,E,I,A,A,H,-,A,D,0,NA,NA,NA,NA,Y,NA,A,01,0,0,1,0,0,0,0,0,0,-,-,33.53168,-118.21259,LOS ANGELES,LAWNDALE,-118.35674734,33.88775201
90209627,2016,2016-06-27,9575,2016-06-16,1750,021213,NA,4,2,7,1942,0,1,1,NA,2,053,I-5 N/B (GOLDEN STATE FREEWAY),OSBORNE ST.,100,N,N,A,-,Y,NA,NA,5,NA,NA,NA,NA,NA,N,Y,4,0,1,2,A,-,03,22350,NA,N,C,C,A,A,H,-,A,D,0,NA,NA,NA,NA,Y,NA,A,01,0,0,1,0,0,0,0,0,0,-,-,34.24484,-118.42219,LOS ANGELES,LOS ANGELES,-118.42230056,34.24472257
9020963,2019,2020-02-26,1941,2019-12-16,1758,10877,NA,1,5,7,1941,0,0,0,NA,0,NA,ARTESIA BL,ORIZABA AV,0,NA,Y,A,-,N,NA,NA,NA,NA,NA,NA,NA,NA,NA,N,4,0,1,2,D,-,00,NA,NA,N,D,C,A,A,H,-,C,A,0,NA,NA,NA,NA,Y,NA,-,-,0,0,1,0,0,0,0,0,0,-,-,NA,NA,LOS ANGELES,LONG BEACH,-118.1578369140625,33.87474822998047
90209636,2016,2016-06-27,9575,2016-06-17,1518,020846,NA,5,2,9,1900,0,2,4,NA,2,012,FOOTHILL BLVD. E/B (3100 BLOCK),CLOUD AVE.,50,W,N,A,-,N,NA,NA,NA,NA,NA,NA,NA,NA,NA,Y,3,0,3,2,A,-,08,22107,NA,N,B,C,A,A,H,-,A,D,0,NA,NA,NA,NA,Y,NA,A,01,0,2,1,0,0,0,0,0,0,-,-,34.18752,-118.13718,LOS ANGELES,UNINCORPORATED,-118.24655315,34.22825105
90209640,2016,2016-06-27,9575,2016-06-17,1500,020887,NA,5,2,7,1942,0,1,3,NA,2,044,SR-134 W/B (VENTURA FREEWAY),CAHUENGA BOULEVARD,100,W,N,A,-,Y,NA,NA,134,NA,NA,NA,NA,NA,W,N,4,0,1,4,A,-,03,22350,NA,N,C,C,A,A,H,-,A,D,0,NA,NA,NA,NA,Y,NA,A,01,0,0,1,0,0,0,0,0,0,-,-,34.1531,-118.36142,LOS ANGELES,LOS ANGELES,-118.36141006,34.15331153
90209644,2016,2016-06-27,9565,2016-06-12,1020,017060,NA,7,1,9,1900,0,2,4,NA,2,043,INGLEWOOD AVE.,111TH ST.,20,S,N,B,-,N,NA,NA,NA,NA,NA,NA,NA,NA,NA,Y,3,0,4,4,A,-,01,23152,A,N,C,C,A,A,H,-,A,D,0,NA,NA,NA,NA,Y,Y,A,01,0,2,2,0,0,0,0,0,0,-,-,33.93421,-118.36122,LOS ANGELES,UNINCORPORATED,-118.36133,33.93445514
90209650,2016,2016-06-27,9530,2016-06-25,1410,020349,NA,6,2,9,1900,0,3,5,NA,2,002,MAIN ST. (15200 BLOCK),REDONDO BEACH BLVD.,40,N,N,A,-,N,NA,NA,NA,NA,NA,NA,NA,NA,NA,Y,3,0,1,1,A,-,08,22107,NA,N,F,A,A,A,H,-,A,D,0,NA,NA,Y,NA,Y,NA,C,02,0,1,0,0,0,0,0,0,1,-,-,33.8931,-118.27625,LOS ANGELES,UNINCORPORATED,-118.27623548,33.89302961
90209652,2016,2016-06-27,9575,2016-06-10,0821,020702,NA,5,1,7,1942,0,1,3,NA,2,070,SR-118 E/B TO I-210 W/B,DRONFIELD AVE.,40,E,N,B,-,Y,NA,NA,118,NA,NA,NA,R,NA,E,Y,3,0,1,1,A,-,08,22107,NA,N,E,I,A,A,H,-,A,D,0,NA,NA,NA,NA,Y,NA,A,01,0,1,0,0,0,0,0,0,0,-,-,34.28505,-118.41167,LOS ANGELES,LOS ANGELES,-118.41167,34.28505
90209659,2016,2016-06-27,9565,2016-06-25,1815,020958,NA,6,2,7,1942,0,3,5,NA,2,003,HARCOURT AVENUE,54TH STREET,75,S,N,A,-,N,NA,NA,NA,NA,NA,NA,NA,NA,NA,N,3,0,1,2,A,-,09,21801,A,N,D,C,A,A,H,-,B,D,0,NA,NA,NA,NA,Y,NA,A,07,0,1,0,0,0,0,0,0,0,-,-,33.99204,-118.34102,LOS ANGELES,LOS ANGELES,-118.34098817,33.9928343
9020966,2019,2020-03-02,1941,2019-12-14,1216,11365,NA,6,5,7,1941,0,0,0,NA,0,NA,ANAHEIM ST,DAWSON AV,10,W,-,A,-,N,NA,NA,NA,NA,NA,NA,NA,NA,NA,N,3,0,1,2,D,-,00,NA,NA,N,B,G,A,A,H,-,A,D,0,NA,Y,NA,NA,Y,NA,-,-,0,1,0,0,0,0,1,0,0,-,-,NA,NA,LOS ANGELES,LONG BEACH,-118.16554260253906,33.78260040283203
90209665,2016,2016-06-27,9575,2016-06-12,1525,020119,NA,7,2,6,1953,0,1,1,NA,2,063,I-210 E/B (FOOTHILL FREEWAY),SECO ST.,1056,E,N,B,-,Y,NA,NA,NA,NA,NA,NA,NA,NA,NA,N,4,0,1,2,A,-,07,21658,A,N,B,C,A,A,H,-,A,D,0,NA,NA,NA,NA,Y,NA,A,07,0,0,1,0,0,0,0,0,0,-,-,34.14043,-118.15489,LOS ANGELES,PASADENA,NA,NA
90209669,2016,2016-06-27,9575,2016-06-17,1614,020536,NA,5,2,6,1953,0,1,1,NA,2,064,I-210 W/B (FOOTHILL FREEWAY),EL MOLINO AVE.,800,W,N,A,-,Y,NA,NA,210,NA,NA,NA,NA,NA,W,Y,4,0,1,2,A,-,01,23152,E,N,C,C,A,A,H,-,A,D,0,NA,NA,NA,NA,Y,NA,A,01,0,0,1,0,0,0,0,0,0,-,-,34.15205,-118.13808,LOS ANGELES,PASADENA,-118.13808051,34.15199413
9020967,2019,2020-02-26,1941,2019-12-16,1241,10551,NA,1,5,7,1941,0,0,0,NA,0,NA,ANAHEIM ST,MARTIN LUTHER KING JR,10,E,N,A,-,N,NA,NA,NA,NA,NA,NA,NA,NA,NA,Y,4,0,2,2,A,-,03,22350,NA,N,C,C,A,A,H,-,A,A,0,NA,NA,NA,NA,Y,NA,A,NA,0,0,2,0,0,0,0,0,0,-,-,NA,NA,LOS ANGELES,LONG BEACH,-118.18064880371094,33.78261184692383
90209674,2016,2016-06-27,9565,2016-06-25,1350,015275,NA,6,1,7,1942,0,1,1,NA,2,062,I-405 S/B (PHILIP DENNIS ORTIZ MRL HWY),PALMS BOULEVARD,1056,N,N,B,-,Y,NA,NA,405,NA,NA,NA,NA,NA,S,Y,3,0,1,2,A,-,08,22107,NA,N,B,C,A,A,H,-,A,D,0,NA,NA,Y,NA,Y,NA,A,01,0,1,0,0,0,0,0,0,1,-,-,34.02231,-118.42653,LOS ANGELES,LOS ANGELES,-118.42657357,34.02227553
90209690,2016,2016-06-27,9525,2016-06-12,1450,016342,NA,7,2,4,1905,0,1,1,NA,2,203,I-210 W/B (FOOTHILL FREEWAY),CERRITOS AVE. O/C,100,W,N,A,-,Y,NA,NA,210,NA,NA,NA,NA,NA,W,N,4,0,1,2,A,-,03,22350,NA,N,C,C,A,A,H,-,A,D,0,NA,NA,NA,NA,Y,NA,D,22,0,0,1,0,0,0,0,0,0,-,-,34.12093,-117.90362,LOS ANGELES,AZUSA,-117.90362524,34.1210387
90209697,2016,2016-06-27,9525,2016-06-12,1503,019632,NA,7,2,5,1990,0,1,3,NA,2,601,SR-60 W/B (POMONA FREEWAY),GRAND AVE,1500,W,N,A,-,Y,NA,NA,60,NA,NA,NA,NA,NA,W,Y,4,0,1,3,A,-,03,22350,NA,N,C,C,A,A,H,-,A,D,0,NA,NA,NA,NA,Y,NA,A,07,0,0,1,0,0,0,0,0,0,-,-,34.00507,-117.82973,LOS ANGELES,DIAMOND BAR,-117.82953398,34.00481886
9020970,2019,2020-02-13,1941,2019-12-14,1344,11029,NA,6,5,7,1941,0,0,0,NA,0,NA,WALNUT AV,SOUTH ST,95,S,N,A,-,N,NA,NA,NA,NA,NA,NA,NA,NA,NA,N,4,0,1,2,A,-,21,22106,NA,N,D,C,A,A,H,-,A,D,0,NA,NA,NA,NA,Y,NA,A,NA,0,0,1,0,0,0,0,0,0,-,-,NA,NA,LOS ANGELES,LONG BEACH,-118.17350006103516,33.85987854003906
9020971,2019,2020-02-12,1941,2019-12-16,1846,6242,NA,1,5,7,1941,0,0,0,NA,0,NA,WARDLOW RD,SEABRIGHT AV,0,NA,Y,A,-,N,NA,NA,NA,NA,NA,NA,NA,NA,NA,Y,4,0,2,2,A,-,09,21804,A,N,D,C,A,A,H,-,C,D,0,NA,NA,NA,NA,Y,NA,A,NA,0,0,2,0,0,0,0,0,0,-,-,NA,NA,LOS ANGELES,LONG BEACH,-118.21775817871094,33.824378967285156
90209737,2016,2016-06-27,9540,2016-06-18,1350,018721,NA,6,1,9,1900,0,1,3,NA,2,146,SR-14 N/B (ANTELOPE VALLEY FREEWAY),ESCONDIDO CANYON RD,2218,S,N,A,-,Y,NA,NA,14,NA,NA,NA,NA,NA,N,Y,2,0,3,2,A,-,08,22107,NA,N,C,E,A,A,H,-,A,D,0,NA,NA,NA,Y,Y,NA,A,01,1,1,1,0,0,0,0,0,0,-,-,34.48551,-118.28665,LOS ANGELES,UNINCORPORATED,-118.28668944,34.48551205
90209749,2016,2016-06-27,9540,2016-06-17,1145,016130,NA,5,1,9,1900,0,1,1,NA,2,511,I-5 S/B (GOLDEN STATE FREEWAY),VISTA DEL LAGO,10560,S,N,A,-,Y,NA,NA,5,NA,NA,NA,NA,NA,S,Y,3,0,1,2,A,-,01,23152,A,N,C,C,A,A,H,-,A,D,0,NA,NA,NA,Y,Y,Y,D,22,0,1,0,0,0,0,0,0,0,-,-,34.62814,-118.72447,LOS ANGELES,UNINCORPORATED,-118.72443449,34.62818249
9020975,2019,2020-02-12,1941,2019-12-17,0722,6061,NA,2,5,7,1941,0,0,0,NA,0,NA,ATLANTIC AV,56TH ST,120,N,N,A,-,N,NA,NA,NA,NA,NA,NA,NA,NA,NA,Y,3,0,1,2,A,-,07,21658,A,N,C,E,A,A,H,-,A,D,0,NA,NA,NA,NA,Y,NA,A,NA,0,1,0,0,0,0,0,0,0,-,-,NA,NA,LOS ANGELES,LONG BEACH,-118.18502807617188,33.85844039916992
90209765,2016,2016-06-27,9590,2016-06-05,2225,020788,NA,7,3,7,1942,0,1,3,NA,2,031,SR-60 W/B (POF) TO US-101 N/B (SAF),SOTO STREET,200,E,N,A,-,Y,NA,NA,60,NA,NA,NA,R,NA,W,Y,3,0,1,1,A,-,08,22107,NA,N,E,I,A,A,H,-,C,D,0,NA,NA,NA,NA,Y,NA,A,01,0,1,0,0,0,0,0,0,0,-,-,34.03057,-118.21701,LOS ANGELES,LOS ANGELES,-118.21701,34.03057