CASE_ID,ACCIDENT_YEAR,PROC_DATE,JURIS,COLLISION_DATE,COLLISION_TIME,OFFICER_ID,REPORTING_DISTRICT,DAY_OF_WEEK,CHP_SHIFT,POPULATION,CNTY_CITY_LOC,SPECIAL_COND,BEAT_TYPE,CHP_BEAT_TYPE,CITY_DIVISION_LAPD,CHP_BEAT_CLASS,BEAT_NUMBER,PRIMARY_RD,SECONDARY_RD,DISTANCE,DIRECTION,INTERSECTION,WEATHER_1,WEATHER_2,STATE_HWY_IND,CALTRANS_COUNTY,CALTRANS_DISTRICT,STATE_ROUTE,ROUTE_SUFFIX,POSTMILE_PREFIX,POSTMILE,LOCATION_TYPE,RAMP_INTERSECTION,SIDE_OF_HWY,TOW_AWAY,COLLISION_SEVERITY,NUMBER_KILLED,NUMBER_INJURED,PARTY_COUNT,PRIMARY_COLL_FACTOR,PCF_CODE_OF_VIOL,PCF_VIOL_CATEGORY,PCF_VIOLATION,PCF_VIOL_SUBSECTION,HIT_AND_RUN,TYPE_OF_COLLISION,MVIW,PED_ACTION,ROAD_SURFACE,ROAD_COND_1,ROAD_COND_2,LIGHTING,CONTROL_DEVICE,CHP_ROAD_TYPE,PEDESTRIAN_ACCIDENT,BICYCLE_ACCIDENT,MOTORCYCLE_ACCIDENT,TRUCK_ACCIDENT,NOT_PRIVATE_PROPERTY,ALCOHOL_INVOLVED,STWD_VEHTYPE_AT_FAULT,CHP_VEHTYPE_AT_FAULT,COUNT_SEVERE_INJ,COUNT_VISIBLE_INJ,COUNT_COMPLAINT_PAIN,COUNT_PED_KILLED,COUNT_PED_INJURED,COUNT_BICYCLIST_KILLED,COUNT_BICYCLIST_INJURED,COUNT_MC_KILLED,COUNT_MC_INJURED,PRIMARY_RAMP,SECONDARY_RAMP,LATITUDE,LONGITUDE,COUNTY,CITY,POINT_X,POINT_Y
90212348,2016,2016-06-29,9565,2016-06-16,1440,019731,NA,4,2,7,1942,0,1,1,NA,2,063,I-405 S/B (SAN DIEGO FWY),OLYMPIC BLVD,350,N,N,A,-,Y,NA,NA,405,NA,NA,NA,NA,NA,S,N,4,0,1,3,A,-,03,22350,NA,N,C,C,A,A,H,-,A,D,0,NA,NA,NA,NA,Y,NA,D,22,0,0,1,0,0,0,0,0,0,-,-,34.04584,-118.44586,LOS ANGELES,LOS ANGELES,-118.44585016,34.04584855
90212350,2016,2016-06-29,9525,2016-06-29,0650,018761,NA,3,1,4,1946,0,1,1,NA,2,201,I-210 W/B (FOOTHILL FWY),HUNTINGTON DR.,1056,E,N,A,-,Y,NA,NA,NA,NA,NA,NA,NA,NA,NA,N,4,0,1,2,A,-,03,22350,NA,N,C,C,A,A,H,-,A,D,0,NA,NA,NA,NA,Y,NA,A,01,0,0,1,0,0,0,0,0,0,-,-,34.81002,-118.03211,LOS ANGELES,MONROVIA,-118.01637,34.14017
9021237,2019,2020-02-19,1941,2019-12-19,2210,10807,NA,4,5,7,1941,0,0,0,NA,0,NA,MAGNOLIA AV,ANAHEIM ST,4,N,N,A,-,N,NA,NA,NA,NA,NA,NA,NA,NA,NA,N,4,0,1,2,A,-,00,20001,NA,M,G,-,B,A,-,-,A,A,0,Y,NA,NA,NA,Y,NA,A,NA,0,0,1,0,1,0,0,0,0,-,-,NA,NA,LOS ANGELES,LONG BEACH,-118.19802856445313,33.78261184692383
90212370,2016,2016-06-29,9575,2016-06-21,0825,021254,NA,2,1,7,1942,0,1,1,NA,2,052,I-5 S/B (GOLDEN STATE FREEWAY),LANKERSHIM BLVD,100,S,N,A,-,Y,NA,NA,NA,NA,NA,NA,NA,NA,NA,N,3,0,1,1,C,-,18,NA,NA,N,E,J,A,A,H,-,A,D,0,NA,NA,NA,Y,Y,NA,-,-,0,1,0,0,0,0,0,0,0,-,-,34.15157,-118.15049,LOS ANGELES,LOS ANGELES,-118.3874457,34.22649846
90212381,2016,2016-06-29,9565,2016-06-21,1423,020468,NA,2,2,7,1942,0,1,1,NA,2,064,I-405 N/B ON-RAMP FROM SEPULVEDA BLVD,MULHOLLAND DR.,516,S,N,A,-,Y,NA,NA,405,NA,NA,NA,R,NA,N,Y,4,0,1,2,A,-,03,22350,NA,N,C,C,A,A,H,-,A,A,0,NA,NA,Y,NA,Y,NA,C,02,0,0,1,0,0,0,0,0,0,-,-,34.125,-118.47606,LOS ANGELES,LOS ANGELES,-118.47606,34.125
90212387,2016,2016-06-29,9565,2016-06-21,2227,021002,NA,2,3,7,1942,0,1,1,NA,2,082,I-10 E/B TO I-405 N/B (SANTA MONICA FWY,GATEWAY BLVD.,972,E,N,A,-,Y,NA,NA,10,NA,NA,NA,R,NA,E,Y,2,0,4,1,A,-,08,22107,NA,N,E,I,A,A,H,-,C,D,0,NA,NA,NA,NA,Y,NA,A,07,4,0,0,0,0,0,0,0,0,-,-,34.0301,-118.4394,LOS ANGELES,LOS ANGELES,-118.4394,34.0301
90212409,2016,2016-06-29,9550,2016-06-25,2000,021100,NA,6,2,3,1903,0,1,3,NA,2,091,WESTBOUND SR-91,GRIDLEY RD. O/C,600,E,N,A,-,Y,NA,NA,91,NA,NA,NA,NA,NA,NA,Y,3,0,3,4,A,-,03,22350,NA,N,C,C,A,A,H,-,A,D,0,NA,NA,NA,NA,Y,NA,A,01,0,1,2,0,0,0,0,0,0,-,-,33.87663,-118.09138,LOS ANGELES,ARTESIA,-118.09137913000001,33.87641923
90212429,2016,2016-06-29,9580,2016-06-16,1833,018322,NA,4,2,7,1942,0,1,3,NA,2,116,SR-118 E/B (RONALD REAGAN FWY.),GOTHIC AVE,110,E,N,A,-,Y,NA,NA,118,NA,NA,NA,NA,NA,E,Y,4,0,1,4,A,-,07,21658,A,M,B,C,A,A,H,-,A,D,0,NA,NA,NA,NA,Y,NA,A,01,0,0,1,0,0,0,0,0,0,-,-,34.27072,-118.48859,LOS ANGELES,LOS ANGELES,-118.48859121,34.27071854
90212453,2016,2016-06-29,9590,2016-06-28,1455,016856,NA,2,2,7,1942,0,1,1,NA,2,085,I-5 S/B (GOLDEN STATE FWY),LOS FELIZ BLVD,100,S,N,A,-,Y,NA,NA,5,NA,NA,NA,NA,NA,S,Y,4,0,1,2,A,-,08,22107,NA,F,B,C,A,A,H,-,A,D,0,NA,NA,NA,NA,Y,NA,D,22,0,0,1,0,0,0,0,0,0,-,-,34.11995,-118.27116,LOS ANGELES,LOS ANGELES,-118.27104843,34.12000919
90212485,2016,2016-06-29,9580,2016-06-13,1110,017228,NA,1,1,7,1942,0,1,2,NA,2,101,US-101 S/B TO LAUREL CANYON BLVD.,LAUREL CANYON BOULEVARD,75,N,N,A,-,Y,NA,NA,101,NA,NA,NA,R,NA,S,Y,4,0,1,3,A,-,07,21658,A,N,B,C,A,A,H,-,A,D,0,NA,NA,NA,Y,Y,NA,A,01,0,0,1,0,0,0,0,0,0,-,-,34.15364,-118.39661,LOS ANGELES,LOS ANGELES,-118.39661,34.15364
90212494,2016,2016-06-29,9535,2016-06-16,1910,019540,NA,4,2,5,1943,0,1,1,NA,2,105,I-105 W/B (CENTURY FREEWAY),I-710,300,E,N,A,-,Y,NA,NA,105,NA,NA,NA,NA,NA,W,N,4,0,2,3,A,-,03,22350,NA,N,C,C,A,A,H,-,A,D,0,NA,NA,NA,NA,Y,NA,A,01,0,0,2,0,0,0,0,0,0,-,-,33.91278,-118.17926,LOS ANGELES,LYNWOOD,-118.17925657,33.91278986
90212503,2016,2016-06-29,9565,2016-06-21,1845,021011,NA,2,2,4,1918,0,1,1,NA,2,061,I-405 S/B,CULVER BLVD,500,S,N,A,-,Y,NA,NA,NA,NA,NA,NA,NA,NA,NA,Y,4,0,1,3,A,-,03,22350,NA,N,C,C,A,A,H,-,A,D,0,NA,NA,NA,NA,Y,Y,A,01,0,0,1,0,0,0,0,0,0,-,-,34.99534,-118.40553,LOS ANGELES,CULVER CITY,-118.41044182,34.001856
90212514,2016,2016-06-29,9565,2016-06-21,2305,021021,NA,2,3,6,1933,0,1,1,NA,2,060,I-405 S/B,MANCHESTER AVE,100,S,N,A,-,Y,NA,NA,NA,NA,NA,NA,NA,NA,NA,Y,4,0,1,2,A,-,07,21658,A,N,B,C,A,A,H,-,C,D,0,NA,NA,NA,NA,Y,NA,A,01,0,0,1,0,0,0,0,0,0,-,-,33.961,-118.3617,LOS ANGELES,INGLEWOOD,-118.36951889,33.96132695
90212540,2016,2016-06-29,9575,2016-06-22,1720,017491,NA,3,2,6,1925,0,1,3,NA,2,042,SR-134 W/B (VENTURA FREEWAY),CONCORD ST.,300,E,N,A,-,Y,NA,NA,134,NA,NA,NA,NA,NA,W,N,4,0,1,4,A,-,03,22350,NA,N,C,C,A,A,H,-,A,A,0,NA,NA,NA,NA,Y,NA,A,01,0,0,1,0,0,0,0,0,0,-,-,34.1553,-118.2696,LOS ANGELES,GLENDALE,-118.26959287,34.15526749
90212543,2016,2016-06-29,9575,2016-06-22,1634,017491,NA,3,2,6,1925,0,1,3,NA,2,042,SR-134 W/B (VENTURA FREEWAY),SAN FERNANDO ROAD,600,E,N,A,-,Y,NA,NA,134,NA,NA,NA,NA,NA,W,Y,4,0,1,3,A,-,03,22350,NA,N,C,C,A,A,H,-,A,A,0,NA,NA,NA,NA,Y,NA,A,01,0,0,1,0,0,0,0,0,0,-,-,34.1544,-118.2729,LOS ANGELES,GLENDALE,-118.27292439,34.15451347
90212544,2016,2016-06-29,9565,2016-06-22,0820,017574,NA,3,1,9,1900,0,1,1,NA,2,012,I-105 WESTBOUND,NORMADNIE AVE,200,E,N,A,-,Y,NA,NA,NA,NA,NA,NA,NA,NA,NA,Y,4,0,1,2,A,-,08,22107,NA,N,F,A,A,A,H,-,A,D,0,NA,NA,Y,NA,Y,NA,A,07,0,0,1,0,0,0,0,0,1,-,-,33.927,-118.299,LOS ANGELES,UNINCORPORATED,NA,NA
9021255,2019,2020-01-15,1942,2019-11-30,1050,38503,1836,6,5,7,1942,0,0,0,R,0,25TL27,COMPTON AV,109TH ST,75,S,N,B,-,N,NA,NA,NA,NA,NA,NA,NA,NA,NA,Y,4,0,2,3,A,-,09,21801,A,N,A,C,A,A,H,-,A,D,0,NA,NA,NA,NA,Y,NA,A,01,0,0,2,0,0,0,0,0,0,-,-,NA,NA,LOS ANGELES,LOS ANGELES,-118.24628448486328,33.9366340637207
90212556,2016,2016-06-30,9575,2016-06-22,2058,021257,NA,3,2,6,1925,0,1,3,NA,2,042,SR-134 W/B (VENTURA FREEWAY) TO I-5 S/B,ZOO DRIVE.,150,S,N,A,-,Y,NA,NA,NA,NA,NA,NA,NA,NA,NA,Y,4,0,2,2,A,-,03,22350,NA,N,C,C,A,A,H,-,C,D,0,NA,NA,NA,NA,Y,NA,A,01,0,0,2,0,0,0,0,0,0,-,-,34.14939,-118.28032,LOS ANGELES,GLENDALE,-118.28032656,34.15285515
90212561,2016,2016-06-30,9575,2016-06-22,0850,015935,NA,3,1,3,1991,0,1,1,NA,2,063,I-210 FROM ANGELES CREST HWY,ANGELES CREST HIGHWAY,1056,E,N,A,-,Y,NA,NA,NA,NA,NA,NA,NA,NA,NA,Y,4,0,1,2,A,-,03,22350,NA,N,C,C,A,A,H,-,A,A,0,NA,NA,NA,NA,Y,NA,A,07,0,0,1,0,0,0,0,0,0,-,-,34.21767,-118.23995,LOS ANGELES,LA CANADA-FLINTRIDGE,-118.19698465,34.20559113
90212563,2016,2016-06-30,9575,2016-06-16,1500,015044,NA,4,2,6,1953,0,1,1,NA,2,064,I-210 E/B (FOOTHILL FREEWAY),CRAIG AVENUE,75,E,N,A,-,Y,NA,NA,210,NA,NA,NA,NA,NA,E,Y,3,0,1,2,A,-,03,22350,NA,N,C,C,A,A,H,-,A,D,0,NA,NA,NA,NA,Y,NA,D,22,0,1,0,0,0,0,0,0,0,-,-,34.15227,-118.10616,LOS ANGELES,PASADENA,-118.10616056,34.15236235
90212572,2016,2016-06-30,9565,2016-06-29,0848,019624,NA,3,1,9,1900,0,3,5,NA,2,003,CENTINELA AVE,SHERBOURNE DR,0,NA,Y,A,-,N,NA,NA,NA,NA,NA,NA,NA,NA,NA,Y,2,0,2,2,A,-,12,21453,A,N,D,C,A,A,H,-,A,A,0,NA,NA,NA,NA,Y,NA,A,01,1,0,1,0,0,0,0,0,0,-,-,33.99497,-118.39935,LOS ANGELES,UNINCORPORATED,-118.38167005,33.97643006
90212575,2016,2016-06-30,9550,2016-06-18,0840,021141,NA,6,1,9,1900,0,3,5,NA,2,002,TELEGRAPH ROAD,MILLS AVENUE,35,W,N,A,-,N,NA,NA,NA,NA,NA,NA,NA,NA,NA,N,3,0,1,2,A,-,03,22350,NA,N,C,C,A,A,H,-,A,D,0,NA,NA,Y,NA,Y,NA,C,02,0,1,0,0,0,0,0,0,1,-,-,33.93702,-118.04184,LOS ANGELES,UNINCORPORATED,-118.04169637,33.93700346
90212588,2016,2016-06-30,9565,2016-06-14,1730,021251,NA,2,2,7,1942,0,1,1,NA,2,062,I-405 S/B (SAN DIEGO FREEWAY),VENICE BLVD.,1000,N,N,B,-,Y,NA,NA,405,NA,NA,NA,NA,NA,S,Y,4,0,1,2,A,-,08,22107,NA,N,B,C,A,A,H,-,A,D,0,NA,NA,Y,NA,Y,NA,-,-,0,0,1,0,0,0,0,0,1,-,-,34.01331,-118.41951,LOS ANGELES,LOS ANGELES,-118.41949118,34.01332489
90212589,2016,2016-06-30,9565,2016-06-13,1530,021251,NA,1,2,9,1900,0,3,5,NA,2,006,WILSHIRE BLVD.,VETERAN AVE.,60,W,N,A,-,N,NA,NA,NA,NA,NA,NA,NA,NA,NA,N,4,0,1,2,A,-,03,22350,NA,N,C,C,A,A,H,-,A,A,0,NA,NA,NA,NA,Y,NA,A,01,0,0,1,0,0,0,0,0,0,-,-,34.05755,-118.44811,LOS ANGELES,UNINCORPORATED,-118.44793814,34.05770935
9021259,2019,2020-01-16,1942,2019-12-03,0535,43133,1842,2,5,7,1942,0,0,0,R,0,18A41,E IMPERIAL HWY,SAN PEDRO ST,300,E,N,A,-,N,NA,NA,NA,NA,NA,NA,NA,NA,NA,Y,3,0,3,2,A,-,03,22350,NA,N,C,C,A,A,H,-,B,-,0,NA,NA,NA,NA,Y,NA,A,01,0,1,2,0,0,0,0,0,0,-,-,NA,NA,LOS ANGELES,LOS ANGELES,-118.26858520507813,33.93106460571289
90212591,2016,2016-06-30,9565,2016-06-28,1910,020556,NA,2,2,7,1942,0,1,1,NA,2,082,I-10 W/B (SANTA MONICA FREEWAY),SEPULVEDA BLVD,400,E,N,B,-,Y,NA,NA,10,NA,NA,NA,NA,NA,W,Y,4,0,1,2,A,-,03,22350,NA,N,C,C,A,A,H,-,A,D,0,NA,NA,NA,NA,Y,NA,A,01,0,0,1,0,0,0,0,0,0,-,-,34.03175,-118.42996,LOS ANGELES,LOS ANGELES,-118.42996279,34.03178391
90212594,2016,2016-07-12,9565,2016-06-23,2015,020915,NA,4,2,7,1942,0,1,1,NA,2,082,I-10 E/B (SANTA MONICA FWY),BARRINGTON AVE,125,E,N,A,-,Y,NA,NA,10,NA,NA,NA,NA,NA,E,Y,4,0,1,3,A,-,03,22350,NA,N,C,C,A,A,H,-,D,D,0,NA,NA,NA,NA,Y,NA,A,01,0,0,1,0,0,0,0,0,0,-,-,34.02962,-118.44359,LOS ANGELES,LOS ANGELES,-118.44358684,34.02960576
90212595,2016,2016-06-30,9565,2016-06-25,2150,020604,NA,6,2,5,1965,0,1,1,NA,2,081,I-10 E/B (SANTA MONICA FREEWAY),17TH ST,250,W,N,A,-,Y,NA,NA,10,NA,NA,NA,NA,NA,E,N,4,0,1,3,A,-,03,22350,NA,N,C,C,A,A,H,-,C,D,0,NA,NA,NA,NA,Y,NA,A,07,0,0,1,0,0,0,0,0,0,-,-,34.02036,-118.47787,LOS ANGELES,SANTA MONICA,-118.47801822,34.02054434
9021260,2019,2020-02-08,1900,2019-12-12,1300,520665,1364,4,5,5,1952,0,0,0,NA,0,136D,GARFIELD AV,ROSECRANS AV,500,N,N,A,-,N,NA,NA,NA,NA,NA,NA,NA,NA,NA,N,2,0,1,2,A,-,04,21703,NA,N,B,C,A,A,H,-,A,D,0,NA,NA,Y,NA,Y,NA,C,02,1,0,0,0,0,0,0,0,1,-,-,NA,NA,LOS ANGELES,PARAMOUNT,-118.16887664794922,33.90509033203125
90212624,2016,2016-06-30,9575,2016-06-20,1115,021188,NA,1,1,6,1912,0,1,1,NA,2,051,I-5 S/B (GOLDEN STATE FREEWAY),BUENA VISTA ST.,245,N,N,A,-,Y,NA,NA,5,NA,NA,NA,NA,NA,S,Y,4,0,1,2,A,-,08,22107,NA,N,B,C,A,A,H,-,A,D,0,NA,NA,NA,Y,Y,NA,A,01,0,0,1,0,0,0,0,0,0,-,-,34.19949,-118.33846,LOS ANGELES,BURBANK,-118.33845793,34.19949168
9021263,2019,2020-02-08,1942,2019-12-05,1210,41747,1837,4,5,7,1942,0,0,0,R,0,18A35,WILMINGTON AV,E 111TH ST,500,N,N,A,-,N,NA,NA,NA,NA,NA,NA,NA,NA,NA,N,4,0,2,2,A,-,21,22106,NA,N,B,C,A,A,H,-,A,D,0,NA,NA,NA,NA,Y,NA,D,22,0,0,2,0,0,0,0,0,0,-,-,NA,NA,LOS ANGELES,LOS ANGELES,-118.2390365600586,33.93566131591797
90212636,2016,2016-06-30,9575,2016-06-23,0754,020536,NA,4,1,7,1942,0,1,1,NA,2,061,I-210 E/B (FOOTHILL FREEWAY),LA TUNA CYN RD.,300,W,N,A,-,Y,NA,NA,210,NA,NA,NA,NA,NA,E,Y,4,0,1,2,A,-,03,22350,NA,N,C,C,A,A,H,-,A,D,0,NA,NA,NA,NA,Y,NA,A,01,0,0,1,0,0,0,0,0,0,-,-,34.23473,-118.29576,LOS ANGELES,LOS ANGELES,-118.2957524,34.23463648
90212641,2016,2016-06-30,9575,2016-06-23,1515,015204,NA,4,2,6,1953,0,1,1,NA,2,063,I-210 E/B (FOOTHILL FREEWAY),CASITAS AVE,200,W,N,A,-,Y,NA,NA,210,NA,NA,NA,NA,NA,E,N,4,0,2,3,A,-,03,22350,NA,N,F,A,A,A,H,-,A,D,0,NA,NA,Y,NA,Y,NA,C,02,0,0,2,0,0,0,0,0,2,-,-,34.17798,-118.16465,LOS ANGELES,PASADENA,-118.16466864,34.17795488
90212646,2016,2016-08-22,9525,2016-06-11,2115,020823,NA,6,2,5,1926,0,1,1,NA,2,205,I-210 W/B (FOOTHILL FREEWAY),SUNFLOWER AVE,250,E,N,B,-,Y,NA,NA,210,NA,NA,NA,NA,NA,W,Y,2,0,1,2,A,-,08,22107,NA,N,E,I,A,A,H,-,C,D,0,NA,NA,NA,NA,Y,NA,A,01,1,0,0,0,0,0,0,0,0,-,-,34.11776,-117.84532,LOS ANGELES,GLENDORA,-117.8453183,34.11769414
90212659,2016,2016-06-30,9575,2016-06-18,1640,020708,NA,6,2,9,1900,0,3,5,NA,2,002,NEW YORK DRIVE (800 BLOCK),LAKE AVENUE,425,W,N,A,-,N,NA,NA,NA,NA,NA,NA,NA,NA,NA,Y,2,0,1,2,A,-,08,22107,NA,N,C,E,A,A,H,-,A,D,0,NA,NA,NA,NA,Y,NA,A,01,1,0,0,0,0,0,0,0,0,-,-,34.17892,-118.13326,LOS ANGELES,UNINCORPORATED,-118.13312616,34.17885899
90212663,2016,2016-06-30,9525,2016-06-22,1340,021250,NA,3,1,9,1900,0,3,5,NA,2,002,ORANGECREST AVE (5600 BLOCK),GAILLARD ST,45,S,N,A,-,N,NA,NA,NA,NA,NA,NA,NA,NA,NA,N,4,0,1,2,A,-,08,22107,NA,N,C,C,A,A,H,-,A,D,0,NA,NA,NA,NA,Y,NA,A,08,0,0,1,0,0,0,0,0,0,-,-,34.116,-117.896,LOS ANGELES,UNINCORPORATED,-117.89557,34.11561664
9021267,2019,2020-02-25,1942,2019-12-04,1340,41579,1824,3,5,7,1942,0,0,0,R,0,25T26,E CENTURY BL,MCKINLEY AV,100,E,N,B,C,N,NA,NA,NA,NA,NA,NA,NA,NA,NA,Y,3,0,3,2,A,-,03,22350,NA,N,A,C,A,B,H,-,A,A,0,NA,NA,NA,Y,Y,NA,D,22,0,1,2,0,0,0,0,0,0,-,-,NA,NA,LOS ANGELES,LOS ANGELES,-118.26085662841795,33.94581985473633
90212671,2016,2016-06-30,9525,2016-06-23,0600,021229,NA,4,1,5,1926,0,1,1,NA,2,206,I-210 E/B (FOOTHILL FWY),BARRANCA AVE,155,E,N,A,-,Y,NA,NA,210,NA,NA,NA,NA,NA,E,Y,4,0,2,3,A,-,03,22350,NA,N,C,C,A,A,H,-,A,D,0,NA,NA,NA,NA,Y,NA,A,01,0,0,2,0,0,0,0,0,0,-,-,34.12089,-117.88025,LOS ANGELES,GLENDORA,-117.88025009,34.12088451
90212680,2016,2016-06-30,9530,2016-06-26,1150,020315,NA,7,1,4,1939,0,1,1,NA,2,400,I-405 N/B (SAN DIEGO FREEWAY),INGLEWOOD AVE.,300,S,N,A,-,Y,NA,NA,405,NA,NA,NA,NA,NA,N,N,4,0,1,2,A,-,03,22350,NA,N,C,C,A,A,H,-,A,D,0,NA,NA,NA,NA,Y,NA,A,01,0,0,1,0,0,0,0,0,0,-,-,33.88916,-118.35822,LOS ANGELES,LAWNDALE,-118.35836526,33.88895823
90212698,2016,2016-06-30,9530,2016-06-23,0245,021252,NA,4,3,7,1941,0,1,3,NA,2,320,SR-91 W/B (ARTESIA FREEWAY),I-710 N/B (LONG BEACH FREEWAY),471,E,N,A,-,Y,NA,NA,NA,NA,NA,NA,NA,NA,NA,Y,4,0,1,1,A,-,08,22107,NA,N,E,I,A,A,H,-,C,D,0,NA,NA,NA,NA,Y,NA,A,07,0,0,1,0,0,0,0,0,0,-,-,33.52351,-118.11286,LOS ANGELES,LONG BEACH,NA,NA
9021271,2019,2020-02-08,1942,2019-12-02,0800,42118,1844,1,5,7,1942,0,0,0,R,0,18A63,E IMPERIAL HWY,AVALON BL,15,E,N,A,-,N,NA,NA,NA,NA,NA,NA,NA,NA,NA,Y,4,0,1,2,A,-,03,22350,NA,N,C,C,A,A,H,-,A,A,0,NA,NA,NA,NA,Y,NA,D,22,0,0,1,0,0,0,0,0,0,-,-,NA,NA,LOS ANGELES,LOS ANGELES,-118.26512908935548,33.9310417175293
90212732,2016,2016-06-30,9540,2016-06-29,0720,018037,NA,3,1,7,1942,0,1,1,NA,1,405,I-405 S/B (SAN DIEGO FREEWAY),SAN FERNANDO MISSION BLVD U/C,487,S,N,A,-,Y,NA,NA,405,NA,NA,NA,NA,NA,S,Y,4,0,1,2,A,-,03,22350,NA,N,C,C,A,A,H,-,A,D,0,NA,NA,NA,NA,Y,NA,D,22,0,0,1,0,0,0,0,0,0,-,-,34.27032,-118.47238,LOS ANGELES,LOS ANGELES,-118.47224612,34.27031872
90212765,2016,2016-06-30,9580,2016-06-20,0132,020728,NA,1,3,7,1942,0,1,2,NA,2,103,US-101 S/B (VENTURA FREEWAY),HAYVENHURST AVE,0,NA,Y,A,-,Y,NA,NA,101,NA,NA,NA,NA,NA,S,Y,2,0,1,2,A,-,08,22107,NA,N,E,I,A,A,H,-,C,D,0,NA,NA,NA,NA,Y,NA,A,07,1,0,0,0,0,0,0,0,0,-,-,34.16553,-118.49228,LOS ANGELES,LOS ANGELES,-118.49233253,34.16532309
90212781,2016,2016-06-30,9580,2016-06-20,0730,015841,NA,1,1,7,1942,0,1,2,NA,2,104,US-101 N/B (VENTURA FREEWAY),RESEDA BLVD,1056,N,N,A,-,Y,NA,NA,101,NA,NA,NA,NA,NA,N,Y,4,0,2,2,A,-,03,22350,NA,N,C,C,A,A,H,-,A,D,0,NA,NA,NA,NA,Y,NA,A,07,0,0,2,0,0,0,0,0,0,-,-,34.17344,-118.54255,LOS ANGELES,LOS ANGELES,-118.54254937,34.17347863
9021281,2019,2020-02-13,1942,2019-12-23,1645,34426,0148,1,5,7,1942,0,0,0,A,0,1A29,STANFORD AV,5TH ST,0,NA,Y,C,-,N,NA,NA,NA,NA,NA,NA,NA,NA,NA,N,4,0,3,2,A,-,09,21802,A,N,D,C,A,B,H,-,A,A,0,NA,NA,NA,NA,Y,NA,A,07,0,0,3,0,0,0,0,0,0,-,-,NA,NA,LOS ANGELES,LOS ANGELES,-118.2412109375,34.04254913330078
9021283,2019,2020-02-13,1941,2019-12-21,1030,11004,NA,6,5,7,1941,0,0,0,NA,0,NA,45TH ST,N ATLANTIC PL,0,NA,Y,A,-,N,NA,NA,NA,NA,NA,NA,NA,NA,NA,N,4,0,1,2,A,-,10,21950,A,N,H,B,B,A,H,-,-,D,0,Y,NA,NA,NA,Y,NA,-,-,0,0,1,0,1,0,0,0,0,-,-,NA,NA,LOS ANGELES,LONG BEACH,-118.18396759033205,33.83987045288086
90212845,2016,2016-06-30,9580,2016-06-27,1257,015841,NA,1,1,7,1942,0,1,2,NA,2,105,US-101 S/B TO VALLEY CIRCLE BLVD.,VALLEY CIRCLE BLVD,600,N,N,A,-,Y,NA,NA,101,NA,NA,NA,R,NA,S,Y,4,0,1,3,A,-,03,22350,NA,N,C,C,A,A,H,-,A,D,0,NA,NA,NA,Y,Y,NA,A,07,0,0,1,0,0,0,0,0,0,-,-,34.15827,-118.63981,LOS ANGELES,LOS ANGELES,-118.63981,34.15827
9021285,2019,2020-02-13,1942,2019-12-23,1245,42926,0156,1,5,7,1942,0,0,0,A,0,1A35,EAST 6TH ST,SAN JULIAN ST,0,NA,Y,C,-,N,NA,NA,NA,NA,NA,NA,NA,NA,NA,N,4,0,1,2,A,-,11,21456,B,N,G,B,B,B,H,-,A,A,0,Y,NA,NA,NA,Y,NA,N,60,0,0,1,0,1,0,0,0,0,-,-,NA,NA,LOS ANGELES,LOS ANGELES,-118.24617767333984,34.042850494384766
90212855,2016,2016-06-30,9535,2016-06-11,0748,021154,NA,6,1,9,1900,0,2,4,NA,2,024,WHITTIER BLVD. (5400 BLOCK),GOODRICH BLVD,12,W,N,C,-,N,NA,NA,NA,NA,NA,NA,NA,NA,NA,Y,4,0,1,2,A,-,03,22350,NA,N,C,C,A,B,H,-,A,A,0,NA,NA,NA,NA,Y,NA,A,01,0,0,1,0,0,0,0,0,0,-,-,34.01965,-118.15380999999999,LOS ANGELES,UNINCORPORATED,-118.15363829,34.01963812
9021286,2019,2020-02-14,1942,2019-12-13,2340,41933,0316,5,5,7,1942,0,0,0,C,0,3A15,S NORMANDIE AV,W ADAMS BL,0,NA,Y,A,-,N,NA,NA,NA,NA,NA,NA,NA,NA,NA,N,3,0,1,2,A,-,10,21950,A,F,G,B,B,A,H,-,C,D,0,Y,NA,NA,NA,Y,NA,-,99,0,1,0,0,1,0,0,0,0,-,-,NA,NA,LOS ANGELES,LOS ANGELES,-118.30023956298828,34.032718658447266
90212863,2016,2016-07-06,9580,2016-06-14,1708,018322,NA,2,2,7,1942,0,1,3,NA,2,115,SR-118 W/B (RONALD REAGAN FWY.),SEPULVEDA BLVD,75,W,N,A,-,Y,NA,NA,118,NA,NA,NA,NA,NA,W,Y,4,0,2,2,A,-,03,22350,NA,N,C,C,A,A,H,-,A,D,0,NA,NA,NA,NA,Y,NA,A,07,0,0,2,0,0,0,0,0,0,-,-,34.27051,-118.48824,LOS ANGELES,LOS ANGELES,-118.48812074,34.27065604
9021287,2019,2020-02-13,1941,2019-12-22,1030,5969,901T,7,5,7,1941,0,0,0,NA,0,NA,7TH ST,TERMINO AV,0,NA,Y,A,-,N,NA,NA,NA,NA,NA,NA,NA,NA,NA,Y,4,0,1,2,-,-,-,NA,NA,N,D,C,A,A,H,-,A,A,0,NA,NA,NA,NA,Y,NA,-,-,0,0,1,0,0,0,0,0,0,-,-,NA,NA,LOS ANGELES,LONG BEACH,-118.14592742919922,33.77534866333008
90212880,2016,2016-06-30,9575,2016-06-24,1610,020708,NA,5,2,6,1953,0,1,1,NA,2,064,I-210 E/B (FOOTHILL FREEWAY),ALTADENA DR,500,E,N,A,-,Y,NA,NA,210,NA,NA,NA,NA,NA,E,Y,3,0,1,2,A,-,07,21658,A,N,C,C,A,A,H,-,A,D,0,NA,NA,Y,NA,Y,NA,A,01,0,1,0,0,0,0,0,0,1,-,-,34.15247,-118.09687,LOS ANGELES,PASADENA,-118.0968691,34.15239365