CASE_ID,ACCIDENT_YEAR,PROC_DATE,JURIS,COLLISION_DATE,COLLISION_TIME,OFFICER_ID,REPORTING_DISTRICT,DAY_OF_WEEK,CHP_SHIFT,POPULATION,CNTY_CITY_LOC,SPECIAL_COND,BEAT_TYPE,CHP_BEAT_TYPE,CITY_DIVISION_LAPD,CHP_BEAT_CLASS,BEAT_NUMBER,PRIMARY_RD,SECONDARY_RD,DISTANCE,DIRECTION,INTERSECTION,WEATHER_1,WEATHER_2,STATE_HWY_IND,CALTRANS_COUNTY,CALTRANS_DISTRICT,STATE_ROUTE,ROUTE_SUFFIX,POSTMILE_PREFIX,POSTMILE,LOCATION_TYPE,RAMP_INTERSECTION,SIDE_OF_HWY,TOW_AWAY,COLLISION_SEVERITY,NUMBER_KILLED,NUMBER_INJURED,PARTY_COUNT,PRIMARY_COLL_FACTOR,PCF_CODE_OF_VIOL,PCF_VIOL_CATEGORY,PCF_VIOLATION,PCF_VIOL_SUBSECTION,HIT_AND_RUN,TYPE_OF_COLLISION,MVIW,PED_ACTION,ROAD_SURFACE,ROAD_COND_1,ROAD_COND_2,LIGHTING,CONTROL_DEVICE,CHP_ROAD_TYPE,PEDESTRIAN_ACCIDENT,BICYCLE_ACCIDENT,MOTORCYCLE_ACCIDENT,TRUCK_ACCIDENT,NOT_PRIVATE_PROPERTY,ALCOHOL_INVOLVED,STWD_VEHTYPE_AT_FAULT,CHP_VEHTYPE_AT_FAULT,COUNT_SEVERE_INJ,COUNT_VISIBLE_INJ,COUNT_COMPLAINT_PAIN,COUNT_PED_KILLED,COUNT_PED_INJURED,COUNT_BICYCLIST_KILLED,COUNT_BICYCLIST_INJURED,COUNT_MC_KILLED,COUNT_MC_INJURED,PRIMARY_RAMP,SECONDARY_RAMP,LATITUDE,LONGITUDE,COUNTY,CITY,POINT_X,POINT_Y
90216616,2016,2016-07-06,9525,2016-06-27,0155,021138,NA,1,3,1,1934,0,1,1,NA,2,204,I-210 E/B (FOOTHILL FREEWAY),IRWINDALE AVE,600,W,N,A,-,Y,NA,NA,210,NA,NA,NA,NA,NA,E,Y,2,0,2,2,A,-,07,21658,A,N,B,C,A,A,H,-,C,D,0,NA,NA,NA,Y,Y,NA,D,22,1,1,0,0,0,0,0,0,0,-,-,34.12917,-117.93572,LOS ANGELES,IRWINDALE,-117.93572754,34.12920108
9021662,2020,2020-03-12,1942,2020-01-19,1900,43454,1444,7,5,7,1942,0,0,0,N,0,14A45,WASHINGTON BL,THATCHER AV,0,NA,Y,A,-,N,NA,NA,NA,NA,NA,NA,NA,NA,NA,N,4,0,1,2,A,-,10,21950,A,N,G,B,B,A,H,-,C,D,0,Y,NA,NA,NA,Y,NA,A,01,0,0,1,0,1,0,0,0,0,-,-,NA,NA,LOS ANGELES,LOS ANGELES,-118.45062255859376,33.989051818847656
90216625,2016,2016-07-06,9525,2016-06-26,0325,021156,NA,7,3,9,1900,0,3,5,NA,2,003,FRANCISQUITO AVE. (16500 BLOCK),PASS AND COVINA RD.,174,W,N,A,-,N,NA,NA,NA,NA,NA,NA,NA,NA,NA,Y,3,0,1,3,A,-,01,23152,A,N,B,C,A,A,H,-,C,D,0,NA,NA,NA,NA,Y,Y,A,01,0,1,0,0,0,0,0,0,0,-,-,34.05039,-117.92357,LOS ANGELES,UNINCORPORATED,-117.92340295,34.05033035
90216639,2016,2016-07-06,9540,2016-07-04,1637,016130,NA,1,2,7,1942,0,1,1,NA,1,501,I-5 S/B (GSF) FROM BRAND BLVD,BRAND BLVD,0,NA,Y,A,-,Y,NA,NA,5,NA,NA,NA,R,NA,S,Y,3,0,2,1,A,-,08,22107,NA,N,F,A,A,A,H,-,A,D,0,NA,NA,Y,NA,Y,NA,C,02,0,2,0,0,0,0,0,0,2,-,-,34.27356,-118.45081,LOS ANGELES,LOS ANGELES,-118.45081,34.27356
9021664,2020,2020-03-13,1938,2020-01-27,2123,1080,NA,1,5,4,1938,0,0,0,NA,0,003,WHITE AV,ARROW HWY,986,S,N,B,-,N,NA,NA,NA,NA,NA,NA,NA,NA,NA,Y,4,0,1,2,A,-,09,21804,A,N,D,C,A,A,H,-,D,A,0,NA,NA,NA,NA,Y,NA,A,01,0,0,1,0,0,0,0,0,0,-,-,NA,NA,LOS ANGELES,LA VERNE,-117.7651138305664,34.09162521362305
90216648,2016,2016-07-06,9535,2016-06-22,1205,017802,NA,3,1,9,1900,0,1,1,NA,2,651,I-605 S/B (SAN GABRIEL RIVER FWY),VALLEY BLVD.,900,S,N,A,-,Y,NA,NA,605,NA,NA,NA,NA,NA,S,N,4,0,1,2,A,-,07,21658,A,N,B,C,A,A,H,-,A,D,0,NA,NA,NA,NA,Y,NA,A,01,0,0,1,0,0,0,0,0,0,-,-,34.04718,-118.0084,LOS ANGELES,UNINCORPORATED,-118.00841454,34.04718826
9021665,2019,2020-02-06,1942,2019-12-11,1610,39988,0517,3,5,7,1942,0,0,0,E,0,5ABA,ANAHEIM ST,VERMONT AV,0,NA,Y,A,-,N,NA,NA,NA,NA,NA,NA,NA,NA,NA,N,4,0,2,2,A,-,04,21703,NA,F,C,C,A,A,H,-,A,A,0,NA,NA,NA,NA,Y,NA,-,99,0,0,2,0,0,0,0,0,0,-,-,NA,NA,LOS ANGELES,LOS ANGELES,-118.29753112792967,33.782100677490234
9021666,2020,2020-03-12,1942,2020-01-12,0740,33169,1477,7,5,7,1942,0,0,0,N,0,27M12,MANCHESTER AV,LA TIJERA BL,0,NA,Y,A,-,N,NA,NA,NA,NA,NA,NA,NA,NA,NA,Y,4,0,1,2,A,-,12,21453,A,M,A,C,A,A,H,-,A,A,0,NA,NA,NA,NA,Y,NA,-,99,0,0,1,0,0,0,0,0,0,-,-,NA,NA,LOS ANGELES,LOS ANGELES,-118.39151000976564,33.959800720214844
90216665,2016,2016-07-06,9550,2016-06-23,1713,021263,NA,4,2,4,1936,0,1,1,NA,2,501,INTERSTATE 5 NORTHBOUND,VALLEY VIEW AVENUE,1500,S,N,A,-,Y,NA,NA,5,NA,NA,NA,NA,NA,N,N,4,0,1,2,A,-,03,22350,NA,N,C,C,A,A,H,-,A,D,0,NA,NA,NA,NA,Y,NA,A,01,0,0,1,0,0,0,0,0,0,-,-,33.88156,-118.02404,LOS ANGELES,LA MIRADA,-118.02405146,33.88153887
90216674,2016,2016-07-06,9590,2016-07-05,1425,013435,NA,2,2,7,1942,0,1,1,NA,2,053,I-110 S/B (HARBOR FREEWAY),30TH STREET,10,S,N,A,-,Y,NA,NA,110,NA,NA,NA,NA,NA,S,N,3,0,1,1,A,-,03,22350,NA,N,F,A,A,A,H,-,A,D,0,NA,NA,Y,NA,Y,NA,C,02,0,1,0,0,0,0,0,0,1,-,-,34.02445,-118.27645,LOS ANGELES,LOS ANGELES,-118.27641909,34.02443362
90216681,2016,2016-07-06,9545,2016-07-05,2208,019951,NA,2,3,9,1900,0,3,5,NA,2,001,AVENUE G,SIERRA HIGHWAY,0,NA,Y,A,-,Y,NA,NA,NA,NA,NA,NA,NA,NA,NA,Y,3,0,2,2,A,-,01,23153,A,N,D,C,A,A,H,-,D,A,0,NA,NA,NA,NA,Y,Y,D,22,0,1,1,0,0,0,0,0,0,-,-,34.44002,-118.08319,LOS ANGELES,UNINCORPORATED,-118.14223004,34.73338
9021669,2019,2020-02-06,1942,2019-12-15,1530,33419,1494,7,5,7,1942,0,0,0,N,0,14F3L8,SEPULVEDA BL,LINCOLN BL,0,NA,Y,A,-,N,NA,NA,NA,NA,NA,NA,NA,NA,NA,N,4,0,1,2,A,-,04,21703,NA,N,C,C,A,A,A,-,A,D,0,NA,NA,NA,NA,Y,NA,A,07,0,0,1,0,0,0,0,0,0,-,-,NA,NA,LOS ANGELES,LOS ANGELES,-118.39649200439452,33.952239990234375
90216692,2016,2016-07-06,9550,2016-06-28,1715,020551,NA,2,2,6,1949,0,1,1,NA,2,651,I-605 N/B (SAN GABRIEL RIVER FWY),IMPERIAL HWY,1000,N,N,A,-,Y,NA,NA,605,NA,NA,NA,NA,NA,N,Y,4,0,2,3,A,-,03,22350,NA,N,C,C,A,A,H,-,A,D,0,NA,NA,NA,NA,Y,NA,A,01,0,0,2,0,0,0,0,0,0,-,-,33.9203,-118.1044,LOS ANGELES,NORWALK,-118.10443371,33.9203017
90216697,2016,2016-07-06,9545,2016-06-24,2500,019951,NA,5,4,9,1900,0,3,5,NA,2,004,AVENUE T,165TH ST. EAST,900,E,N,A,-,N,NA,NA,NA,NA,NA,NA,NA,NA,NA,Y,3,0,1,1,A,-,08,22107,NA,N,F,A,A,A,H,-,D,A,0,NA,NA,NA,NA,Y,Y,D,22,0,1,0,0,0,0,0,0,0,-,-,34.32323,-117.4957,LOS ANGELES,UNINCORPORATED,-117.83259197,34.54234849
9021670,2020,2020-03-12,1923,2020-01-11,0745,41376,1494,6,5,3,1923,0,0,0,NA,0,LAX,IMPERIAL HWY,N NASH ST,0,NA,Y,A,-,N,NA,NA,NA,NA,NA,NA,NA,NA,NA,Y,3,0,1,1,A,-,08,22107,NA,N,E,I,A,A,H,-,A,A,0,NA,NA,NA,NA,Y,NA,A,01,0,1,0,0,0,0,0,0,0,-,-,NA,NA,LOS ANGELES,EL SEGUNDO,-118.38752746582033,33.93085861206055
90216707,2016,2016-07-06,9575,2016-06-29,1914,020918,NA,3,2,5,1902,0,1,1,NA,2,065,I-210 E/B (FOOTHILL FREEWAY),HUNTINGTON DR,1500,W,N,A,-,Y,NA,NA,210,NA,NA,NA,NA,NA,E,Y,4,0,1,2,A,-,03,22350,NA,N,C,C,A,A,H,-,A,D,0,NA,NA,NA,NA,Y,NA,A,01,0,0,1,0,0,0,0,0,0,-,-,34.14335,-118.02182,LOS ANGELES,ARCADIA,-118.02185757,34.1432714
9021672,2020,2020-03-13,1938,2020-01-04,2027,590,NA,6,5,4,1938,0,0,0,NA,0,003,WHITE AV,1ST ST,275,S,N,A,-,N,NA,NA,NA,NA,NA,NA,NA,NA,NA,Y,4,0,2,2,A,-,03,22350,NA,N,C,C,A,A,H,-,C,A,0,NA,NA,NA,NA,Y,NA,A,01,0,0,2,0,0,0,0,0,0,-,-,34.09663009643555,-117.76360321044922,LOS ANGELES,LA VERNE,-117.7639389038086,34.095916748046875
90216724,2016,2016-07-06,9580,2016-06-23,0830,018101,NA,4,1,7,1942,0,1,3,NA,2,117,SR-118 W/B (RONALD REAGAN FWY.),WOODLEY AVE,900,E,N,A,-,Y,NA,NA,118,NA,NA,NA,NA,NA,W,N,4,0,1,2,A,-,03,22350,NA,N,C,C,A,A,H,-,A,D,0,NA,NA,NA,Y,Y,NA,G,26,0,0,1,0,0,0,0,0,0,-,-,34.26679,-118.48201,LOS ANGELES,LOS ANGELES,-118.48204555,34.26667099
9021673,2019,2020-02-06,1942,2019-12-05,1830,43510,1441,4,5,7,1942,0,0,0,N,0,14A45W,WASHINGTON BL,BEACH AV,12,E,N,A,-,N,NA,NA,NA,NA,NA,NA,NA,NA,NA,Y,4,0,2,2,A,-,08,22107,NA,N,B,C,A,A,H,-,C,D,0,NA,NA,NA,NA,Y,NA,A,01,0,0,2,0,0,0,0,0,0,-,-,NA,NA,LOS ANGELES,LOS ANGELES,-118.46038818359376,33.983028411865234
90216732,2016,2016-07-14,9530,2016-06-24,1650,018278,NA,5,2,9,1900,0,3,5,NA,2,002,MONA BOULEVARD,124TH STREET,0,NA,Y,A,-,N,NA,NA,NA,NA,NA,NA,NA,NA,NA,Y,1,1,0,3,A,-,12,22450,A,N,D,C,A,A,H,-,A,A,0,NA,NA,Y,NA,Y,NA,C,02,0,0,0,0,0,0,0,1,0,-,-,33.55112,-118.13409,LOS ANGELES,UNINCORPORATED,-118.22810002,33.91979009
9021674,2020,2020-03-12,1942,2020-01-02,1400,40929,1497,4,5,7,1942,0,0,0,N,0,14A73,CENTURY BL,GLASGOW PL,500,W,N,A,-,N,NA,NA,NA,NA,NA,NA,NA,NA,NA,Y,4,0,1,4,A,-,03,22350,NA,N,C,E,A,A,H,-,A,D,0,NA,NA,NA,NA,Y,NA,A,01,0,0,1,0,0,0,0,0,0,-,-,NA,NA,LOS ANGELES,LOS ANGELES,-118.3727798461914,33.94533157348633
90216748,2016,2016-07-06,9525,2016-06-25,0625,018364,NA,6,1,6,1975,0,1,1,NA,2,104,I-10 E/B (SAN BERNARDINO FWY),WEST COVINA PARKWAY U/C,600,E,N,A,-,Y,NA,NA,10,NA,NA,NA,NA,NA,E,Y,2,0,1,1,A,-,08,22107,NA,N,E,I,A,A,D,-,A,D,0,NA,NA,NA,NA,Y,NA,A,01,1,0,0,0,0,0,0,0,0,-,-,34.07201,-117.94301,LOS ANGELES,WEST COVINA,-117.94301837,34.07207093
90216751,2016,2016-07-06,9530,2016-07-04,2150,020388,NA,1,2,9,1900,0,3,5,NA,2,001,COMPTON AVE.,81ST ST.,0,NA,Y,A,-,N,NA,NA,NA,NA,NA,NA,NA,NA,NA,Y,4,0,1,2,A,-,09,21801,A,N,D,C,A,A,H,-,C,D,0,NA,NA,NA,NA,Y,NA,A,01,0,0,1,0,0,0,0,0,0,-,-,33.57569,-118.14515,LOS ANGELES,UNINCORPORATED,-118.24767012,33.96580001
90216752,2016,2016-07-06,9545,2016-06-27,1700,019295,NA,1,2,9,1900,0,3,5,NA,2,003,ANGELES FOREST HWY,ALISO CANYON RD,12144,S,N,A,-,N,NA,NA,NA,NA,NA,NA,NA,NA,NA,Y,4,0,3,1,A,-,03,22350,NA,N,E,I,A,A,H,-,A,D,0,NA,NA,NA,NA,Y,NA,A,01,0,0,3,0,0,0,0,0,0,-,-,34.39497,-118.07561,LOS ANGELES,UNINCORPORATED,-118.07595884,34.39411705
90216759,2016,2016-07-06,9540,2016-06-21,1315,017076,NA,2,1,9,1900,0,1,1,NA,1,502,I-5 N/B (GOLDEN STATE FREEWAY),WELDON CANYON ROAD,2640,N,N,A,-,Y,NA,NA,5,NA,NA,NA,NA,NA,N,Y,3,0,1,3,C,-,18,NA,NA,N,E,J,A,A,H,-,A,D,0,NA,NA,Y,NA,Y,NA,-,-,0,1,0,0,0,0,0,0,1,-,-,34.34447,-118.53113,LOS ANGELES,UNINCORPORATED,-118.53105266,34.34453949
90216765,2016,2016-07-06,9540,2016-06-30,1300,017076,NA,4,1,6,1985,0,1,1,NA,2,506,I-5 N/B (GOLDEN STATE FREEWAY),BUTTE CANYON,528,S,N,A,-,Y,NA,NA,5,NA,NA,NA,NA,NA,N,N,4,0,1,2,A,-,07,21658,A,M,B,C,A,A,H,-,A,D,0,NA,NA,NA,NA,Y,NA,-,99,0,0,1,0,0,0,0,0,0,-,-,34.38394,-118.5678,LOS ANGELES,SANTA CLARITA,-118.56785722,34.3839168
90216768,2016,2016-07-06,9590,2016-06-21,1000,016127,NA,2,1,7,1942,0,1,1,NA,2,052,I-110 N/B (HARBOR FREEWAY),WILSHIRE BOULEVARD,50,S,N,A,-,Y,NA,NA,110,NA,NA,NA,NA,NA,N,Y,4,0,2,3,A,-,03,22350,NA,N,C,C,A,A,H,-,A,D,0,NA,NA,NA,NA,Y,NA,A,01,0,0,2,0,0,0,0,0,0,-,-,34.05131,-118.26081,LOS ANGELES,LOS ANGELES,-118.26082406,34.05133226
9021677,2019,2020-02-06,1942,2019-12-30,1620,34882,1428,1,5,7,1942,0,0,0,N,0,14A27,NATIONAL BL,WESTWOOD BL,145,W,N,B,-,N,NA,NA,NA,NA,NA,NA,NA,NA,NA,Y,4,0,1,2,A,-,09,21801,A,N,D,C,A,A,H,-,A,D,0,NA,NA,NA,NA,Y,NA,A,01,0,0,1,0,0,0,0,0,0,-,-,NA,NA,LOS ANGELES,LOS ANGELES,-118.42132568359376,34.0303840637207
9021678,2020,2020-03-18,1942,2020-01-19,1455,42569,03,7,5,7,1942,0,0,0,C,0,3A98-W,2ND ST,39TH ST,10,N,N,A,-,N,NA,NA,NA,NA,NA,NA,NA,NA,NA,N,4,0,2,2,A,-,12,22450,A,N,A,C,A,A,H,-,A,A,0,NA,NA,NA,NA,Y,NA,-,-,0,0,2,0,0,0,0,0,0,-,-,NA,NA,LOS ANGELES,LOS ANGELES,-118.3193130493164,34.01460647583008
90216781,2016,2016-07-06,9540,2016-07-01,0800,020255,NA,5,1,9,1900,0,1,3,NA,2,147,SR-14 S/B (ANTELOPE VALLEY FWY),ESCONDIDO CANYON RD,4858,N,N,A,-,Y,NA,NA,14,NA,NA,NA,NA,NA,S,Y,4,0,1,4,A,-,03,22350,NA,N,C,C,A,A,H,-,A,D,0,NA,NA,NA,NA,Y,NA,A,01,0,0,1,0,0,0,0,0,0,-,-,34.49751,-118.26888,LOS ANGELES,UNINCORPORATED,-118.26888059,34.49751504
9021679,2020,2020-03-18,1942,2020-01-18,0230,39151,0336,6,5,7,1942,0,0,0,C,0,3A54,WESTERN AV,JEFFERSON BL,0,NA,Y,A,-,N,NA,NA,NA,NA,NA,NA,NA,NA,NA,N,4,0,1,2,A,-,03,22350,NA,N,-,C,A,A,H,-,A,A,0,NA,NA,NA,NA,Y,NA,-,-,0,0,1,0,0,0,0,0,0,-,-,NA,NA,LOS ANGELES,LOS ANGELES,-118.30889129638672,34.025550842285156
90216816,2016,2016-07-06,9530,2016-07-04,1635,020584,NA,1,2,9,1900,0,3,5,NA,2,001,90TH ST. (1400 BLOCK),ZAMORA AVE.,500,E,N,A,-,N,NA,NA,NA,NA,NA,NA,NA,NA,NA,N,3,0,1,2,A,-,11,21954,A,N,G,B,D,A,H,-,A,D,0,Y,NA,NA,NA,Y,NA,N,60,0,1,0,0,1,0,0,0,0,-,-,33.95527,-118.24982,LOS ANGELES,UNINCORPORATED,-118.2499445,33.95521573
90216827,2016,2016-07-06,9580,2016-06-23,1604,018322,NA,4,2,7,1942,0,1,3,NA,2,116,SR-118 E/B (RONALD REAGAN FWY.),PORTER RANCH DRIVE,180,W,N,A,-,Y,NA,NA,118,NA,NA,NA,NA,NA,E,Y,4,0,3,3,A,-,03,22350,NA,N,C,C,A,A,H,-,A,D,0,NA,NA,NA,NA,Y,NA,D,22,0,0,3,0,0,0,0,0,0,-,-,34.27331,-118.57057,LOS ANGELES,LOS ANGELES,-118.5705676,34.27337261
90216828,2016,2016-07-06,9535,2016-07-01,1750,020818,NA,5,2,4,1907,0,1,1,NA,2,073,I-710 (LONG BEACH FREEWAY) S/B,SLAUSON AVE,1000,N,N,A,-,Y,NA,NA,710,NA,NA,NA,NA,NA,S,N,2,0,1,2,A,-,03,22350,NA,N,C,C,A,A,H,-,A,D,0,NA,NA,NA,NA,Y,NA,A,01,1,0,0,0,0,0,0,0,0,-,-,33.98927,-118.17184,LOS ANGELES,BELL,-118.17184921,33.98926204
90216834,2016,2016-07-06,9580,2016-06-23,1635,016550,NA,4,2,9,1900,0,2,4,NA,1,128,KANAN RD,TUNNEL #3,315,S,N,A,-,Y,NA,NA,NA,NA,NA,NA,NA,NA,NA,Y,3,0,1,1,A,-,05,21460,A,N,E,I,A,A,H,-,A,D,0,NA,NA,Y,NA,Y,NA,C,02,0,1,0,0,0,0,0,0,1,-,-,34.10748,-118.80456,LOS ANGELES,UNINCORPORATED,NA,NA
90216839,2016,2016-07-06,9530,2016-06-27,1605,019033,NA,1,2,7,1942,0,1,1,NA,2,400,I-405 N/B FROM NORMANDIE AVE,NORMANDIE AVE.,45,S,N,A,-,Y,NA,NA,405,NA,NA,NA,R,NA,N,N,4,0,1,2,A,-,03,22350,NA,N,C,C,A,A,H,-,A,A,0,NA,NA,NA,NA,Y,NA,A,01,0,0,1,0,0,0,0,0,0,-,-,33.86,-118.299,LOS ANGELES,LOS ANGELES,-118.299,33.86
90216850,2016,2016-07-06,9550,2016-06-26,0530,021274,NA,7,3,9,1900,0,1,1,NA,2,650,INTERSTATE 605 SOUTHBOUND,PECK ROAD,1500,S,N,A,-,Y,NA,NA,NA,NA,NA,NA,NA,NA,NA,Y,3,0,1,1,A,-,08,22107,NA,N,E,I,A,A,H,-,D,D,0,NA,NA,NA,NA,Y,NA,A,01,0,1,0,0,0,0,0,0,0,-,-,34.04171,-118.04171,LOS ANGELES,UNINCORPORATED,-118.04162612,34.02500864
90216852,2016,2016-07-06,9545,2016-06-28,0345,019414,NA,2,3,9,1900,0,3,5,NA,1,005,170TH ST  E,AVENUE N 8,0,NA,Y,B,-,N,NA,NA,NA,NA,NA,NA,NA,NA,NA,Y,4,0,1,2,A,-,12,22450,A,N,D,C,A,A,H,-,C,A,0,NA,NA,NA,NA,Y,NA,A,01,0,0,1,0,0,0,0,0,0,-,-,NA,NA,LOS ANGELES,UNINCORPORATED,-117.8269901,34.62378002
90216866,2016,2016-07-06,9530,2016-07-05,1315,021290,NA,2,1,5,1977,0,1,1,NA,2,410,I-405 S/B (SAN DIEGO FREEWAY),DEL AMO BLVD.,5,S,N,A,-,Y,NA,NA,NA,NA,NA,NA,NA,NA,NA,Y,4,0,1,3,A,-,03,22350,NA,N,C,C,A,A,H,-,A,D,0,NA,NA,NA,NA,Y,NA,A,01,0,0,1,0,0,0,0,0,0,-,-,33.5047,-118.1614,LOS ANGELES,CARSON,-118.27099827,33.8465004
90216873,2016,2016-07-06,9545,2016-06-28,1525,015589,NA,2,2,9,1900,0,1,3,NA,2,021,SR-14 N/B TO AVENUE S,AVENUE S,247,S,N,B,-,Y,NA,NA,14,NA,NA,NA,R,NA,N,Y,3,0,2,3,A,-,03,22350,NA,N,C,C,A,A,H,-,A,A,0,NA,NA,NA,NA,Y,NA,A,01,0,1,1,0,0,0,0,0,0,-,-,34.55725,-118.13134,LOS ANGELES,UNINCORPORATED,-118.13134,34.55725
90216877,2016,2016-07-06,9535,2016-07-02,2220,021078,NA,6,3,9,1900,0,1,1,NA,2,650,I-605 N/B (SAN GABRIEL RIVER FWY.),VALLEY BLVD.,700,S,N,A,-,Y,NA,NA,605,NA,NA,NA,NA,NA,N,N,4,0,1,2,A,-,03,22350,NA,N,C,C,A,A,H,-,D,D,0,NA,NA,NA,NA,Y,NA,A,01,0,0,1,0,0,0,0,0,0,-,-,34.05394,-118.00427,LOS ANGELES,UNINCORPORATED,-118.00431731,34.05396629
9021688,2019,2020-02-19,1900,2019-12-14,1657,610045,1364,6,5,5,1952,0,0,0,NA,0,136D,SOMERSET BL,SAN MARINO AV,12,E,N,A,-,N,NA,NA,NA,NA,NA,NA,NA,NA,NA,N,4,0,1,2,A,-,03,22350,NA,N,C,G,A,A,H,-,C,D,0,NA,Y,NA,NA,Y,NA,L,04,0,0,1,0,0,0,1,0,0,-,-,NA,NA,LOS ANGELES,PARAMOUNT,-118.17533111572266,33.896400451660156
90216890,2016,2016-07-06,9590,2016-07-04,1655,013179,NA,1,2,7,1942,0,1,1,NA,2,065,I-10 W/B (SANTA  MONICA FREEWAY),ALAMEDA STREET,150,E,N,A,-,Y,NA,NA,10,NA,NA,NA,NA,NA,W,Y,4,0,1,3,A,-,03,22350,NA,N,C,C,A,A,C,-,A,D,0,NA,NA,NA,NA,Y,NA,A,01,0,0,1,0,0,0,0,0,0,-,-,34.02847,-118.22994,LOS ANGELES,LOS ANGELES,-118.22993842,34.02846391
90216895,2016,2016-07-06,9525,2016-06-09,1750,015980,NA,4,2,5,1990,0,1,3,NA,2,611,SR-60 W/B (POMONA FREEWAY),GRAND AVE,2112,W,N,A,-,Y,NA,NA,60,NA,NA,NA,NA,NA,W,Y,4,0,3,4,A,-,07,21658,A,N,D,C,A,A,H,-,A,D,0,NA,NA,NA,NA,Y,NA,A,01,0,0,3,0,0,0,0,0,0,-,-,34.00524,-117.82905,LOS ANGELES,DIAMOND BAR,-117.82902895,34.00521303
90216904,2016,2016-07-06,9545,2016-06-29,1100,016549,NA,3,1,9,1900,0,1,3,NA,1,046,SR-2 (ANGELES CREST HWY),DAWSON SADDLE,15840,W,N,A,-,Y,NA,NA,NA,NA,NA,NA,NA,NA,NA,Y,3,0,1,2,A,-,05,21460,A,N,A,C,A,A,H,-,A,D,0,NA,NA,Y,NA,Y,NA,C,02,0,1,0,0,0,0,0,0,1,-,-,34.2049,-117.4914,LOS ANGELES,UNINCORPORATED,NA,NA
90216908,2016,2016-07-06,9580,2016-06-23,1108,20003,NA,4,1,7,1942,0,1,2,NA,2,103,US-101 S/B (VENTURA FREEWAY),BALBOA BLVD,400,S,N,A,-,Y,NA,NA,101,NA,NA,NA,NA,NA,S,Y,3,0,1,3,A,-,03,22350,NA,N,C,C,A,A,H,-,A,D,0,NA,NA,NA,NA,Y,NA,A,07,0,1,0,0,0,0,0,0,0,-,-,34.16754,-118.49649,LOS ANGELES,LOS ANGELES,-118.4964995,34.16752531
9021691,2019,2020-02-19,1942,2019-12-22,2125,30083,1136,7,5,7,1942,0,0,0,K,0,11A17,YORK BL,EAGLE ROCK BL,10,W,N,C,-,N,NA,NA,NA,NA,NA,NA,NA,NA,NA,Y,3,0,1,1,A,-,01,23152,A,N,A,I,A,B,H,-,C,D,0,NA,NA,NA,NA,Y,Y,A,07,0,1,0,0,0,0,0,0,0,-,-,NA,NA,LOS ANGELES,LOS ANGELES,-118.2209014892578,34.12418746948242
90216913,2016,2016-07-06,9550,2016-06-27,2305,020014,NA,1,3,9,1900,0,3,5,NA,2,002,FLORENCE AVENUE,LAUREL AVENUE,0,NA,Y,A,-,N,NA,NA,NA,NA,NA,NA,NA,NA,NA,Y,3,0,1,2,A,-,09,21801,A,N,D,C,A,A,H,-,C,A,0,NA,NA,NA,NA,Y,NA,A,01,0,1,0,0,0,0,0,0,0,-,-,33.93565,-118.04885,LOS ANGELES,UNINCORPORATED,-118.04880001,33.93582001
9021692,2019,2020-02-19,1900,2019-12-13,2141,610045,1366,5,5,5,1952,0,0,0,NA,0,136D,ORANGE AV,71ST ST,67,N,N,A,-,N,NA,NA,NA,NA,NA,NA,NA,NA,NA,Y,4,0,1,4,A,-,08,22107,NA,N,B,E,A,A,H,-,C,D,0,NA,NA,NA,NA,Y,NA,A,01,0,0,1,0,0,0,0,0,0,-,-,NA,NA,LOS ANGELES,PARAMOUNT,-118.17745208740234,33.883853912353516
90216924,2016,2016-07-06,9525,2016-06-14,1745,015980,NA,2,2,5,1990,0,1,3,NA,2,602,SR-60 E/B (POMONA FREEWAY),BREA CYN RD,2640,E,N,A,-,Y,NA,NA,60,NA,NA,NA,NA,NA,E,Y,4,0,1,2,A,-,03,22350,NA,N,C,C,A,A,H,-,A,D,0,NA,NA,NA,NA,Y,NA,A,01,0,0,1,0,0,0,0,0,0,-,-,34.001,-117.83662,LOS ANGELES,DIAMOND BAR,-117.8366849,34.00160097
90216940,2016,2016-07-06,9580,2016-06-23,1350,020876,NA,4,1,7,1942,0,1,3,NA,2,170,SR-170 N/B (HOLLYWOOD FWY.),ROSCOE BLVD,1584,S,N,A,-,Y,NA,NA,170,NA,NA,NA,NA,NA,N,Y,3,0,1,2,A,-,03,22350,NA,N,C,C,A,A,H,-,A,D,0,NA,NA,NA,NA,Y,NA,A,01,0,1,0,0,0,0,0,0,0,-,-,34.2134,-118.40768,LOS ANGELES,LOS ANGELES,-118.40778681,34.21337088
90216947,2016,2016-07-06,9525,2016-06-26,0335,020823,NA,7,3,3,1921,0,1,1,NA,2,202,I-210 E/B (FOOTHILL FWY),I-605,1000,W,N,A,-,Y,NA,NA,210,NA,NA,NA,NA,NA,E,N,4,0,1,2,A,-,03,22350,NA,M,C,C,A,A,H,-,C,D,0,NA,NA,NA,NA,Y,NA,A,01,0,0,1,0,0,0,0,0,0,-,-,34.13513,-117.96122,LOS ANGELES,DUARTE,-117.96122097,34.13512591