CASE_ID,ACCIDENT_YEAR,PROC_DATE,JURIS,COLLISION_DATE,COLLISION_TIME,OFFICER_ID,REPORTING_DISTRICT,DAY_OF_WEEK,CHP_SHIFT,POPULATION,CNTY_CITY_LOC,SPECIAL_COND,BEAT_TYPE,CHP_BEAT_TYPE,CITY_DIVISION_LAPD,CHP_BEAT_CLASS,BEAT_NUMBER,PRIMARY_RD,SECONDARY_RD,DISTANCE,DIRECTION,INTERSECTION,WEATHER_1,WEATHER_2,STATE_HWY_IND,CALTRANS_COUNTY,CALTRANS_DISTRICT,STATE_ROUTE,ROUTE_SUFFIX,POSTMILE_PREFIX,POSTMILE,LOCATION_TYPE,RAMP_INTERSECTION,SIDE_OF_HWY,TOW_AWAY,COLLISION_SEVERITY,NUMBER_KILLED,NUMBER_INJURED,PARTY_COUNT,PRIMARY_COLL_FACTOR,PCF_CODE_OF_VIOL,PCF_VIOL_CATEGORY,PCF_VIOLATION,PCF_VIOL_SUBSECTION,HIT_AND_RUN,TYPE_OF_COLLISION,MVIW,PED_ACTION,ROAD_SURFACE,ROAD_COND_1,ROAD_COND_2,LIGHTING,CONTROL_DEVICE,CHP_ROAD_TYPE,PEDESTRIAN_ACCIDENT,BICYCLE_ACCIDENT,MOTORCYCLE_ACCIDENT,TRUCK_ACCIDENT,NOT_PRIVATE_PROPERTY,ALCOHOL_INVOLVED,STWD_VEHTYPE_AT_FAULT,CHP_VEHTYPE_AT_FAULT,COUNT_SEVERE_INJ,COUNT_VISIBLE_INJ,COUNT_COMPLAINT_PAIN,COUNT_PED_KILLED,COUNT_PED_INJURED,COUNT_BICYCLIST_KILLED,COUNT_BICYCLIST_INJURED,COUNT_MC_KILLED,COUNT_MC_INJURED,PRIMARY_RAMP,SECONDARY_RAMP,LATITUDE,LONGITUDE,COUNTY,CITY,POINT_X,POINT_Y
9021695,2019,2020-02-19,1942,2019-12-03,1050,32973,1152,2,5,7,1942,0,0,0,K,0,11A51,HILLHURST AV,W SUNSET PL,0,NA,Y,B,-,N,NA,NA,NA,NA,NA,NA,NA,NA,NA,N,2,0,1,2,A,-,09,21801,A,N,A,C,A,A,H,-,A,A,0,NA,NA,Y,NA,Y,NA,A,01,1,0,0,0,0,0,0,0,1,-,-,NA,NA,LOS ANGELES,LOS ANGELES,-118.28740692138672,34.09812927246094
90216951,2016,2016-07-06,9565,2016-06-27,1310,017060,NA,1,1,7,1942,0,1,1,NA,2,061,I-405 N/B (SAN DIEGO FREEWAY),LATIJERA BLVD.,200,N,N,A,-,Y,NA,NA,405,NA,NA,NA,NA,NA,N,N,4,0,2,2,A,-,03,22350,NA,F,C,C,A,A,H,-,A,D,0,NA,NA,NA,NA,Y,NA,A,01,0,0,2,0,0,0,0,0,0,-,-,33.97218,-118.3787,LOS ANGELES,LOS ANGELES,-118.37863956,33.97229074
90216957,2016,2016-07-06,9580,2016-06-23,1450,020876,NA,4,2,7,1942,0,1,2,NA,2,100,US-101 N/B FROM MOORPARK ST.,MOORPARK ST,10,N,N,A,-,Y,NA,NA,101,NA,NA,NA,R,NA,N,Y,4,0,1,1,A,-,08,22107,NA,N,E,I,A,A,H,-,A,D,0,NA,NA,NA,NA,Y,NA,A,01,0,0,1,0,0,0,0,0,0,-,-,34.15043,-118.37373,LOS ANGELES,LOS ANGELES,-118.37373,34.15043
9021696,2019,2020-02-19,1900,2019-12-04,1740,640991,1322,3,5,5,1935,0,0,0,NA,0,132T2,BELLFLOWER BL,ASHWORTH ST,0,NA,Y,B,-,N,NA,NA,NA,NA,NA,NA,NA,NA,NA,Y,4,0,1,2,A,-,00,21301,A,N,A,C,A,B,H,-,C,A,0,NA,NA,NA,NA,Y,NA,A,01,0,0,1,0,0,0,0,0,0,-,-,NA,NA,LOS ANGELES,LAKEWOOD,-118.12538146972656,33.867919921875
90216966,2016,2016-07-06,9545,2016-06-30,1100,016885,NA,4,1,9,1900,0,3,5,NA,2,001,AVENUE L,47TH STREET WEST,0,NA,Y,A,-,N,NA,NA,NA,NA,NA,NA,NA,NA,NA,Y,4,0,1,2,A,-,03,22350,NA,N,C,C,A,A,H,-,A,D,0,NA,NA,NA,NA,Y,NA,A,01,0,0,1,0,0,0,0,0,0,-,-,34.6603,-118.21437,LOS ANGELES,UNINCORPORATED,-118.21449005,34.66023001
90216967,2016,2016-07-06,9580,2016-06-23,1828,021013,NA,4,2,7,1942,0,1,3,NA,2,170,SR-170 N/B (HOLLYWOOD FWY.),ROSCOE BLVD,1584,S,N,A,-,Y,NA,NA,170,NA,NA,NA,NA,NA,N,Y,4,0,1,2,A,-,03,22350,NA,F,C,C,A,A,H,-,A,A,0,NA,NA,NA,NA,Y,NA,-,99,0,0,1,0,0,0,0,0,0,-,-,34.21319,-118.40776,LOS ANGELES,LOS ANGELES,-118.40773905,34.21319571
90216969,2016,2016-07-06,9565,2016-06-27,1445,017060,NA,1,2,9,1900,0,1,1,NA,2,060,I-405 N/B (SAN DIEGO FREEWAY),IMPERIAL HIGHWAY,100,N,N,A,-,Y,NA,NA,405,NA,NA,NA,NA,NA,N,Y,4,0,2,2,A,-,08,22107,NA,F,E,I,A,A,H,-,A,D,0,NA,NA,NA,NA,Y,NA,A,07,0,0,2,0,0,0,0,0,0,-,-,33.93117,-118.36827,LOS ANGELES,UNINCORPORATED,-118.36826427,33.93117008
9021699,2019,2020-02-19,1942,2019-12-02,2020,635291,1148,1,5,7,1942,0,0,0,K,0,11A37,N AVENUE 50,EL PASO DR,0,NA,Y,A,-,N,NA,NA,NA,NA,NA,NA,NA,NA,NA,N,4,0,1,2,A,-,09,21801,A,N,D,C,A,A,H,-,C,A,0,NA,NA,NA,NA,Y,NA,A,01,0,0,1,0,0,0,0,0,0,-,-,NA,NA,LOS ANGELES,LOS ANGELES,-118.2079620361328,34.11309051513672
90216999,2016,2016-07-06,9590,2016-06-25,1020,020679,NA,6,1,7,1942,0,1,1,NA,2,061,I-10 WB (SANTA MONICA FREEWAY),VENICE BLVD.,200,W,N,A,-,Y,NA,NA,10,NA,NA,NA,NA,NA,W,Y,3,0,1,2,A,-,03,22350,NA,N,C,C,A,A,H,-,A,D,0,NA,NA,Y,NA,Y,NA,C,02,0,1,0,0,0,0,0,0,1,-,-,34.03672,-118.37635,LOS ANGELES,LOS ANGELES,-118.37633123,34.03680859
9021700,2019,2020-02-19,1900,2019-12-03,0233,512498,1323,2,5,5,1935,0,0,0,NA,0,132T1,DOWNEY AV,DEL AMO BL,0,NA,Y,A,-,N,NA,NA,NA,NA,NA,NA,NA,NA,NA,Y,3,0,1,2,A,-,08,22107,NA,N,C,E,A,-,H,-,C,D,0,NA,NA,NA,NA,Y,NA,A,01,0,1,0,0,0,0,0,0,0,-,-,NA,NA,LOS ANGELES,LAKEWOOD,-118.15119171142578,33.847198486328125
90217000,2016,2016-07-06,9545,2016-06-30,1425,017305,NA,4,2,9,1900,0,1,3,NA,2,031,SR-14 N/B TO SIERRA HIGHWAY,ANGELES FOREST HIGHWAY,2640,N,N,A,-,Y,NA,NA,14,NA,NA,NA,R,NA,N,Y,3,0,1,1,A,-,08,22107,NA,N,F,A,A,A,H,-,A,D,0,NA,NA,NA,NA,Y,NA,D,22,0,1,0,0,0,0,0,0,0,-,-,34.51104,-118.10912,LOS ANGELES,UNINCORPORATED,-118.10912,34.51104
90217009,2016,2016-07-06,9580,2016-06-23,1229,021092,NA,4,1,7,1942,0,1,1,NA,2,405,I-405 S/B (SAN DIEGO FWY),MULHOLLAND DR,1320,N,N,A,-,Y,NA,NA,405,NA,NA,NA,NA,NA,S,N,4,0,1,3,A,-,03,22350,NA,M,C,C,A,A,H,-,A,D,0,NA,NA,NA,NA,Y,NA,A,01,0,0,1,0,0,0,0,0,0,-,-,34.12974,-118.4739,LOS ANGELES,LOS ANGELES,-118.47390752,34.12974234
90217026,2016,2016-07-06,9565,2016-06-27,0810,017574,NA,1,1,9,1900,0,3,5,NA,2,003,FAIRFAX AVE,SLAUSON AVE,165,S,N,A,-,N,NA,NA,NA,NA,NA,NA,NA,NA,NA,Y,4,0,1,2,A,-,09,21800,A,N,D,C,A,A,H,-,A,D,0,NA,NA,NA,NA,Y,NA,A,01,0,0,1,0,0,0,0,0,0,-,-,33.987,-118.362,LOS ANGELES,UNINCORPORATED,-118.3624791,33.98715327
9021703,2019,2020-02-19,1942,2019-12-14,1540,42932,0422,6,5,7,1942,0,0,0,D,0,4A15,WORKMAN ST,N BROADWAY,180,N,N,A,-,N,NA,NA,NA,NA,NA,NA,NA,NA,NA,N,3,0,1,2,A,-,09,21804,A,N,A,C,A,A,H,-,A,D,0,NA,NA,NA,NA,Y,Y,A,01,0,1,0,0,0,0,0,0,0,-,-,NA,NA,LOS ANGELES,LOS ANGELES,-118.21436309814452,34.074153900146484
9021704,2019,2020-02-19,1900,2019-12-04,0720,492606,1336,3,5,5,1908,0,0,0,NA,0,133T2,ARTESIA BL,CARPINTERO AV,0,NA,Y,C,-,N,NA,NA,NA,NA,NA,NA,NA,NA,NA,Y,3,0,1,2,A,-,09,21802,A,N,D,C,A,B,H,-,A,A,0,NA,NA,NA,NA,Y,NA,A,07,0,1,0,0,0,0,0,0,0,-,-,NA,NA,LOS ANGELES,BELLFLOWER,-118.11434936523438,33.87287902832031
9021707,2019,2020-02-19,1942,2019-12-24,0750,41629,0122,2,5,7,1942,0,0,0,A,0,1A1,N GRAND AV,W 1ST ST,0,NA,Y,A,-,N,NA,NA,NA,NA,NA,NA,NA,NA,NA,Y,3,0,1,2,A,-,12,21453,A,N,D,C,A,A,H,-,A,A,0,NA,NA,NA,NA,Y,NA,-,-,0,1,0,0,0,0,0,0,0,-,-,NA,NA,LOS ANGELES,LOS ANGELES,-118.29013824462892,33.74332046508789
9021708,2019,2020-02-19,1900,2019-12-20,1805,615113,1324,5,5,5,1935,0,0,0,NA,0,132T2,WOODRUFF AV,ARBOR RD,290,N,N,A,-,N,NA,NA,NA,NA,NA,NA,NA,NA,NA,Y,4,0,1,3,A,-,03,22350,NA,N,C,C,A,A,H,-,C,D,0,NA,NA,NA,NA,Y,NA,A,01,0,0,1,0,0,0,0,0,0,-,-,NA,NA,LOS ANGELES,LAKEWOOD,-118.11663055419922,33.843994140625
90217091,2016,2016-07-06,9535,2016-06-29,1720,019857,NA,3,2,5,1947,0,1,3,NA,2,600,SR-60 (POMONA FREEWAY) E/B,FINDLAY AVE,465,W,N,A,-,Y,NA,NA,60,NA,NA,NA,NA,NA,E,Y,4,0,1,2,A,-,03,22350,NA,N,C,C,A,A,H,-,A,D,0,NA,NA,NA,NA,Y,NA,A,07,0,0,1,0,0,0,0,0,0,-,-,34.03291,-118.13872,LOS ANGELES,MONTEBELLO,-118.13872091,34.0329831
90217107,2016,2016-07-06,9575,2016-06-30,1225,017491,NA,4,1,7,1942,0,1,3,NA,2,044,SR-134 W/B (VENTURA FREEWAY),FORMAN AVENUE,400,W,N,A,-,Y,NA,NA,134,NA,NA,NA,NA,NA,W,Y,4,0,4,3,A,-,07,21658,A,N,B,C,A,A,H,-,A,A,0,NA,NA,NA,NA,Y,NA,A,01,0,0,4,0,0,0,0,0,0,-,-,34.153,-118.3537,LOS ANGELES,LOS ANGELES,-118.35370739,34.15312444
90217108,2016,2016-07-06,9535,2016-06-25,0725,018221,NA,6,1,9,1900,0,2,4,NA,2,014,CESAR E. CHAVEZ AVE (3900 BLOCK),HAZARD AVE.,149,W,N,A,-,N,NA,NA,NA,NA,NA,NA,NA,NA,NA,Y,4,0,1,1,A,-,08,22107,NA,N,E,I,A,A,H,-,A,D,0,NA,NA,NA,NA,Y,NA,A,01,0,0,1,0,0,0,0,0,0,-,-,34.0403,-118.1805,LOS ANGELES,UNINCORPORATED,-118.18037077,34.04055719
9021711,2019,2020-02-19,1942,2019-12-25,0630,38357,0275,3,5,7,1942,0,0,0,B,0,2A75,JAMES M WOOD BL,S ALVARADO ST,166,E,N,A,-,N,NA,NA,NA,NA,NA,NA,NA,NA,NA,N,3,0,2,2,A,-,09,21804,A,N,D,C,A,A,H,-,B,D,0,NA,NA,NA,NA,Y,NA,A,01,0,2,0,0,0,0,0,0,0,-,-,NA,NA,LOS ANGELES,LOS ANGELES,-118.278304,34.053164
9021712,2019,2020-02-19,1900,2019-12-11,0725,492606,1336,3,5,5,1908,0,0,0,NA,0,133T2,HACIENDA ST,WOODRUFF AV,0,NA,Y,A,-,N,NA,NA,NA,NA,NA,NA,NA,NA,NA,N,3,0,1,2,D,-,00,NA,NA,N,D,G,A,A,H,-,A,A,0,NA,Y,NA,NA,Y,NA,-,-,0,1,0,0,0,0,1,0,0,-,-,NA,NA,LOS ANGELES,BELLFLOWER,-118.11730194091795,33.87466049194336
90217123,2016,2016-07-06,9575,2016-06-29,1710,017491,NA,3,2,7,1942,0,1,3,NA,2,043,SR-134 W/B (VENTURA FREEWAY),I-5 N/B (GOLDEN STATE FREEWAY),75,E,N,A,-,Y,NA,NA,134,NA,NA,NA,NA,NA,W,Y,4,0,1,3,A,-,03,22350,NA,N,C,C,A,A,D,-,A,A,0,NA,NA,NA,NA,Y,NA,A,01,0,0,1,0,0,0,0,0,0,-,-,34.1553,-118.2886,LOS ANGELES,LOS ANGELES,-118.28859176,34.15541152
90217130,2016,2016-07-06,9530,2016-06-29,1600,021235,NA,3,2,9,1900,0,3,5,NA,2,005,LEMOLI AVENUE (155500 BLOCK),MANHATTAN BEACH BLVD.,650,S,N,A,-,N,NA,NA,NA,NA,NA,NA,NA,NA,NA,N,3,0,1,2,A,-,17,22517,NA,N,B,G,A,A,H,-,A,D,0,NA,Y,NA,NA,Y,NA,D,22,0,1,0,0,0,0,1,0,0,-,-,33.8892,-118.3305,LOS ANGELES,UNINCORPORATED,-118.3306,33.88738
9021715,2019,2020-06-25,1942,2019-12-24,1640,42932,1124,2,5,7,1942,0,0,0,K,0,11A89,N SAN FERNANDO RD,RT 2,0,NA,Y,A,-,Y,LA,7,2,-,-,15.937,R,4,E,Y,4,0,3,2,A,-,12,21453,A,N,A,C,A,A,H,-,B,A,0,NA,NA,NA,NA,Y,NA,A,01,0,0,3,0,0,0,0,0,0,-,-,NA,NA,LOS ANGELES,LOS ANGELES,-118.24477386474608,34.112815856933594
90217150,2016,2016-07-06,9575,2016-06-10,1230,021188,NA,5,1,7,1942,0,1,1,NA,2,052,I-5 S/B (GOLDEN STATE FREEWAY),ROSCOE BLVD.,50,N,N,A,-,Y,NA,NA,5,NA,NA,NA,NA,NA,S,Y,4,0,2,4,A,-,07,21658,A,F,B,C,A,A,H,-,A,D,0,NA,NA,NA,NA,Y,NA,-,99,0,0,2,0,0,0,0,0,0,-,-,34.22128,-118.35997,LOS ANGELES,LOS ANGELES,-118.35994159,34.22142098
9021716,2019,2020-02-19,1900,2019-12-15,0210,625498,1349,7,5,3,1903,0,0,0,NA,0,134,ARTESIA BL,PIONEER BL,0,NA,Y,A,-,N,NA,NA,NA,NA,NA,NA,NA,NA,NA,Y,4,0,1,2,A,-,01,23152,A,N,D,C,A,A,H,-,C,A,0,NA,NA,NA,NA,Y,Y,A,01,0,0,1,0,0,0,0,0,0,-,-,NA,NA,LOS ANGELES,ARTESIA,-118.08232879638672,33.873111724853516
90217166,2016,2016-07-06,9535,2016-06-24,0940,020943,NA,5,1,5,1901,0,1,1,NA,2,111,I-10 (SAN BERNARDINO FREEWAY) W/B HOT,ATLANTIC BLVD.,700,E,N,A,-,Y,NA,NA,10,NA,NA,NA,NA,NA,W,Y,4,0,1,4,A,-,08,22107,NA,N,B,C,A,A,H,-,A,D,0,NA,NA,NA,NA,Y,NA,A,01,0,0,1,0,0,0,0,0,0,-,-,34.07174,-118.13028,LOS ANGELES,ALHAMBRA,-118.13027977,34.07172419
90217169,2016,2016-07-26,9530,2016-06-27,0250,021030,NA,1,3,7,1941,0,1,1,NA,2,072,I-405 N/B FROM I-710 S/B,I-710,1098,N,N,A,-,Y,NA,NA,405,NA,NA,NA,R,NA,N,Y,1,1,1,1,A,-,01,23152,A,N,E,I,A,A,H,-,C,D,0,NA,NA,NA,NA,Y,Y,A,01,1,0,0,0,0,0,0,0,0,-,-,33.8266,-118.2111,LOS ANGELES,LONG BEACH,-118.2111,33.8266
90217170,2016,2016-07-06,9580,2016-06-24,1645,020876,NA,5,2,7,1942,0,1,3,NA,2,115,SR-118 W/B (RONALD REAGAN FWY.),SEPULVEDA BLVD,2640,E,N,A,-,Y,NA,NA,118,NA,NA,NA,NA,NA,W,Y,3,0,1,1,A,-,08,22107,NA,N,E,I,A,A,H,-,A,D,0,NA,NA,NA,NA,Y,NA,A,01,0,1,0,0,0,0,0,0,0,-,-,34.26598,-118.45339,LOS ANGELES,LOS ANGELES,-118.45338986,34.26600106
90217177,2016,2016-07-06,9565,2016-06-28,1540,017574,NA,2,2,9,1900,0,3,5,NA,2,004,HAWTHRONE BLVD SOUTHBOUND,LENNOX BLVD,100,S,N,A,-,N,NA,NA,NA,NA,NA,NA,NA,NA,NA,Y,4,0,2,3,A,-,03,22350,NA,F,C,C,A,A,H,-,A,D,0,NA,NA,NA,NA,Y,NA,A,01,0,0,2,0,0,0,0,0,0,-,-,33.938,-118.352,LOS ANGELES,UNINCORPORATED,-118.35272,33.93790573
90217179,2016,2016-07-06,9575,2016-06-30,2305,020526,NA,4,3,6,1953,0,1,1,NA,2,064,I-210 W/B (FOOTHILL FREEWAY),LAKE AVE,100,W,N,A,-,Y,NA,NA,210,NA,NA,NA,NA,NA,W,Y,3,0,2,3,A,-,03,22350,NA,N,C,C,A,A,D,-,C,D,0,NA,NA,NA,NA,Y,NA,A,07,0,1,1,0,0,0,0,0,0,-,-,34.15195,-118.13363,LOS ANGELES,PASADENA,-118.13362969,34.15200488
90217186,2016,2016-07-06,9590,2016-05-31,1552,016692,NA,2,2,7,1942,0,1,1,NA,2,064,I-10 E/B (SANTA MONICA FREEWAY),CENTRAL AVENUE UNDERCROSSING,166,W,N,A,-,Y,NA,NA,10,NA,NA,NA,NA,NA,E,Y,1,1,0,2,A,-,08,22107,NA,N,F,A,A,A,H,-,A,D,0,NA,NA,Y,Y,Y,NA,C,02,0,0,0,0,0,0,0,1,0,-,-,34.02624,-118.24997,LOS ANGELES,LOS ANGELES,-118.24999269,34.02619783
90217188,2016,2016-07-06,9580,2016-06-24,1330,021013,NA,5,1,7,1942,0,1,1,NA,2,404,I-405 N/B (SAN DIEGO FWY),VENTURA BLVD,1584,S,N,A,-,Y,NA,NA,405,NA,NA,NA,NA,NA,N,N,4,0,1,2,A,-,07,21658,A,N,B,C,A,A,H,-,A,D,0,NA,NA,NA,Y,Y,NA,G,25,0,0,1,0,0,0,0,0,0,-,-,34.14807,-118.46944,LOS ANGELES,LOS ANGELES,-118.469438,34.14806894
9021719,2019,2020-02-19,1942,2019-12-24,1040,41629,1135,2,5,7,1942,0,0,0,K,0,11A89,FLETCHER DR,WELDON AV,0,NA,Y,A,-,N,NA,NA,NA,NA,NA,NA,NA,NA,NA,N,3,0,2,2,A,-,12,22450,A,N,D,C,A,A,H,-,A,A,0,NA,NA,NA,NA,Y,NA,A,01,0,2,0,0,0,0,0,0,0,-,-,NA,NA,LOS ANGELES,LOS ANGELES,-118.23644256591795,34.118831634521484
9021720,2019,2020-02-19,1900,2019-12-15,1518,625498,1332,7,5,5,1908,0,0,0,NA,0,133T1,CLARK AV,ROSEVCRANS AV,30,NA,N,A,-,N,NA,NA,NA,NA,NA,NA,NA,NA,NA,Y,4,0,2,3,A,-,01,23153,A,F,A,C,A,A,H,-,A,A,0,NA,NA,NA,NA,Y,Y,A,01,0,0,2,0,0,0,0,0,0,-,-,NA,NA,LOS ANGELES,BELLFLOWER,NA,NA
90217209,2016,2016-07-06,9580,2016-06-24,1720,021015,NA,5,2,7,1942,0,1,1,NA,2,404,I-405 N/B (SAN DIEGO FWY),MULHOLLAND DR,700,N,N,A,-,Y,NA,NA,405,NA,NA,NA,NA,NA,N,N,4,0,3,3,A,-,03,22350,NA,N,C,C,A,A,H,-,A,D,0,NA,NA,NA,NA,Y,NA,A,01,0,0,3,0,0,0,0,0,0,-,-,34.12865,-118.47435,LOS ANGELES,LOS ANGELES,-118.47404848,34.12852874
90217224,2016,2016-07-06,9580,2016-06-24,1300,021092,NA,5,1,7,1942,0,1,1,NA,2,404,I-405 N/B (SAN DIEGO FWY),MULHOLLAND DR,200,N,N,A,-,Y,NA,NA,405,NA,NA,NA,NA,NA,N,Y,4,0,1,2,A,-,03,22350,NA,N,C,C,A,A,H,-,A,D,0,NA,NA,NA,NA,Y,NA,D,22,0,0,1,0,0,0,0,0,0,-,-,34.1267,-118.47511,LOS ANGELES,LOS ANGELES,-118.47510548,34.12669661
9021723,2019,2020-02-19,1942,2019-12-24,0658,37505,1133,2,5,7,1942,0,0,0,K,0,11A1,GLENDALE BL,ATWATER AV,0,NA,Y,A,-,N,NA,NA,NA,NA,NA,NA,NA,NA,NA,N,4,0,2,2,A,-,09,21802,A,N,D,C,A,A,H,-,A,A,0,NA,NA,NA,NA,Y,NA,A,01,0,0,2,0,0,0,0,0,0,-,-,NA,NA,LOS ANGELES,LOS ANGELES,-118.25985717773438,34.119041442871094
90217237,2016,2016-07-06,9565,2016-06-29,0818,021171,NA,3,1,9,1900,0,3,5,NA,2,003,ANGELES VISTA BOULEVARD,VERDUN AVENUE,0,NA,Y,A,-,N,NA,NA,NA,NA,NA,NA,NA,NA,NA,Y,3,0,3,3,A,-,12,21453,A,N,D,C,A,A,H,-,A,A,0,NA,NA,NA,NA,Y,NA,-,-,0,2,1,0,0,0,0,0,0,-,-,33.99257,-118.34824,LOS ANGELES,UNINCORPORATED,-118.34822002,33.99257005
90217238,2016,2016-07-06,9580,2016-06-24,1610,021013,NA,5,2,7,1942,0,1,1,NA,2,404,I-405 N/B (SAN DIEGO FWY),VENTURA BLVD,1584,S,N,A,-,Y,NA,NA,405,NA,NA,NA,NA,NA,N,Y,4,0,4,2,A,-,03,22350,NA,N,C,C,A,A,H,-,A,D,0,NA,NA,NA,NA,Y,NA,A,08,0,0,4,0,0,0,0,0,0,-,-,34.14843,-118.46926,LOS ANGELES,LOS ANGELES,-118.46924909,34.1484242
9021724,2019,2020-02-19,1900,2019-12-15,1710,407852,1320,7,5,5,1935,0,0,0,NA,0,132T1,PARAMOUNT BL,DEL AMO BL,0,NA,Y,A,-,N,NA,NA,NA,NA,NA,NA,NA,NA,NA,N,4,0,2,2,A,-,09,21801,A,N,D,C,A,A,H,-,C,A,0,NA,NA,NA,NA,Y,NA,A,01,0,0,2,0,0,0,0,0,0,-,-,NA,NA,LOS ANGELES,LAKEWOOD,-118.1598892211914,33.84714126586914
90217256,2016,2016-07-06,9535,2016-07-02,1335,020943,NA,6,1,3,1968,0,1,3,NA,2,621,SR-60 (POMONA FREEWAY) W/B,SANTA ANITA AVE.,500,E,N,A,-,Y,NA,NA,60,NA,NA,NA,NA,NA,W,Y,4,0,2,2,A,-,03,22350,NA,N,C,C,A,A,H,-,A,D,0,NA,NA,NA,NA,Y,NA,A,01,0,0,2,0,0,0,0,0,0,-,-,34.03957,-118.05011,LOS ANGELES,SOUTH EL MONTE,-118.05011212,34.0395583
90217261,2016,2016-07-07,9575,2016-06-29,0817,020030,NA,3,1,6,1953,0,1,3,NA,2,040,SR-134 W/B (VENTURA FREEWAY),SAN RAFAEL AVE.,600,W,N,A,-,Y,NA,NA,134,NA,NA,NA,NA,NA,W,Y,3,0,1,7,A,-,03,22350,NA,N,C,C,A,A,H,-,A,D,0,NA,NA,NA,Y,Y,NA,A,01,0,1,0,0,0,0,0,0,0,-,-,34.142830000000004,-118.1723,LOS ANGELES,PASADENA,-118.17230108,34.14283305
90217264,2016,2016-07-07,9590,2016-07-05,0735,016689,NA,2,1,7,1942,0,1,1,NA,2,085,I-5 S/B,FLETCHER DRIVE,490,N,N,A,-,Y,NA,NA,5,NA,NA,NA,NA,NA,S,Y,4,0,2,3,A,-,03,22350,NA,N,C,C,A,A,H,-,A,D,0,NA,NA,NA,NA,Y,NA,A,01,0,0,2,0,0,0,0,0,0,-,-,34.10741,-118.25735,LOS ANGELES,LOS ANGELES,-118.25736451,34.10738067
9021727,2019,2020-02-19,1942,2019-12-17,1820,36239,0123,2,5,7,1942,0,0,0,A,0,1A35W3,W 2ND ST,HILL ST,275,W,N,A,-,N,NA,NA,NA,NA,NA,NA,NA,NA,NA,N,4,0,1,2,A,-,03,22350,NA,N,C,C,A,A,H,-,C,D,0,NA,NA,NA,NA,Y,NA,A,01,0,0,1,0,0,0,0,0,0,-,-,NA,NA,LOS ANGELES,LOS ANGELES,-118.24849700927734,34.053550720214844
90217277,2016,2016-07-07,9590,2016-07-05,1030,016689,NA,2,1,7,1942,0,1,1,NA,2,012,SR-110 N/B TO I-5 N/B,DUVALL STREET,750,N,N,A,-,Y,NA,NA,NA,NA,NA,NA,NA,NA,NA,N,4,0,1,2,A,-,07,21658,A,N,B,C,A,A,H,-,A,D,0,NA,NA,NA,NA,Y,NA,A,01,0,0,1,0,0,0,0,0,0,-,-,34.08419,-118.22921,LOS ANGELES,LOS ANGELES,NA,NA
9021728,2019,2020-02-19,1900,2019-12-15,1845,619491,1362,7,5,5,1952,0,0,0,NA,0,136A,DOWNEY AV,SOMERSET RANCH RD,10,N,N,A,-,N,NA,NA,NA,NA,NA,NA,NA,NA,NA,Y,4,0,1,4,A,-,08,22107,A,N,B,E,A,-,H,-,C,D,0,NA,NA,NA,NA,Y,NA,A,01,0,0,1,0,0,0,0,0,0,-,-,NA,NA,LOS ANGELES,PARAMOUNT,-118.15245819091795,33.91315841674805
90217320,2016,2016-07-07,9580,2016-06-25,0150,020353,NA,6,3,9,1900,0,3,5,NA,1,030,CORNELL RD. (3400 BLOCK),LYNN LN,200,S,N,A,-,N,NA,NA,NA,NA,NA,NA,NA,NA,NA,Y,3,0,1,1,A,-,03,22350,NA,N,E,I,A,A,H,-,D,D,0,NA,NA,NA,NA,Y,NA,A,01,0,1,0,0,0,0,0,0,0,-,-,34.12022,-118.75025,LOS ANGELES,UNINCORPORATED,-118.75014861,34.12034246
90217339,2016,2016-12-07,9590,2016-05-06,1950,021031,NA,5,2,7,1942,0,1,2,NA,2,073,US-101 S/B (HOLLYWOOD FREEWAY),PILGRIMAGE BRIDGE,500,N,N,A,-,Y,NA,NA,101,NA,NA,NA,NA,NA,S,Y,4,0,3,2,A,-,03,22350,NA,N,C,C,A,A,H,-,C,D,0,NA,NA,NA,NA,Y,NA,A,07,0,0,3,0,0,0,0,0,0,-,-,34.11595,-118.33768,LOS ANGELES,LOS ANGELES,-118.33709496,34.11609352
90217343,2016,2016-07-07,9575,2016-06-30,1558,017491,NA,4,2,6,1925,0,1,3,NA,2,042,SR-134 E/B (VENTURA FREEWAY),BRAND BLVD.,200,W,N,A,-,Y,NA,NA,134,NA,NA,NA,NA,NA,E,N,4,0,1,2,A,-,03,22350,NA,N,C,C,A,A,H,-,A,A,0,NA,NA,NA,NA,Y,NA,A,07,0,0,1,0,0,0,0,0,0,-,-,34.1563,-118.2572,LOS ANGELES,GLENDALE,-118.25720002,34.15627128
90217344,2016,2016-07-07,9590,2016-05-06,1145,021201,NA,5,1,7,1942,0,1,1,NA,2,015,SR-110 S/B (ARROYO SECO PARKWAY),GRAND AVE O/C,260,N,N,C,-,Y,NA,NA,NA,NA,NA,NA,NA,NA,NA,Y,3,0,1,2,A,-,08,22107,NA,N,E,I,A,B,H,-,A,D,0,NA,NA,NA,NA,Y,NA,A,01,0,1,0,0,0,0,0,0,0,-,-,34.11913,-118.16227,LOS ANGELES,LOS ANGELES,-118.28076,33.93564
90217350,2016,2016-07-07,9565,2016-06-22,1815,019355,NA,3,2,7,1942,0,1,1,NA,2,010,I-105 W/B TO NASH ST.,I-105 W/B,216,N,N,A,-,Y,NA,NA,105,NA,NA,NA,R,NA,W,Y,3,0,1,1,A,-,08,22107,NA,N,E,I,A,A,H,-,A,D,0,NA,NA,NA,NA,Y,NA,A,01,0,1,0,0,0,0,0,0,0,-,-,33.93206,-118.38894,LOS ANGELES,LOS ANGELES,-118.38894,33.93206