CASE_ID,ACCIDENT_YEAR,PROC_DATE,JURIS,COLLISION_DATE,COLLISION_TIME,OFFICER_ID,REPORTING_DISTRICT,DAY_OF_WEEK,CHP_SHIFT,POPULATION,CNTY_CITY_LOC,SPECIAL_COND,BEAT_TYPE,CHP_BEAT_TYPE,CITY_DIVISION_LAPD,CHP_BEAT_CLASS,BEAT_NUMBER,PRIMARY_RD,SECONDARY_RD,DISTANCE,DIRECTION,INTERSECTION,WEATHER_1,WEATHER_2,STATE_HWY_IND,CALTRANS_COUNTY,CALTRANS_DISTRICT,STATE_ROUTE,ROUTE_SUFFIX,POSTMILE_PREFIX,POSTMILE,LOCATION_TYPE,RAMP_INTERSECTION,SIDE_OF_HWY,TOW_AWAY,COLLISION_SEVERITY,NUMBER_KILLED,NUMBER_INJURED,PARTY_COUNT,PRIMARY_COLL_FACTOR,PCF_CODE_OF_VIOL,PCF_VIOL_CATEGORY,PCF_VIOLATION,PCF_VIOL_SUBSECTION,HIT_AND_RUN,TYPE_OF_COLLISION,MVIW,PED_ACTION,ROAD_SURFACE,ROAD_COND_1,ROAD_COND_2,LIGHTING,CONTROL_DEVICE,CHP_ROAD_TYPE,PEDESTRIAN_ACCIDENT,BICYCLE_ACCIDENT,MOTORCYCLE_ACCIDENT,TRUCK_ACCIDENT,NOT_PRIVATE_PROPERTY,ALCOHOL_INVOLVED,STWD_VEHTYPE_AT_FAULT,CHP_VEHTYPE_AT_FAULT,COUNT_SEVERE_INJ,COUNT_VISIBLE_INJ,COUNT_COMPLAINT_PAIN,COUNT_PED_KILLED,COUNT_PED_INJURED,COUNT_BICYCLIST_KILLED,COUNT_BICYCLIST_INJURED,COUNT_MC_KILLED,COUNT_MC_INJURED,PRIMARY_RAMP,SECONDARY_RAMP,LATITUDE,LONGITUDE,COUNTY,CITY,POINT_X,POINT_Y
9022107,2019,2020-01-17,1969,2019-11-19,1049,10156,TRAFF,2,5,5,1969,0,0,0,NA,0,NA,SOUTHERN AV,SAN MIGUEL AV,0,NA,Y,A,-,N,NA,NA,NA,NA,NA,NA,NA,NA,NA,N,4,0,1,3,A,-,09,21802,A,N,C,E,A,A,H,-,A,A,0,NA,NA,NA,NA,Y,NA,A,07,0,0,1,0,0,0,0,0,0,-,-,NA,NA,LOS ANGELES,SOUTH GATE,-118.19991302490234,33.95037078857422
90221097,2016,2016-07-12,9580,2016-06-30,0905,019620,NA,4,1,7,1942,0,1,1,NA,2,405,I-405 S/B (SAN DIEGO FWY),VENTURA BLVD,1056,S,N,A,-,Y,NA,NA,405,NA,NA,NA,NA,NA,S,Y,4,0,1,3,A,-,07,21658,A,N,B,C,A,A,H,-,A,D,0,NA,NA,Y,NA,Y,NA,A,01,0,0,1,0,0,0,0,0,1,-,-,34.15242,-118.46807,LOS ANGELES,LOS ANGELES,-118.46816345,34.15242548
90221099,2016,2016-07-12,9530,2016-07-09,1845,021310,NA,6,2,7,1942,0,1,1,NA,2,400,I-405 S/B (SAN DIEGO FREEWAY),VERMONT AVE.,1056,N,N,A,-,Y,NA,NA,NA,NA,NA,NA,NA,NA,NA,Y,4,0,2,3,A,-,03,22350,NA,N,C,C,A,A,H,-,A,D,0,NA,NA,NA,NA,Y,NA,A,01,0,0,2,0,0,0,0,0,0,-,-,33.5135,-118.1739,LOS ANGELES,LOS ANGELES,-118.29395159,33.85974
9022110,2019,2020-01-17,1900,2019-11-05,1815,624020,0334,2,5,4,1939,0,0,0,NA,0,035,165TH ST,FREEMAN AV,99,W,N,A,-,N,NA,NA,NA,NA,NA,NA,NA,NA,NA,N,3,0,1,2,A,-,00,21954,NA,M,G,B,E,A,H,-,C,D,0,Y,NA,NA,NA,Y,NA,N,60,0,1,0,0,1,0,0,0,0,-,-,33.88100051879883,-118.34928131103516,LOS ANGELES,LAWNDALE,-118.34923553466795,33.88100814819336
90221104,2016,2016-07-12,9530,2016-07-09,1600,020566,NA,6,2,7,1942,0,1,1,NA,2,110,I-110 N/B FROM I-105 W/B,CENTURY BLVD.,1056,S,N,A,-,Y,NA,NA,110,NA,NA,NA,R,NA,N,Y,4,0,2,2,A,-,03,22350,NA,N,C,C,A,A,H,-,A,D,0,NA,NA,NA,NA,Y,NA,A,01,0,0,2,0,0,0,0,0,0,-,-,33.93986,-118.27944,LOS ANGELES,LOS ANGELES,-118.27944,33.93986
9022111,2019,2020-01-17,1969,2019-11-26,0640,10156,TRAFF,2,5,5,1969,0,0,0,NA,0,NA,TWEEDY BL,VIRGINIA AV,0,NA,Y,A,-,N,NA,NA,NA,NA,NA,NA,NA,NA,NA,N,4,0,1,2,A,-,10,21950,A,N,G,B,B,A,H,-,B,A,0,Y,NA,NA,NA,Y,NA,A,01,0,0,1,0,1,0,0,0,0,-,-,NA,NA,LOS ANGELES,SOUTH GATE,-118.20867919921876,33.944541931152344
90221114,2016,2016-07-12,9535,2016-07-08,1155,015632,NA,5,1,5,1959,0,1,1,NA,2,400,I-10 (SAN BERNARDINO FREEWAY) E/B,SAN GABRIEL AVE,455,W,N,A,-,Y,NA,NA,10,NA,NA,NA,NA,NA,E,Y,3,0,1,1,A,-,03,22350,NA,N,E,I,A,A,H,-,A,D,0,NA,NA,NA,NA,Y,NA,A,01,0,1,0,0,0,0,0,0,0,-,-,34.07174,-118.09222,LOS ANGELES,ROSEMEAD,-118.09222032,34.07182471
90221117,2016,2016-07-12,9525,2016-06-30,1225,021229,NA,4,1,5,1926,0,1,1,NA,2,206,I-210 E/B FROM GRAND AVENUE,GRAND AVE,650,E,N,A,-,Y,NA,NA,210,NA,NA,NA,R,NA,E,Y,4,0,1,2,A,-,03,22350,NA,N,C,C,A,A,H,-,A,A,0,NA,NA,NA,NA,Y,NA,A,01,0,0,1,0,0,0,0,0,0,-,-,34.12008,-117.87039,LOS ANGELES,GLENDORA,-117.87039,34.12008
90221133,2016,2016-07-12,9535,2016-07-10,1745,020347,NA,7,2,9,1900,0,1,1,NA,2,501,I-5 (SANTA ANA FREEWAY) S/B,DOWNEY RD,100,N,N,A,-,Y,NA,NA,5,NA,NA,NA,NA,NA,S,N,4,0,1,2,A,-,07,21658,A,N,C,C,A,A,H,-,A,D,0,NA,NA,NA,NA,Y,NA,A,08,0,0,1,0,0,0,0,0,0,-,-,34.01957,-118.18029,LOS ANGELES,UNINCORPORATED,-118.18028188,34.01960003
9022114,2019,2020-01-17,1900,2019-11-17,1954,623016,0334,7,5,4,1939,0,0,0,NA,0,35B,PRAIRIE AV,165TH ST,0,NA,Y,A,-,N,NA,NA,NA,NA,NA,NA,NA,NA,NA,Y,3,0,3,2,A,-,09,21802,A,N,D,C,A,A,H,-,B,A,0,NA,NA,NA,NA,Y,NA,A,01,0,3,0,0,0,0,0,0,0,-,-,33.88100051879883,-118.34393310546876,LOS ANGELES,LAWNDALE,-118.34382629394533,33.881011962890625
90221141,2016,2016-07-12,9550,2016-07-06,1355,021087,NA,3,1,9,1900,0,1,1,NA,2,650,I-605 N/B,PECK ROAD,500,N,N,A,-,Y,NA,NA,605,NA,NA,NA,NA,NA,N,Y,3,0,1,3,A,-,03,22350,NA,N,C,C,A,A,H,-,A,D,0,NA,NA,NA,NA,Y,NA,A,07,0,1,0,0,0,0,0,0,0,-,-,34.02881,-118.03473,LOS ANGELES,UNINCORPORATED,-118.03469051,34.02873418
90221147,2016,2016-07-12,9580,2016-06-30,0315,019876,NA,4,3,7,1942,0,1,2,NA,2,104,US-101 N/B (VENTURA FREEWAY),TAMPA AVE,800,S,N,A,-,Y,NA,NA,101,NA,NA,NA,NA,NA,N,N,4,0,2,2,A,-,03,22350,NA,N,C,C,A,A,H,-,D,D,0,NA,NA,NA,NA,Y,NA,A,01,0,0,2,0,0,0,0,0,0,-,-,34.1736,-118.54987,LOS ANGELES,LOS ANGELES,-118.54987002,34.17359851
9022115,2019,2020-03-02,1942,2019-11-16,0124,43191,1767,6,5,7,1942,0,0,0,Q,0,NA,RESEDA BL,PLUMMER ST,0,NA,Y,A,-,N,NA,NA,NA,NA,NA,NA,NA,NA,NA,Y,4,0,1,2,A,-,09,21804,NA,N,A,C,A,A,H,-,D,A,0,NA,NA,NA,NA,Y,NA,-,99,0,0,1,0,0,0,0,0,0,-,-,NA,NA,LOS ANGELES,LOS ANGELES,-118.53607940673828,34.242740631103516
90221151,2016,2016-07-12,9530,2016-07-09,1815,020566,NA,6,2,9,1900,0,1,1,NA,2,201,I-105 W/B (GLENN ANDERSON FWY),LONG BEACH BLVD.,75,W,N,A,-,Y,NA,NA,NA,NA,NA,NA,NA,NA,NA,Y,3,0,3,4,A,-,03,22350,NA,N,C,C,A,A,H,-,A,D,0,NA,NA,NA,NA,Y,NA,A,08,0,1,2,0,0,0,0,0,0,-,-,33.92533,-118.21045,LOS ANGELES,UNINCORPORATED,-118.21031995,33.9252532
90221159,2016,2016-07-12,9580,2016-06-30,1950,020400,NA,4,2,7,1942,0,1,3,NA,2,171,SR-170 (S/B) FROM VICTORY BLVD E/B,VICTORY BLVD,100,S,N,A,-,Y,NA,NA,170,NA,NA,NA,R,NA,NA,Y,4,0,3,2,A,-,03,22350,NA,N,C,C,A,A,H,-,A,D,0,NA,NA,NA,NA,Y,NA,A,01,0,0,3,0,0,0,0,0,0,-,-,34.18473,-118.40062,LOS ANGELES,LOS ANGELES,-118.40062,34.18473
90221169,2016,2016-07-12,9540,2016-07-06,1320,021260,NA,3,1,6,1985,0,1,1,NA,2,506,I-5 N/B (GOLDEN STATE FREEWAY),SR-126,528,S,N,A,-,Y,NA,NA,5,NA,NA,NA,NA,NA,N,Y,2,0,1,1,C,-,18,NA,NA,N,F,A,A,A,H,-,A,D,0,NA,NA,Y,NA,Y,NA,-,-,1,0,0,0,0,0,0,0,1,-,-,34.44251,-118.60373,LOS ANGELES,SANTA CLARITA,-118.60375314,34.4424656
90221181,2016,2016-07-12,9540,2016-07-06,1830,021260,NA,3,2,7,1942,0,1,1,NA,1,502,I-5 N/B (GOLDEN STATE FREEWAY),BALBOA BLVD,1056,N,N,A,-,Y,NA,NA,5,NA,NA,NA,NA,NA,N,Y,4,0,1,2,A,-,03,22350,NA,N,C,C,A,A,H,-,A,D,0,NA,NA,NA,NA,Y,NA,A,01,0,0,1,0,0,0,0,0,0,-,-,34.32903,-118.5051,LOS ANGELES,LOS ANGELES,-118.50543508,34.32883843
90221198,2016,2016-07-12,9575,2016-07-05,1740,015204,NA,2,2,6,1925,0,1,3,NA,2,042,SR-134 W/B (VENTURA FREEWAY),CONCORD ST U/C,100,W,N,A,-,Y,NA,NA,134,NA,NA,NA,NA,NA,W,Y,4,0,3,4,A,-,03,22350,NA,N,C,C,A,A,H,-,A,D,0,NA,NA,NA,NA,Y,NA,A,01,0,0,3,0,0,0,0,0,0,-,-,34.15488,-118.27143,LOS ANGELES,GLENDALE,-118.27142215,34.15484601
90221212,2016,2016-07-12,9530,2016-07-03,0230,021310,NA,7,3,7,1941,0,1,1,NA,2,071,I-710 N/B (LONG BEACH FREEWAY),WILLOW ST.,264,N,N,A,-,Y,NA,NA,NA,NA,NA,NA,NA,NA,NA,N,3,0,1,2,A,-,05,21202,A,N,C,G,A,A,H,-,C,D,0,NA,Y,NA,NA,Y,NA,L,04,0,1,0,0,0,0,1,0,0,-,-,33.4826,-118.1224,LOS ANGELES,LONG BEACH,-118.20734,33.80511343
90221214,2016,2016-07-12,9525,2016-07-01,1350,020341,NA,5,1,4,1946,0,1,1,NA,2,211,I-210 W/B (FOOTHILL FWY),HUNTINGTON DR.,150,E,N,A,-,Y,NA,NA,210,NA,NA,NA,NA,NA,W,N,4,0,1,2,A,-,03,22350,NA,N,C,C,A,A,H,-,A,D,0,NA,NA,NA,NA,Y,NA,A,01,0,0,1,0,0,0,0,0,0,-,-,34.13977,-118.01626,LOS ANGELES,MONROVIA,-118.01611298,34.13991274
90221237,2016,2016-07-12,9540,2016-07-09,1900,020837,NA,6,2,9,1900,0,2,4,NA,1,201,SIERRA HWY,DAVENPORT RD,2640,N,N,A,-,N,NA,NA,NA,NA,NA,NA,NA,NA,NA,Y,3,0,1,1,A,-,08,22107,NA,N,E,I,A,A,H,-,B,D,0,NA,NA,NA,NA,Y,NA,D,22,0,1,0,0,0,0,0,0,0,-,-,34.4906,-118.33722,LOS ANGELES,UNINCORPORATED,-118.38705854,34.4888115
90221240,2016,2016-07-12,9550,2016-07-06,1714,021261,NA,3,2,6,1949,0,1,1,NA,2,651,I-605 N/B (SAN GABRIEL FREEWAY),ROSECRANS AVE,1300,S,N,A,-,Y,NA,NA,605,NA,NA,NA,NA,NA,N,N,4,0,2,3,A,-,03,22350,NA,N,C,C,A,A,H,-,A,D,0,NA,NA,NA,NA,Y,NA,A,07,0,0,2,0,0,0,0,0,0,-,-,33.89817,-118.10487,LOS ANGELES,NORWALK,-118.10476968,33.89817828
90221244,2016,2016-07-12,9525,2016-07-01,1351,020341,NA,5,1,4,1946,0,1,1,NA,2,211,I-210 W/B (FOOTHILL FWY),HUNTINGTON DR.,200,E,N,A,-,Y,NA,NA,210,NA,NA,NA,NA,NA,W,Y,4,0,1,2,A,-,03,22350,NA,N,C,C,A,A,H,-,A,D,0,NA,NA,NA,NA,Y,NA,A,01,0,0,1,0,0,0,0,0,0,-,-,34.14007,-118.01662,LOS ANGELES,MONROVIA,-118.01645173,34.14025173
90221255,2016,2016-07-12,9525,2016-07-01,1445,020869,NA,5,2,1,1934,0,1,1,NA,2,652,I-605 N/B (SAN GABRIEL RIVER FREEWAY),LIVE OAK AVE.,100,S,N,A,-,Y,NA,NA,605,NA,NA,NA,NA,NA,N,Y,4,0,1,2,A,-,03,22350,NA,N,C,C,A,A,H,-,A,D,0,NA,NA,NA,NA,Y,NA,D,22,0,0,1,0,0,0,0,0,0,-,-,34.10985,-117.98043,LOS ANGELES,IRWINDALE,-117.98049995,34.10988561
90221284,2016,2016-07-12,9550,2016-07-06,0850,021185,NA,3,1,6,1949,0,1,1,NA,2,651,I-605 NORTHBOUND,ALONDRA BOULEVARD,250,N,N,B,-,Y,NA,NA,NA,NA,NA,NA,NA,NA,NA,Y,4,0,1,2,A,-,03,22350,NA,N,C,C,A,A,H,-,A,D,0,NA,NA,NA,NA,Y,NA,A,01,0,0,1,0,0,0,0,0,0,-,-,NA,NA,LOS ANGELES,NORWALK,-118.10434175,33.88827463
90221288,2016,2016-07-12,9535,2016-07-09,0930,017789,NA,6,1,6,1922,0,1,1,NA,2,400,I-10 (SAN BERNARDINO FREEWAY) E/B,BALDWIN AVE,675,W,N,A,-,Y,NA,NA,10,NA,NA,NA,NA,NA,E,Y,3,0,3,3,A,-,04,21703,NA,N,C,C,A,A,H,-,A,D,0,NA,NA,NA,NA,Y,NA,A,01,0,1,2,0,0,0,0,0,0,-,-,34.0724,-118.05592,LOS ANGELES,EL MONTE,-118.0559195,34.07227529
9022130,2019,2020-01-17,1942,2019-11-15,1640,43883,0509,5,5,7,1942,0,0,0,E,0,5A12,LOMITA BL,WESTERN AV,200,W,N,A,-,N,NA,NA,NA,NA,NA,NA,NA,NA,NA,N,4,0,1,2,A,-,11,21955,NA,F,A,B,D,A,H,-,B,A,0,Y,NA,NA,NA,Y,NA,N,60,0,0,1,0,1,0,0,0,0,-,-,NA,NA,LOS ANGELES,LOS ANGELES,-118.3083038330078,33.797821044921875
90221345,2016,2016-07-12,9580,2016-06-30,1420,020400,NA,4,2,7,1942,0,1,3,NA,2,171,SR-170 S/B (HOLLYWOOD FWY.),ROSCOE BLVD,600,S,N,A,-,Y,NA,NA,170,NA,NA,NA,NA,NA,S,Y,3,0,7,3,A,-,03,22350,NA,N,C,C,A,A,H,-,A,D,0,NA,NA,NA,NA,Y,NA,A,01,0,3,4,0,0,0,0,0,0,-,-,34.21972,-118.40983,LOS ANGELES,LOS ANGELES,-118.40975619,34.21974
90221360,2016,2016-07-12,9580,2016-06-02,1748,020095,NA,4,2,7,1942,0,1,3,NA,2,114,SR-118 E/B (RONALD REAGAN FWY.),I-405  (SAN DIEGO FREEWAY),200,E,N,A,-,Y,NA,NA,118,NA,NA,NA,NA,NA,E,Y,2,0,1,4,A,-,08,22107,NA,F,C,C,A,A,H,-,A,D,0,NA,NA,Y,NA,Y,NA,-,99,1,0,0,0,0,0,0,0,1,-,-,34.26596,-118.46961,LOS ANGELES,LOS ANGELES,-118.46961067,34.26586142
90221375,2016,2016-07-12,9580,2016-06-11,1830,020345,NA,6,2,7,1942,0,1,1,NA,2,404,I-405 N/B (SAN DIEGO FWY),SEPULVEDA BLVD.,400,S,N,A,-,Y,NA,NA,NA,NA,NA,NA,NA,NA,NA,Y,4,0,1,2,A,-,03,22350,NA,F,C,C,A,A,H,-,A,D,0,NA,NA,NA,NA,Y,NA,-,99,0,0,1,0,0,0,0,0,0,-,-,34.14341,-118.47017,LOS ANGELES,LOS ANGELES,-118.46979657,34.14745686
90221377,2016,2016-07-12,9550,2016-07-07,1240,020755,NA,4,1,5,1908,0,1,3,NA,2,091,STATE ROUTE 91 E/B (ARTESIA FREEWAY),WOODRUFF AVENUE,100,W,N,A,-,Y,NA,NA,91,NA,NA,NA,NA,NA,E,Y,3,0,3,2,A,-,08,22107,NA,N,C,C,A,A,H,-,A,D,0,NA,NA,NA,Y,Y,NA,A,01,0,3,0,0,0,0,0,0,0,-,-,33.8762,-118.11787,LOS ANGELES,BELLFLOWER,-118.11786941,33.87619018
90221397,2016,2016-07-12,9535,2016-07-10,1240,017789,NA,7,1,6,1922,0,1,1,NA,2,401,I-10 (SAN BERNARDINO FREEWAY) W/B,SANTA ANITA AVE,300,E,N,A,-,Y,NA,NA,10,NA,NA,NA,NA,NA,W,N,4,0,1,4,A,-,04,21703,NA,N,C,C,A,A,H,-,A,D,0,NA,NA,NA,NA,Y,NA,A,07,0,0,1,0,0,0,0,0,0,-,-,34.06879,-118.04153,LOS ANGELES,EL MONTE,-118.04153314,34.06876809
90221425,2016,2016-07-12,9565,2016-07-02,1910,021163,NA,6,2,9,1900,0,3,5,NA,2,004,132ND ST,CRENSHAW BLVD,0,NA,Y,A,-,N,NA,NA,NA,NA,NA,NA,NA,NA,NA,N,3,0,1,2,A,-,05,21650,NA,N,H,G,A,A,H,-,A,A,0,NA,Y,NA,NA,Y,NA,L,04,0,1,0,0,0,0,1,0,0,-,-,33.54444,-118.19359,LOS ANGELES,UNINCORPORATED,-118.32660003,33.91234003
90221437,2016,2016-07-13,9590,2016-06-30,1740,020950,NA,4,2,7,1942,0,1,1,NA,2,084,I-5 N/B (GOLDEN STATE FREEWAY),COLORADO ST. EXTENSION,1000,S,N,A,-,Y,NA,NA,5,NA,NA,NA,NA,NA,N,N,4,0,1,2,A,-,03,22350,NA,N,C,C,A,A,H,-,A,D,0,NA,NA,NA,NA,Y,NA,A,01,0,0,1,0,0,0,0,0,0,-,-,34.13435,-118.27531,LOS ANGELES,LOS ANGELES,-118.27540088,34.13432402
90221442,2016,2016-07-13,9565,2016-06-27,1250,021134,NA,1,1,7,1942,0,1,1,NA,2,063,I-405 S/B (SAN DIEGO FWY),CONSTITUTION AVE,300,N,N,A,-,Y,NA,NA,405,NA,NA,NA,NA,NA,S,Y,4,0,1,3,A,-,07,21658,A,N,C,C,A,A,H,-,A,D,0,NA,NA,NA,NA,Y,NA,A,01,0,0,1,0,0,0,0,0,0,-,-,34.06154,-118.45703,LOS ANGELES,LOS ANGELES,-118.4570005,34.06156545
90221448,2016,2016-07-13,9590,2016-06-17,1638,020773,NA,5,2,7,1942,0,1,1,NA,2,083,I-5 S/B (GOLDEN STATE FREEWAY),SR-110 (ASP),1000,N,N,A,-,Y,NA,NA,5,NA,NA,NA,NA,NA,S,N,4,0,1,2,A,-,03,22350,NA,N,C,C,A,A,H,-,A,D,0,NA,NA,NA,NA,Y,NA,A,07,0,0,1,0,0,0,0,0,0,-,-,34.08527,-118.23136,LOS ANGELES,LOS ANGELES,-118.23137352,34.08525101
90221451,2016,2016-08-22,9565,2016-07-03,1845,021011,NA,7,2,7,1942,0,1,1,NA,2,062,I-405 N/B (SAN DIEGO FREEWAY),VENICE,100,N,N,A,-,Y,NA,NA,NA,NA,NA,NA,NA,NA,NA,N,4,0,1,2,A,-,08,22107,NA,N,D,C,A,A,H,-,A,D,0,NA,NA,NA,NA,Y,NA,A,01,0,0,1,0,0,0,0,0,0,-,-,34.0096,-118.41884,LOS ANGELES,LOS ANGELES,-118.41861094,34.01252919
90221455,2016,2016-07-13,9590,2016-07-06,1430,011420,NA,3,2,7,1942,0,1,1,NA,2,061,I-10 W/B (SANTA MONICA FWY),8TH AVE,100,W,N,A,-,Y,NA,NA,10,NA,NA,NA,NA,NA,W,Y,3,0,2,5,A,-,03,22350,NA,N,C,C,A,A,H,-,A,D,0,NA,NA,NA,Y,Y,NA,D,23,0,1,1,0,0,0,0,0,0,-,-,34.03515,-118.32565,LOS ANGELES,LOS ANGELES,-118.32572082,34.03566767
90221456,2016,2016-07-13,9590,2016-05-05,0405,019368,NA,4,3,7,1942,0,1,1,NA,2,061,I-10 W/B (SANTA MONICA FREEWAY),WESTERN AVE.,0,NA,N,A,-,Y,NA,NA,NA,NA,NA,NA,NA,NA,NA,Y,4,0,1,1,C,-,18,NA,NA,N,E,J,A,A,C,-,C,D,0,NA,NA,NA,NA,Y,NA,-,-,0,0,1,0,0,0,0,0,0,-,-,34.03071,-118.30802,LOS ANGELES,LOS ANGELES,-118.30909005,34.03722003
90221459,2016,2016-07-13,9590,2016-05-25,2233,018510,NA,3,3,7,1942,0,1,2,NA,2,073,US-101 S/B (HOLLYWOOD FREEWAY),BARHAM BLVD.,100,N,N,A,-,Y,NA,NA,101,NA,NA,NA,NA,NA,S,Y,3,0,2,3,A,-,01,23152,A,N,C,C,A,A,H,-,C,D,0,NA,NA,NA,NA,Y,Y,A,01,0,1,1,0,0,0,0,0,0,-,-,34.12887,-118.34717,LOS ANGELES,LOS ANGELES,-118.3472273,34.12881114
90221467,2016,2016-07-13,9590,2016-07-06,2215,021264,NA,3,3,7,1942,0,1,1,NA,2,051,I-110 S/B (HARBOR FREEWAY),54TH STREET,200,N,N,A,-,Y,NA,NA,NA,NA,NA,NA,NA,NA,NA,N,4,0,1,2,A,-,07,21658,A,N,B,C,A,A,H,-,C,D,0,NA,NA,NA,NA,Y,NA,A,01,0,0,1,0,0,0,0,0,0,-,-,34.10203,-118.31673,LOS ANGELES,LOS ANGELES,-118.2806364,33.99383839
90221487,2016,2016-10-27,9525,2016-06-16,1725,018926,NA,4,2,1,1934,0,1,1,NA,2,652,I-605 N/B (SAN GABRIEL RIVER FREEWAY),ARROW HIGHWAY,2640,N,N,A,-,Y,NA,NA,605,NA,NA,NA,NA,NA,N,Y,2,0,1,3,A,-,07,21658,A,F,F,A,A,A,H,-,A,D,0,NA,NA,Y,NA,Y,NA,A,01,1,0,0,0,0,0,0,0,1,-,-,34.12093,-117.96951,LOS ANGELES,IRWINDALE,-117.96958813,34.12101177
90221490,2016,2016-07-13,9590,2016-05-07,0010,019110,NA,6,3,7,1942,0,1,1,NA,2,010,SR-110 NB (ARROYO SECO PARKWAY),COLLEGE STREET,115,N,N,B,-,Y,NA,NA,110,NA,NA,NA,NA,NA,N,Y,3,0,2,3,A,-,01,23152,A,N,C,C,A,A,H,-,C,D,0,NA,NA,NA,NA,Y,Y,A,07,0,2,0,0,0,0,0,0,0,-,-,34.06588,-118.24186,LOS ANGELES,LOS ANGELES,-118.24188998,34.06593996
90221492,2016,2016-07-13,9530,2016-07-06,1700,020388,NA,3,2,7,1942,0,1,1,NA,2,200,I-105 E/B (GLENN ANDERSON FWY),AVALON BLVD.,230,E,N,A,-,Y,NA,NA,NA,NA,NA,NA,NA,NA,NA,Y,4,0,1,2,A,-,03,22350,NA,N,C,C,A,A,H,-,A,D,0,NA,NA,NA,NA,Y,NA,D,22,0,0,1,0,0,0,0,0,0,-,-,33.55384,-118.15516,LOS ANGELES,LOS ANGELES,-118.26444331,33.92728
90221506,2016,2016-07-13,9525,2016-07-01,1308,018992,NA,5,1,4,1913,0,1,1,NA,2,109,I-10 W/B (SAN BERNARDINO FWY),INDIAN HILL BLVD,0,NA,N,A,-,Y,NA,NA,10,NA,NA,NA,NA,NA,W,N,4,0,1,2,A,-,03,22350,NA,N,C,C,A,A,H,-,A,D,0,NA,NA,NA,NA,Y,NA,A,01,0,0,1,0,0,0,0,0,0,-,-,34.08199,-117.7158,LOS ANGELES,CLAREMONT,-117.7157987,34.08191596
90221509,2016,2016-07-13,9525,2016-06-29,0358,020632,NA,3,3,5,1990,0,1,3,NA,2,603,SR-60 W/B (POMONA FREEWAY),DIAMOND BAR BLVD.,2112,E,N,A,-,Y,NA,NA,60,NA,NA,NA,NA,NA,W,Y,3,0,1,2,A,-,03,22350,NA,N,C,C,A,A,H,-,D,D,0,NA,NA,NA,NA,Y,NA,A,01,0,1,0,0,0,0,0,0,0,-,-,34.02675,-117.80253,LOS ANGELES,DIAMOND BAR,-117.8025412,34.02678809
90221526,2016,2016-07-13,9580,2016-06-13,1610,019715,NA,1,2,7,1942,0,1,3,NA,2,171,SR-170 S/B (HOLLYWOOD FWY.),ARLETA AVE,20,S,N,A,-,Y,NA,NA,170,NA,NA,NA,NA,NA,S,N,4,0,1,3,A,-,07,21658,A,M,B,C,A,A,H,-,A,D,0,NA,NA,NA,NA,Y,NA,-,99,0,0,1,0,0,0,0,0,0,-,-,34.22699,-118.41092,LOS ANGELES,LOS ANGELES,-118.41095221,34.22699881
90221550,2016,2016-07-13,9575,2016-07-01,0510,020950,NA,5,3,7,1942,0,1,1,NA,2,053,I-5 N/B TO SR-118 TRANSITION ROAD,PAXTON ST.,800,S,N,A,-,Y,NA,NA,5,NA,NA,NA,R,NA,N,Y,4,0,1,1,A,-,08,22107,NA,N,E,I,A,A,H,-,B,D,0,NA,NA,NA,NA,Y,NA,A,08,0,0,1,0,0,0,0,0,0,-,-,34.26181,-118.4399,LOS ANGELES,LOS ANGELES,-118.4399,34.26181
90221559,2016,2016-07-13,9580,2016-06-22,1839,020095,NA,3,2,7,1942,0,1,2,NA,2,101,US-101 S/B (HOLLYWODD FREEWAY),LANKERSHIM BLVD,50,N,N,A,-,Y,NA,NA,101,NA,NA,NA,NA,NA,S,Y,2,0,1,2,A,-,03,22350,NA,N,C,C,A,A,H,-,A,D,0,NA,NA,Y,NA,Y,NA,C,02,1,0,0,0,0,0,0,0,1,-,-,34.13777,-118.36307,LOS ANGELES,LOS ANGELES,-118.36310098,34.13772862
90221602,2016,2016-07-13,9545,2016-06-23,1740,018420,NA,4,2,9,1900,0,3,5,NA,2,001,70TH ST  W,AVENUE G,0,NA,Y,A,-,N,NA,NA,NA,NA,NA,NA,NA,NA,NA,Y,2,0,5,2,A,-,12,22450,A,N,D,C,A,A,H,-,A,A,0,NA,NA,NA,NA,Y,NA,A,01,3,2,0,0,0,0,0,0,0,-,-,34.73298,-118.25487,LOS ANGELES,UNINCORPORATED,-118.2549001,34.73299012
90221617,2016,2016-07-13,9530,2016-07-11,1830,020175,NA,1,2,9,1900,0,3,5,NA,2,002,WILLOWBROOK AVE.,122ND ST.,0,NA,Y,A,-,N,NA,NA,NA,NA,NA,NA,NA,NA,NA,Y,3,0,1,2,A,-,09,21802,A,F,D,C,A,A,H,-,A,D,0,NA,NA,NA,NA,Y,NA,-,99,0,1,0,0,0,0,0,0,0,-,-,33.5516,-118.1434,LOS ANGELES,UNINCORPORATED,-118.23460011,33.92169004
90221623,2016,2016-07-13,9550,2016-07-01,0920,021263,NA,5,1,9,1900,0,2,4,NA,1,015,PIONEER BOULEVARD,SLAUSON AVENUE,0,NA,Y,A,-,N,NA,NA,NA,NA,NA,NA,NA,NA,NA,Y,3,0,2,2,A,-,12,21453,A,N,D,A,A,A,H,-,A,A,0,NA,NA,NA,NA,Y,NA,-,-,0,2,0,0,0,0,0,0,0,-,-,33.92428,-118.02257,LOS ANGELES,UNINCORPORATED,-118.08226001,33.96703006