CASE_ID,ACCIDENT_YEAR,PROC_DATE,JURIS,COLLISION_DATE,COLLISION_TIME,OFFICER_ID,REPORTING_DISTRICT,DAY_OF_WEEK,CHP_SHIFT,POPULATION,CNTY_CITY_LOC,SPECIAL_COND,BEAT_TYPE,CHP_BEAT_TYPE,CITY_DIVISION_LAPD,CHP_BEAT_CLASS,BEAT_NUMBER,PRIMARY_RD,SECONDARY_RD,DISTANCE,DIRECTION,INTERSECTION,WEATHER_1,WEATHER_2,STATE_HWY_IND,CALTRANS_COUNTY,CALTRANS_DISTRICT,STATE_ROUTE,ROUTE_SUFFIX,POSTMILE_PREFIX,POSTMILE,LOCATION_TYPE,RAMP_INTERSECTION,SIDE_OF_HWY,TOW_AWAY,COLLISION_SEVERITY,NUMBER_KILLED,NUMBER_INJURED,PARTY_COUNT,PRIMARY_COLL_FACTOR,PCF_CODE_OF_VIOL,PCF_VIOL_CATEGORY,PCF_VIOLATION,PCF_VIOL_SUBSECTION,HIT_AND_RUN,TYPE_OF_COLLISION,MVIW,PED_ACTION,ROAD_SURFACE,ROAD_COND_1,ROAD_COND_2,LIGHTING,CONTROL_DEVICE,CHP_ROAD_TYPE,PEDESTRIAN_ACCIDENT,BICYCLE_ACCIDENT,MOTORCYCLE_ACCIDENT,TRUCK_ACCIDENT,NOT_PRIVATE_PROPERTY,ALCOHOL_INVOLVED,STWD_VEHTYPE_AT_FAULT,CHP_VEHTYPE_AT_FAULT,COUNT_SEVERE_INJ,COUNT_VISIBLE_INJ,COUNT_COMPLAINT_PAIN,COUNT_PED_KILLED,COUNT_PED_INJURED,COUNT_BICYCLIST_KILLED,COUNT_BICYCLIST_INJURED,COUNT_MC_KILLED,COUNT_MC_INJURED,PRIMARY_RAMP,SECONDARY_RAMP,LATITUDE,LONGITUDE,COUNTY,CITY,POINT_X,POINT_Y
90222163,2016,2016-07-13,9575,2016-06-30,1718,015044,NA,4,2,6,1953,0,1,1,NA,2,064,I-210 W/B (FOOTHILL FREEWAY),ALLEN STREET,450,E,N,A,-,Y,NA,NA,210,NA,NA,NA,NA,NA,W,Y,4,0,1,3,A,-,03,22350,NA,N,C,C,A,A,H,-,A,D,0,NA,NA,NA,NA,Y,NA,D,22,0,0,1,0,0,0,0,0,0,-,-,34.15282,-118.1002,LOS ANGELES,PASADENA,-118.10019899,34.15272153
90222184,2016,2016-07-13,9580,2016-07-01,1250,021092,NA,5,1,7,1942,0,1,2,NA,2,105,US-101 S/B (VENTURA FREEWAY),TAMPA AVE,1000,N,N,A,-,Y,NA,NA,101,NA,NA,NA,NA,NA,S,Y,3,0,4,4,A,-,03,22350,NA,N,C,C,A,A,H,-,A,D,0,NA,NA,NA,NA,Y,NA,A,07,0,1,3,0,0,0,0,0,0,-,-,34.17343,-118.55529,LOS ANGELES,LOS ANGELES,-118.55528897,34.17349416
90222187,2016,2016-07-13,9565,2016-07-08,1100,020239,NA,5,1,7,1942,0,1,1,NA,2,062,I-405 NORTHBOUND (SAN DIEGO FREEWAY),NATIONAL BLVD,650,S,N,A,-,Y,NA,NA,405,NA,NA,NA,NA,NA,N,Y,3,0,2,3,A,-,03,22350,NA,N,C,C,A,A,H,-,A,D,0,NA,NA,NA,NA,Y,NA,A,01,0,2,0,0,0,0,0,0,0,-,-,34.02527,-118.42853,LOS ANGELES,LOS ANGELES,-118.42861211,34.02520502
90222193,2016,2016-07-13,9550,2016-07-08,1420,021202,NA,5,2,6,1920,0,1,1,NA,2,150,INTERSTATE 105 W/B (CENTURY FREEEWAY),COLUMBIA WAY,170,W,N,A,-,Y,NA,NA,105,NA,NA,NA,NA,NA,W,Y,4,0,1,2,A,-,03,22350,NA,N,C,C,A,A,H,-,A,D,0,NA,NA,NA,Y,Y,NA,G,25,0,0,1,0,0,0,0,0,0,-,-,33.91321,-118.13475,LOS ANGELES,DOWNEY,-118.13475008,33.91324634
90222198,2016,2016-07-13,9565,2016-07-08,1527,020284,NA,5,2,7,1942,0,1,1,NA,2,083,I-10 E/B (SANTA MONICA FREEWAY),OVERLAND AVE.,100,E,N,A,-,Y,NA,NA,NA,NA,NA,NA,NA,NA,NA,N,4,0,1,2,A,-,03,22350,NA,N,C,C,A,A,H,-,A,D,0,NA,NA,NA,NA,Y,NA,A,07,0,0,1,0,0,0,0,0,0,-,-,34.15402,-118.2457,LOS ANGELES,LOS ANGELES,-118.41666071,34.03168151
90222200,2016,2016-08-22,9590,2016-06-23,0530,021179,NA,4,3,7,1942,0,1,1,NA,2,064,I-10 E/B (SANTA MONICA FREEWAY),SANTA FE AVE,100,W,N,A,-,Y,NA,NA,10,NA,NA,NA,NA,NA,E,Y,4,0,2,3,A,-,07,21658,A,N,B,C,A,A,H,-,B,D,0,NA,NA,NA,NA,Y,NA,A,01,0,0,2,0,0,0,0,0,0,-,-,34.02822,-118.23022,LOS ANGELES,LOS ANGELES,-118.23021968,34.02821904
90222208,2016,2016-07-13,9565,2016-07-09,1125,020284,NA,6,1,7,1942,0,1,1,NA,2,062,I-405 S/B (SAN DIEGO FREEWAY),VENICE BLVD.,100,N,N,A,-,Y,NA,NA,405,NA,NA,NA,NA,NA,S,N,4,0,1,3,A,-,03,22350,NA,N,C,C,A,A,H,-,A,D,0,NA,NA,NA,NA,Y,NA,A,07,0,0,1,0,0,0,0,0,0,-,-,34.01256,-118.4191,LOS ANGELES,LOS ANGELES,-118.41896839,34.01266412
90222274,2016,2016-07-13,9580,2016-07-02,1340,020402,NA,6,1,7,1942,0,1,2,NA,2,105,US-101 S/B (VENTURA FREEWAY),TOPANGA CANYON BLVD,300,S,N,A,-,Y,NA,NA,101,NA,NA,NA,NA,NA,S,N,4,0,1,3,A,-,03,22350,NA,N,C,C,A,A,H,-,A,D,0,NA,NA,NA,NA,Y,NA,A,01,0,0,1,0,0,0,0,0,0,-,-,34.16991,-118.60138,LOS ANGELES,LOS ANGELES,-118.6013721,34.16996132
90222290,2016,2016-07-13,9550,2016-07-08,1120,021263,NA,5,1,6,1949,0,1,1,NA,2,500,INTERSTATE 5 SOUTHBOUND,IMPERIAL HIGHWAY,2500,N,N,A,-,Y,NA,NA,5,NA,NA,NA,NA,NA,S,Y,4,0,1,2,A,-,07,21658,A,N,B,C,A,A,H,-,A,D,0,NA,NA,NA,Y,Y,NA,G,25,0,0,1,0,0,0,0,0,0,-,-,33.92342,-118.08471,LOS ANGELES,NORWALK,-118.08449801,33.9235731
90222291,2016,2016-08-29,9580,2016-07-02,1245,021187,NA,6,1,7,1942,0,1,1,NA,2,405,I-405 S/B (SAN DIEGO FWY),BURBANK BLVD,500,N,N,A,-,Y,NA,NA,405,NA,NA,NA,NA,NA,S,Y,3,0,1,2,A,-,03,22350,NA,N,C,C,A,A,H,-,A,D,0,NA,NA,Y,NA,Y,NA,C,02,0,1,0,0,0,0,0,0,1,-,-,34.17348,-118.46779,LOS ANGELES,LOS ANGELES,-118.46781485,34.17347941
90222303,2016,2016-07-13,9565,2016-07-03,1348,019420,NA,7,1,7,1942,0,1,1,NA,2,064,I-405 N/B,MORAGA DR.,300,S,N,A,-,Y,NA,NA,NA,NA,NA,NA,NA,NA,NA,N,4,0,1,1,C,-,18,NA,NA,N,E,A,A,A,H,-,A,D,0,NA,NA,NA,NA,Y,NA,-,-,0,0,1,0,0,0,0,0,0,-,-,34.07431,-117.46762,LOS ANGELES,LOS ANGELES,NA,NA
90222304,2016,2016-07-13,9530,2016-06-09,2145,020140,NA,4,2,9,1900,0,3,5,NA,2,001,COMPTON AVE.,59TH ST.,0,NA,Y,B,-,N,NA,NA,NA,NA,NA,NA,NA,NA,NA,N,1,1,0,2,A,-,10,21950,A,N,G,B,B,A,H,-,C,D,0,Y,NA,NA,NA,Y,NA,A,07,0,0,0,1,0,0,0,0,0,-,-,33.98731,-118.24771,LOS ANGELES,UNINCORPORATED,-118.24775013,33.98702003
90222312,2016,2016-07-13,9535,2016-07-11,0005,021143,NA,1,3,3,1914,0,1,1,NA,2,071,I-710 (LONG BEACH FREEWAY) S/B,WASHINGTON BLVD,1800,N,N,A,-,Y,NA,NA,NA,NA,NA,NA,NA,NA,NA,N,4,0,1,2,A,-,03,22350,NA,N,C,C,A,A,H,-,D,D,0,NA,NA,NA,NA,Y,NA,D,22,0,0,1,0,0,0,0,0,0,-,-,34.00354,-118.10815,LOS ANGELES,COMMERCE,-118.17246,34.00848
90222343,2016,2016-07-13,9565,2016-07-04,1213,019420,NA,1,1,7,1942,0,1,1,NA,2,083,I-10 E/B,OVERLAND AVE,50,W,N,A,-,Y,NA,NA,10,NA,NA,NA,NA,NA,E,Y,4,0,1,2,A,-,03,22350,NA,N,C,C,A,A,H,-,A,D,0,NA,NA,NA,NA,Y,NA,D,22,0,0,1,0,0,0,0,0,0,-,-,34.03171,-118.4173,LOS ANGELES,LOS ANGELES,-118.4172992,34.03165927
90222346,2016,2016-07-13,9565,2016-07-04,2310,021251,NA,1,3,5,1928,0,1,1,NA,2,012,I-105 W/B (CENTURY FREEWAY),CRENSHAW BLVD.,500,E,N,A,-,Y,NA,NA,105,NA,NA,NA,NA,NA,W,Y,3,0,2,3,A,-,07,21658,A,N,B,C,A,A,H,-,C,D,0,NA,NA,Y,NA,Y,NA,C,02,0,1,1,0,0,0,0,0,2,-,-,33.92572,-118.3213,LOS ANGELES,HAWTHORNE,-118.32129695,33.92564913
90222358,2016,2016-07-13,9580,2016-07-03,2150,020832,NA,7,2,7,1942,0,1,2,NA,2,102,US-101 N/B (VENTURA FREEWAY),VAN NUYS BLVD,2112,E,N,A,-,Y,NA,NA,101,NA,NA,NA,NA,NA,N,Y,3,0,2,2,A,-,03,22350,NA,N,C,C,A,A,H,-,D,D,0,NA,NA,NA,NA,Y,NA,A,01,0,2,0,0,0,0,0,0,0,-,-,34.15564,-118.4362,LOS ANGELES,LOS ANGELES,-118.43619953,34.15574646
90222371,2016,2016-09-05,9590,2016-06-12,0817,021201,NA,7,1,7,1942,0,1,1,NA,2,060,I-10 E/B (SANTA MONICA FREEWAY),WEST BOULEVARD OVERCROSSING,530,W,N,B,-,Y,NA,NA,NA,NA,NA,NA,NA,NA,NA,Y,1,1,0,3,A,-,03,22350,NA,N,C,C,E,A,C,-,A,D,0,Y,NA,NA,NA,Y,NA,D,22,0,0,0,1,0,0,0,0,0,-,-,34.03561,-118.34182,LOS ANGELES,LOS ANGELES,-118.34188336,34.03458973
90222380,2016,2016-07-13,9550,2016-07-11,1330,021042,NA,1,1,5,1976,0,1,1,NA,2,650,INTERSTATE 605 SOUTHBOUND,BEVERLY BOULEVARD,1665,S,N,A,-,Y,NA,NA,605,NA,NA,NA,NA,NA,S,N,4,0,1,2,A,-,03,22350,NA,N,C,C,A,A,H,-,A,D,0,NA,NA,NA,NA,Y,NA,A,01,0,0,1,0,0,0,0,0,0,-,-,34.00078,-118.06732,LOS ANGELES,WHITTIER,-118.06731982,34.0007799
90222383,2016,2016-07-13,9565,2016-07-05,0500,020785,NA,2,3,7,1942,0,1,1,NA,2,064,I-405 S/B (SAN DIEGO FREEWAY),SUNSET BLVD.,1000,S,N,A,-,Y,NA,NA,405,NA,NA,NA,NA,NA,S,Y,4,0,1,1,A,-,08,22107,NA,N,E,I,A,A,H,-,C,D,0,NA,NA,NA,NA,Y,NA,A,01,0,0,1,0,0,0,0,0,0,-,-,34.06386,-118.45902,LOS ANGELES,LOS ANGELES,-118.45900827,34.06387014
90222389,2015,2016-07-13,9590,2015-12-11,0042,020348,NA,5,3,7,1942,0,1,1,NA,2,062,I-10 E/B (SMF) TO I-110 N/B (HAF),I-110 (HARBOR FREEWAY),393,E,N,B,-,Y,NA,NA,10,NA,NA,NA,R,NA,E,Y,1,1,0,1,A,-,08,22107,NA,N,E,I,A,A,H,-,C,D,0,NA,NA,Y,NA,Y,NA,C,02,0,0,0,0,0,0,0,1,0,-,-,34.03844,-118.27239,LOS ANGELES,LOS ANGELES,-118.27239,34.03844
90222395,2016,2016-07-13,9565,2016-07-06,0931,020468,NA,3,1,7,1942,0,1,1,NA,2,063,I-405 S/B (SAN DIEGO FREEWAY),SUNSET BLVD,220,S,N,A,-,Y,NA,NA,405,NA,NA,NA,NA,NA,S,Y,3,0,3,3,A,-,03,22350,NA,N,C,C,A,A,H,-,A,D,0,NA,NA,NA,NA,Y,NA,A,01,0,1,2,0,0,0,0,0,0,-,-,34.07172,-118.46594,LOS ANGELES,LOS ANGELES,-118.46591358,34.07174179
90222409,2016,2016-07-14,9565,2016-07-12,0910,021171,NA,2,1,7,1942,0,1,1,NA,2,083,I-10 E/B (SANTA MONICA FREEWAY),BAGLEY AVE,250,W,N,B,-,Y,NA,NA,10,NA,NA,NA,NA,NA,E,Y,4,0,2,3,A,-,03,22350,NA,N,C,C,A,A,H,-,A,D,0,NA,NA,NA,NA,Y,NA,A,07,0,0,2,0,0,0,0,0,0,-,-,34.02913,-118.39846,LOS ANGELES,LOS ANGELES,-118.39845889,34.02914319
9022241,2019,2020-02-11,1942,2019-12-17,1735,43542,1517,2,5,7,1942,0,0,0,O,0,15A12,VANOWEN ST,VINELAND ST,0,NA,Y,A,-,N,NA,NA,NA,NA,NA,NA,NA,NA,NA,N,4,0,1,2,A,-,04,21703,NA,N,C,C,A,A,H,-,C,A,0,NA,NA,NA,NA,Y,NA,-,NA,0,0,1,0,0,0,0,0,0,-,-,NA,NA,LOS ANGELES,LOS ANGELES,-118.37030029296876,34.19395065307617
90222415,2016,2016-07-14,9565,2016-07-06,1620,020556,NA,3,2,7,1942,0,1,1,NA,2,063,I-405 S/B (SAN DIEGO FREEWAY),OLYMPIC BLVD,100,N,N,A,-,Y,NA,NA,405,NA,NA,NA,NA,NA,S,Y,4,0,1,2,A,-,03,22350,NA,N,C,C,A,A,H,-,A,D,0,NA,NA,NA,NA,Y,NA,A,07,0,0,1,0,0,0,0,0,0,-,-,34.04071,-118.44141,LOS ANGELES,LOS ANGELES,-118.44141712,34.04070386
90222420,2016,2016-07-14,9550,2016-07-07,1230,019939,NA,4,1,1,1932,0,1,3,NA,2,602,STATE ROUTE 60 E/B (POMONA FREEWAY),FULLERTON ROAD,200,E,N,A,-,Y,NA,NA,60,NA,NA,NA,NA,NA,E,Y,4,0,1,6,A,-,03,22350,NA,N,C,C,A,A,H,-,A,D,0,NA,NA,NA,Y,Y,NA,F,26,0,0,1,0,0,0,0,0,0,-,-,33.9941,-117.9008,LOS ANGELES,INDUSTRY,-117.90080001,33.99406638
90222421,2016,2016-07-14,9565,2016-07-13,1250,020958,NA,3,1,4,1918,0,1,1,NA,2,061,I-405 SOUTHBOUND (SAN DIEGO FREEWAY),WASHINGTON BOULEVARD,150,N,N,A,-,Y,NA,NA,405,NA,NA,NA,NA,NA,S,Y,4,0,1,2,A,-,03,22350,NA,N,C,C,A,A,H,-,A,D,0,NA,NA,NA,NA,Y,NA,A,01,0,0,1,0,0,0,0,0,0,-,-,34.00631,-118.41408,LOS ANGELES,CULVER CITY,-118.41398259,34.00638592
90222427,2016,2016-07-14,9565,2016-07-06,1600,020972,NA,3,2,7,1942,0,1,1,NA,2,010,I-105 EB(CENTURY FWY) FROM ATWOOD WAY,NASH ST.,1000,E,N,A,-,Y,NA,NA,105,NA,NA,NA,R,NA,E,Y,3,0,1,1,A,-,03,22350,NA,N,F,A,A,A,H,-,A,D,0,NA,NA,Y,NA,Y,NA,C,02,0,1,0,0,0,0,0,0,1,-,-,33.93091,-118.38448,LOS ANGELES,LOS ANGELES,-118.38448,33.93091
90222428,2016,2016-07-14,9565,2016-07-07,1625,020958,NA,4,2,7,1942,0,1,1,NA,2,063,I-405 S/B (SAN DIEGO FREEWAY),SANTA MONICA BOULEVARD,450,N,N,A,-,Y,NA,NA,405,NA,NA,NA,NA,NA,S,N,3,0,1,2,A,-,08,22107,NA,N,C,C,A,A,H,-,A,D,0,NA,NA,Y,NA,Y,NA,A,01,0,1,0,0,0,0,0,0,1,-,-,34.04968,-118.44868,LOS ANGELES,LOS ANGELES,-118.44879898,34.04962367
90222429,2016,2016-07-14,9565,2016-07-12,2040,020752,NA,2,2,7,1942,0,1,1,NA,2,082,I-10 E/B (SANTA MONICA FREEWAY),I-405,700,W,N,A,-,Y,NA,NA,10,NA,NA,NA,NA,NA,E,Y,4,0,1,2,A,-,03,22350,NA,N,C,C,A,A,H,-,D,D,0,NA,NA,NA,NA,Y,NA,D,22,0,0,1,0,0,0,0,0,0,-,-,34.03011,-118.44028,LOS ANGELES,LOS ANGELES,-118.44029983,34.03024958
9022244,2019,2020-02-10,1969,2019-12-10,0725,10156,TRAFF,2,5,5,1969,0,0,0,NA,0,NA,GARDENDALE ST,PARAMOUNT BL,100,W,N,A,-,N,NA,NA,NA,NA,NA,NA,NA,NA,NA,N,3,0,3,2,A,-,03,22350,NA,N,-,C,A,A,H,-,A,A,0,NA,NA,NA,NA,Y,NA,A,01,0,1,2,0,0,0,0,0,0,-,-,NA,NA,LOS ANGELES,SOUTH GATE,-118.15731048583984,33.91753387451172
90222446,2016,2016-07-14,9590,2016-06-30,1345,016856,NA,4,1,7,1942,0,1,1,NA,2,081,I-5 S/B (GOLDEN STATE FREEWAY),RIVERSIDE DRIVE,2640,S,N,A,-,Y,NA,NA,5,NA,NA,NA,NA,NA,S,Y,4,0,1,2,A,-,03,22350,NA,N,C,C,A,A,H,-,A,D,0,NA,NA,NA,NA,Y,NA,A,08,0,0,1,0,0,0,0,0,0,-,-,34.09606,-118.24454,LOS ANGELES,LOS ANGELES,-118.24454299,34.09605708
90222448,2016,2016-07-14,9590,2016-07-04,2234,020527,NA,1,3,7,1942,0,1,1,NA,2,052,I-110 N/B (HARBOR FREEWAY),TEMPLE STREET,400,S,N,A,-,Y,NA,NA,110,NA,NA,NA,NA,NA,N,N,4,0,1,3,A,-,03,22350,NA,M,C,C,A,A,H,-,C,D,0,NA,NA,NA,NA,Y,NA,A,01,0,0,1,0,0,0,0,0,0,-,-,34.06016,-118.25132,LOS ANGELES,LOS ANGELES,-118.25141992,34.06028278
90222449,2016,2016-07-14,9590,2016-07-12,2045,016856,NA,2,2,7,1942,0,1,2,NA,2,073,US-101 S/B (HOLLYWOOD FWY),HELIOTROPE DRIVE,100,S,N,A,-,Y,NA,NA,101,NA,NA,NA,NA,NA,S,N,4,0,1,2,A,-,03,22350,NA,N,C,C,A,A,H,-,C,D,0,NA,NA,NA,NA,Y,NA,A,07,0,0,1,0,0,0,0,0,0,-,-,34.08035,-118.29389,LOS ANGELES,LOS ANGELES,-118.29381858,34.08049548
9022245,2019,2020-02-11,1942,2019-12-22,0120,43032,1523,7,5,7,1942,0,0,0,O,0,9X6,VICTORY BL,BELLAIRE AV,0,NA,-,A,-,N,NA,NA,NA,NA,NA,NA,NA,NA,NA,N,4,0,1,2,D,-,00,NA,NA,N,C,C,A,A,H,-,C,A,0,NA,NA,NA,NA,Y,NA,-,-,0,0,1,0,0,0,0,0,0,-,-,NA,NA,LOS ANGELES,LOS ANGELES,-118.40943145751952,34.186859130859375
90222450,2016,2016-07-14,9590,2016-06-30,1805,021291,NA,4,2,7,1942,0,1,1,NA,2,041,I-5 S/B (SANTA ANA FREEWAY),ESPERANZA ST,350,S,N,A,-,Y,NA,NA,5,NA,NA,NA,NA,NA,S,N,4,0,2,2,A,-,03,22350,NA,N,C,C,A,A,H,-,A,D,0,NA,NA,NA,NA,Y,NA,A,01,0,0,2,0,0,0,0,0,0,-,-,34.0217,-118.19719,LOS ANGELES,LOS ANGELES,-118.1971904,34.02169907
90222452,2016,2016-07-14,9590,2016-06-08,1214,021264,NA,3,1,7,1942,0,1,2,NA,2,073,US-101 S/B (HOLLYWOOD FREEWAY),NORTH WESTERN AVENUE,50,N,N,A,-,Y,NA,NA,101,NA,NA,NA,NA,NA,S,N,4,0,1,3,A,-,03,22350,NA,F,C,C,A,A,H,-,A,D,0,NA,NA,NA,NA,Y,NA,A,01,0,0,1,0,0,0,0,0,0,-,-,34.09317,-118.3088,LOS ANGELES,LOS ANGELES,-118.30871572,34.09329132
90222454,2016,2016-07-14,9590,2016-07-03,1720,021201,NA,7,2,7,1942,0,1,1,NA,2,041,I-5 S/B (SANTA ANA FREEWAY),INDIANA STREET,350,N,N,A,-,Y,NA,NA,5,NA,NA,NA,NA,NA,S,N,4,0,1,2,A,-,03,22350,NA,N,C,C,A,A,H,-,A,D,0,NA,NA,NA,NA,Y,NA,A,01,0,0,1,0,0,0,0,0,0,-,-,34.02032,-118.1934,LOS ANGELES,LOS ANGELES,-118.19339991,34.02032038
90222457,2016,2016-07-14,9590,2016-07-08,2130,020443,NA,5,2,7,1942,0,1,1,NA,2,011,SR-110 S/B (ARROYO SECO PARKWAY),PARK ROW DR.,350,S,N,A,-,Y,NA,NA,110,NA,NA,NA,NA,NA,S,Y,4,0,1,3,A,-,03,22350,NA,N,C,C,A,A,H,-,C,D,0,NA,NA,NA,NA,Y,NA,A,07,0,0,1,0,0,0,0,0,0,-,-,34.07647,-118.23112,LOS ANGELES,LOS ANGELES,-118.2311137,34.07646287
90222559,2016,2016-07-14,9540,2016-07-07,1705,021308,NA,4,2,9,1900,0,2,4,NA,2,081,THE OLD ROAD S/B,MAGIC MOUNTAIN PKY,10,N,N,A,-,N,NA,NA,NA,NA,NA,NA,NA,NA,NA,N,4,0,1,2,A,-,03,22350,NA,N,C,C,A,A,H,-,A,A,0,NA,NA,NA,NA,Y,NA,A,07,0,0,1,0,0,0,0,0,0,-,-,34.95575,-118.89022,LOS ANGELES,UNINCORPORATED,-118.58516279,34.4219953
9022256,2019,2020-02-10,1910,2019-12-31,1642,04335,NA,2,5,4,1910,0,0,0,NA,0,005,W OLYMPIC BL,LINDEN DR,250,E,N,A,-,N,NA,NA,NA,NA,NA,NA,NA,NA,NA,N,3,0,2,2,A,-,07,21658,A,N,B,C,A,A,H,-,A,D,0,NA,NA,NA,NA,Y,NA,A,07,0,1,1,0,0,0,0,0,0,-,-,34.059749603271484,-118.40718841552734,LOS ANGELES,BEVERLY HILLS,-118.40699768066406,34.05970001220703
9022257,2019,2020-02-11,1942,2019-12-27,1430,38354,1985,5,5,7,1942,0,0,0,NA,0,19A93,ROSCOE BL,TOBIAS AV,111,E,N,A,-,N,NA,NA,NA,NA,NA,NA,NA,NA,NA,Y,3,0,2,2,A,-,07,21658,A,M,C,C,A,A,H,-,A,A,0,NA,NA,NA,NA,Y,Y,A,01,0,1,1,0,0,0,0,0,0,-,-,NA,NA,LOS ANGELES,LOS ANGELES,-118.45132446289064,34.221519470214844
90222597,2016,2016-07-14,9530,2016-07-02,1920,021108,NA,6,2,9,1900,0,3,5,NA,2,001,COMPTON AVE.,58TH PL.,0,NA,Y,A,-,N,NA,NA,NA,NA,NA,NA,NA,NA,NA,N,3,0,2,3,A,-,09,21801,A,N,D,C,A,A,H,-,A,D,0,NA,NA,NA,NA,Y,NA,A,01,0,2,0,0,0,0,0,0,0,-,-,NA,NA,LOS ANGELES,UNINCORPORATED,-118.2477601,33.98860006
9022260,2019,2020-02-10,1910,2019-12-31,1519,04335,NA,2,5,4,1910,0,0,0,NA,0,006,N ARDEN DR,E CARMELITA AV,0,NA,Y,A,-,N,NA,NA,NA,NA,NA,NA,NA,NA,NA,Y,3,0,2,2,A,-,12,22450,A,N,D,C,A,A,H,-,A,A,0,NA,NA,NA,NA,Y,NA,A,07,0,1,1,0,0,0,0,0,0,-,-,34.08124923706055,-118.39495849609376,LOS ANGELES,BEVERLY HILLS,-118.39492034912108,34.081241607666016
9022261,2019,2020-02-11,1942,2019-12-29,1725,38191,1911,7,5,7,1942,0,0,0,NA,0,19A1,ENCINITAS AV,ROXFORD ST,66,S,N,A,-,N,NA,NA,NA,NA,NA,NA,NA,NA,NA,Y,3,0,2,2,A,-,01,23152,A,N,A,C,A,A,H,-,C,D,0,NA,NA,NA,NA,Y,Y,A,01,0,1,1,0,0,0,0,0,0,-,-,NA,NA,LOS ANGELES,LOS ANGELES,-118.47870635986328,34.30370330810547
90222613,2016,2016-07-14,9530,2016-07-13,2255,020293,NA,3,3,9,1900,0,3,5,NA,2,002,122ND ST.,AVALON BLVD.,0,NA,Y,A,-,N,NA,NA,NA,NA,NA,NA,NA,NA,NA,Y,3,0,1,2,A,-,01,23152,A,F,H,C,A,A,H,-,C,A,0,NA,NA,NA,NA,Y,Y,A,01,0,1,0,0,0,0,0,0,0,-,-,33.92104,-118.26521,LOS ANGELES,UNINCORPORATED,-118.26523004,33.92128001
9022264,2019,2020-02-10,1910,2019-12-20,1722,03494,NA,5,5,4,1910,0,0,0,NA,0,007,OLYMPIC BL,MAPLE DR,0,NA,Y,A,-,N,NA,NA,NA,NA,NA,NA,NA,NA,NA,Y,4,0,1,2,A,-,09,21802,A,N,D,C,A,A,H,-,A,A,0,NA,NA,NA,NA,Y,NA,A,01,0,0,1,0,0,0,0,0,0,-,-,NA,NA,LOS ANGELES,BEVERLY HILLS,-118.39283752441406,34.059349060058594
90222648,2016,2016-07-14,9530,2016-07-12,0715,015063,NA,2,1,5,1977,0,1,1,NA,2,410,INTERSTATE 405 N/B,MAIN STREET,100,S,N,B,-,Y,NA,NA,405,NA,NA,NA,NA,NA,N,Y,4,0,1,3,A,-,03,22350,NA,F,C,C,A,A,H,-,A,D,0,NA,NA,NA,NA,Y,NA,-,99,0,0,1,0,0,0,0,0,0,-,-,33.853,-118.28,LOS ANGELES,CARSON,-118.27994484,33.85307614
9022265,2019,2020-02-11,1900,2019-11-21,0947,517022,0454,4,5,6,1949,0,0,0,NA,0,43T1/A,IMPERIAL HWY,STUDEBAKER RD,753,W,N,A,-,N,NA,NA,NA,NA,NA,NA,NA,NA,NA,N,4,0,1,2,A,-,12,21453,A,N,D,C,A,A,H,-,A,D,0,NA,NA,NA,NA,Y,NA,A,07,0,0,1,0,0,0,0,0,0,-,-,NA,NA,LOS ANGELES,NORWALK,-118.1017837524414,33.91716003417969
90222657,2016,2016-07-14,9550,2016-06-25,0135,021263,NA,6,3,9,1900,0,1,3,NA,2,602,STATE ROUTE 60 WESTBOUND,NOGALES STREET,2600,E,N,A,-,Y,NA,NA,60,NA,NA,NA,NA,NA,W,Y,4,0,1,2,A,-,03,22350,NA,N,C,C,A,A,H,-,D,D,0,NA,NA,NA,Y,Y,Y,A,01,0,0,1,0,0,0,0,0,0,-,-,33.9948,-117.88133,LOS ANGELES,UNINCORPORATED,-117.88131951,33.99472742
90222672,2016,2016-07-14,9530,2016-07-12,1300,015063,NA,2,1,4,1939,0,1,1,NA,2,400,INTERSTATE 405 N/B FROM HAWTHORNE BLVD,HAWTHORNE BOULEVARD,230,S,N,A,-,Y,NA,NA,405,NA,NA,NA,R,NA,N,N,4,0,1,2,A,-,03,22350,NA,N,C,C,A,A,H,-,A,A,0,NA,NA,NA,NA,Y,NA,A,01,0,0,1,0,0,0,0,0,0,-,-,33.8849,-118.3516,LOS ANGELES,LAWNDALE,-118.3516,33.8849
9022268,2019,2020-02-10,1910,2019-12-29,1154,04335,NA,7,5,4,1910,0,0,0,NA,0,007,S DOHENY DR,OLYMPIC BL,129,N,N,A,-,N,NA,NA,NA,NA,NA,NA,NA,NA,NA,Y,4,0,3,3,A,-,09,21804,A,N,D,C,A,A,H,-,A,D,0,NA,NA,NA,NA,Y,NA,A,01,0,0,3,0,0,0,0,0,0,-,-,34.05978012084961,-118.38983917236328,LOS ANGELES,BEVERLY HILLS,-118.38979339599608,34.059715270996094
9022269,2019,2020-02-11,1900,2019-12-24,0845,629493,0455,2,5,6,1949,0,0,0,NA,0,45K1,ALONDRA BL,MAIDSTONE AV,15,E,N,A,-,N,NA,NA,NA,NA,NA,NA,NA,NA,NA,N,3,0,1,2,A,-,10,21950,A,N,G,B,B,A,H,-,A,A,0,Y,NA,NA,NA,Y,NA,A,01,0,1,0,0,1,0,0,0,0,-,-,NA,NA,LOS ANGELES,NORWALK,-118.08683013916016,33.887672424316406