CASE_ID,ACCIDENT_YEAR,PROC_DATE,JURIS,COLLISION_DATE,COLLISION_TIME,OFFICER_ID,REPORTING_DISTRICT,DAY_OF_WEEK,CHP_SHIFT,POPULATION,CNTY_CITY_LOC,SPECIAL_COND,BEAT_TYPE,CHP_BEAT_TYPE,CITY_DIVISION_LAPD,CHP_BEAT_CLASS,BEAT_NUMBER,PRIMARY_RD,SECONDARY_RD,DISTANCE,DIRECTION,INTERSECTION,WEATHER_1,WEATHER_2,STATE_HWY_IND,CALTRANS_COUNTY,CALTRANS_DISTRICT,STATE_ROUTE,ROUTE_SUFFIX,POSTMILE_PREFIX,POSTMILE,LOCATION_TYPE,RAMP_INTERSECTION,SIDE_OF_HWY,TOW_AWAY,COLLISION_SEVERITY,NUMBER_KILLED,NUMBER_INJURED,PARTY_COUNT,PRIMARY_COLL_FACTOR,PCF_CODE_OF_VIOL,PCF_VIOL_CATEGORY,PCF_VIOLATION,PCF_VIOL_SUBSECTION,HIT_AND_RUN,TYPE_OF_COLLISION,MVIW,PED_ACTION,ROAD_SURFACE,ROAD_COND_1,ROAD_COND_2,LIGHTING,CONTROL_DEVICE,CHP_ROAD_TYPE,PEDESTRIAN_ACCIDENT,BICYCLE_ACCIDENT,MOTORCYCLE_ACCIDENT,TRUCK_ACCIDENT,NOT_PRIVATE_PROPERTY,ALCOHOL_INVOLVED,STWD_VEHTYPE_AT_FAULT,CHP_VEHTYPE_AT_FAULT,COUNT_SEVERE_INJ,COUNT_VISIBLE_INJ,COUNT_COMPLAINT_PAIN,COUNT_PED_KILLED,COUNT_PED_INJURED,COUNT_BICYCLIST_KILLED,COUNT_BICYCLIST_INJURED,COUNT_MC_KILLED,COUNT_MC_INJURED,PRIMARY_RAMP,SECONDARY_RAMP,LATITUDE,LONGITUDE,COUNTY,CITY,POINT_X,POINT_Y
9022272,2019,2020-02-10,1910,2019-12-29,1402,04335,NA,7,5,4,1910,0,0,0,NA,0,006,S REXFORD DR,E CARMELITA AV,0,NA,Y,A,-,N,NA,NA,NA,NA,NA,NA,NA,NA,NA,Y,3,0,2,2,A,-,09,21800,A,N,D,C,A,A,H,-,A,A,0,NA,NA,NA,NA,Y,NA,A,01,0,1,1,0,0,0,0,0,0,-,-,34.07661819458008,-118.40296173095705,LOS ANGELES,BEVERLY HILLS,-118.40296173095705,34.076568603515625
9022273,2019,2020-02-10,1900,2019-12-31,0644,542313,0456,2,5,6,1949,0,0,0,NA,0,43T-1/,ALONDRA BL,ELAINE AV,0,NA,Y,A,-,N,NA,NA,NA,NA,NA,NA,NA,NA,NA,Y,4,0,1,2,A,-,09,21802,A,M,D,C,A,A,H,-,A,A,0,NA,NA,NA,NA,Y,NA,A,08,0,0,1,0,0,0,0,0,0,-,-,NA,NA,LOS ANGELES,NORWALK,-118.0776824951172,33.88772964477539
90222741,2016,2016-07-14,9530,2016-07-06,1306,014451,NA,3,1,9,1900,0,3,5,NA,2,002,BROADWAY,ALONDRA BLVD.,0,NA,Y,A,-,N,NA,NA,NA,NA,NA,NA,NA,NA,NA,Y,4,0,2,2,A,-,12,21453,A,N,D,C,A,A,H,-,A,A,0,NA,NA,NA,NA,Y,NA,A,01,0,0,2,0,0,0,0,0,0,-,-,33.88594,-118.27848,LOS ANGELES,UNINCORPORATED,-118.27837002,33.88565009
90222755,2016,2016-07-14,9530,2016-07-09,0850,020923,NA,6,1,7,1942,0,1,1,NA,2,200,I-105 E/B TO I-110 S/B,HOOVER ST.,350,E,N,A,-,Y,NA,NA,105,NA,NA,NA,R,NA,E,Y,3,0,1,1,A,-,08,22107,NA,N,E,I,A,A,H,-,A,D,0,NA,NA,NA,NA,Y,NA,A,01,0,1,0,0,0,0,0,0,0,-,-,33.92811,-118.28524,LOS ANGELES,LOS ANGELES,-118.28524,33.92811
9022276,2019,2020-02-10,1910,2019-12-06,2341,04928,NA,5,5,4,1910,0,0,0,NA,0,004,RODEO DR,LOMITAS AV,450,S,N,C,-,N,NA,NA,NA,NA,NA,NA,NA,NA,NA,N,4,0,1,2,A,-,21,22106,NA,N,D,C,A,B,H,-,C,D,0,NA,NA,NA,NA,Y,NA,A,07,0,0,1,0,0,0,0,0,0,-,-,34.07754135131836,-118.41281127929688,LOS ANGELES,BEVERLY HILLS,-118.41278076171876,34.077423095703125
9022277,2019,2020-02-11,1942,2019-12-22,1245,42757,1595,7,5,7,1942,0,0,0,O,0,15EL4,VENTURA BL,CARPENTER,50,W,N,A,-,N,NA,NA,NA,NA,NA,NA,NA,NA,NA,N,4,0,2,2,A,-,03,22350,NA,F,C,C,A,A,H,-,A,D,0,NA,NA,NA,NA,Y,NA,-,99,0,0,2,0,0,0,0,0,0,-,-,NA,NA,LOS ANGELES,LOS ANGELES,-118.39093017578124,34.142738342285156
90222775,2016,2016-07-14,9550,2016-07-10,1455,021185,NA,7,2,9,1900,0,1,1,NA,2,650,I-605 SOUTHBOUND,WASHINGTON BOULEVARD,1300,N,N,A,-,Y,NA,NA,605,NA,NA,NA,NA,NA,S,N,4,0,1,2,A,-,03,22350,NA,N,C,C,A,A,H,-,A,D,0,NA,NA,NA,NA,Y,NA,A,01,0,0,1,0,0,0,0,0,0,-,-,33.97766,-118.07866,LOS ANGELES,UNINCORPORATED,-118.07872444,33.97769737
90222781,2016,2016-07-14,9540,2016-07-03,1835,020862,NA,7,2,6,1985,0,1,1,NA,2,507,I-5 SOUTHBOUND (GOLDEN STATE FREEWAY),MCBEAN PKY,1500,N,N,A,-,Y,NA,NA,5,NA,NA,NA,NA,NA,S,Y,3,0,6,2,A,-,08,22107,NA,N,D,C,A,A,H,-,A,D,0,NA,NA,NA,NA,Y,NA,A,01,0,1,5,0,0,0,0,0,0,-,-,34.39954,-118.57286,LOS ANGELES,SANTA CLARITA,-118.57277089,34.39956731
90222786,2016,2016-07-14,9545,2016-07-10,2020,020244,NA,7,2,9,1900,0,3,5,NA,2,001,90TH ST  W,AVENUE E-8,600,S,N,A,-,N,NA,NA,NA,NA,NA,NA,NA,NA,NA,Y,3,0,2,2,A,-,09,21801,A,N,D,C,A,A,H,-,B,D,0,NA,NA,NA,NA,Y,NA,A,07,0,2,0,0,0,0,0,0,0,-,-,34.75399,-118.28993,LOS ANGELES,UNINCORPORATED,-118.28994542,34.7529646
9022280,2019,2020-02-10,1942,2019-12-14,2330,43173,1637,6,5,7,1942,0,0,0,P,0,16A35,FOOTHILL BL,WOODWARD AV,40,W,N,A,-,N,NA,NA,NA,NA,NA,NA,NA,NA,NA,N,2,0,1,2,A,-,11,21956,A,N,G,B,D,A,H,-,C,A,0,Y,NA,NA,NA,Y,NA,N,60,1,0,0,0,1,0,0,0,0,-,-,NA,NA,LOS ANGELES,LOS ANGELES,-118.30718994140624,34.25965118408203
9022281,2019,2020-02-11,1942,2019-12-12,2330,33504,1904,4,5,7,1942,0,0,0,NA,0,19A7,POLK ST,KINBROOK ST,415,N,N,B,-,N,NA,NA,NA,NA,NA,NA,NA,NA,NA,Y,4,0,1,2,A,-,03,22350,NA,N,A,E,A,A,H,-,C,D,0,NA,NA,NA,NA,Y,NA,A,01,0,0,1,0,0,0,0,0,0,-,-,34.19340133666992,-118.25450134277344,LOS ANGELES,LOS ANGELES,-118.42941284179688,34.326229095458984
9022284,2019,2020-02-18,1942,2019-12-19,0900,30452,1716,4,5,7,1942,0,0,0,Q,0,17A35,MIDWOOD DR,BALBOA BL,185,W,N,A,-,N,NA,NA,NA,NA,NA,NA,NA,NA,NA,N,4,0,1,2,C,-,18,NA,NA,F,G,B,E,A,H,-,A,D,0,Y,NA,NA,NA,Y,NA,-,-,0,0,1,0,1,0,0,0,0,-,-,NA,NA,LOS ANGELES,LOS ANGELES,-118.50267028808594,34.287322998046875
90222846,2016,2016-07-14,9530,2016-06-22,0350,020293,NA,3,3,5,1915,0,1,3,NA,2,310,SR-91 W/B (ARTESIA FREEWAY),ACACIA AVE.,764,W,N,A,-,Y,NA,NA,91,NA,NA,NA,NA,NA,W,Y,1,1,0,2,A,-,08,22107,NA,N,C,E,A,A,H,-,C,D,0,NA,NA,NA,Y,Y,NA,A,01,0,0,0,0,0,0,0,0,0,-,-,33.87403,-118.22879,LOS ANGELES,COMPTON,-118.22878969,33.87401985
90222861,2016,2016-07-14,9590,2016-03-05,2355,021086,NA,6,3,7,1942,0,1,2,NA,2,071,US-101 S/B (SAF) TO COMMERCIAL STREET,ALAMEDA STREET,1240,S,N,C,-,Y,NA,NA,101,NA,NA,NA,R,NA,S,Y,3,0,3,2,A,-,03,22350,NA,N,C,C,A,B,H,-,C,A,0,NA,NA,NA,NA,Y,Y,D,22,0,2,1,0,0,0,0,0,0,-,-,34.05317,-118.23407,LOS ANGELES,LOS ANGELES,-118.23407,34.05317
90222873,2016,2016-07-14,9565,2016-07-06,1620,017574,NA,3,2,5,1965,0,1,1,NA,2,082,I-10 EASTBOUND,CLOVERFIELD BLVD,100,E,N,A,-,Y,NA,NA,NA,NA,NA,NA,NA,NA,NA,N,4,0,1,2,A,-,07,21658,A,N,B,C,A,A,H,-,A,D,0,NA,NA,Y,NA,Y,NA,A,07,0,0,1,0,0,0,0,0,1,-,-,34.024,-118.467,LOS ANGELES,SANTA MONICA,-118.46890555,34.0245418
9022288,2019,2020-09-03,1942,2019-12-19,0900,39701,1684,4,5,7,1942,0,0,0,P,0,26TL15,LANKERSHIM BL,STAGG ST,200,N,N,A,-,N,NA,NA,NA,NA,NA,NA,NA,NA,NA,N,4,0,3,2,A,-,03,22350,NA,F,C,C,A,A,H,-,A,D,0,NA,NA,NA,NA,Y,NA,-,99,0,0,3,0,0,0,0,0,0,-,-,NA,NA,LOS ANGELES,LOS ANGELES,-118.38777923583984,34.212650299072266
90222885,2016,2016-07-14,9530,2016-07-07,1020,017666,NA,4,1,5,1956,0,1,1,NA,2,400,I-405 N/B (SAN DIEGO FREEWAY),ARTESIA BLVD.,100,S,N,A,-,Y,NA,NA,NA,NA,NA,NA,NA,NA,NA,Y,4,0,1,2,A,-,03,22350,NA,N,C,C,A,A,H,-,A,D,0,NA,NA,NA,NA,Y,NA,A,01,0,0,1,0,0,0,0,0,0,-,-,33.87216,-118.34173,LOS ANGELES,REDONDO BEACH,-118.34204,33.87278
9022289,2019,2020-02-10,1942,2019-12-09,2345,43833,1921,1,5,7,1942,0,0,0,NA,0,19A1,POLK ST,SAN FERNANDO RD,200,W,N,A,-,N,NA,NA,NA,NA,NA,NA,NA,NA,NA,Y,4,0,1,4,A,-,03,22350,NA,N,B,E,A,A,H,-,C,D,0,NA,NA,NA,NA,Y,NA,-,NA,0,0,1,0,0,0,0,0,0,-,-,NA,NA,LOS ANGELES,LOS ANGELES,-118.45964813232422,34.29876708984375
9022290,2019,2020-02-11,1900,2019-12-31,1554,549925,0462,2,5,4,1936,0,0,0,NA,0,46T1/P,VALLEY VIEW AV,IMPERIAL HWY,163,S,N,A,-,N,NA,NA,NA,NA,NA,NA,NA,NA,NA,N,4,0,2,2,A,-,09,21804,A,N,D,C,A,A,H,-,A,D,0,NA,NA,NA,NA,Y,NA,A,01,0,0,2,0,0,0,0,0,0,-,-,NA,NA,LOS ANGELES,LA MIRADA,-118.02938079833984,33.91658401489258
9022292,2019,2020-02-10,1942,2019-12-17,1500,38582,1776,2,5,7,1942,0,0,0,Q,0,17A35,BALBOA BL,LASSEN ST,100,S,N,A,-,N,NA,NA,NA,NA,NA,NA,NA,NA,NA,N,2,0,1,2,A,-,08,22107,A,F,B,C,A,A,H,-,A,A,0,NA,NA,Y,NA,Y,NA,-,99,1,0,0,0,0,0,0,0,1,-,-,NA,NA,LOS ANGELES,LOS ANGELES,-118.50238800048828,34.249996185302734
9022293,2019,2020-02-10,1942,2019-12-15,0940,42286,1967,7,5,7,1942,0,0,0,NA,0,19A79,OSBORNE ST,CANTERBURY AV,0,NA,Y,A,-,N,NA,NA,NA,NA,NA,NA,NA,NA,NA,N,4,0,4,2,A,-,09,21801,A,N,D,C,A,A,H,-,A,A,0,NA,NA,NA,NA,Y,NA,A,08,0,0,4,0,0,0,0,0,0,-,-,NA,NA,LOS ANGELES,LOS ANGELES,-118.43269348144533,34.23725891113281
9022296,2019,2020-02-10,1942,2019-12-15,2315,35991,1735,7,5,7,1942,0,0,0,Q,0,17A81,CHATSWORTH ST,YARMOUTH AV,0,NA,Y,A,-,N,NA,NA,NA,NA,NA,NA,NA,NA,NA,Y,3,0,1,1,A,-,03,22350,NA,F,A,I,A,A,H,-,C,D,0,NA,NA,NA,NA,Y,NA,A,01,0,1,0,0,0,0,0,0,0,-,-,NA,NA,LOS ANGELES,LOS ANGELES,-118.52156829833984,34.26490020751953
9022297,2019,2020-02-14,1942,2019-12-14,0730,30107,1961,6,5,7,1942,0,0,0,NA,0,19A61,NORDHOFF ST,AQUEDUCT AV,350,E,N,B,-,N,NA,NA,NA,NA,NA,NA,NA,NA,NA,N,4,0,1,2,A,-,03,22350,NA,N,C,C,A,A,H,-,A,D,0,NA,NA,NA,NA,Y,NA,A,01,0,0,1,0,0,0,0,0,0,-,-,NA,NA,LOS ANGELES,LOS ANGELES,-118.47299194335938,34.23556137084961
90222972,2016,2016-07-14,9565,2016-07-08,2315,020480,NA,5,3,9,1900,0,3,5,NA,2,006,WILSHIRE BLVD.,SEPULVEDA BLVD,100,W,N,A,-,N,NA,NA,NA,NA,NA,NA,NA,NA,NA,Y,4,0,2,3,A,-,08,22107,NA,N,C,C,A,A,H,-,C,D,0,NA,NA,NA,NA,Y,Y,A,01,0,0,2,0,0,0,0,0,0,-,-,34.05567,-118.45181,LOS ANGELES,UNINCORPORATED,-118.45186402,34.05594777
90222994,2016,2016-07-14,9540,2016-07-10,1330,020504,NA,7,1,9,1900,0,3,5,NA,2,008,COPPER HILL DR,WEST HILLS DR,0,NA,Y,A,-,Y,NA,NA,NA,NA,NA,NA,NA,NA,NA,Y,4,0,2,2,A,-,03,22350,NA,N,D,C,A,A,H,-,A,A,0,NA,NA,NA,NA,Y,NA,A,01,0,0,2,0,0,0,0,0,0,-,-,34.45797,-118.56602,LOS ANGELES,UNINCORPORATED,-118.56623013,34.45800008
90222995,2016,2016-07-14,9565,2016-07-13,1750,020239,NA,3,2,5,1965,0,1,1,NA,2,081,I-10 WESTBOUND (SANTA MONICA FREEWAY),11TH STREET,5,W,N,A,-,Y,NA,NA,10,NA,NA,NA,NA,NA,W,Y,4,0,1,3,A,-,03,22350,NA,M,C,C,A,A,H,-,A,D,0,NA,NA,NA,NA,Y,NA,A,01,0,0,1,0,0,0,0,0,0,-,-,34.01678,-118.48297,LOS ANGELES,SANTA MONICA,-118.48296936,34.01677913
9022300,2019,2020-02-10,1928,2019-12-20,1215,50410,529,5,5,5,1928,0,0,0,NA,0,502,EL SEGUNDO BL,CRENSHAW BL,0,NA,Y,A,-,N,NA,NA,NA,NA,NA,NA,NA,NA,NA,Y,4,0,2,5,A,-,09,21801,A,N,A,C,A,A,H,-,A,A,0,NA,NA,NA,NA,Y,NA,A,01,0,0,2,0,0,0,0,0,0,-,-,33.91638946533203,-118.32650756835938,LOS ANGELES,HAWTHORNE,-118.32659912109376,33.916439056396484
90223007,2016,2016-07-14,9565,2016-07-11,0756,020468,NA,1,1,9,1900,0,3,5,NA,2,003,LA CIENEGA BLVD N/B,STOCKER ST,390,S,N,B,-,N,NA,NA,NA,NA,NA,NA,NA,NA,NA,Y,4,0,1,2,A,-,03,22350,NA,N,C,C,A,A,H,-,A,A,0,NA,NA,NA,NA,Y,NA,A,01,0,0,1,0,0,0,0,0,0,-,-,33.99697,-118.36913,LOS ANGELES,UNINCORPORATED,-118.36925298,33.99701895
9022301,2019,2020-02-10,1942,2019-12-15,1910,32372,1984,7,5,7,1942,0,0,0,NA,0,19A85,CEDROS AV,PARTHENIA ST,0,NA,Y,A,-,N,NA,NA,NA,NA,NA,NA,NA,NA,NA,N,4,0,1,2,A,-,09,21802,A,N,D,C,A,A,H,-,C,A,0,NA,NA,NA,NA,Y,NA,A,01,0,0,1,0,0,0,0,0,0,-,-,NA,NA,LOS ANGELES,LOS ANGELES,-118.45352935791016,34.2282600402832
90223011,2016,2017-07-03,9535,2016-06-16,2150,018527,NA,4,2,9,1900,0,2,4,NA,2,024,WHITTIER BOULEVARD (4500 BLOCK),DUNCAN AVENUE,155,E,N,A,-,N,NA,NA,NA,NA,NA,NA,NA,NA,NA,Y,4,0,3,4,A,-,09,21802,A,N,D,C,A,A,H,-,C,A,0,NA,NA,NA,NA,Y,NA,A,01,0,0,3,0,0,0,0,0,0,-,-,34.02288,-118.16934,LOS ANGELES,UNINCORPORATED,-118.16953503,34.02299606
90223034,2016,2016-08-29,9580,2016-07-06,1740,018803,NA,3,2,7,1942,0,1,2,NA,2,105,US-101 S/B (VENTURA FREEWAY),TOPANGA CANYON BLVD,1000,S,N,A,-,Y,NA,NA,101,NA,NA,NA,NA,NA,S,Y,4,0,3,3,A,-,03,22350,NA,N,C,C,A,A,H,-,A,D,0,NA,NA,NA,NA,Y,NA,A,01,0,0,3,0,0,0,0,0,0,-,-,34.16968,-118.60007,LOS ANGELES,LOS ANGELES,-118.60005784,34.16975901
90223036,2016,2016-07-14,9540,2016-06-23,2200,019444,NA,4,3,9,1900,0,3,5,NA,2,300,PARKER ROAD,I-5 (GSF),85,W,N,A,-,Y,NA,NA,NA,NA,NA,NA,NA,NA,NA,Y,2,0,1,2,A,-,09,21801,A,N,H,G,A,A,H,-,C,D,0,NA,Y,NA,NA,Y,NA,A,01,1,0,0,0,0,0,1,0,0,-,-,34.48947,-118.61959,LOS ANGELES,UNINCORPORATED,-118.61956726,34.48950439
9022304,2019,2020-02-10,1928,2019-12-31,1518,50292,515,2,5,5,1928,0,0,0,NA,0,503,133RD ST,JEFFERSON AV,0,NA,Y,A,-,N,NA,NA,NA,NA,NA,NA,NA,NA,NA,N,4,0,1,2,A,-,08,22107,NA,N,A,C,A,A,H,-,A,-,0,NA,NA,NA,NA,Y,NA,A,01,0,0,1,0,0,0,0,0,0,-,-,33.91196060180664,-118.34668731689452,LOS ANGELES,HAWTHORNE,-118.34671783447266,33.911949157714844
90223045,2016,2016-07-14,9550,2016-07-05,1710,018271,NA,2,2,6,1949,0,1,1,NA,2,651,INTERSTATE 605 N/B,IMPERIAL HIGHWAY,700,S,N,A,-,Y,NA,NA,605,NA,NA,NA,NA,NA,N,Y,4,0,4,3,A,-,03,22350,NA,N,C,C,A,A,H,-,A,D,0,NA,NA,NA,NA,Y,NA,A,01,0,0,4,0,0,0,0,0,0,-,-,33.90926,-118.10492,LOS ANGELES,NORWALK,-118.10487709,33.90925841
90223048,2016,2016-07-14,9550,2016-07-11,1410,018271,NA,1,2,9,1900,0,1,1,NA,2,650,INTERSTATE 605 N/B,WHITTIER BOULEVARD,200,N,N,A,-,Y,NA,NA,605,NA,NA,NA,NA,NA,N,N,4,0,2,2,A,-,03,22350,NA,N,C,C,A,A,H,-,A,D,0,NA,NA,NA,NA,Y,NA,D,22,0,0,2,0,0,0,0,0,0,-,-,33.99545,-118.06862,LOS ANGELES,UNINCORPORATED,-118.06864449,33.99545602
9022305,2019,2020-02-28,1942,2019-12-14,1925,32774,1993,6,5,7,1942,0,0,0,NA,0,19A93,ROSCOE BL,NOBLE AV,28,W,N,A,-,N,NA,NA,NA,NA,NA,NA,NA,NA,NA,N,3,0,1,2,A,-,11,21954,A,N,G,B,B,A,H,-,C,A,0,Y,NA,NA,NA,Y,Y,N,60,0,1,0,0,1,0,0,0,0,-,-,NA,NA,LOS ANGELES,LOS ANGELES,-118.46194458007813,34.221458435058594
90223052,2016,2016-07-18,9550,2016-07-11,1411,018271,NA,1,2,9,1900,0,1,1,NA,2,650,INTERSTATE 605 N/B,WHITTIER BOULEVARD,150,N,N,A,-,Y,NA,NA,605,NA,NA,NA,NA,NA,N,Y,4,0,2,3,A,-,03,22350,NA,N,C,C,A,A,H,-,A,D,0,NA,NA,NA,NA,Y,NA,A,01,0,0,2,0,0,0,0,0,0,-,-,33.99545,-118.06862,LOS ANGELES,UNINCORPORATED,-118.06864449,33.99545602
90223058,2016,2016-07-14,9565,2016-07-09,1050,021200,NA,6,1,9,1900,0,2,4,NA,2,022,NORMANDIE AVE,105TH ST  W,50,S,N,A,-,N,NA,NA,NA,NA,NA,NA,NA,NA,NA,N,4,0,1,4,A,-,08,22107,NA,N,B,C,A,A,H,-,A,D,0,NA,NA,NA,NA,Y,NA,A,07,0,0,1,0,0,0,0,0,0,-,-,33.94077,-118.30025,LOS ANGELES,UNINCORPORATED,-118.30028473,33.94106293
9022308,2019,2020-02-10,1906,2019-12-19,1815,4430,NA,4,5,5,1906,0,0,0,NA,0,001,FRAZIER ST,FAIRGROVE ST,0,NA,Y,A,-,N,NA,NA,NA,NA,NA,NA,NA,NA,NA,N,4,0,1,2,D,-,00,NA,NA,N,D,C,A,A,H,-,C,D,0,NA,NA,NA,NA,Y,NA,-,-,0,0,1,0,0,0,0,0,0,-,-,NA,NA,LOS ANGELES,BALDWIN PARK,-117.98809051513672,34.069480895996094
90223080,2016,2016-07-14,9580,2016-07-08,1645,020876,NA,5,2,7,1942,0,1,2,NA,2,105,US-101 S/B (VENTURA FREEWAY),WINNETKA AVE,1000,N,N,A,-,Y,NA,NA,101,NA,NA,NA,NA,NA,S,N,4,0,1,3,A,-,03,22350,NA,N,C,C,A,A,H,-,A,D,0,NA,NA,NA,NA,Y,NA,A,01,0,0,1,0,0,0,0,0,0,-,-,34.17001,-118.57636,LOS ANGELES,LOS ANGELES,-118.5763842,34.170074
90223084,2016,2016-07-14,9590,2016-03-28,1120,021124,NA,1,1,7,1942,0,1,1,NA,2,085,I-5 S/B (GOLDEN STATE FREEWAY),COLORADO BLVD.,1500,S,N,B,-,Y,NA,NA,5,NA,NA,NA,NA,NA,S,Y,4,0,1,2,A,-,08,22107,NA,N,B,C,A,A,H,-,A,D,0,NA,NA,NA,NA,Y,NA,A,01,0,0,1,0,0,0,0,0,0,-,-,34.13712,-118.27638,LOS ANGELES,LOS ANGELES,-118.2764291,34.13710596
9022309,2019,2020-02-10,1942,2019-12-15,0800,33458,1999,7,5,7,1942,0,0,0,NA,0,19A93,WOODMAN AV,STRATHERN ST,0,NA,Y,A,-,N,NA,NA,NA,NA,NA,NA,NA,NA,NA,N,4,0,2,3,A,-,12,21453,A,N,D,C,A,A,H,-,A,A,0,NA,NA,NA,NA,Y,NA,A,01,0,0,2,0,0,0,0,0,0,-,-,NA,NA,LOS ANGELES,LOS ANGELES,-118.43113708496094,34.21564865112305
90223111,2016,2016-07-14,9590,2016-07-08,0925,020773,NA,5,1,7,1942,0,1,1,NA,2,085,I-5 S/B (GOLDEN STATE FREEWAY),LOS FELIZ BLVD.,1500,N,N,A,-,Y,NA,NA,5,NA,NA,NA,NA,NA,S,Y,4,0,1,2,A,-,07,21658,A,N,B,C,A,A,H,-,A,D,0,NA,NA,NA,NA,Y,NA,A,01,0,0,1,0,0,0,0,0,0,-,-,34.12592,-118.27324,LOS ANGELES,LOS ANGELES,-118.27324147,34.12591959
90223114,2016,2016-07-14,9535,2016-07-11,1800,019626,NA,1,2,9,1900,0,1,1,NA,2,501,I-5 (SANTA ANA FREEWAY) S/B,OLYMPIC BLVD,528,N,N,A,-,Y,NA,NA,5,NA,NA,NA,NA,NA,S,N,4,0,1,2,A,-,03,22350,NA,N,C,C,A,A,H,-,A,D,0,NA,NA,NA,NA,Y,NA,A,01,0,0,1,0,0,0,0,0,0,-,-,34.01966,-118.18055,LOS ANGELES,UNINCORPORATED,-118.18054685,34.01967165
9022313,2019,2020-02-10,1942,2019-12-12,0855,30452,1991,4,5,7,1942,0,0,0,NA,0,19A93,CABRITO RD,LANGDON AV,325,W,N,A,-,N,NA,NA,NA,NA,NA,NA,NA,NA,NA,Y,4,0,1,1,A,-,08,22107,NA,N,E,I,A,A,H,-,A,D,0,NA,NA,NA,NA,Y,NA,A,01,0,0,1,0,0,0,0,0,0,-,-,NA,NA,LOS ANGELES,LOS ANGELES,-118.4692611694336,34.21680450439453
90223130,2016,2016-07-14,9580,2016-07-08,1005,014592,NA,5,1,7,1942,0,1,1,NA,2,405,I-405 S/B (SAN DIEGO FWY),BURBANK BLVD,1584,N,N,A,-,Y,NA,NA,405,NA,NA,NA,NA,NA,S,N,4,0,1,2,A,-,03,22350,NA,N,C,C,A,A,H,-,A,D,0,NA,NA,NA,NA,Y,NA,A,07,0,0,1,0,0,0,0,0,0,-,-,34.17875,-118.46933,LOS ANGELES,LOS ANGELES,-118.46940721,34.1786965
90223137,2016,2016-07-14,9590,2016-06-25,2325,021040,NA,6,3,7,1942,0,1,2,NA,2,073,US-101 S/B (HOF) FROM HOLLYWOOD BLVD.,HOLLYWOOD BLVD.,300,S,N,A,-,Y,NA,NA,101,NA,NA,NA,R,NA,S,N,4,0,2,2,A,-,03,22350,NA,N,C,C,A,A,H,-,D,D,0,NA,NA,NA,NA,Y,NA,A,01,0,0,2,0,0,0,0,0,0,-,-,34.099,-118.31527,LOS ANGELES,LOS ANGELES,-118.31527,34.099
90223140,2016,2016-07-14,9535,2016-07-11,1425,019626,NA,1,2,9,1900,0,2,4,NA,2,024,WHITTIER BLVD (4500 BLOCK),MC BRIDE AVE,120,E,N,A,-,N,NA,NA,NA,NA,NA,NA,NA,NA,NA,N,3,0,1,2,A,-,05,21650,NA,F,G,B,E,A,H,-,A,D,0,Y,Y,NA,NA,Y,NA,L,04,0,1,0,0,1,0,0,0,0,-,-,34.02269,-118.16857,LOS ANGELES,UNINCORPORATED,-118.16864804,34.02280553
90223141,2016,2016-07-14,9530,2016-07-13,1250,014451,NA,3,1,9,1900,0,3,5,NA,2,002,EL SEGUNDO BLVD (800 BLOCK),AVALON BLVD.,305,E,N,A,-,N,NA,NA,NA,NA,NA,NA,NA,NA,NA,N,4,0,1,2,A,-,09,21804,A,N,D,G,A,A,H,-,A,D,0,NA,Y,NA,NA,Y,NA,-,99,0,0,1,0,0,0,1,0,0,-,-,33.91766,-118.26951,LOS ANGELES,UNINCORPORATED,-118.26424805,33.916388
90223153,2016,2016-07-14,9550,2016-07-08,1710,018854,NA,5,2,9,1900,0,1,3,NA,2,600,SR 60 E/B,7TH AVENUE,100,E,N,A,-,Y,NA,NA,60,NA,NA,NA,NA,NA,E,Y,4,0,1,4,A,-,03,22350,NA,N,C,C,A,A,H,-,A,D,0,NA,NA,NA,NA,Y,NA,A,01,0,0,1,0,0,0,0,0,0,-,-,34.01865,-117.9875,LOS ANGELES,UNINCORPORATED,-117.98749369,34.01865604
90223155,2016,2016-07-14,9590,2016-07-02,1420,019008,NA,6,2,7,1942,0,1,2,NA,2,072,US-101 NB (HOLLYWOOD FREEWAY),HOLLYWOOD BLVD,300,S,N,A,-,Y,NA,NA,101,NA,NA,NA,NA,NA,N,Y,3,0,2,2,A,-,01,23152,A,N,B,C,A,A,H,-,A,D,0,NA,NA,NA,NA,Y,Y,A,01,0,1,1,0,0,0,0,0,0,-,-,34.10052,-118.31583,LOS ANGELES,LOS ANGELES,-118.31582008,34.10052578
9022317,2019,2020-02-10,1942,2019-12-17,0755,39048,1979,2,5,7,1942,0,0,0,NA,0,19A79,ARLETA AV,WENTWORTH ST,0,NA,Y,A,-,N,NA,NA,NA,NA,NA,NA,NA,NA,NA,N,4,0,1,2,A,-,07,21658,A,N,B,C,A,A,H,-,A,D,0,NA,NA,NA,NA,Y,NA,A,01,0,0,1,0,0,0,0,0,0,-,-,NA,NA,LOS ANGELES,LOS ANGELES,-118.41658782958984,34.23310852050781