CASE_ID,ACCIDENT_YEAR,PROC_DATE,JURIS,COLLISION_DATE,COLLISION_TIME,OFFICER_ID,REPORTING_DISTRICT,DAY_OF_WEEK,CHP_SHIFT,POPULATION,CNTY_CITY_LOC,SPECIAL_COND,BEAT_TYPE,CHP_BEAT_TYPE,CITY_DIVISION_LAPD,CHP_BEAT_CLASS,BEAT_NUMBER,PRIMARY_RD,SECONDARY_RD,DISTANCE,DIRECTION,INTERSECTION,WEATHER_1,WEATHER_2,STATE_HWY_IND,CALTRANS_COUNTY,CALTRANS_DISTRICT,STATE_ROUTE,ROUTE_SUFFIX,POSTMILE_PREFIX,POSTMILE,LOCATION_TYPE,RAMP_INTERSECTION,SIDE_OF_HWY,TOW_AWAY,COLLISION_SEVERITY,NUMBER_KILLED,NUMBER_INJURED,PARTY_COUNT,PRIMARY_COLL_FACTOR,PCF_CODE_OF_VIOL,PCF_VIOL_CATEGORY,PCF_VIOLATION,PCF_VIOL_SUBSECTION,HIT_AND_RUN,TYPE_OF_COLLISION,MVIW,PED_ACTION,ROAD_SURFACE,ROAD_COND_1,ROAD_COND_2,LIGHTING,CONTROL_DEVICE,CHP_ROAD_TYPE,PEDESTRIAN_ACCIDENT,BICYCLE_ACCIDENT,MOTORCYCLE_ACCIDENT,TRUCK_ACCIDENT,NOT_PRIVATE_PROPERTY,ALCOHOL_INVOLVED,STWD_VEHTYPE_AT_FAULT,CHP_VEHTYPE_AT_FAULT,COUNT_SEVERE_INJ,COUNT_VISIBLE_INJ,COUNT_COMPLAINT_PAIN,COUNT_PED_KILLED,COUNT_PED_INJURED,COUNT_BICYCLIST_KILLED,COUNT_BICYCLIST_INJURED,COUNT_MC_KILLED,COUNT_MC_INJURED,PRIMARY_RAMP,SECONDARY_RAMP,LATITUDE,LONGITUDE,COUNTY,CITY,POINT_X,POINT_Y
90235301,2016,2016-08-02,9590,2016-07-30,0555,017586,NA,6,3,7,1942,0,1,S,NA,2,001,I-10 E/B (SANTA MONICA FREEWAY),GRAND AVE.,120,W,N,A,-,Y,NA,NA,10,NA,NA,NA,NA,NA,E,Y,4,0,1,2,A,-,03,22350,NA,N,C,C,A,A,H,-,A,D,0,NA,NA,NA,NA,Y,NA,A,01,0,0,1,0,0,0,0,0,0,-,-,34.03475,-118.26769,LOS ANGELES,LOS ANGELES,-118.26767881,34.03476999
90235312,2016,2016-08-02,9590,2016-07-29,1045,017878,NA,5,1,7,1942,0,1,1,NA,2,010,SR-110 N/B (ASP),TUNNEL #4,50,N,N,A,-,Y,NA,NA,110,NA,NA,NA,NA,NA,N,N,4,0,1,2,A,-,03,22350,NA,N,C,C,A,A,H,-,A,D,0,NA,NA,NA,NA,Y,NA,D,22,0,0,1,0,0,0,0,0,0,-,-,34.07112,-118.23515,LOS ANGELES,LOS ANGELES,-118.23509237,34.07110566
90235317,2016,2016-08-02,9535,2016-06-15,1755,020851,NA,3,2,5,1969,0,1,1,NA,2,075,I-710 (LONG BEACH FREEWAY) S/B,FIRESTONE BLVD.,1000,S,N,A,-,Y,NA,NA,710,NA,NA,NA,NA,NA,S,Y,3,0,1,3,A,-,03,22350,NA,N,C,C,A,A,H,-,A,D,0,NA,NA,NA,NA,Y,NA,-,99,0,1,0,0,0,0,0,0,0,-,-,33.94781,-118.17082,LOS ANGELES,SOUTH GATE,-118.17047968,33.94778812
90235333,2016,2016-08-02,9545,2016-07-26,1350,019295,NA,2,1,9,1900,0,3,5,NA,2,003,ANGELES FOREST HWY,UPPER BIG TUJUNGA CANYON RD,15312,N,N,A,-,N,NA,NA,NA,NA,NA,NA,NA,NA,NA,Y,3,0,1,1,A,-,03,22350,NA,N,E,I,A,A,H,-,A,D,0,NA,NA,NA,NA,Y,NA,A,01,0,1,0,0,0,0,0,0,0,-,-,34.37877,-118.09683,LOS ANGELES,UNINCORPORATED,-118.10748952,34.36207976
90235345,2016,2016-08-02,9540,2016-07-27,0530,020255,NA,3,3,7,1942,0,1,1,NA,1,503,I-5 S/B (GOLDEN STATE FWY),BALBOA BLVD,500,N,N,A,-,Y,NA,NA,5,NA,NA,NA,NA,NA,S,N,4,0,1,2,A,-,03,22350,NA,N,C,C,A,A,H,-,B,D,0,NA,NA,NA,NA,Y,NA,A,07,0,0,1,0,0,0,0,0,0,-,-,34.32164,-118.49777,LOS ANGELES,LOS ANGELES,-118.49773472,34.32170236
90235363,2016,2016-08-02,9535,2016-07-29,0935,018281,NA,5,1,9,1900,0,2,4,NA,2,022,OLYMPIC BLVD (5900 BLOCK),HEREFORD DR,20,E,N,A,-,N,NA,NA,NA,NA,NA,NA,NA,NA,NA,Y,3,0,1,2,A,-,01,23152,E,M,E,I,A,A,H,-,A,D,0,NA,NA,NA,NA,Y,NA,D,22,0,1,0,0,0,0,0,0,0,-,-,34.01373,-118.14588,LOS ANGELES,UNINCORPORATED,-118.14583527,34.01372989
90235364,2016,2016-08-02,9590,2016-07-26,0820,016330,NA,2,1,7,1942,0,1,2,NA,2,070,US-101 N/B (HOLLYWOOD FREEWAY),SILVER LAKE BLVD,500,S,N,A,-,Y,NA,NA,101,NA,NA,NA,NA,NA,N,N,4,0,1,2,A,-,03,22350,NA,N,C,C,A,A,H,-,A,D,0,NA,NA,NA,NA,Y,NA,A,01,0,0,1,0,0,0,0,0,0,-,-,34.07618,-118.2773,LOS ANGELES,LOS ANGELES,-118.27731526,34.07612692
90235376,2016,2016-08-02,9535,2016-07-19,2220,021143,NA,2,3,9,1900,0,3,5,NA,2,002,EASTMONT AVE (500 BLOCK),EAGLE ST,200,S,N,A,-,N,NA,NA,NA,NA,NA,NA,NA,NA,NA,Y,4,0,1,3,A,-,08,22107,NA,M,B,E,A,A,H,-,C,D,0,NA,NA,NA,NA,Y,NA,A,01,0,0,1,0,0,0,0,0,0,-,-,34.0253,-118.14953,LOS ANGELES,UNINCORPORATED,-118.14951211,34.02538844
90235393,2016,2016-08-02,9590,2016-07-26,1530,013179,NA,2,2,7,1942,0,1,1,NA,2,060,I-10 E/B (SANTA MONICA FREEWAY),LA BREA AVENUE U/C,150,W,N,A,-,Y,NA,NA,10,NA,NA,NA,NA,NA,E,Y,4,0,1,2,A,-,03,22350,NA,N,C,C,A,A,H,-,A,D,0,NA,NA,NA,NA,Y,NA,A,01,0,0,1,0,0,0,0,0,0,-,-,34.0339,-118.35453,LOS ANGELES,LOS ANGELES,-118.35453417,34.03397256
90235421,2016,2016-08-02,9580,2016-07-21,1100,017228,NA,4,1,7,1942,0,1,3,NA,2,171,SR-170 S/B (HOLLYWOOD FWY.),MAGNOLIA BOULEVARD,800,S,N,A,-,Y,NA,NA,170,NA,NA,NA,NA,NA,S,N,4,0,1,3,A,-,03,22350,NA,N,C,C,A,A,H,-,A,D,0,NA,NA,NA,NA,Y,NA,A,08,0,0,1,0,0,0,0,0,0,-,-,34.16238,-118.38185,LOS ANGELES,LOS ANGELES,-118.38175321,34.16242225
90235427,2016,2016-08-02,9575,2016-07-22,1826,021283,NA,5,2,7,1942,0,1,3,NA,2,043,SR-134 E/B (VENTURA FREEWAY),RIVERSIDE DRIVE,500,W,N,A,-,Y,NA,NA,134,NA,NA,NA,NA,NA,E,N,4,0,1,3,A,-,07,21658,A,M,C,C,A,A,H,-,A,D,0,NA,NA,NA,NA,Y,NA,-,99,0,0,1,0,0,0,0,0,0,-,-,34.15569,-118.29738,LOS ANGELES,LOS ANGELES,-118.29738557,34.15565513
90235454,2016,2016-08-02,9590,2016-06-30,1045,013435,NA,4,1,7,1942,0,1,1,NA,2,065,I-110 W/B (SANTA MONICA FREEWAY),OLYMPIC BOULEVARD,100,E,N,A,-,Y,NA,NA,NA,NA,NA,NA,NA,NA,NA,N,4,0,1,3,A,-,03,22350,NA,M,C,C,A,A,H,-,A,D,0,NA,NA,NA,NA,Y,NA,A,07,0,0,1,0,0,0,0,0,0,-,-,34.0267,-118.23442,LOS ANGELES,LOS ANGELES,-118.26843654,34.04687467
90235477,2016,2016-08-02,9590,2016-07-19,1450,013179,NA,2,2,7,1942,0,1,1,NA,2,060,I-10 E/B (SMF) COLLECTOR ROAD,LA CIENEGA BLVD.,25,E,N,A,-,Y,NA,NA,NA,NA,NA,NA,NA,NA,NA,Y,4,0,1,2,A,-,03,22350,NA,N,C,C,A,A,H,-,A,D,0,NA,NA,NA,NA,Y,NA,D,22,0,0,1,0,0,0,0,0,0,-,-,34.3662,-118.37947,LOS ANGELES,LOS ANGELES,NA,NA
90235512,2016,2016-08-02,9530,2016-07-22,2135,021007,NA,5,2,9,1900,0,3,5,NA,2,003,ATLANTIC AVE.,ROSECRANS AVE.,0,NA,Y,B,-,N,NA,NA,NA,NA,NA,NA,NA,NA,NA,Y,4,0,1,2,A,-,09,21801,A,F,A,C,A,A,H,-,C,D,0,NA,NA,NA,NA,Y,NA,A,01,0,0,1,0,0,0,0,0,0,-,-,33.5413,-118.11382,LOS ANGELES,UNINCORPORATED,-118.19394005,33.90357008
90235517,2016,2016-08-02,9590,2016-07-20,1140,016641,NA,3,1,7,1942,0,1,1,NA,2,083,I-5 S/B (GOLDEN STATE FREEWAY),DUVALL ST.,600,N,N,A,-,Y,NA,NA,5,NA,NA,NA,NA,NA,S,Y,4,0,3,2,A,-,03,22350,NA,N,C,C,A,A,H,-,A,D,0,NA,NA,NA,NA,Y,NA,A,01,0,0,3,0,0,0,0,0,0,-,-,34.08827,-118.23655,LOS ANGELES,LOS ANGELES,-118.23647581,34.08839268
90235520,2016,2016-08-02,9525,2016-07-20,1310,015445,NA,3,1,4,1913,0,1,1,NA,2,120,I-10 E/B (SAN BERNARDINO FREEWAY),INDIAN HILL BLVD.,800,W,N,A,-,Y,NA,NA,10,NA,NA,NA,NA,NA,E,Y,4,0,5,4,A,-,03,22350,NA,N,C,C,A,A,H,-,A,D,0,NA,NA,NA,NA,Y,NA,A,01,0,0,5,0,0,0,0,0,0,-,-,34.08161,-117.72072,LOS ANGELES,CLAREMONT,-117.72072039,34.08162697
90235525,2016,2016-08-02,9590,2016-07-26,1600,016330,NA,2,2,7,1942,0,1,1,NA,2,082,I-5 N/B (GOLDEN STATE FREEWAY),DORIS PL PED,500,S,N,A,-,Y,NA,NA,5,NA,NA,NA,NA,NA,N,N,4,0,1,2,A,-,03,22350,NA,N,C,C,A,A,H,-,A,D,0,NA,NA,NA,NA,Y,NA,A,01,0,0,1,0,0,0,0,0,0,-,-,34.08982,-118.238,LOS ANGELES,LOS ANGELES,-118.23802685,34.08978876
90235535,2016,2016-08-02,9530,2016-07-23,1515,020349,NA,6,2,7,1941,0,1,1,NA,2,430,I-405 S/B (SAN DIEGO FREEWAY),STUDEBAKER RD.,1000,N,N,A,-,Y,NA,NA,405,NA,NA,NA,NA,NA,S,Y,4,0,2,4,A,-,03,22350,NA,N,C,C,A,A,H,-,A,D,0,NA,NA,NA,NA,Y,NA,A,01,0,0,2,0,0,0,0,0,0,-,-,33.79345,-118.10351,LOS ANGELES,LONG BEACH,-118.10349541,33.7934697
90235537,2016,2016-08-02,9530,2016-07-25,1905,020293,NA,1,2,9,1900,0,3,5,NA,2,001,92ND ST. (1900 BLOCK),GRAPE ST.,100,W,N,A,-,N,NA,NA,NA,NA,NA,NA,NA,NA,NA,Y,3,0,4,3,A,-,03,22350,NA,N,C,C,A,A,H,-,A,D,0,NA,NA,NA,NA,Y,NA,A,01,0,2,2,0,0,0,0,0,0,-,-,33.95335,-118.23647,LOS ANGELES,UNINCORPORATED,-118.23664907,33.95327294
9023559,2019,2020-01-17,1913,2019-03-27,1559,3981,9,3,5,4,1913,0,0,0,NA,0,NA,COLUMBIA AV,EAST 2ND ST,0,NA,Y,A,-,N,NA,NA,NA,NA,NA,NA,NA,NA,NA,N,3,0,1,2,B,-,22,NA,NA,N,D,B,D,A,H,-,A,A,0,Y,NA,NA,NA,Y,NA,N,60,0,1,0,0,1,0,0,0,0,-,-,NA,NA,LOS ANGELES,CLAREMONT,-117.71112823486328,34.095680236816406
90235603,2016,2016-08-02,9525,2016-07-04,2235,020843,NA,1,3,4,1905,0,1,1,NA,2,204,I-210 E/B (FOOTHILL FREEWAY),VERNON AVE,275,E,N,A,-,Y,NA,NA,210,NA,NA,NA,NA,NA,E,Y,4,0,1,3,A,-,03,22350,NA,N,C,C,A,A,H,-,C,D,0,NA,NA,NA,NA,Y,NA,A,01,0,0,1,0,0,0,0,0,0,-,-,34.12368,-117.91227,LOS ANGELES,AZUSA,-117.91288526,34.12304395
90235605,2016,2016-08-02,9535,2016-07-29,2050,020855,NA,5,2,5,1901,0,1,1,NA,2,420,I-10 (SAN BERNARDINO FREEWAY) E/B,NEW AVE,350,W,N,A,-,Y,NA,NA,10,NA,NA,NA,NA,NA,E,N,4,0,2,2,A,-,03,22350,NA,N,C,C,A,A,H,-,D,D,0,NA,NA,NA,NA,Y,NA,A,01,0,0,2,0,0,0,0,0,0,-,-,34.0716,-118.11062,LOS ANGELES,ALHAMBRA,-118.1106203,34.07164294
90235606,2016,2016-08-02,9565,2016-07-31,1950,021021,NA,7,2,5,1928,0,1,1,NA,2,060,I-405 N/B TO EL SEGUNDO BLVD,EL SEGUNDO BLVD,400,S,N,A,-,Y,NA,NA,405,NA,NA,NA,R,NA,N,Y,2,0,1,1,A,-,08,22107,NA,N,E,I,A,A,H,-,C,D,0,NA,NA,Y,NA,Y,NA,C,02,1,0,0,0,0,0,0,0,1,-,-,33.91447,-118.36953,LOS ANGELES,HAWTHORNE,-118.36953,33.91447
90235627,2016,2016-08-02,9525,2016-07-04,1415,017637,NA,1,2,5,1990,0,1,3,NA,2,584,SR-57 N/B (ORANGE FWY),GOLDEN SPRINGS ROAD,100,S,N,A,-,Y,NA,NA,57,NA,NA,NA,NA,NA,N,Y,3,0,1,1,A,-,01,23152,E,N,E,I,A,A,H,-,A,D,0,NA,NA,NA,NA,Y,NA,A,01,0,1,0,0,0,0,0,0,0,-,-,34.00076,-117.83464,LOS ANGELES,DIAMOND BAR,-117.83483845,34.00108185
90235642,2016,2016-08-02,9525,2016-07-04,2033,021156,NA,1,2,6,1975,0,1,1,NA,2,103,I-10 W/B (SAN BERNARDINO FREEWAY),SUNSET AVE,500,E,N,A,-,Y,NA,NA,10,NA,NA,NA,NA,NA,W,Y,4,0,2,2,A,-,03,22350,NA,N,C,C,A,A,H,-,C,D,0,NA,NA,NA,NA,Y,NA,A,07,0,0,2,0,0,0,0,0,0,-,-,34.07237,-117.94268,LOS ANGELES,WEST COVINA,-117.94266839,34.07229352
90235652,2016,2016-08-02,9590,2016-07-23,1155,018997,NA,6,1,7,1942,0,1,1,NA,2,050,I-110 N/B (HARBOR FREEWAY),MANCHESTER AVE.,50,N,N,A,-,Y,NA,NA,NA,NA,NA,NA,NA,NA,NA,Y,4,0,2,2,A,-,03,22350,NA,N,C,C,A,A,H,-,A,D,0,NA,NA,NA,NA,Y,NA,A,01,0,0,2,0,0,0,0,0,0,-,-,34.1862,-118.28625,LOS ANGELES,LOS ANGELES,-118.28065202,33.96022712
90235654,2016,2016-08-02,9580,2016-07-21,1140,017386,NA,4,1,7,1942,0,1,2,NA,2,105,US-101 S/B (VENTURA FREEWAY),WINNETKA AVE,1056,N,N,A,-,Y,NA,NA,NA,NA,NA,NA,NA,NA,NA,N,4,0,2,2,A,-,03,22350,NA,N,C,C,A,A,H,-,A,D,0,NA,NA,NA,NA,Y,NA,A,01,0,0,2,0,0,0,0,0,0,-,-,34.19117,-118.57206,LOS ANGELES,LOS ANGELES,-118.56755662,34.17287524
90235660,2016,2016-08-02,9590,2016-07-24,1305,021084,NA,7,1,7,1942,0,1,1,NA,2,052,I-110 NB (HARBOR FREEWAY),3RD STREET,100,S,N,A,-,Y,NA,NA,110,NA,NA,NA,NA,NA,N,N,4,0,1,2,A,-,03,22350,NA,N,C,C,A,A,H,-,A,D,0,NA,NA,NA,NA,Y,NA,A,07,0,0,1,0,0,0,0,0,0,-,-,34.05524,-118.25677,LOS ANGELES,LOS ANGELES,-118.25674586,34.05521852
90235666,2016,2016-08-02,9580,2016-07-21,1100,019451,NA,4,1,7,1942,0,1,2,NA,2,105,US-101 S/B (VENTURA FREEWAY),CORBIN AVE,100,S,N,A,-,Y,NA,NA,101,NA,NA,NA,NA,NA,S,Y,4,0,4,3,A,-,03,22350,NA,N,C,C,A,A,H,-,A,D,0,NA,NA,NA,NA,Y,NA,A,01,0,0,4,0,0,0,0,0,0,-,-,34.17331,-118.5619,LOS ANGELES,LOS ANGELES,-118.56190411,34.17335769
90235676,2016,2016-08-02,9525,2016-07-04,2210,020034,NA,1,3,5,1990,0,1,3,NA,2,602,SR-60 E/B (POMONA FWY),GRAND AVE,1056,W,N,A,-,Y,NA,NA,60,NA,NA,NA,NA,NA,E,Y,4,0,1,2,A,-,03,22350,NA,N,C,C,A,A,H,-,C,D,0,NA,NA,NA,NA,Y,NA,A,01,0,0,1,0,0,0,0,0,0,-,-,34.00662,-117.82649,LOS ANGELES,DIAMOND BAR,-117.82665301,34.00680094
90235716,2016,2016-08-02,9565,2016-07-31,1235,020442,NA,7,1,9,1900,0,3,5,NA,2,003,LA BREA AVE. N/B,SLAUSON AVE,1098,N,N,A,-,N,NA,NA,NA,NA,NA,NA,NA,NA,NA,Y,2,0,2,1,A,-,08,22107,NA,N,E,I,A,A,H,-,A,D,0,NA,NA,NA,NA,Y,NA,A,01,1,1,0,0,0,0,0,0,0,-,-,33.9905,-118.3691,LOS ANGELES,UNINCORPORATED,-118.35867274,33.99156711
90235733,2016,2016-08-02,9530,2016-08-01,1715,020175,NA,1,2,7,1942,0,1,1,NA,2,200,I-105 E/B (GLENN ANDERSON FWY),VERMONT AVE.,528,E,N,A,-,Y,NA,NA,NA,NA,NA,NA,NA,NA,NA,Y,4,0,1,3,A,-,03,22350,NA,N,C,C,A,A,H,-,A,A,0,NA,NA,NA,NA,Y,NA,A,01,0,0,1,0,0,0,0,0,0,-,-,33.5544,-118.1722,LOS ANGELES,LOS ANGELES,-118.28986289,33.92848
90235759,2016,2016-08-02,9530,2016-08-01,1616,016110,NA,1,2,9,1900,0,3,5,NA,2,002,COMPTON AVE.,118TH ST.,0,NA,Y,A,-,N,NA,NA,NA,NA,NA,NA,NA,NA,NA,N,4,0,1,2,A,-,12,21453,A,N,D,C,A,A,H,-,A,A,0,NA,NA,NA,NA,Y,NA,A,07,0,0,1,0,0,0,0,0,0,-,-,33.9261,-118.2461,LOS ANGELES,UNINCORPORATED,-118.24628,33.92594006
90235767,2016,2016-08-29,9565,2016-07-30,1840,020752,NA,6,2,7,1942,0,1,1,NA,2,064,I-405 SB (SAN DIEGO FREEWAY),SKIRBALL CENTER DR.,400,S,N,A,-,Y,NA,NA,405,NA,NA,NA,NA,NA,S,Y,3,0,1,3,A,-,08,22107,NA,N,C,C,A,A,H,-,D,D,0,NA,NA,Y,NA,Y,NA,A,08,0,1,0,0,0,0,0,0,1,-,-,34.11888,-118.48157,LOS ANGELES,LOS ANGELES,-118.48154444,34.1188679
90235779,2016,2016-08-02,9575,2016-07-14,1355,015044,NA,4,1,9,1900,0,3,5,NA,2,008,SIERRA MADRE BOULEVARD (300 BLOCK),ONEIDA STREET,0,NA,Y,A,-,Y,NA,NA,NA,NA,NA,NA,NA,NA,NA,Y,4,0,3,2,A,-,09,21802,A,N,D,C,A,A,H,-,A,D,0,NA,NA,NA,NA,Y,NA,D,22,0,0,3,0,0,0,0,0,0,-,-,34.1407,-118.10158,LOS ANGELES,UNINCORPORATED,-118.10170012,34.14065008
90235781,2016,2016-08-02,9530,2016-08-01,1245,016110,NA,1,1,9,1900,0,3,5,NA,2,002,AVALON BLVD.,SAN PEDRO ST.,0,NA,Y,A,-,N,NA,NA,NA,NA,NA,NA,NA,NA,NA,Y,3,0,3,3,A,-,09,21801,A,N,A,C,A,A,H,-,A,D,0,NA,NA,NA,Y,Y,NA,A,01,0,1,2,0,0,0,0,0,0,-,-,33.8877,-118.2656,LOS ANGELES,UNINCORPORATED,-118.26474011,33.88126005
90235808,2016,2016-08-02,9550,2016-07-25,0705,021042,NA,1,1,9,1900,0,1,3,NA,2,600,STATE ROUTE 60 W/B (POMONA FREEWAY),SEVENTH AVENUE,1500,E,N,A,-,Y,NA,NA,60,NA,NA,NA,NA,NA,W,Y,3,0,1,2,A,-,08,22107,NA,N,C,C,A,A,H,-,A,D,0,NA,NA,Y,NA,Y,NA,A,01,0,1,0,0,0,0,0,0,1,-,-,34.01631,-117.98492,LOS ANGELES,UNINCORPORATED,-117.98495055,34.01628079
9023581,2019,2020-02-11,1942,2019-10-15,0120,41505,1266,2,5,7,1942,0,0,0,L,0,12A69,MANCHESTER AV,WADSWORTH ST,0,NA,Y,A,-,N,NA,NA,NA,NA,NA,NA,NA,NA,NA,Y,4,0,1,2,A,-,03,22350,NA,M,B,C,A,A,H,-,C,D,0,NA,NA,NA,NA,Y,Y,-,99,0,0,1,0,0,0,0,0,0,-,-,NA,NA,LOS ANGELES,LOS ANGELES,-118.25862121582033,33.96015930175781
90235819,2016,2016-08-02,9530,2016-07-31,2200,020938,NA,7,3,9,1900,0,3,5,NA,2,002,NB AVALON BLVD (13500 BLOCK),135TH ST.,54,S,N,A,-,N,NA,NA,NA,NA,NA,NA,NA,NA,NA,Y,4,0,1,2,A,-,01,23152,A,F,C,C,A,A,H,-,C,D,0,NA,NA,NA,NA,Y,Y,A,07,0,0,1,0,0,0,0,0,0,-,-,33.5432,-118.1555,LOS ANGELES,UNINCORPORATED,-118.26531251,33.90903192
90235825,2016,2016-08-02,9550,2016-07-26,1825,020340,NA,2,2,9,1900,0,1,3,NA,2,600,SR-60 WESTBOUND,CROSSROADS PARKWAY,250,E,N,A,-,Y,NA,NA,60,NA,NA,NA,NA,NA,W,Y,3,0,2,3,A,-,03,22350,NA,N,C,C,A,A,H,-,A,D,0,NA,NA,NA,NA,Y,NA,A,01,0,2,0,0,0,0,0,0,0,-,-,34.02924,-118.01067,LOS ANGELES,UNINCORPORATED,-118.01066965,34.02921183
90235829,2016,2016-08-02,9590,2016-07-28,1354,016642,NA,4,1,7,1942,0,1,1,NA,2,062,I-10 E/B (SANTA MONICA FREEWAY),HOOVER STREET,325,W,N,A,-,Y,NA,NA,10,NA,NA,NA,NA,NA,E,Y,4,0,1,3,A,-,03,22350,NA,N,C,C,A,A,H,-,A,D,0,NA,NA,NA,NA,Y,NA,D,22,0,0,1,0,0,0,0,0,0,-,-,34.03674,-118.28534,LOS ANGELES,LOS ANGELES,-118.28535428,34.03686001
90235846,2016,2016-08-02,9550,2016-07-11,1400,020974,NA,1,2,6,1920,0,1,1,NA,2,500,I-5 NORTHBOUND,FLORENCE AVENUE,379,N,N,A,-,Y,NA,NA,5,NA,NA,NA,NA,NA,N,Y,4,0,2,3,A,-,03,22350,NA,F,C,C,A,A,H,-,A,D,0,NA,NA,NA,NA,Y,NA,A,07,0,0,2,0,0,0,0,0,0,-,-,33.93632,-118.09328,LOS ANGELES,DOWNEY,-118.09329042,33.93631278
90235851,2016,2016-08-02,9565,2016-07-26,1015,017574,NA,2,1,6,1933,0,1,1,NA,2,060,I-405 NORTHBOUND,CENTURY BLVD,100,S,N,A,-,Y,NA,NA,NA,NA,NA,NA,NA,NA,NA,Y,4,0,1,3,A,-,08,22107,NA,N,B,C,A,A,H,-,A,D,0,NA,NA,NA,NA,Y,NA,A,01,0,0,1,0,0,0,0,0,0,-,-,33.986,-118.277,LOS ANGELES,INGLEWOOD,-118.36823,33.94515572
90235868,2016,2016-08-02,9590,2016-07-21,1410,021101,NA,4,2,7,1942,0,1,1,NA,2,013,SR-110 S/B (ASP),MARMION WAY,230,S,N,A,-,Y,NA,NA,110,NA,NA,NA,NA,NA,S,Y,3,0,1,2,A,-,08,22107,NA,N,B,C,A,A,H,-,A,D,0,NA,NA,NA,NA,Y,NA,A,01,0,1,0,0,0,0,0,0,0,-,-,34.11151,-118.18241,LOS ANGELES,LOS ANGELES,-118.18240503,34.11153448
90235875,2016,2016-08-02,9565,2016-08-01,1725,015275,NA,1,2,7,1942,0,1,1,NA,2,062,I-405 N/B (PHILIP DENNIS ORTIZ MRL HWY),PALMS BOULEVARD,300,N,N,B,-,Y,NA,NA,405,NA,NA,NA,NA,NA,N,N,4,0,1,2,A,-,03,22350,NA,N,C,C,A,A,H,-,A,D,0,NA,NA,NA,NA,Y,NA,A,01,0,0,1,0,0,0,0,0,0,-,-,34.01972,-118.42428,LOS ANGELES,LOS ANGELES,-118.42427555,34.01972352
90235876,2016,2016-08-02,9540,2016-07-25,1435,018759,NA,1,2,6,1985,0,1,1,NA,2,506,I-5 N/B (GOLDEN STATE FREEWAY),MCBEAN PKWY.,1420,S,N,A,-,Y,NA,NA,5,NA,NA,NA,NA,NA,N,Y,4,0,1,2,A,-,08,22107,NA,N,C,C,A,A,H,-,A,D,0,NA,NA,NA,Y,Y,NA,A,07,0,0,1,0,0,0,0,0,0,-,-,34.38495,-118.56816,LOS ANGELES,SANTA CLARITA,-118.56825998,34.38490939
90235881,2016,2016-08-23,9590,2016-07-21,0755,021179,NA,4,1,7,1942,0,1,1,NA,2,013,SR-110 S/B (ARROYO SECO PARKWAY),AVENUE 26,750,N,N,A,-,Y,NA,NA,110,NA,NA,NA,NA,NA,S,N,3,0,1,2,A,-,07,21658,A,N,B,C,A,A,H,-,A,D,0,NA,NA,Y,NA,Y,NA,A,01,0,1,0,0,0,0,0,0,1,-,-,34.08421,-118.22037,LOS ANGELES,LOS ANGELES,-118.22039465,34.08424923
90235883,2016,2016-08-02,9530,2016-07-19,1745,018270,NA,2,2,9,1900,0,3,5,NA,2,006,LOMITA BLVD.,NORMANDIE AVE.,0,NA,Y,A,-,N,NA,NA,NA,NA,NA,NA,NA,NA,NA,Y,4,0,2,3,C,-,18,NA,NA,N,C,C,A,A,H,-,A,A,0,NA,NA,NA,NA,Y,NA,-,-,0,0,2,0,0,0,0,0,0,-,-,33.7978,-118.29777,LOS ANGELES,UNINCORPORATED,-118.29747009,33.79785008
90235898,2016,2016-08-02,9525,2016-07-10,0445,021080,NA,7,3,4,1946,0,1,1,NA,2,201,I-210 W/B (FOOTHILL FWY),HUNTINGTON DR.,1000,W,N,A,-,Y,NA,NA,210,NA,NA,NA,NA,NA,W,Y,3,0,1,2,A,-,07,21658,A,N,D,C,A,A,H,-,B,D,0,NA,NA,NA,Y,Y,NA,A,01,0,1,0,0,0,0,0,0,0,-,-,34.14237,-118.01939,LOS ANGELES,MONROVIA,-118.01940458,34.14234041
90235902,2016,2016-08-02,9565,2016-07-30,0630,017060,NA,6,1,7,1942,0,1,1,NA,2,010,I-105 W/B (CENTURY FREEWAY),AVIATION BLVD.,300,W,N,A,-,Y,NA,NA,NA,NA,NA,NA,NA,NA,NA,Y,4,0,1,2,A,-,08,22107,NA,F,H,C,A,A,H,-,A,D,0,NA,NA,NA,NA,Y,NA,A,01,0,0,1,0,0,0,0,0,0,-,-,33.92909,-118.38296,LOS ANGELES,LOS ANGELES,-118.37940274,33.93100512
90235933,2016,2016-08-02,9525,2016-07-19,1435,018926,NA,2,2,6,1975,0,2,S,NA,2,901,800 S. GLENDORA AVE.,CAMERON AVE,80,S,N,A,-,N,NA,NA,NA,NA,NA,NA,NA,NA,NA,N,4,0,1,2,A,-,21,22106,NA,N,C,C,A,A,H,-,A,D,0,NA,NA,NA,NA,Y,NA,D,22,0,0,1,0,0,0,0,0,0,-,-,34.06098,-117.93163,LOS ANGELES,WEST COVINA,-117.93199742,34.06145783