CASE_ID,ACCIDENT_YEAR,PROC_DATE,JURIS,COLLISION_DATE,COLLISION_TIME,OFFICER_ID,REPORTING_DISTRICT,DAY_OF_WEEK,CHP_SHIFT,POPULATION,CNTY_CITY_LOC,SPECIAL_COND,BEAT_TYPE,CHP_BEAT_TYPE,CITY_DIVISION_LAPD,CHP_BEAT_CLASS,BEAT_NUMBER,PRIMARY_RD,SECONDARY_RD,DISTANCE,DIRECTION,INTERSECTION,WEATHER_1,WEATHER_2,STATE_HWY_IND,CALTRANS_COUNTY,CALTRANS_DISTRICT,STATE_ROUTE,ROUTE_SUFFIX,POSTMILE_PREFIX,POSTMILE,LOCATION_TYPE,RAMP_INTERSECTION,SIDE_OF_HWY,TOW_AWAY,COLLISION_SEVERITY,NUMBER_KILLED,NUMBER_INJURED,PARTY_COUNT,PRIMARY_COLL_FACTOR,PCF_CODE_OF_VIOL,PCF_VIOL_CATEGORY,PCF_VIOLATION,PCF_VIOL_SUBSECTION,HIT_AND_RUN,TYPE_OF_COLLISION,MVIW,PED_ACTION,ROAD_SURFACE,ROAD_COND_1,ROAD_COND_2,LIGHTING,CONTROL_DEVICE,CHP_ROAD_TYPE,PEDESTRIAN_ACCIDENT,BICYCLE_ACCIDENT,MOTORCYCLE_ACCIDENT,TRUCK_ACCIDENT,NOT_PRIVATE_PROPERTY,ALCOHOL_INVOLVED,STWD_VEHTYPE_AT_FAULT,CHP_VEHTYPE_AT_FAULT,COUNT_SEVERE_INJ,COUNT_VISIBLE_INJ,COUNT_COMPLAINT_PAIN,COUNT_PED_KILLED,COUNT_PED_INJURED,COUNT_BICYCLIST_KILLED,COUNT_BICYCLIST_INJURED,COUNT_MC_KILLED,COUNT_MC_INJURED,PRIMARY_RAMP,SECONDARY_RAMP,LATITUDE,LONGITUDE,COUNTY,CITY,POINT_X,POINT_Y
90236578,2016,2016-08-03,9545,2016-07-27,0920,012653,NA,3,1,9,1900,0,3,5,NA,2,004,AVENUE O,192ND ST  E,141,E,N,A,-,N,NA,NA,NA,NA,NA,NA,NA,NA,NA,Y,4,0,1,1,A,-,01,23152,A,N,E,I,A,A,H,-,A,D,0,NA,NA,NA,NA,Y,Y,A,01,0,0,1,0,0,0,0,0,0,-,-,34.6167,-117.78654,LOS ANGELES,UNINCORPORATED,-117.78668145,34.61667817
90236589,2016,2016-08-03,9550,2016-07-29,1105,021177,NA,5,1,5,1969,0,1,1,NA,2,151,INTERSTATE 105 W/B (CENTURY FREEEWAY),DOWNEY AVENUE,150,W,N,A,-,Y,NA,NA,NA,NA,NA,NA,NA,NA,NA,Y,4,0,1,2,A,-,03,22350,NA,N,C,C,A,A,H,-,A,D,0,NA,NA,NA,NA,Y,NA,A,01,0,0,1,0,0,0,0,0,0,-,-,33.91272,-118.15296,LOS ANGELES,SOUTH GATE,-118.15289946,33.9126885
90236605,2016,2016-08-03,9590,2016-08-02,1610,011420,NA,2,2,7,1942,0,1,1,NA,2,061,I-10 W/B (SANTA MONICA FWY),CRENSHAW BL.,90,W,N,A,-,Y,NA,NA,10,NA,NA,NA,NA,NA,W,N,4,0,1,2,A,-,03,22350,NA,N,C,C,A,A,H,-,A,D,0,NA,NA,NA,Y,Y,NA,F,27,0,0,1,0,0,0,0,0,0,-,-,34.0352,-118.33412,LOS ANGELES,LOS ANGELES,-118.33411722,34.03514122
90236606,2016,2016-08-03,9590,2016-07-04,0234,021317,NA,1,3,7,1942,0,1,1,NA,2,051,I-110 S/B (HARBOR FREEWAY),GAGE STREET,200,N,N,A,-,Y,NA,NA,110,NA,NA,NA,NA,NA,S,Y,3,0,3,4,A,-,08,22107,NA,F,B,C,A,A,H,-,C,A,0,NA,NA,NA,NA,Y,NA,-,99,0,1,2,0,0,0,0,0,0,-,-,33.9832,-118.28067,LOS ANGELES,LOS ANGELES,-118.28066836,33.9831999
90236607,2016,2016-08-03,9565,2016-07-10,2252,020663,NA,7,3,6,1933,0,1,1,NA,2,060,I-405 N/B (SAN DIEGO FREEWAY),MANCHESTER BOULEVARD,200,N,N,A,-,Y,NA,NA,405,NA,NA,NA,NA,NA,N,Y,4,0,2,3,A,-,03,22350,NA,F,C,C,A,A,H,-,C,D,0,NA,NA,NA,NA,Y,NA,A,01,0,0,2,0,0,0,0,0,0,-,-,33.95741,-118.36934,LOS ANGELES,INGLEWOOD,-118.36924447,33.95740696
90236614,2016,2016-08-03,9590,2016-07-26,2230,021317,NA,2,3,7,1942,0,1,1,NA,2,050,I-110 N/B (HARBOR FREEWAY),SLAUSON AVENUE,100,S,N,A,-,Y,NA,NA,110,NA,NA,NA,NA,NA,N,Y,4,0,1,2,A,-,03,22350,NA,N,C,C,A,A,H,-,C,D,0,NA,NA,NA,NA,Y,NA,A,01,0,0,1,0,0,0,0,0,0,-,-,33.9892,-118.28025,LOS ANGELES,LOS ANGELES,-118.28040247,33.98920043
90236615,2016,2016-08-03,9590,2016-06-04,0953,021317,NA,6,1,7,1942,0,1,1,NA,2,081,I-5 S/B (GOLDEN STATE FREEWAY),7TH STREET,210,N,N,A,-,Y,NA,NA,5,NA,NA,NA,NA,NA,S,N,4,0,1,3,A,-,03,22350,NA,N,C,C,A,A,H,-,A,D,0,NA,NA,NA,NA,Y,NA,A,08,0,0,1,0,0,0,0,0,0,-,-,34.03527,-118.22143,LOS ANGELES,LOS ANGELES,-118.22124794,34.03518448
90236631,2016,2016-08-03,9590,2016-06-30,2256,021236,NA,4,3,7,1942,0,1,1,NA,2,052,I-110 N/B (HARBOR FREEWAY),23RD STREET O/C,260,N,N,A,-,Y,NA,NA,110,NA,NA,NA,NA,NA,N,Y,4,0,1,2,A,-,08,22107,NA,N,D,C,A,A,H,-,C,D,0,NA,NA,NA,NA,Y,NA,A,07,0,0,1,0,0,0,0,0,0,-,-,34.03173,-118.27431,LOS ANGELES,LOS ANGELES,-118.27444997,34.03172034
9023665,2020,2020-01-24,1955,2020-01-04,1018,42609,100,6,5,6,1955,0,0,0,NA,0,003,HOLT AV,SAN ANTONIO AV,150,W,N,A,-,N,NA,NA,NA,NA,NA,NA,NA,NA,NA,Y,4,0,1,1,A,-,08,22107,NA,N,E,I,A,A,H,-,A,A,0,NA,NA,NA,NA,Y,NA,A,01,0,0,1,0,0,0,0,0,0,-,-,NA,NA,LOS ANGELES,POMONA,-117.73713684082033,34.06269836425781
90236681,2016,2016-08-03,9575,2016-07-22,1730,021254,NA,5,2,7,1942,0,1,1,NA,2,060,I-210 W/B (FOOTHILL FREEWAY),PAXTON ST,500,W,N,A,-,Y,NA,NA,210,NA,NA,NA,NA,NA,W,N,4,0,1,2,A,-,03,22350,NA,N,C,C,A,A,H,-,A,D,0,NA,NA,NA,NA,Y,NA,A,01,0,0,1,0,0,0,0,0,0,-,-,34.28968,-118.40908,LOS ANGELES,LOS ANGELES,-118.40908906,34.28967042
90236683,2016,2016-08-03,9590,2016-07-27,0845,016330,NA,3,1,7,1942,0,1,S,NA,2,001,SR-2 W/B (GLENDALE FREEWAY),SAN FERNANDO RD,120,E,N,A,-,Y,NA,NA,2,NA,NA,NA,NA,NA,W,N,4,0,1,2,A,-,03,22350,NA,N,C,C,A,A,H,-,A,D,0,NA,NA,NA,NA,Y,NA,A,07,0,0,1,0,0,0,0,0,0,-,-,34.1142,-118.24287,LOS ANGELES,LOS ANGELES,-118.24287847,34.11421473
9023669,2020,2020-01-24,1955,2020-01-06,1410,42314,13,1,5,6,1955,0,0,0,NA,0,003,TOWNE AV,ALVARADO ST,0,NA,Y,A,-,N,NA,NA,NA,NA,NA,NA,NA,NA,NA,Y,3,0,2,2,A,-,12,21453,A,N,D,C,A,A,H,-,A,A,0,NA,NA,NA,NA,Y,NA,A,01,0,2,0,0,0,0,0,0,0,-,-,NA,NA,LOS ANGELES,POMONA,-117.74176025390624,34.06766891479492
90236706,2016,2016-08-03,9590,2016-04-30,2145,020788,NA,6,2,7,1942,0,1,1,NA,2,083,I-5 S/B (GSF) FROM BROADWAY,MOZART STREET PEDESTRIAN OVERCROSSING,150,N,N,A,-,Y,NA,NA,5,NA,NA,NA,R,NA,S,Y,4,0,1,2,A,-,03,22350,NA,N,C,C,A,A,H,-,C,D,0,NA,NA,Y,NA,Y,NA,A,01,0,0,1,0,0,0,0,0,1,-,-,34.06905,-118.21733,LOS ANGELES,LOS ANGELES,-118.21733,34.06905
9023673,2020,2020-01-24,1955,2020-01-01,0122,42591,13,3,5,6,1955,0,0,0,NA,0,003,SAN ANTONIO AV,JEFFERSON AV,0,NA,Y,A,-,N,NA,NA,NA,NA,NA,NA,NA,NA,NA,Y,2,0,1,2,A,-,01,23152,A,M,E,I,A,A,H,-,C,A,0,NA,NA,NA,NA,Y,Y,A,01,1,0,0,0,0,0,0,0,0,-,-,NA,NA,LOS ANGELES,POMONA,-117.73667144775392,34.0695915222168
90236747,2016,2016-08-03,9590,2016-03-22,2245,021236,NA,2,3,7,1942,0,1,1,NA,2,050,I-110 N/B (HARBOR FREEWAY),MANCHESTER AVENUE U/C,780,N,N,A,-,Y,NA,NA,110,NA,NA,NA,NA,NA,N,Y,3,0,1,2,C,-,18,NA,NA,N,E,J,A,A,C,-,C,D,0,NA,NA,NA,NA,Y,NA,-,-,0,1,0,0,0,0,0,0,0,-,-,33.96238,-118.28079,LOS ANGELES,LOS ANGELES,-118.28072647,33.96238018
9023677,2020,2020-01-24,1942,2020-01-05,1430,40440,0338,7,5,7,1942,0,0,0,C,0,3A57,S VERMONT AV,W 30TH ST,30,S,N,A,-,N,NA,NA,NA,NA,NA,NA,NA,NA,NA,N,3,0,1,2,A,-,06,21760,C,F,H,G,A,A,H,-,A,D,0,NA,Y,NA,NA,Y,NA,-,99,0,1,0,0,0,0,1,0,0,-,-,NA,NA,LOS ANGELES,LOS ANGELES,-118.2915496826172,34.0276985168457
90236782,2016,2016-08-03,9525,2016-07-16,2040,021080,NA,6,2,5,1906,0,1,1,NA,2,103,I-10 W/B (SAN BERNARDINO FREEWAY),I-605,400,E,N,A,-,Y,NA,NA,10,NA,NA,NA,NA,NA,W,Y,4,0,1,2,A,-,03,22350,NA,N,C,C,A,A,H,-,C,D,0,NA,NA,NA,NA,Y,NA,A,07,0,0,1,0,0,0,0,0,0,-,-,34.06572,-117.99642,LOS ANGELES,BALDWIN PARK,-117.99640598,34.06561765
90236807,2016,2016-08-03,9590,2016-04-22,2115,021086,NA,5,2,7,1942,0,1,2,NA,2,072,US-101 NORTHBOUND (HOLLYWOOD FREEWAY),FOUNTAIN AVENUE,2300,N,N,A,-,Y,NA,NA,101,NA,NA,NA,NA,NA,N,N,4,0,1,2,A,-,03,22350,NA,F,C,C,A,A,H,-,C,D,0,NA,NA,NA,NA,Y,NA,-,99,0,0,1,0,0,0,0,0,0,-,-,34.09839,-118.31382,LOS ANGELES,LOS ANGELES,-118.31437124,34.09805119
90236826,2016,2016-08-03,9530,2016-07-26,1430,014451,NA,2,2,9,1900,0,3,5,NA,2,002,MAIN ST.,131ST ST.,0,NA,Y,A,-,N,NA,NA,NA,NA,NA,NA,NA,NA,NA,Y,4,0,1,2,A,-,09,21801,A,N,A,C,A,A,H,-,A,D,0,NA,NA,NA,NA,Y,NA,A,01,0,0,1,0,0,0,0,0,0,-,-,33.91351,-118.27412,LOS ANGELES,UNINCORPORATED,-118.27395009,33.91342001
90236828,2016,2016-08-03,9575,2016-07-27,1514,017491,NA,3,2,5,1902,0,1,1,NA,2,065,I-210 E/B (FOOTHILL FREEWAY),SANTA ANITA AVE.,5280,W,N,A,-,Y,NA,NA,210,NA,NA,NA,NA,NA,E,N,4,0,1,2,A,-,07,21658,A,N,B,C,A,A,H,-,A,A,0,NA,NA,Y,NA,Y,NA,A,01,0,0,1,0,0,0,0,0,1,-,-,34.14699,-118.03175,LOS ANGELES,ARCADIA,-118.03159557,34.1476921
90236840,2016,2016-08-03,9550,2016-07-30,1050,021185,NA,6,1,6,1920,0,1,1,NA,2,500,INTERSTATE 5 N/B (SANTA ANA FREEWAY),LAKEWOOD BOULEVARD,230,S,N,A,-,Y,NA,NA,5,NA,NA,NA,NA,NA,N,Y,4,0,3,3,A,-,03,22350,NA,N,C,C,A,A,H,-,A,D,0,NA,NA,NA,NA,Y,NA,A,08,0,0,3,0,0,0,0,0,0,-,-,33.95744,-118.11109,LOS ANGELES,DOWNEY,-118.11107316,33.95746348
90236899,2016,2016-08-03,9525,2016-07-12,0120,021156,NA,2,3,4,1938,0,1,1,NA,2,207,SR-210 W/B (FOOTHILL FREEWAY),FRUIT ST.,100,W,N,A,-,Y,NA,NA,210,NA,NA,NA,NA,NA,W,Y,3,0,2,1,A,-,08,22107,NA,N,E,I,A,A,H,-,C,D,0,NA,NA,NA,NA,Y,Y,D,22,0,2,0,0,0,0,0,0,0,-,-,34.11989,-117.76549,LOS ANGELES,LA VERNE,-117.76549091,34.1198252
90236909,2016,2016-08-03,9530,2016-07-27,2110,020307,NA,3,2,9,1900,0,3,5,NA,2,007,CRENSHAW BLVD (27000 BLOCK),SILVER SPUR RD.,1000,N,N,A,-,N,NA,NA,NA,NA,NA,NA,NA,NA,NA,Y,4,0,3,2,A,-,03,22350,NA,N,C,C,A,A,H,-,D,D,0,NA,NA,NA,NA,Y,NA,A,01,0,0,3,0,0,0,0,0,0,-,-,33.7715,-118.36189,LOS ANGELES,UNINCORPORATED,-118.36262545,33.77120133
90236911,2016,2016-08-03,9550,2016-08-02,1625,018854,NA,2,2,9,1900,0,1,3,NA,2,602,SR 60 E/B,NOGALES STREET,1000,W,N,A,-,Y,NA,NA,60,NA,NA,NA,NA,NA,E,Y,4,0,1,3,A,-,03,22350,NA,N,C,C,A,A,H,-,A,D,0,NA,NA,NA,NA,Y,NA,D,22,0,0,1,0,0,0,0,0,0,-,-,33.99412,-117.89782,LOS ANGELES,UNINCORPORATED,-117.89782002,33.99406512
90236914,2016,2016-08-03,9590,2016-05-09,1855,019368,NA,1,2,7,1942,0,1,1,NA,2,060,I-10 E/B (SANTA MONICA FREEWAY),VERMONT AVE.,320,W,N,A,-,Y,NA,NA,10,NA,NA,NA,NA,NA,E,Y,3,0,1,3,A,-,07,21658,A,N,B,C,A,A,H,-,A,D,0,NA,NA,Y,NA,Y,NA,A,01,0,1,0,0,0,0,0,0,1,-,-,34.03695,-118.293,LOS ANGELES,LOS ANGELES,-118.29300111,34.0368566
90236924,2016,2016-08-03,9565,2016-08-02,1330,020958,NA,2,1,7,1942,0,1,1,NA,2,063,I-405 NORTHBOUND (SAN DIEGO FREEWAY),CONSTIUTION AVENUE,75,N,N,A,-,Y,NA,NA,405,NA,NA,NA,NA,NA,N,N,4,0,3,3,A,-,03,22350,NA,N,C,C,A,A,H,-,A,D,0,NA,NA,NA,NA,Y,NA,A,07,0,0,3,0,0,0,0,0,0,-,-,34.06021,-118.45568,LOS ANGELES,LOS ANGELES,-118.45561857,34.0602592
9023693,2020,2020-01-23,1900,2020-01-10,0902,551435,1131,5,5,6,1992,0,0,0,NA,0,111T1,DIVISION ST,AVENUE H-6,123,S,N,A,-,N,NA,NA,NA,NA,NA,NA,NA,NA,NA,Y,4,0,1,2,A,-,08,22107,NA,N,D,C,A,A,H,-,A,D,0,NA,NA,NA,NA,Y,NA,A,01,0,0,1,0,0,0,0,0,0,-,-,NA,NA,LOS ANGELES,LANCASTER,-118.13054656982422,34.71273422241211
90236932,2016,2016-08-03,9530,2016-07-27,1830,020240,NA,3,2,5,1977,0,1,1,NA,2,410,I-405 S/B TO WILMINGTON AVE.,WILMINGTON AVE.,211,E,N,A,-,Y,NA,NA,405,NA,NA,NA,R,NA,S,N,4,0,1,2,A,-,03,22350,NA,N,C,C,A,A,H,-,A,D,0,NA,NA,NA,NA,Y,NA,A,01,0,0,1,0,0,0,0,0,0,-,-,33.82684,-118.24043,LOS ANGELES,CARSON,-118.24043,33.82684
90236933,2016,2016-08-03,9525,2016-07-20,1555,018926,NA,3,2,9,1900,0,3,5,NA,2,004,VINELAND AVE. (400 BLOCK),TEMPLE AVE,100,S,N,A,-,N,NA,NA,NA,NA,NA,NA,NA,NA,NA,Y,4,0,4,3,A,-,03,22350,NA,N,C,C,A,A,H,-,A,A,0,NA,NA,NA,NA,Y,NA,A,07,0,0,4,0,0,0,0,0,0,-,-,34.05335,-117.98722,LOS ANGELES,UNINCORPORATED,-117.98692417,34.05367485
90236939,2016,2016-08-03,9590,2016-05-07,0250,021031,NA,6,3,7,1942,0,1,2,NA,2,072,US-101 N/B (HOF) OFR TO HIGHLAND AVENUE,CAHUENGA BLVD,50,W,N,A,-,Y,NA,NA,101,NA,NA,NA,R,NA,N,Y,4,0,2,1,A,-,08,22107,NA,N,E,I,A,A,H,-,C,A,0,NA,NA,NA,NA,Y,NA,A,01,0,0,2,0,0,0,0,0,0,-,-,34.11127,-118.33459,LOS ANGELES,LOS ANGELES,-118.33459,34.11127
90236961,2016,2016-08-03,9525,2016-07-17,0840,019966,NA,7,1,5,1990,0,1,3,NA,2,573,SR-57 S/B (ORANGE FREEWAY),BREA CANYON RD.,200,N,N,A,-,Y,NA,NA,NA,NA,NA,NA,NA,NA,NA,Y,3,0,1,2,A,-,03,22350,NA,N,C,C,A,A,H,-,A,D,0,NA,NA,NA,Y,Y,NA,A,01,0,1,0,0,0,0,0,0,0,-,-,33.95758,-117.11786,LOS ANGELES,DIAMOND BAR,-117.86005047,33.95795526
9023697,2020,2020-01-23,1900,2020-01-09,1656,610418,1131,4,5,6,1992,0,0,0,NA,0,111T1,AVENUE I,DIVISION ST,0,NA,Y,A,-,N,NA,NA,NA,NA,NA,NA,NA,NA,NA,Y,4,0,2,2,A,-,09,21801,A,N,B,C,A,A,H,-,B,A,0,NA,NA,NA,NA,Y,NA,A,01,0,0,2,0,0,0,0,0,0,-,-,NA,NA,LOS ANGELES,LANCASTER,-118.13043975830078,34.7039909362793
90236974,2016,2016-08-03,9590,2016-07-08,1430,021190,NA,5,2,7,1942,0,1,1,NA,2,082,I-5 N/B (GOLDEN STATE FREEWAY),I-110 (HAF),650,N,N,A,-,Y,NA,NA,5,NA,NA,NA,NA,NA,N,Y,3,0,1,3,A,-,07,21658,A,N,B,C,A,A,H,-,A,D,0,NA,NA,NA,Y,Y,NA,A,01,0,1,0,0,0,0,0,0,0,-,-,34.08279,-118.22686,LOS ANGELES,LOS ANGELES,-118.22684365,34.08284863
90236977,2016,2016-08-03,9525,2016-07-18,1847,021097,NA,1,2,6,1975,0,1,1,NA,2,104,I-10 E/B (SAN BERNARDINO FREEWAY),PACIFIC AVE,125,W,N,A,-,Y,NA,NA,10,NA,NA,NA,NA,NA,E,Y,4,0,1,2,A,-,03,22350,NA,N,C,C,A,A,H,-,A,D,0,NA,NA,NA,NA,Y,NA,D,22,0,0,1,0,0,0,0,0,0,-,-,34.07205,-117.9435,LOS ANGELES,WEST COVINA,-117.9434962,34.07201142
90236987,2016,2016-08-03,9530,2016-07-27,2050,020375,NA,3,2,2,1967,0,1,1,NA,2,420,I-405 S/B (SAN DIEGO FREEWAY),WALNUT AVE.,70,S,N,A,-,Y,NA,NA,NA,NA,NA,NA,NA,NA,NA,Y,4,0,2,1,A,-,03,22350,NA,N,E,I,A,A,H,-,C,D,0,NA,NA,NA,NA,Y,NA,A,01,0,0,2,0,0,0,0,0,0,-,-,33.8656,-118.33025,LOS ANGELES,SIGNAL HILL,-118.17197,33.81423
90236991,2016,2016-08-03,9550,2016-07-31,1730,020014,NA,7,2,6,1920,0,1,1,NA,2,500,INTERSTATE 5 S/B (SANTA ANA FREEWAY),INTERSTATE 605 S/B,4000,N,N,A,-,Y,NA,NA,5,NA,NA,NA,NA,NA,S,Y,3,0,1,2,A,-,03,22350,NA,N,C,C,A,A,H,-,A,D,0,NA,NA,NA,NA,Y,NA,A,01,0,1,0,0,0,0,0,0,0,-,-,33.95149,-118.10387,LOS ANGELES,DOWNEY,-118.10375408,33.95159152
90236999,2016,2016-08-03,9525,2016-07-17,1620,021097,NA,7,2,6,1975,0,1,1,NA,2,104,I-10 E/B (SAN BERNARDINO FREEWAY),VINCENT AVE,1320,W,N,A,-,Y,NA,NA,10,NA,NA,NA,NA,NA,E,N,4,0,1,2,A,-,03,22350,NA,N,C,C,A,A,H,-,A,D,0,NA,NA,NA,NA,Y,NA,A,01,0,0,1,0,0,0,0,0,0,-,-,34.07225,-117.92887,LOS ANGELES,WEST COVINA,-117.92887032,34.07222865
90237001,2016,2016-08-03,9550,2016-07-29,1050,017511,NA,5,1,1,1932,0,1,3,NA,2,600,SR-60 W/B (POMONA FREEWAY),CROSSROADS PARKWAY O/C,1200,E,N,A,-,Y,NA,NA,60,NA,NA,NA,NA,NA,W,Y,4,0,3,3,A,-,03,22350,NA,N,C,C,A,A,H,-,A,D,0,NA,NA,NA,Y,Y,NA,G,25,0,0,3,0,0,0,0,0,0,-,-,34.02935,-118.00844,LOS ANGELES,INDUSTRY,-118.00843878,34.02923749
9023701,2020,2020-01-23,1900,2020-01-08,1557,651417,1125,3,5,6,1992,0,0,0,NA,0,112T4,30TH ST WEST,LANCASTER BL,0,NA,Y,A,-,N,NA,NA,NA,NA,NA,NA,NA,NA,NA,Y,4,0,2,2,A,-,12,21453,A,N,D,C,A,A,H,-,B,A,0,NA,NA,NA,NA,Y,NA,A,01,0,0,2,0,0,0,0,0,0,-,-,NA,NA,LOS ANGELES,LANCASTER,-118.18383026123048,34.696720123291016
90237017,2016,2016-08-03,9525,2016-07-19,1430,021250,NA,2,2,5,1926,0,1,3,NA,2,572,SR-57 N/B TO I-210 W/B,AUTO CENTER DR.,1000,N,N,A,-,Y,NA,NA,57,NA,NA,NA,R,NA,N,Y,4,0,2,3,A,-,08,22107,NA,F,B,C,A,A,H,-,A,D,0,NA,NA,NA,NA,Y,NA,-,99,0,0,2,0,0,0,0,0,0,-,-,34.11816,-117.82414,LOS ANGELES,GLENDORA,-117.82414,34.11816
90237019,2016,2016-08-03,9590,2016-07-12,1630,016642,NA,2,2,7,1942,0,1,1,NA,2,084,I-5 N/B (GOLDEN STATE FREEWAY),LOS FELIZ BOULEVARD,650,N,N,A,-,Y,NA,NA,5,NA,NA,NA,NA,NA,N,N,4,0,1,2,A,-,03,22350,NA,N,C,C,A,A,H,-,A,D,0,NA,NA,NA,NA,Y,NA,A,01,0,0,1,0,0,0,0,0,0,-,-,34.132,-118.27461,LOS ANGELES,LOS ANGELES,-118.27472706,34.13196654
9023703,2019,2020-02-12,1955,2019-12-29,1528,41149,89,7,5,6,1955,0,0,0,NA,0,004,RESERVOIR ST,COUNTY RD,0,NA,Y,A,-,N,NA,NA,NA,NA,NA,NA,NA,NA,NA,Y,4,0,2,3,A,-,12,21453,A,N,D,C,A,A,H,-,A,A,0,NA,NA,NA,NA,Y,NA,A,01,0,0,2,0,0,0,0,0,0,-,-,NA,NA,LOS ANGELES,POMONA,-117.73152160644533,34.026451110839844
90237036,2016,2016-08-03,9580,2016-07-22,2300,020451,NA,5,3,7,1942,0,1,1,NA,2,404,I-405 N/B (SAN DIEGO FWY),MULHOLLAND DR,250,N,N,A,-,Y,NA,NA,405,NA,NA,NA,NA,NA,N,Y,3,0,2,3,A,-,03,22350,NA,N,C,C,A,A,H,-,D,D,0,NA,NA,NA,NA,Y,NA,A,01,0,1,1,0,0,0,0,0,0,-,-,34.12822,-118.47412,LOS ANGELES,LOS ANGELES,-118.47416951,34.12824294
90237039,2016,2016-08-03,9580,2016-07-22,1640,020876,NA,5,2,7,1942,0,1,2,NA,2,103,US-101 S/B FROM WHITE OAK AVE.,WHITE OAK AVE,300,S,N,A,-,Y,NA,NA,101,NA,NA,NA,R,NA,S,Y,3,0,2,2,A,-,03,22350,NA,N,C,C,A,A,H,-,A,A,0,NA,NA,NA,NA,Y,NA,A,01,0,1,1,0,0,0,0,0,0,-,-,34.17091,-118.51715,LOS ANGELES,LOS ANGELES,-118.51715,34.17091
90237041,2016,2016-08-03,9580,2016-07-22,1430,021079,NA,5,2,7,1942,0,1,2,NA,2,102,US-101 N/B (VENTURA FREEWAY),VAN NUYS BLVD,100,S,N,A,-,Y,NA,NA,101,NA,NA,NA,NA,NA,N,Y,3,0,2,2,A,-,03,22350,NA,N,C,C,A,A,H,-,A,D,0,NA,NA,NA,NA,Y,NA,A,07,0,1,1,0,0,0,0,0,0,-,-,34.15704,-118.44854,LOS ANGELES,LOS ANGELES,-118.44854079,34.15703785
90237045,2016,2016-08-03,9550,2016-08-02,1008,018408,NA,2,1,1,1932,0,1,3,NA,2,601,SR-60 W/B,FULLERTON ROAD,2000,W,N,A,-,Y,NA,NA,60,NA,NA,NA,NA,NA,W,Y,4,0,2,3,A,-,03,22350,NA,N,C,C,A,A,H,-,A,D,0,NA,NA,NA,NA,Y,NA,A,07,0,0,2,0,0,0,0,0,0,-,-,33.99629,-117.92504,LOS ANGELES,INDUSTRY,-117.92504009,33.99628932
90237046,2016,2016-08-03,9580,2016-07-22,1310,021187,NA,5,1,7,1942,0,1,2,NA,2,102,US-101 N/B (VENTURA FREEWAY),WOODMAN AVE,500,N,N,A,-,Y,NA,NA,101,NA,NA,NA,NA,NA,N,Y,4,0,1,2,A,-,03,22350,NA,N,C,C,A,A,H,-,A,D,0,NA,NA,NA,NA,Y,NA,A,01,0,0,1,0,0,0,0,0,0,-,-,34.15577,-118.43647,LOS ANGELES,LOS ANGELES,-118.4364701,34.15574766
90237049,2016,2016-08-03,9590,2016-07-12,1717,020527,NA,2,2,7,1942,0,1,1,NA,2,061,I-10 W/B (SANTA MONICA FREEWAY),ARLINGTON AVE.,200,E,N,A,-,Y,NA,NA,10,NA,NA,NA,NA,NA,W,N,4,0,1,2,A,-,03,22350,NA,N,C,C,A,A,H,-,A,D,0,NA,NA,NA,NA,Y,NA,A,01,0,0,1,0,0,0,0,0,0,-,-,34.03685,-118.31677,LOS ANGELES,LOS ANGELES,-118.31677874,34.03692329
9023705,2020,2020-01-23,1900,2020-01-06,2015,651417,1131,1,5,6,1992,0,0,0,NA,0,112T4,AVENUE H,CHALLENGER WY,35,W,N,A,-,N,NA,NA,NA,NA,NA,NA,NA,NA,NA,N,4,0,2,2,A,-,03,22350,NA,F,C,C,A,A,H,-,D,A,0,NA,NA,NA,NA,Y,NA,-,99,0,0,2,0,0,0,0,0,0,-,-,NA,NA,LOS ANGELES,LANCASTER,-118.11238098144533,34.71887969970703
90237050,2016,2016-08-03,9590,2016-07-14,0730,013179,NA,4,1,7,1942,0,1,2,NA,2,042,US 101 N/B (SANTA ANA FREEWAY),7TH STREET O/C,200,N,N,A,-,Y,NA,NA,NA,NA,NA,NA,NA,NA,NA,Y,4,0,1,3,A,-,03,22350,NA,N,C,C,A,A,H,-,A,D,0,NA,NA,NA,NA,Y,NA,A,01,0,0,1,0,0,0,0,0,0,-,-,34.03329,-118.22048,LOS ANGELES,LOS ANGELES,-118.22134,34.03447
90237052,2016,2016-08-03,9580,2016-07-23,1215,20003,NA,6,1,7,1942,0,1,3,NA,2,171,SR-170 S/B (HOLLYWOOD FWY.),SHERMAN WAY,100,S,N,B,-,Y,NA,NA,170,NA,NA,NA,NA,NA,S,Y,3,0,1,2,A,-,03,22350,NA,N,C,C,A,A,H,-,A,D,0,NA,NA,NA,NA,Y,NA,A,07,0,1,0,0,0,0,0,0,0,-,-,34.20111,-118.40372,LOS ANGELES,LOS ANGELES,-118.4037222,34.20110916
90237054,2016,2016-08-03,9580,2016-07-23,0945,20003,NA,6,1,7,1942,0,1,2,NA,2,103,US-101 S/B (VENTURA FREEWAY),VAN NUYS BLVD,1000,N,N,B,-,Y,NA,NA,101,NA,NA,NA,NA,NA,S,N,4,0,1,2,A,-,07,21658,A,N,B,C,A,A,H,-,A,D,0,NA,NA,NA,NA,Y,NA,A,07,0,0,1,0,0,0,0,0,0,-,-,34.15705,-118.45015,LOS ANGELES,LOS ANGELES,-118.45010464,34.15726565