CASE_ID,ACCIDENT_YEAR,PROC_DATE,JURIS,COLLISION_DATE,COLLISION_TIME,OFFICER_ID,REPORTING_DISTRICT,DAY_OF_WEEK,CHP_SHIFT,POPULATION,CNTY_CITY_LOC,SPECIAL_COND,BEAT_TYPE,CHP_BEAT_TYPE,CITY_DIVISION_LAPD,CHP_BEAT_CLASS,BEAT_NUMBER,PRIMARY_RD,SECONDARY_RD,DISTANCE,DIRECTION,INTERSECTION,WEATHER_1,WEATHER_2,STATE_HWY_IND,CALTRANS_COUNTY,CALTRANS_DISTRICT,STATE_ROUTE,ROUTE_SUFFIX,POSTMILE_PREFIX,POSTMILE,LOCATION_TYPE,RAMP_INTERSECTION,SIDE_OF_HWY,TOW_AWAY,COLLISION_SEVERITY,NUMBER_KILLED,NUMBER_INJURED,PARTY_COUNT,PRIMARY_COLL_FACTOR,PCF_CODE_OF_VIOL,PCF_VIOL_CATEGORY,PCF_VIOLATION,PCF_VIOL_SUBSECTION,HIT_AND_RUN,TYPE_OF_COLLISION,MVIW,PED_ACTION,ROAD_SURFACE,ROAD_COND_1,ROAD_COND_2,LIGHTING,CONTROL_DEVICE,CHP_ROAD_TYPE,PEDESTRIAN_ACCIDENT,BICYCLE_ACCIDENT,MOTORCYCLE_ACCIDENT,TRUCK_ACCIDENT,NOT_PRIVATE_PROPERTY,ALCOHOL_INVOLVED,STWD_VEHTYPE_AT_FAULT,CHP_VEHTYPE_AT_FAULT,COUNT_SEVERE_INJ,COUNT_VISIBLE_INJ,COUNT_COMPLAINT_PAIN,COUNT_PED_KILLED,COUNT_PED_INJURED,COUNT_BICYCLIST_KILLED,COUNT_BICYCLIST_INJURED,COUNT_MC_KILLED,COUNT_MC_INJURED,PRIMARY_RAMP,SECONDARY_RAMP,LATITUDE,LONGITUDE,COUNTY,CITY,POINT_X,POINT_Y
90238832,2016,2016-08-05,9575,2016-07-18,1305,020887,NA,1,1,9,1900,0,1,1,NA,2,065,I-210 E/B TO FRONTAGE RD.,SIERRA MADRE VILLA AVE,38.5,E,N,A,-,Y,NA,NA,210,NA,NA,NA,R,NA,E,Y,4,0,1,1,C,-,18,NA,NA,N,E,I,A,A,H,-,A,D,0,NA,NA,NA,NA,Y,NA,-,-,0,0,1,0,0,0,0,0,0,-,-,34.14757,-118.08159,LOS ANGELES,UNINCORPORATED,-118.08159,34.14757
90238840,2016,2016-08-08,9575,2016-07-24,1733,021188,NA,7,2,7,1942,0,1,1,NA,2,053,I-5 N/B (GOLDEN STATE FREEWAY),OSBORNE ST.,1600,S,N,A,-,Y,NA,NA,5,NA,NA,NA,NA,NA,N,N,4,0,3,2,A,-,03,22350,NA,N,C,C,A,A,H,-,A,D,0,NA,NA,NA,NA,Y,NA,A,08,0,0,3,0,0,0,0,0,0,-,-,34.24106,-118.41831,LOS ANGELES,LOS ANGELES,-118.41836685,34.24099865
90238849,2016,2016-08-08,9565,2016-08-05,1140,016945,NA,5,1,4,1918,0,1,1,NA,2,061,I-405 S/B (SAN DIEGO FWY),SEPULVEDA BLVD,110,N,N,A,-,Y,NA,NA,405,NA,NA,NA,NA,NA,S,N,4,0,2,3,A,-,03,22350,NA,N,C,C,A,A,H,-,A,D,0,NA,NA,NA,NA,Y,NA,D,22,0,0,2,0,0,0,0,0,0,-,-,33.98269,-118.39532,LOS ANGELES,CULVER CITY,-118.3953029,33.98270352
90238850,2016,2016-08-08,9590,2016-07-31,1935,021133,NA,7,2,7,1942,0,1,2,NA,2,071,US-101 S/B (HOLLYWOOD FREEWAY),ROSEMONT AVENUE,400,N,N,A,-,Y,NA,NA,NA,NA,NA,NA,NA,NA,NA,N,4,0,1,2,A,-,03,22350,NA,N,C,C,A,A,H,-,B,D,0,NA,NA,NA,NA,Y,NA,A,01,0,0,1,0,0,0,0,0,0,-,-,34.42436,-118.16135,LOS ANGELES,LOS ANGELES,-118.27038792,34.07340813
90238889,2016,2016-08-08,9590,2016-08-05,1603,020929,NA,5,2,7,1942,0,1,2,NA,2,071,US-101 S/B (HOLLYWOOD FREEWAY),BEAUDRY AVENUE,250,N,N,A,-,Y,NA,NA,101,NA,NA,NA,NA,NA,S,N,4,0,2,3,A,-,03,22350,NA,N,C,C,A,A,H,-,A,D,0,NA,NA,NA,NA,Y,NA,A,01,0,0,2,0,0,0,0,0,0,-,-,34.06525,-118.25219,LOS ANGELES,LOS ANGELES,-118.25211729,34.06535097
90238890,2016,2016-08-08,9590,2016-08-05,1140,020929,NA,5,1,7,1942,0,1,2,NA,2,070,US-101 N/B (SANTA ANA FREEWAY),ALAMEDA STREET,300,S,N,A,-,Y,NA,NA,101,NA,NA,NA,NA,NA,N,N,4,0,1,2,A,-,03,22350,NA,N,C,C,A,A,H,-,A,D,0,NA,NA,NA,NA,Y,NA,A,01,0,0,1,0,0,0,0,0,0,-,-,34.05381,-118.23443,LOS ANGELES,LOS ANGELES,-118.23441973,34.05388377
90238895,2016,2016-08-08,9565,2016-08-05,2150,019232,NA,5,2,5,1965,0,1,1,NA,2,081,I-10 W/B,11TH ST,100,E,N,A,-,Y,NA,NA,NA,NA,NA,NA,NA,NA,NA,Y,3,0,2,3,A,-,03,22350,NA,N,C,C,A,A,H,-,D,D,0,NA,NA,NA,NA,Y,NA,A,01,0,1,1,0,0,0,0,0,0,-,-,34.98211,-118.37221,LOS ANGELES,SANTA MONICA,-118.48259635,34.01705337
90238899,2016,2016-08-08,9575,2016-07-29,0915,018762,NA,5,1,6,1925,0,1,3,NA,2,042,SR-134 W/B (VENTURA FREEWAY),PACIFIC AVENUE,30,W,N,A,-,Y,NA,NA,134,NA,NA,NA,NA,NA,W,Y,4,0,2,2,A,-,03,22350,NA,N,C,C,A,A,H,-,A,D,0,NA,NA,NA,NA,Y,NA,A,01,0,0,2,0,0,0,0,0,0,-,-,34.15633,-118.26442,LOS ANGELES,GLENDALE,-118.26441365,34.15629362
90238901,2016,2016-08-08,9590,2016-08-06,0605,021190,NA,6,1,7,1942,0,1,1,NA,2,053,I-110 S/B (HAF),SOUTH ROAD EDGE OF ADAMS BOULEVARD,41,N,N,F,-,Y,NA,NA,110,NA,NA,NA,NA,NA,S,Y,3,0,1,1,A,-,08,22107,NA,N,E,I,A,A,H,-,B,D,0,NA,NA,NA,NA,Y,NA,A,07,0,1,0,0,0,0,0,0,0,-,-,34.02965,-118.27445,LOS ANGELES,LOS ANGELES,-118.2745186,34.02964517
90238908,2016,2016-08-08,9590,2016-08-04,1735,021111,NA,4,2,7,1942,0,1,1,NA,2,052,I-110 N/B (HARBOR FREEWAY),PICO BLVD,50,S,N,A,-,Y,NA,NA,110,NA,NA,NA,NA,NA,N,Y,4,0,1,3,A,-,07,21658,A,N,B,C,A,A,H,-,A,D,0,NA,NA,NA,NA,Y,NA,A,01,0,0,1,0,0,0,0,0,0,-,-,34.04236,-118.27291,LOS ANGELES,LOS ANGELES,-118.27294731,34.0423748
90238913,2016,2016-08-08,9590,2016-07-29,1430,021124,NA,5,2,7,1942,0,1,1,NA,2,085,I-5 S/B (GOLDEN STATE FREEWAY),FLETCHER DRIVE,200,N,N,A,-,Y,NA,NA,5,NA,NA,NA,NA,NA,S,N,4,0,1,2,A,-,03,22350,NA,M,C,C,A,A,H,-,A,D,0,NA,NA,NA,NA,Y,NA,-,99,0,0,1,0,0,0,0,0,0,-,-,34.10755,-118.25785,LOS ANGELES,LOS ANGELES,-118.25782183,34.10760693
90238914,2016,2016-08-08,9590,2016-07-29,1700,021111,NA,5,2,7,1942,0,1,1,NA,2,081,I-5 S/B (GOLDEN STATE FREEWAY),BOYLE AVENUE,20,N,N,A,-,Y,NA,NA,5,NA,NA,NA,NA,NA,S,N,3,0,1,2,A,-,03,22350,NA,N,C,C,A,A,H,-,A,D,0,NA,NA,NA,NA,Y,NA,A,07,0,1,0,0,0,0,0,0,0,-,-,34.0325,-118.22068,LOS ANGELES,LOS ANGELES,-118.22033969,34.03278956
90238917,2016,2016-08-08,9590,2016-07-29,1500,021084,NA,5,2,7,1942,0,1,2,NA,2,071,US-101 SB (HOLLYWOOD FREEWAY),BEAUDRY AVENUE,500,N,N,A,-,Y,NA,NA,NA,NA,NA,NA,NA,NA,NA,N,4,0,1,2,A,-,03,22350,NA,N,C,C,A,A,H,-,A,D,0,NA,NA,NA,NA,Y,NA,A,01,0,0,1,0,0,0,0,0,0,-,-,34.06054,-118.24463,LOS ANGELES,LOS ANGELES,-118.25160187,34.06497093
90238921,2016,2016-08-08,9590,2016-07-29,1345,021084,NA,5,1,7,1942,0,1,2,NA,2,071,US-101 SB (HOLLYWOOD FREEWAY),VERMONT AVENUE,115,S,N,A,-,Y,NA,NA,101,NA,NA,NA,NA,NA,S,Y,4,0,1,5,A,-,03,22350,NA,N,C,C,A,A,H,-,A,D,0,NA,NA,NA,NA,Y,NA,A,01,0,0,1,0,0,0,0,0,0,-,-,34.07883,-118.29039,LOS ANGELES,LOS ANGELES,-118.29043347,34.07872157
90238924,2016,2016-08-08,9590,2016-07-30,2310,021222,NA,6,3,7,1942,0,1,S,NA,2,077,US-101 N/B (HOLLYWOOD FREEWAY),LANKERSHIM BLVD,950,S,N,A,-,Y,NA,NA,101,NA,NA,NA,NA,NA,N,Y,3,0,2,3,A,-,03,22350,NA,N,C,C,A,A,H,-,C,D,0,NA,NA,NA,NA,Y,NA,A,07,0,1,1,0,0,0,0,0,0,-,-,34.13582,-118.36,LOS ANGELES,LOS ANGELES,-118.35999673,34.13582495
90238926,2016,2016-08-08,9590,2016-07-30,1015,021179,NA,6,1,7,1942,0,1,1,NA,2,012,SR-110 N/B (ARROYO SECO PARKWAY),AVENUE 60,4,N,N,A,-,Y,NA,NA,NA,NA,NA,NA,NA,NA,NA,N,4,0,2,1,A,-,08,22107,NA,N,E,I,A,A,H,-,A,D,0,NA,NA,NA,NA,Y,NA,A,01,0,0,2,0,0,0,0,0,0,-,-,34.10656,-118.18516,LOS ANGELES,LOS ANGELES,-118.18607068,34.10766776
90238942,2016,2016-08-08,9580,2016-07-26,0640,017228,NA,2,1,7,1942,0,1,2,NA,2,101,US-101 S/B (HOLLYWOOD FREEWAY),VINELAND AVENUE,800,S,N,A,-,Y,NA,NA,101,NA,NA,NA,NA,NA,S,Y,4,0,1,3,A,-,06,21750,NA,N,B,C,A,A,H,-,A,D,0,NA,NA,Y,NA,Y,NA,C,02,0,0,1,0,0,0,0,0,1,-,-,34.14529,-118.3688,LOS ANGELES,LOS ANGELES,-118.36868375,34.14539051
90238945,2016,2016-08-08,9590,2016-08-05,1330,018997,NA,5,1,7,1942,0,1,1,NA,2,082,I-5 N/B (GOLDEN STATE FREEWAY),1ST ST.,150,S,N,A,-,Y,NA,NA,NA,NA,NA,NA,NA,NA,NA,N,4,0,2,3,A,-,03,22350,NA,N,C,C,A,A,H,-,A,D,0,NA,NA,NA,NA,Y,NA,A,01,0,0,2,0,0,0,0,0,0,-,-,34.3566,-118.09416,LOS ANGELES,LOS ANGELES,NA,NA
90238947,2016,2016-08-08,9575,2016-07-29,0825,020702,NA,5,1,7,1942,0,1,1,NA,2,053,I-5 S/B (GOLDEN STATE FREEWAY),OSBORNE ST.,1000,S,N,A,-,Y,NA,NA,5,NA,NA,NA,NA,NA,S,N,4,0,1,2,A,-,03,22350,NA,N,C,C,A,A,H,-,A,D,0,NA,NA,NA,NA,Y,NA,E,22,0,0,1,0,0,0,0,0,0,-,-,34.24334,-118.42115,LOS ANGELES,LOS ANGELES,-118.42112801,34.2433632
90238948,2016,2016-08-08,9590,2016-08-05,1550,017932,NA,5,2,7,1942,0,1,1,NA,2,060,I-10 EASTBOUND (SANTA MONICA FREEWAY),CRENSHAW BOULEVARD,600,W,N,A,-,Y,NA,NA,NA,NA,NA,NA,NA,NA,NA,Y,3,0,2,3,A,-,03,22350,NA,N,C,C,A,A,H,-,A,D,0,NA,NA,NA,NA,Y,NA,A,01,0,1,1,0,0,0,0,0,0,-,-,33.51501,-118.2421,LOS ANGELES,LOS ANGELES,-118.33576225,34.03486069
90238952,2016,2016-08-08,9590,2016-07-15,1510,017878,NA,5,2,7,1942,0,1,1,NA,2,021,I-10 W/B (SAN BERNARDINO FREEWAY),STATE STREET,500,E,N,A,-,Y,NA,NA,10,NA,NA,NA,NA,NA,W,Y,4,0,2,3,A,-,03,22350,NA,N,C,C,A,A,H,-,A,A,0,NA,NA,NA,NA,Y,NA,A,01,0,0,2,0,0,0,0,0,0,-,-,34.05466,-118.21076,LOS ANGELES,LOS ANGELES,-118.21074351,34.0547174
90238957,2016,2016-08-08,9565,2016-07-29,1525,020468,NA,5,2,4,1918,0,1,1,NA,2,061,I-405 N/B TO SR-90 W/B,JEFFERSON BLVD,145,N,N,A,-,Y,NA,NA,405,NA,NA,NA,R,NA,N,Y,4,0,1,2,A,-,08,22107,NA,N,E,I,A,A,H,-,A,D,0,NA,NA,NA,NA,Y,NA,A,01,0,0,1,0,0,0,0,0,0,-,-,33.98829,-118.39898,LOS ANGELES,CULVER CITY,-118.39898,33.98829
90238965,2016,2016-08-08,9575,2016-07-29,1115,020702,NA,5,1,7,1942,0,1,1,NA,2,053,I-5 S/B (GOLDEN STATE FREEWAY),OSBORNE ST.,1000,S,N,A,-,Y,NA,NA,NA,NA,NA,NA,NA,NA,NA,Y,4,0,1,3,A,-,03,22350,NA,N,C,C,A,A,H,-,A,D,0,NA,NA,NA,NA,Y,NA,A,01,0,0,1,0,0,0,0,0,0,-,-,34.20527,-118.41535,LOS ANGELES,LOS ANGELES,-118.4203595,34.24258996
90238971,2016,2016-08-08,9575,2016-07-29,1425,020119,NA,5,2,6,1953,0,1,1,NA,2,064,I-210 E/B (FOOTHILL FREEWAY),EL MOLINO AVE.,200,W,N,A,-,Y,NA,NA,NA,NA,NA,NA,NA,NA,NA,N,4,0,2,2,A,-,03,22350,NA,N,C,C,A,A,H,-,A,D,0,NA,NA,NA,NA,Y,NA,A,01,0,0,2,0,0,0,0,0,0,-,-,34.20404,-118.19407,LOS ANGELES,PASADENA,-118.13756965,34.15166
9023898,2019,2020-02-04,1942,2019-12-14,2310,43222,0314,6,5,7,1942,0,0,0,C,0,3Z3,ARLINGTON AV,MONTCLAIR ST,0,NA,Y,A,-,N,NA,NA,NA,NA,NA,NA,NA,NA,NA,Y,3,0,1,2,A,-,08,22107,NA,N,D,C,A,A,H,-,D,D,0,NA,NA,NA,NA,Y,NA,A,01,0,1,0,0,0,0,0,0,0,-,-,NA,NA,LOS ANGELES,LOS ANGELES,-118.3176727294922,34.029659271240234
90238984,2016,2016-08-08,9575,2016-08-05,0218,020691,NA,5,3,7,1942,0,1,1,NA,2,061,I-210 E/B (FOOTHILL FREEWAY),WHEATLAND AVE,400,W,N,A,-,Y,NA,NA,210,NA,NA,NA,NA,NA,E,Y,4,0,1,2,A,-,08,22107,NA,F,B,C,A,A,H,-,D,D,0,NA,NA,NA,NA,Y,NA,-,99,0,0,1,0,0,0,0,0,0,-,-,34.27226,-118.35484,LOS ANGELES,LOS ANGELES,-118.35482943,34.2723395
90238987,2016,2016-08-08,9575,2016-07-22,0850,020536,NA,5,1,6,1925,0,1,1,NA,2,050,I-5 S/B FROM WESTERN AVENUE,WESTERN AVE. U/C,600,N,N,A,-,Y,NA,NA,5,NA,NA,NA,R,NA,S,N,4,0,1,2,A,-,21,22106,NA,N,C,C,A,A,H,-,A,D,0,NA,NA,NA,NA,Y,NA,A,01,0,0,1,0,0,0,0,0,0,-,-,34.165,-118.29778,LOS ANGELES,GLENDALE,-118.29778,34.165
90238990,2016,2016-08-08,9575,2016-07-31,0627,020702,NA,7,1,7,1942,0,1,1,NA,2,053,I-5 S/B (GOLDEN STATE FREEWAY),TERRA BELLA ST.,100,S,N,A,-,Y,NA,NA,5,NA,NA,NA,NA,NA,S,N,4,0,3,2,A,-,08,22107,NA,N,B,C,A,A,H,-,A,D,0,NA,NA,NA,NA,Y,NA,A,07,0,0,3,0,0,0,0,0,0,-,-,34.25004,-118.42815,LOS ANGELES,LOS ANGELES,-118.42817299,34.25001576
90238996,2016,2016-08-08,9565,2016-08-04,1300,018804,NA,4,1,9,1900,0,3,5,NA,2,004,OCEAN GATE AVENUE,132ND STREET,0,NA,Y,A,-,N,NA,NA,NA,NA,NA,NA,NA,NA,NA,Y,4,0,1,3,A,-,09,21802,A,N,D,C,A,A,H,-,A,A,0,NA,NA,NA,NA,Y,NA,A,01,0,0,1,0,0,0,0,0,0,-,-,33.91292,-118.36708,LOS ANGELES,UNINCORPORATED,-118.36712005,33.91290003
90238999,2016,2016-08-08,9565,2016-08-06,1545,020495,NA,6,2,9,1900,0,3,5,NA,2,002,CENTURY BOULEVARD,VERMONT AVENUE,400,W,N,A,-,N,NA,NA,NA,NA,NA,NA,NA,NA,NA,Y,4,0,1,2,A,-,09,21801,A,N,D,C,A,A,H,-,A,D,0,NA,NA,Y,NA,Y,NA,A,01,0,0,1,0,0,0,0,0,1,-,-,33.94501,-118.29215,LOS ANGELES,UNINCORPORATED,-118.29323631,33.94549
90239003,2016,2016-09-09,9565,2016-08-06,0745,020284,NA,6,1,9,1900,0,3,5,NA,2,006,WILSHIRE BLVD. E/B,I-405,400,E,N,B,-,N,NA,NA,NA,NA,NA,NA,NA,NA,NA,N,3,0,1,2,A,-,03,22350,NA,N,H,G,A,A,H,-,A,A,0,NA,Y,NA,NA,Y,NA,A,01,0,1,0,0,0,0,1,0,0,-,-,34.32457,-118.27062,LOS ANGELES,UNINCORPORATED,-118.45204,34.05586
9023902,2019,2020-02-04,1942,2019-12-12,1710,43016,0359,4,5,7,1942,0,0,0,C,0,3A62W,FIGUEROA ST,MCCARTHY,250,S,N,A,-,N,NA,NA,NA,NA,NA,NA,NA,NA,NA,N,4,0,1,2,A,-,05,21650,NA,N,G,G,A,A,-,-,C,A,0,NA,Y,NA,NA,Y,NA,L,04,0,0,1,0,0,0,1,0,0,-,-,NA,NA,LOS ANGELES,LOS ANGELES,-118.281421,34.019846
90239022,2016,2016-08-08,9590,2016-07-10,1918,020697,NA,7,2,7,1942,0,1,1,NA,2,063,I-10 W/B (SANTA MONICA FREEWAY),OLIVE AVE,100,E,N,A,-,Y,NA,NA,10,NA,NA,NA,NA,NA,W,N,4,0,1,2,A,-,03,22350,NA,M,C,C,A,A,H,-,A,D,0,NA,NA,NA,NA,Y,NA,-,99,0,0,1,0,0,0,0,0,0,-,-,34.03399,-118.26583,LOS ANGELES,LOS ANGELES,-118.26582793,34.03399368
90239030,2016,2016-08-08,9590,2016-07-17,0025,021201,NA,7,3,7,1942,0,1,1,NA,2,051,I-110 S/B (HAF) TO FLORENCE AVE.,FLORENCE AVE,1000,N,N,A,-,Y,NA,NA,110,NA,NA,NA,R,NA,S,Y,3,0,1,1,A,-,08,22107,NA,N,E,I,A,A,H,-,C,D,0,NA,NA,Y,NA,Y,NA,C,02,0,1,0,0,0,0,0,0,1,-,-,33.97751,-118.28116,LOS ANGELES,LOS ANGELES,-118.28116,33.97751
90239049,2016,2016-08-08,9575,2016-07-29,0951,020702,NA,5,1,7,1942,0,1,1,NA,2,053,I-5 S/B (GOLDEN STATE FREEWAY),VAN NUYS BLVD.,100,S,N,A,-,Y,NA,NA,5,NA,NA,NA,NA,NA,S,N,4,0,2,3,A,-,03,22350,NA,N,C,C,A,A,H,-,A,D,0,NA,NA,NA,NA,Y,NA,A,01,0,0,2,0,0,0,0,0,0,-,-,34.25527,-118.43365,LOS ANGELES,LOS ANGELES,-118.43368609,34.25523192
9023906,2019,2020-02-04,1942,2019-12-12,0355,43748,375,4,5,7,1942,0,0,0,NA,0,3A1,LA CIENEGA BL,OBAMA BL,15,S,N,A,-,N,NA,NA,NA,NA,NA,NA,NA,NA,NA,Y,3,0,1,2,A,-,11,21955,NA,N,G,B,E,A,H,-,C,D,0,Y,NA,NA,NA,Y,NA,N,60,0,1,0,0,1,0,0,0,0,-,-,NA,NA,LOS ANGELES,LOS ANGELES,-118.372361,34.021678
90239067,2016,2016-08-08,9590,2016-07-30,1200,021190,NA,6,1,7,1942,0,1,1,NA,2,082,I-5 N/B (GOLDEN STATE FREEWAY),MAIN STREET,700,N,N,A,-,Y,NA,NA,5,NA,NA,NA,NA,NA,N,Y,4,0,1,3,A,-,03,22350,NA,N,C,C,A,A,H,-,A,D,0,NA,NA,NA,NA,Y,NA,A,08,0,0,1,0,0,0,0,0,0,-,-,34.07054,-118.21812,LOS ANGELES,LOS ANGELES,-118.21794876,34.07064905
90239077,2016,2016-10-26,9590,2016-08-06,1155,018997,NA,6,1,7,1942,0,1,2,NA,2,071,US-101 S/B (HOLLYWOOD FREEWAY),BONNIE BRAE ST.,75,S,N,A,-,Y,NA,NA,NA,NA,NA,NA,NA,NA,NA,Y,4,0,2,2,A,-,03,22350,NA,N,C,C,A,A,H,-,A,D,0,NA,NA,NA,NA,Y,NA,A,01,0,0,2,0,0,0,0,0,0,-,-,34.01105,-117.83325,LOS ANGELES,LOS ANGELES,-118.2643824,34.07081246
90239082,2016,2016-08-08,9590,2016-08-06,1235,018997,NA,6,1,7,1942,0,1,3,NA,2,031,SR-60 W/B (POMONA FREEWAY),LORENA ST.,75,E,N,A,-,Y,NA,NA,NA,NA,NA,NA,NA,NA,NA,N,4,0,1,2,A,-,03,22350,NA,N,C,C,A,A,H,-,A,D,0,NA,NA,NA,NA,Y,NA,A,01,0,0,1,0,0,0,0,0,0,-,-,33.94914,-117.84429,LOS ANGELES,LOS ANGELES,-118.19962204,34.02956521
90239091,2016,2016-08-08,9565,2016-08-06,1710,020086,NA,6,2,7,1942,0,1,1,NA,2,083,I-10 E/B (SANTA MONICA FWY),MANNING AVE,800,E,N,B,-,Y,NA,NA,NA,NA,NA,NA,NA,NA,NA,Y,4,0,1,3,A,-,03,22350,NA,N,C,C,A,A,H,-,A,D,0,NA,NA,NA,NA,Y,NA,A,01,0,0,1,0,0,0,0,0,0,-,-,34.5486,-118.44866,LOS ANGELES,LOS ANGELES,NA,NA
9023910,2019,2020-02-04,1942,2019-12-14,2140,43098,0362,6,5,7,1942,0,0,0,C,0,3A1,MARTIN LUTHER KING JR BL,COLISEUM ST,0,NA,Y,A,-,N,NA,NA,NA,NA,NA,NA,NA,NA,NA,N,4,0,1,2,A,-,12,22450,A,N,G,B,B,A,H,-,C,A,0,Y,NA,NA,NA,Y,NA,A,01,0,0,1,0,1,0,0,0,0,-,-,NA,NA,LOS ANGELES,LOS ANGELES,-118.3459701538086,34.017478942871094
90239122,2016,2016-08-08,9590,2016-08-05,0700,019008,NA,5,1,7,1942,0,1,2,NA,2,070,US-101 NB (HOF) TO GLENDALE BLVD,GLENDALE BLVD,600,S,N,B,-,Y,NA,NA,101,NA,NA,NA,R,NA,N,N,4,0,1,1,A,-,08,22107,NA,N,E,I,A,A,H,-,A,A,0,NA,NA,NA,NA,Y,NA,A,07,0,0,1,0,0,0,0,0,0,-,-,34.06981,-118.25931,LOS ANGELES,LOS ANGELES,-118.25931,34.06981
90239132,2016,2016-08-08,9530,2016-07-28,1808,020349,NA,4,2,5,1943,0,1,1,NA,2,210,I-105 W/B (GLENN ANDERSON FWY),LONG BEACH BLVD.,1000,E,N,A,-,Y,NA,NA,105,NA,NA,NA,NA,NA,W,Y,4,0,1,2,A,-,03,22350,NA,N,C,C,A,A,H,-,A,D,0,NA,NA,NA,NA,Y,NA,A,01,0,0,1,0,0,0,0,0,0,-,-,33.92016,-118.19884,LOS ANGELES,LYNWOOD,-118.19883107,33.92018051
90239133,2016,2016-08-08,9590,2016-07-27,1200,016330,NA,3,1,7,1942,0,1,1,NA,2,085,I-5 S/B (GOLDEN STATE FREEWAY),LOS FELIZ BLVD,500,N,N,A,-,Y,NA,NA,5,NA,NA,NA,NA,NA,S,N,4,0,1,3,A,-,07,21658,A,N,B,C,A,A,H,-,A,D,0,NA,NA,NA,Y,Y,NA,A,01,0,0,1,0,0,0,0,0,0,-,-,34.12074,-118.2714,LOS ANGELES,LOS ANGELES,-118.27142059,34.12072966
90239138,2016,2016-08-08,9590,2016-08-06,1340,017586,NA,6,1,7,1942,0,1,1,NA,2,062,I-10 E/B (SANTA MONICA FREEWAY),LOS ANGELES ST.,50,W,N,A,-,Y,NA,NA,10,NA,NA,NA,NA,NA,E,Y,3,0,1,2,C,-,18,NA,NA,N,C,C,A,A,H,-,A,D,0,NA,NA,NA,NA,Y,NA,-,-,0,1,0,0,0,0,0,0,0,-,-,34.03214,-118.26282,LOS ANGELES,LOS ANGELES,-118.26283714,34.03210144
90239147,2016,2016-08-08,9530,2016-07-30,2130,020868,NA,6,2,9,1900,0,3,5,NA,2,002,EL SEGUNDO BLVD. (400 BLOCK),TOWNE AVE.,22,E,N,A,-,N,NA,NA,NA,NA,NA,NA,NA,NA,NA,N,3,0,1,2,A,-,11,21954,A,N,G,B,D,A,H,-,C,D,0,Y,NA,NA,NA,Y,Y,N,60,0,1,0,0,1,0,0,0,0,-,-,33.9161,-118.2701,LOS ANGELES,UNINCORPORATED,-118.26736763,33.91642
90239157,2016,2016-08-08,9565,2016-08-06,1515,015275,NA,6,2,5,1928,0,1,1,NA,2,060,I-405 S/B (SAN DIEGO FREEWAY),MARINE AVENUE,1056,N,N,B,-,Y,NA,NA,405,NA,NA,NA,NA,NA,S,Y,4,0,1,2,A,-,08,22107,NA,N,E,I,A,A,H,-,A,D,0,NA,NA,NA,NA,Y,NA,A,08,0,0,1,0,0,0,0,0,0,-,-,33.89745,-118.36971,LOS ANGELES,HAWTHORNE,-118.36977676,33.89741243
90239164,2016,2016-08-08,9530,2016-08-01,0210,20716,NA,1,3,9,1900,0,3,5,NA,2,001,FLORENCE AVE.,COMPTON AVE.,0,NA,Y,A,-,N,NA,NA,NA,NA,NA,NA,NA,NA,NA,N,3,0,1,2,A,-,17,21451,A,F,D,G,A,A,H,-,C,A,0,NA,Y,NA,NA,Y,NA,-,99,0,1,0,0,0,0,1,0,0,-,-,33.58291,-118.14518,LOS ANGELES,UNINCORPORATED,-118.24769007,33.97474009
90239198,2016,2016-08-08,9575,2016-08-04,1240,020771,NA,4,1,6,1925,0,1,1,NA,2,050,I-5 S/B (GOLDEN STATE FREEWAY),SONORA AVE.,500,S,N,A,-,Y,NA,NA,5,NA,NA,NA,NA,NA,S,Y,4,0,1,5,A,-,03,22350,NA,N,C,C,A,A,H,-,A,D,0,NA,NA,NA,NA,Y,NA,A,07,0,0,1,0,0,0,0,0,0,-,-,34.15946,-118.29226,LOS ANGELES,GLENDALE,-118.29231885,34.15942592
90239208,2016,2016-08-08,9530,2016-08-05,2050,020935,NA,5,2,7,1942,0,1,1,NA,2,400,I-405 S/B (SAN DIEGO FREEWAY),VERMONT AVE.,450,N,N,A,-,Y,NA,NA,405,NA,NA,NA,NA,NA,S,Y,4,0,1,2,A,-,03,22350,NA,N,C,C,A,A,H,-,C,D,0,NA,NA,NA,NA,Y,NA,A,01,0,0,1,0,0,0,0,0,0,-,-,33.8596,-118.2921,LOS ANGELES,LOS ANGELES,-118.29209575,33.85963411
90239213,2016,2016-08-08,9575,2016-07-31,1230,020771,NA,7,1,6,1925,0,1,1,NA,2,050,I-5 S/B (GOLDEN STATE FREEWAY),SONORA AVE.,525,S,N,A,-,Y,NA,NA,5,NA,NA,NA,NA,NA,S,Y,2,0,2,3,A,-,03,22350,NA,N,C,C,A,A,H,-,A,D,0,NA,NA,Y,NA,Y,NA,C,02,1,1,0,0,0,0,0,0,2,-,-,34.16029,-118.29282,LOS ANGELES,GLENDALE,-118.29281992,34.16029005