CASE_ID,ACCIDENT_YEAR,PROC_DATE,JURIS,COLLISION_DATE,COLLISION_TIME,OFFICER_ID,REPORTING_DISTRICT,DAY_OF_WEEK,CHP_SHIFT,POPULATION,CNTY_CITY_LOC,SPECIAL_COND,BEAT_TYPE,CHP_BEAT_TYPE,CITY_DIVISION_LAPD,CHP_BEAT_CLASS,BEAT_NUMBER,PRIMARY_RD,SECONDARY_RD,DISTANCE,DIRECTION,INTERSECTION,WEATHER_1,WEATHER_2,STATE_HWY_IND,CALTRANS_COUNTY,CALTRANS_DISTRICT,STATE_ROUTE,ROUTE_SUFFIX,POSTMILE_PREFIX,POSTMILE,LOCATION_TYPE,RAMP_INTERSECTION,SIDE_OF_HWY,TOW_AWAY,COLLISION_SEVERITY,NUMBER_KILLED,NUMBER_INJURED,PARTY_COUNT,PRIMARY_COLL_FACTOR,PCF_CODE_OF_VIOL,PCF_VIOL_CATEGORY,PCF_VIOLATION,PCF_VIOL_SUBSECTION,HIT_AND_RUN,TYPE_OF_COLLISION,MVIW,PED_ACTION,ROAD_SURFACE,ROAD_COND_1,ROAD_COND_2,LIGHTING,CONTROL_DEVICE,CHP_ROAD_TYPE,PEDESTRIAN_ACCIDENT,BICYCLE_ACCIDENT,MOTORCYCLE_ACCIDENT,TRUCK_ACCIDENT,NOT_PRIVATE_PROPERTY,ALCOHOL_INVOLVED,STWD_VEHTYPE_AT_FAULT,CHP_VEHTYPE_AT_FAULT,COUNT_SEVERE_INJ,COUNT_VISIBLE_INJ,COUNT_COMPLAINT_PAIN,COUNT_PED_KILLED,COUNT_PED_INJURED,COUNT_BICYCLIST_KILLED,COUNT_BICYCLIST_INJURED,COUNT_MC_KILLED,COUNT_MC_INJURED,PRIMARY_RAMP,SECONDARY_RAMP,LATITUDE,LONGITUDE,COUNTY,CITY,POINT_X,POINT_Y
90244346,2016,2016-08-15,9575,2016-08-01,1830,021047,NA,1,2,6,1925,0,1,3,NA,2,042,SR-134 E/B FROM HARVEY DR.,HARVEY DR.,485,E,N,A,-,Y,NA,NA,134,NA,NA,NA,R,NA,E,Y,3,0,2,2,A,-,03,22350,NA,N,C,C,A,A,H,-,A,A,0,NA,NA,NA,NA,Y,NA,A,07,0,2,0,0,0,0,0,0,0,-,-,34.1467,-118.22755,LOS ANGELES,GLENDALE,-118.22755,34.1467
90244357,2016,2016-08-15,9590,2016-08-12,1103,019008,NA,5,1,7,1942,0,1,2,NA,2,072,US-101 NB (HOLLYWOOD FREEWAY),WILTON PLACE,300,S,N,A,-,Y,NA,NA,101,NA,NA,NA,NA,NA,N,N,4,0,1,2,A,-,03,22350,NA,N,F,A,A,A,H,-,A,D,0,NA,NA,Y,NA,Y,NA,C,02,0,0,1,0,0,0,0,0,1,-,-,34.09583,-118.31236,LOS ANGELES,LOS ANGELES,-118.31235433,34.09583754
90244365,2016,2016-08-15,9590,2016-08-13,1640,019008,NA,6,2,7,1942,0,1,3,NA,2,095,SR-2 W/B (GLENDALE FREEWAY),ESTARA AVENUE,300,W,N,A,-,Y,NA,NA,2,NA,NA,NA,NA,NA,W,N,4,0,1,3,A,-,03,22350,NA,N,C,C,A,A,H,-,A,D,0,NA,NA,NA,NA,Y,NA,A,01,0,0,1,0,0,0,0,0,0,-,-,34.11553,-118.23982,LOS ANGELES,LOS ANGELES,-118.23983901,34.11556984
90244385,2016,2016-08-15,9575,2016-08-06,1517,020846,NA,6,2,7,1942,0,1,3,NA,2,043,SR-134 E/B (VENTURA FREEWAY),FOREST LAWN DR.,30,W,N,A,-,Y,NA,NA,134,NA,NA,NA,NA,NA,E,Y,4,0,2,2,A,-,03,22350,NA,N,C,C,A,A,H,-,A,D,0,NA,NA,NA,NA,Y,NA,A,07,0,0,2,0,0,0,0,0,0,-,-,34.15572,-118.30873,LOS ANGELES,LOS ANGELES,-118.30865121,34.15539043
90244421,2016,2016-08-15,9575,2016-08-07,1345,020030,NA,7,1,6,1953,0,1,1,NA,2,063,I-210 E/B (FOOTHILL FREEWAY),MOUNTAIN ST.,500,W,N,A,-,Y,NA,NA,210,NA,NA,NA,NA,NA,E,Y,4,0,1,3,A,-,03,22350,NA,N,C,C,A,A,H,-,A,D,0,NA,NA,NA,NA,Y,NA,A,01,0,0,1,0,0,0,0,0,0,-,-,34.16346,-118.15835,LOS ANGELES,PASADENA,-118.15847475,34.16347196
90244425,2016,2016-08-15,9575,2016-08-05,1900,020729,NA,5,2,9,1900,0,1,3,NA,2,301,SR-2 (ANGELES CREST HIGHWAY),MOUNT WILSON RED BOX RD,700,W,N,A,-,Y,NA,NA,2,NA,NA,NA,NA,NA,NA,N,3,0,1,1,A,-,16,27800,NA,N,H,A,A,A,H,-,A,D,0,NA,NA,Y,NA,Y,NA,C,02,0,1,0,0,0,0,0,0,1,-,-,34.26007,-118.10698,LOS ANGELES,UNINCORPORATED,-118.10698321,34.26006777
90244428,2016,2016-08-15,9575,2016-08-06,1540,020536,NA,6,2,6,1953,0,1,1,NA,2,064,I-210 E/B (FOOTHILL FREEWAY),SIERRA BONITA AVE,300,W,N,A,-,Y,NA,NA,210,NA,NA,NA,NA,NA,E,Y,4,0,3,2,A,-,03,22350,NA,N,C,C,A,A,H,-,A,D,0,NA,NA,NA,NA,Y,NA,A,01,0,0,3,0,0,0,0,0,0,-,-,34.15227,-118.11818,LOS ANGELES,PASADENA,-118.11817912,34.15215713
90244429,2016,2016-08-15,9575,2016-08-05,0520,020846,NA,5,3,6,1912,0,1,1,NA,2,051,I-5 N/B (GOLDEN STATE FREEWAY),ALAMEDA AVE.,491,S,N,B,-,Y,NA,NA,5,NA,NA,NA,NA,NA,N,Y,3,0,1,2,A,-,03,22350,NA,N,C,C,A,A,H,-,C,D,0,NA,NA,NA,Y,Y,NA,A,07,0,1,0,0,0,0,0,0,0,-,-,34.16823,-118.30123,LOS ANGELES,BURBANK,-118.3012654,34.16818137
90244467,2016,2016-08-15,9540,2016-08-04,0840,018513,NA,4,1,9,1900,0,1,3,NA,2,147,SR-14 S/B (ANTELOPE VALLEY FREEWAY),ESCONDIDO CANYON RD,5280,S,N,A,-,Y,NA,NA,14,NA,NA,NA,NA,NA,S,N,4,0,1,2,A,-,08,22107,NA,N,D,C,A,A,H,-,A,D,0,NA,NA,NA,NA,Y,NA,A,01,0,0,1,0,0,0,0,0,0,-,-,34.48031,-118.29375,LOS ANGELES,UNINCORPORATED,-118.2937517,34.48032892
90244475,2016,2016-08-15,9530,2016-08-12,1656,017755,NA,5,2,7,1941,0,1,1,NA,2,073,I-710 N/B (LONG BEACH FREEWAY),PACIFIC COAST HWY.,280,S,N,A,-,Y,NA,NA,NA,NA,NA,NA,NA,NA,NA,N,4,0,1,2,A,-,03,22350,NA,N,C,C,A,A,H,-,A,D,0,NA,NA,NA,NA,Y,NA,A,01,0,0,1,0,0,0,0,0,0,-,-,33.8251,-118.22209,LOS ANGELES,LONG BEACH,-118.20776112,33.78914238
90244478,2016,2016-08-15,9530,2016-08-11,0840,016110,NA,4,1,5,1943,0,1,1,NA,2,210,I-105 W/B (GLENN ANDERSON FWY),HARRIS AVE.,528,W,N,A,-,Y,NA,NA,105,NA,NA,NA,NA,NA,W,Y,3,0,1,1,A,-,08,22107,NA,N,E,I,A,A,H,-,A,D,0,NA,NA,NA,NA,Y,NA,A,01,0,1,0,0,0,0,0,0,0,-,-,33.919,-118.196,LOS ANGELES,LYNWOOD,-118.19601864,33.91895711
90244482,2016,2016-08-15,9535,2016-08-02,1055,016021,NA,2,1,9,1900,0,3,5,NA,2,002,4TH ST. (3700 BLOCK),ROWAN AVE.,0,NA,Y,A,-,N,NA,NA,NA,NA,NA,NA,NA,NA,NA,Y,4,0,1,2,A,-,12,22450,A,N,D,C,A,A,H,-,A,A,0,NA,NA,NA,NA,Y,NA,A,01,0,0,1,0,0,0,0,0,0,-,-,34.03225,-118.18738,LOS ANGELES,UNINCORPORATED,-118.18741009,34.03226006
90244496,2016,2016-08-15,9540,2016-08-08,0448,020634,NA,1,3,6,1985,0,3,5,NA,2,300,COMMERCE CENTER DR,INDUSTRY WAY,0,NA,Y,A,-,N,NA,NA,NA,NA,NA,NA,NA,NA,NA,N,4,0,1,2,A,-,12,21453,A,N,D,C,A,A,H,-,C,A,0,NA,NA,NA,NA,Y,NA,-,-,0,0,1,0,0,0,0,0,0,-,-,34.44957,-118.62608,LOS ANGELES,SANTA CLARITA,-118.62625003,34.44955007
90244498,2016,2016-08-15,9540,2016-08-06,1239,021214,NA,6,1,7,1942,0,1,1,NA,1,503,I-5 S/B (GOLDEN STATE FREEWAY),BALBOA BOULEVARD,900,N,N,A,-,Y,NA,NA,5,NA,NA,NA,NA,NA,S,Y,4,0,1,2,A,-,08,22107,NA,N,B,C,A,A,H,-,A,D,0,NA,NA,NA,NA,Y,NA,A,01,0,0,1,0,0,0,0,0,0,-,-,34.32159,-118.49738,LOS ANGELES,LOS ANGELES,-118.49741784,34.32152311
90244505,2016,2016-08-15,9540,2016-08-05,2305,020762,NA,5,3,9,1900,0,1,3,NA,1,138,SR-138 W/B (AVENUE D),269TH STREET WEST,30,W,N,A,-,N,NA,NA,138,NA,NA,NA,NA,NA,W,Y,3,0,1,1,A,-,08,22107,NA,N,E,I,A,A,H,-,D,D,0,NA,NA,NA,NA,Y,NA,A,01,0,1,0,0,0,0,0,0,0,-,-,34.77578,-118.60702,LOS ANGELES,UNINCORPORATED,-118.60702074,34.77572922
90244512,2016,2016-08-15,9540,2016-08-07,1640,020837,NA,7,2,9,1900,0,1,1,NA,2,509,I-5 S/B (GSF),TEMPLIN HWY,1320,S,N,A,-,Y,NA,NA,5,NA,NA,NA,NA,NA,S,Y,3,0,2,1,A,-,08,22107,NA,N,E,I,A,A,H,-,A,D,0,NA,NA,NA,NA,Y,NA,A,01,0,1,1,0,0,0,0,0,0,-,-,34.56135,-118.68143,LOS ANGELES,UNINCORPORATED,-118.68132216,34.5614864
90244514,2016,2016-08-15,9540,2016-08-08,1150,020255,NA,1,1,7,1942,0,1,1,NA,2,210,I-210 W/B (FOOTHILL FWY),YARNELL ST,750,E,N,A,-,Y,NA,NA,210,NA,NA,NA,NA,NA,W,Y,3,0,2,3,A,-,21,22106,NA,N,C,C,A,A,H,-,A,D,0,NA,NA,NA,Y,Y,NA,G,27,0,1,1,0,0,0,0,0,0,-,-,34.32324,-118.47661,LOS ANGELES,LOS ANGELES,-118.47660908,34.32322197
90244516,2016,2016-08-15,9525,2016-07-31,1745,020058,NA,7,2,6,1955,0,1,1,NA,2,109,I-10 W/B (SAN BERNARDINO FREEWAY),WHITE AVE,2700,W,N,A,-,Y,NA,NA,10,NA,NA,NA,NA,NA,W,Y,4,0,1,2,C,-,18,NA,NA,N,H,I,A,A,H,-,A,D,0,NA,NA,NA,NA,Y,NA,-,-,0,0,1,0,0,0,0,0,0,-,-,34.07185,-117.76885,LOS ANGELES,POMONA,-117.76886172,34.07177732
90244527,2016,2016-08-15,9540,2016-08-04,0745,018513,NA,4,1,9,1900,0,1,3,NA,2,147,SR-14 S/B (ANTELOPE VALLEY FREEWAY),SOLEDAD CANYON RD,1056,N,N,A,-,Y,NA,NA,14,NA,NA,NA,NA,NA,S,Y,2,0,2,2,A,-,08,22107,NA,N,D,C,A,A,H,-,A,D,0,NA,NA,Y,NA,Y,NA,A,01,1,1,0,0,0,0,0,0,1,-,-,34.43492,-118.38133,LOS ANGELES,UNINCORPORATED,-118.38130338,34.43483261
90244545,2016,2016-08-15,9535,2016-07-29,1325,020855,NA,5,1,5,1901,0,1,1,NA,2,420,I-10 (SAN BERNARDINO FREEWAY) E/B,NEW AVE,200,W,N,A,-,Y,NA,NA,10,NA,NA,NA,NA,NA,E,Y,4,0,1,3,A,-,03,22350,NA,N,C,C,A,A,H,-,A,D,0,NA,NA,NA,NA,Y,NA,A,01,0,0,1,0,0,0,0,0,0,-,-,34.07165,-118.10891,LOS ANGELES,ALHAMBRA,-118.10891003,34.07165415
90244551,2016,2016-08-15,9550,2016-08-04,0019,021274,NA,4,3,9,1900,0,2,4,NA,1,022,LEFFINGWELL RD.,LOMA DR.,32,W,N,A,-,N,NA,NA,NA,NA,NA,NA,NA,NA,NA,N,3,0,1,2,A,-,12,21453,A,N,G,B,A,A,H,-,C,A,0,NA,NA,NA,NA,Y,NA,M,94,0,1,0,0,0,0,0,0,0,-,-,33.92186,-118.03367,LOS ANGELES,UNINCORPORATED,-118.03367114,33.92173573
90244553,2016,2016-08-15,9535,2016-07-28,0039,021154,NA,4,3,6,1922,0,1,1,NA,2,401,I-10 (SAN BERNARDINO FREEWAY) W/B,DURFEE AVE,700,E,N,A,-,Y,NA,NA,10,NA,NA,NA,NA,NA,W,Y,3,0,1,1,A,-,01,23152,A,M,E,I,A,A,H,-,D,D,0,NA,NA,NA,NA,Y,Y,A,01,0,1,0,0,0,0,0,0,0,-,-,34.06429,-118.00862,LOS ANGELES,EL MONTE,-118.00862312,34.0641379
90244554,2016,2016-08-15,9530,2016-08-14,1835,020583,NA,7,2,9,1900,0,3,5,NA,2,001,HOOPER AVE.,93RD ST.,0,NA,Y,A,-,N,NA,NA,NA,NA,NA,NA,NA,NA,NA,Y,4,0,1,2,A,-,09,21801,A,N,D,C,A,A,H,-,A,D,0,NA,NA,NA,NA,Y,NA,A,01,0,0,1,0,0,0,0,0,0,-,-,33.95209,-118.25404,LOS ANGELES,UNINCORPORATED,-118.25402001,33.95210011
90244575,2016,2016-08-15,9550,2016-08-06,0835,021185,NA,6,1,9,1900,0,2,4,NA,1,022,LEFFINGWELL ROAD,IMPERIAL HIGHWAY,0,NA,Y,B,-,N,NA,NA,NA,NA,NA,NA,NA,NA,NA,Y,4,0,1,2,A,-,12,21453,A,N,D,C,A,A,H,-,A,A,0,NA,NA,NA,NA,Y,NA,-,-,0,0,1,0,0,0,0,0,0,-,-,33.91692,-118.05012,LOS ANGELES,UNINCORPORATED,-118.05015002,33.91689011
90244583,2016,2016-08-15,9550,2016-08-04,1935,021129,NA,4,2,3,1903,0,1,3,NA,2,092,STATE ROUTE-91 W/B,PIONEER BOULEVARD,280,E,N,A,-,Y,NA,NA,91,NA,NA,NA,NA,NA,W,Y,4,0,2,2,A,-,03,22350,NA,N,C,C,A,A,H,-,A,D,0,NA,NA,NA,NA,Y,NA,A,01,0,0,2,0,0,0,0,0,0,-,-,33.87661,-118.08127,LOS ANGELES,ARTESIA,-118.08126945,33.87646155
9024461,2019,2020-02-12,1900,2019-12-03,1355,626466,1617,2,5,5,1977,0,0,0,NA,0,168T,FIGUEROA ST,223RD ST,0,NA,Y,A,-,N,NA,NA,NA,NA,NA,NA,NA,NA,NA,Y,4,0,1,4,A,-,12,21453,A,N,D,C,A,A,H,-,A,A,0,NA,NA,NA,NA,Y,NA,D,22,0,0,1,0,0,0,0,0,0,-,-,33.824501037597656,-118.28600311279295,LOS ANGELES,CARSON,-118.2861099243164,33.82442092895508
90244619,2016,2016-08-15,9530,2016-08-14,1113,020349,NA,7,1,5,1977,0,1,1,NA,2,410,I-405 N/B (SAN DIEGO FREEWAY),I-110,1000,S,N,A,-,Y,NA,NA,405,NA,NA,NA,NA,NA,N,Y,4,0,1,2,A,-,08,22107,NA,N,D,C,A,A,H,-,A,D,0,NA,NA,NA,NA,Y,NA,A,01,0,0,1,0,0,0,0,0,0,-,-,33.85421,-118.2814,LOS ANGELES,CARSON,-118.28137623,33.85423506
90244633,2016,2016-08-15,9535,2016-08-03,0248,020673,NA,3,3,3,1914,0,1,1,NA,2,501,I-5 (SANTA ANA FREEWAY) S/B,SLAUSON AVE.,290,S,N,A,-,Y,NA,NA,5,NA,NA,NA,NA,NA,S,Y,3,0,1,1,A,-,08,22107,NA,N,E,I,A,A,H,-,C,D,0,NA,NA,NA,NA,Y,NA,A,01,0,1,0,0,0,0,0,0,0,-,-,33.97335,-118.12368,LOS ANGELES,COMMERCE,-118.12370171,33.97333958
90244654,2016,2016-08-15,9550,2016-08-05,1956,021107,NA,5,2,9,1900,0,1,1,NA,2,650,I-605 SOUTHBOUND,SARAGOSA STREET,870,N,N,A,-,Y,NA,NA,605,NA,NA,NA,NA,NA,S,Y,4,0,3,2,A,-,08,22107,NA,N,E,I,A,A,H,-,B,D,0,NA,NA,NA,Y,Y,NA,A,01,0,0,3,0,0,0,0,0,0,-,-,33.97638,-118.07934,LOS ANGELES,UNINCORPORATED,-118.07934421,33.97638162
9024466,2019,2020-01-17,1942,2019-11-23,1140,30830,1651,6,5,7,1942,0,0,0,P,0,16A51,BRANFORD ST,AMBOY AV,175,E,N,A,-,N,NA,NA,NA,NA,NA,NA,NA,NA,NA,N,4,0,3,5,A,-,03,22350,NA,N,B,E,A,A,H,-,A,D,0,NA,NA,NA,NA,Y,NA,A,01,0,0,3,0,0,0,0,0,0,-,-,NA,NA,LOS ANGELES,LOS ANGELES,-118.41112518310548,34.242427825927734
90244712,2016,2016-08-15,9550,2016-08-05,1220,021202,NA,5,1,9,1900,0,1,1,NA,2,650,INTERSTATE 605 S/B,SARAGOSA ST,1400,N,N,A,-,Y,NA,NA,605,NA,NA,NA,NA,NA,S,Y,4,0,1,4,A,-,03,22350,NA,F,C,C,A,A,H,-,A,D,0,NA,NA,NA,NA,Y,NA,A,07,0,0,1,0,0,0,0,0,0,-,-,33.98178,-118.07491,LOS ANGELES,UNINCORPORATED,-118.07491661,33.98178607
90244725,2016,2016-08-15,9530,2016-08-13,2020,021007,NA,6,2,9,1900,0,3,5,NA,2,002,AVALON BLVD.,REDONDO BEACH BLVD.,0,NA,Y,B,-,N,NA,NA,NA,NA,NA,NA,NA,NA,NA,Y,4,0,1,2,A,-,01,23152,A,N,D,C,A,A,H,-,C,D,0,NA,NA,NA,NA,Y,Y,A,07,0,0,1,0,0,0,0,0,0,-,-,33.53353,-118.1555,LOS ANGELES,UNINCORPORATED,-118.26540004,33.89322008
90244755,2016,2016-08-15,9545,2016-08-05,2050,020655,NA,5,2,6,1950,0,1,3,NA,2,021,SR-14 N/B,AVENUE N,2006,S,N,A,-,Y,NA,NA,14,NA,NA,NA,NA,NA,N,Y,3,0,4,2,A,-,03,22350,NA,N,C,C,A,A,H,-,D,D,0,NA,NA,NA,NA,Y,NA,D,22,0,1,3,0,0,0,0,0,0,-,-,34.62553,-118.15311,LOS ANGELES,PALMDALE,-118.15301765,34.6255292
9024477,2019,2020-02-14,1900,2019-12-11,1515,626466,1622,3,5,5,1977,0,0,0,NA,0,168T,ALAMEDA ST,DOMINGUEZ ST,225,N,N,A,-,N,NA,NA,NA,NA,NA,NA,NA,NA,NA,N,4,0,1,2,A,-,03,22350,NA,N,C,C,A,A,H,-,A,D,0,NA,NA,NA,NA,Y,NA,A,01,0,0,1,0,0,0,0,0,0,-,-,NA,NA,LOS ANGELES,CARSON,-118.2229232788086,33.83980941772461
90244819,2016,2016-08-15,9540,2016-08-10,1409,019669,NA,3,2,7,1942,0,1,1,NA,2,406,I-405 N/B (SAN DIEGO FREEWAY),I-5 (GOLDEN STATE FREEWAY),1320,S,N,A,-,Y,NA,NA,405,NA,NA,NA,NA,NA,N,Y,4,0,1,3,A,-,03,22350,NA,N,C,C,A,A,H,-,A,D,0,NA,NA,NA,NA,Y,NA,A,01,0,0,1,0,0,0,0,0,0,-,-,34.28853,-118.46747,LOS ANGELES,LOS ANGELES,-118.46742768,34.28852596
9024482,2019,2020-02-18,1942,2019-12-19,0820,38502,1307,4,5,7,1942,0,0,0,M,0,13A9,STANFORD AV,AGATHA ST,15,S,N,A,-,N,NA,NA,NA,NA,NA,NA,NA,NA,NA,N,4,0,1,2,A,-,05,21650,NA,N,A,G,A,A,H,-,A,D,0,NA,Y,NA,NA,Y,NA,-,-,0,0,1,0,0,0,1,0,0,-,-,NA,NA,LOS ANGELES,LOS ANGELES,-118.24567413330078,34.037818908691406
90244824,2016,2016-08-15,9545,2016-08-07,1313,018353,NA,7,1,9,1900,0,3,5,NA,2,004,90TH ST EAST,AVE Q-4,282,N,N,A,-,N,NA,NA,NA,NA,NA,NA,NA,NA,NA,N,3,0,1,2,A,-,11,21954,A,N,G,B,D,A,H,-,A,D,0,Y,NA,NA,NA,Y,NA,N,60,0,1,0,0,1,0,0,0,0,-,-,34.58427,-117.96925,LOS ANGELES,UNINCORPORATED,-117.96927851,34.58420266
9024483,2019,2020-02-12,1942,2019-12-12,2210,43333,0508,4,5,7,1942,0,0,0,E,0,5A1W3,WESTERN AV,SEPULVEDA BL,50,W,N,A,-,N,NA,NA,NA,NA,NA,NA,NA,NA,NA,Y,2,0,1,2,A,-,03,22350,NA,F,C,C,A,A,H,-,C,A,0,NA,NA,NA,NA,Y,NA,A,01,1,0,0,0,0,0,0,0,0,-,-,NA,NA,LOS ANGELES,LOS ANGELES,-118.30892944335938,33.81696319580078
9024484,2019,2020-02-12,1942,2019-12-18,1010,41210,0719,3,5,7,1942,0,0,0,G,0,27TL23,BEVERLY BL,LARCHMONT BL,18,W,N,A,-,N,NA,NA,NA,NA,NA,NA,NA,NA,NA,N,4,0,2,2,A,-,03,22350,NA,F,C,C,A,A,H,-,A,A,0,NA,NA,NA,NA,Y,NA,-,NA,0,0,2,0,0,0,0,0,0,-,-,NA,NA,LOS ANGELES,LOS ANGELES,-118.32369232177734,34.07622146606445
90244850,2016,2016-08-15,9590,2016-08-12,1600,017932,NA,5,2,7,1942,0,1,1,NA,2,060,I-10 EASTBOUND (SANTA MONICA FREEWAY),WEST BOULEVARD,50,E,N,A,-,Y,NA,NA,NA,NA,NA,NA,NA,NA,NA,Y,4,0,2,2,A,-,03,22350,NA,N,C,C,A,A,H,-,A,D,0,NA,NA,NA,NA,Y,NA,A,07,0,0,2,0,0,0,0,0,0,-,-,34.2511,-118.2021,LOS ANGELES,LOS ANGELES,-118.33997532,34.03467137
9024486,2019,2020-02-18,1942,2019-12-14,0810,40275,1313,6,5,7,1942,0,0,0,M,0,13A13,S SAN PEDRO ST,EAST WASHINGTON BL,0,NA,Y,B,-,N,NA,NA,NA,NA,NA,NA,NA,NA,NA,Y,3,0,2,2,A,-,12,21453,A,N,D,C,A,A,H,-,A,A,0,NA,NA,NA,NA,Y,NA,-,-,0,1,1,0,0,0,0,0,0,-,-,NA,NA,LOS ANGELES,LOS ANGELES,-118.25745391845705,34.027618408203125
9024487,2019,2020-02-12,1942,2019-12-23,0830,34959,0839,1,5,7,1942,0,0,0,H,0,8A95,AVENUE OF THE STARS,CONSTELLATION BL,0,NA,Y,C,-,N,NA,NA,NA,NA,NA,NA,NA,NA,NA,Y,4,0,1,2,A,-,09,21800,D,N,D,C,A,B,D,-,A,B,0,NA,NA,NA,NA,Y,NA,-,-,0,0,1,0,0,0,0,0,0,-,-,NA,NA,LOS ANGELES,LOS ANGELES,-118.41601,34.05859
9024488,2019,2020-02-26,1942,2019-12-18,1450,37966,0713,3,5,7,1942,0,0,0,G,0,7A1,N ORANGE GROVE AV,ROSEWOOD AV,310,S,N,A,-,N,NA,NA,NA,NA,NA,NA,NA,NA,NA,N,4,0,1,3,C,-,18,NA,NA,N,B,E,E,A,H,-,A,D,0,Y,NA,NA,NA,Y,NA,-,-,0,0,1,0,1,0,0,0,0,-,-,NA,NA,LOS ANGELES,LOS ANGELES,-118.36040496826172,34.07933044433594
90244892,2016,2016-08-15,9530,2016-08-13,0035,020714,NA,6,3,9,1900,0,3,5,NA,2,001,GAGE AVE.,HOLMES AVE.,0,NA,Y,A,-,N,NA,NA,NA,NA,NA,NA,NA,NA,NA,N,4,0,2,2,A,-,03,22350,NA,M,C,C,A,A,H,-,C,D,0,NA,NA,NA,NA,Y,NA,-,99,0,0,2,0,0,0,0,0,0,-,-,33.98202,-118.24117,LOS ANGELES,UNINCORPORATED,-118.24121001,33.98200005
9024490,2019,2020-02-08,1942,2019-12-14,2342,33452,1309,6,5,7,1942,0,0,0,M,0,13A9,E 14TH ST,LAWRENCE ST,0,NA,Y,A,-,N,NA,NA,NA,NA,NA,NA,NA,NA,NA,Y,4,0,1,2,A,-,09,21801,A,F,A,C,A,A,H,-,C,D,0,NA,NA,NA,NA,Y,NA,-,99,0,0,1,0,0,0,0,0,0,-,-,NA,NA,LOS ANGELES,LOS ANGELES,-118.237060546875,34.024940490722656
90244900,2016,2016-08-15,9525,2016-07-30,1150,018992,NA,6,1,5,1906,0,1,1,NA,2,651,I-605 S/B (SAN GABRIEL RIVER FREEWAY),RAMONA BLVD,400,S,N,A,-,Y,NA,NA,605,NA,NA,NA,NA,NA,S,N,3,0,2,4,A,-,03,22350,NA,N,C,C,A,A,H,-,A,D,0,NA,NA,NA,NA,Y,NA,A,01,0,1,1,0,0,0,0,0,0,-,-,34.07426,-117.99903,LOS ANGELES,BALDWIN PARK,-117.99907128,34.07427501
9024491,2019,2020-02-12,1942,2019-12-14,1600,38251,0827,6,5,7,1942,0,0,0,H,0,8A13,MONTANA AV,S WESTGATE AV,203,E,N,B,-,N,NA,NA,NA,NA,NA,NA,NA,NA,NA,Y,3,0,1,3,A,-,05,21651,A,N,D,E,A,A,H,-,A,D,0,NA,NA,NA,NA,Y,NA,A,01,0,1,0,0,0,0,0,0,0,-,-,NA,NA,LOS ANGELES,LOS ANGELES,-118.46977996826172,34.05278396606445
9024492,2019,2020-02-12,1942,2019-12-31,1640,43887,0733,2,5,7,1942,0,0,0,G,0,20A44,WILSHIRE BL,STANLEY AV,0,NA,Y,A,-,N,NA,NA,NA,NA,NA,NA,NA,NA,NA,N,3,0,1,2,A,-,05,21460,A,N,B,C,A,A,H,-,A,A,0,NA,NA,Y,NA,Y,NA,C,03,0,1,0,0,0,0,0,0,1,-,-,NA,NA,LOS ANGELES,LOS ANGELES,-118.3559112548828,34.062469482421875
90244923,2016,2016-08-15,9535,2016-08-03,2230,021078,NA,3,3,9,1900,0,1,3,NA,2,066,SR-164 (ROSEMEAD BLVD.),GALLATIN RD,350,N,N,A,-,N,NA,NA,164,NA,NA,NA,NA,NA,NA,Y,3,0,1,1,A,-,08,22107,NA,N,E,I,A,A,H,-,C,D,0,NA,NA,NA,NA,Y,NA,A,01,0,1,0,0,0,0,0,0,0,-,-,34.01802,-118.07848,LOS ANGELES,UNINCORPORATED,-118.07840178,34.017967
9024493,2019,2020-02-11,1942,2019-12-24,1140,37505,1381,2,5,7,1942,0,0,0,M,0,13A93,S BROADWAY,W SLAUSON AV,38,S,N,A,-,N,NA,NA,NA,NA,NA,NA,NA,NA,NA,N,4,0,1,2,A,-,04,21703,NA,F,C,C,A,A,H,-,A,A,0,NA,NA,NA,NA,Y,NA,-,99,0,0,1,0,0,0,0,0,0,-,-,NA,NA,LOS ANGELES,LOS ANGELES,-118.2782974243164,33.98907470703125
9024494,2019,2020-02-18,1942,2019-12-14,2000,40730,1363,6,5,7,1942,0,0,0,M,0,13A61,CENTRAL AV,55TH ST,0,NA,Y,A,-,N,NA,NA,NA,NA,NA,NA,NA,NA,NA,N,4,0,1,2,A,-,10,21950,A,F,G,B,B,A,H,-,C,A,0,Y,NA,NA,NA,Y,NA,-,-,0,0,1,0,1,0,0,0,0,-,-,NA,NA,LOS ANGELES,LOS ANGELES,-118.25646209716795,33.99298858642578
9024495,2019,2020-02-12,1942,2019-12-17,2030,42815,0827,2,5,7,1942,0,0,0,H,0,NA,BARRINGTON AV,MONTANA AV,0,NA,Y,A,-,N,NA,NA,NA,NA,NA,NA,NA,NA,NA,N,4,0,1,2,A,-,06,21755,A,F,B,B,A,A,H,-,C,A,0,NA,NA,NA,NA,Y,NA,-,NA,0,0,1,0,0,0,0,0,0,-,-,NA,NA,LOS ANGELES,LOS ANGELES,-118.46714782714844,34.05493927001953