CASE_ID,ACCIDENT_YEAR,PROC_DATE,JURIS,COLLISION_DATE,COLLISION_TIME,OFFICER_ID,REPORTING_DISTRICT,DAY_OF_WEEK,CHP_SHIFT,POPULATION,CNTY_CITY_LOC,SPECIAL_COND,BEAT_TYPE,CHP_BEAT_TYPE,CITY_DIVISION_LAPD,CHP_BEAT_CLASS,BEAT_NUMBER,PRIMARY_RD,SECONDARY_RD,DISTANCE,DIRECTION,INTERSECTION,WEATHER_1,WEATHER_2,STATE_HWY_IND,CALTRANS_COUNTY,CALTRANS_DISTRICT,STATE_ROUTE,ROUTE_SUFFIX,POSTMILE_PREFIX,POSTMILE,LOCATION_TYPE,RAMP_INTERSECTION,SIDE_OF_HWY,TOW_AWAY,COLLISION_SEVERITY,NUMBER_KILLED,NUMBER_INJURED,PARTY_COUNT,PRIMARY_COLL_FACTOR,PCF_CODE_OF_VIOL,PCF_VIOL_CATEGORY,PCF_VIOLATION,PCF_VIOL_SUBSECTION,HIT_AND_RUN,TYPE_OF_COLLISION,MVIW,PED_ACTION,ROAD_SURFACE,ROAD_COND_1,ROAD_COND_2,LIGHTING,CONTROL_DEVICE,CHP_ROAD_TYPE,PEDESTRIAN_ACCIDENT,BICYCLE_ACCIDENT,MOTORCYCLE_ACCIDENT,TRUCK_ACCIDENT,NOT_PRIVATE_PROPERTY,ALCOHOL_INVOLVED,STWD_VEHTYPE_AT_FAULT,CHP_VEHTYPE_AT_FAULT,COUNT_SEVERE_INJ,COUNT_VISIBLE_INJ,COUNT_COMPLAINT_PAIN,COUNT_PED_KILLED,COUNT_PED_INJURED,COUNT_BICYCLIST_KILLED,COUNT_BICYCLIST_INJURED,COUNT_MC_KILLED,COUNT_MC_INJURED,PRIMARY_RAMP,SECONDARY_RAMP,LATITUDE,LONGITUDE,COUNTY,CITY,POINT_X,POINT_Y
9024524,2019,2020-02-12,1942,2019-12-03,0615,30452,1676,2,5,7,1942,0,0,0,P,0,16A77,GLENOAKS BL,LANARK ST,0,NA,Y,B,-,N,NA,NA,NA,NA,NA,NA,NA,NA,NA,Y,4,0,2,2,A,-,09,21801,A,N,D,C,A,A,H,-,C,A,0,NA,NA,NA,NA,Y,NA,A,07,0,0,2,0,0,0,0,0,0,-,-,NA,NA,LOS ANGELES,LOS ANGELES,-118.35455322265624,34.21834945678711
90245249,2016,2016-08-15,9525,2016-08-01,0130,020907,NA,1,3,1,1934,0,1,1,NA,2,204,I-210 E/B (FOOTHILL FREEWAY),VERNON AVE,400,W,N,A,-,Y,NA,NA,NA,NA,NA,NA,NA,NA,NA,Y,3,0,3,3,A,-,07,21658,A,N,B,C,A,A,H,-,C,D,0,NA,NA,NA,NA,Y,NA,A,01,0,1,2,0,0,0,0,0,0,-,-,34.12617,-117.91655,LOS ANGELES,IRWINDALE,-117.91697182,34.12692878
9024525,2019,2020-02-11,1942,2019-12-04,1420,34458,1385,3,5,7,1942,0,0,0,M,0,13A85,E SLAUSON AV,S CENTRAL AV,300,W,N,B,-,N,NA,NA,NA,NA,NA,NA,NA,NA,NA,N,4,0,1,2,A,-,04,21703,NA,N,C,C,A,B,H,-,A,D,0,NA,NA,NA,NA,Y,NA,A,01,0,0,1,0,0,0,0,0,0,-,-,NA,NA,LOS ANGELES,LOS ANGELES,-118.2574462890625,33.98932647705078
9024526,2019,2020-02-08,1942,2019-12-12,1635,42641,1258,4,5,7,1942,0,0,0,L,0,12X42,79TH ST,SAN PEDRO,0,NA,Y,A,-,N,NA,NA,NA,NA,NA,NA,NA,NA,NA,N,3,0,1,2,A,-,09,21800,NA,N,G,G,A,A,H,-,A,A,0,NA,Y,NA,NA,Y,NA,A,01,0,1,0,0,0,0,1,0,0,-,-,NA,NA,LOS ANGELES,LOS ANGELES,-118.26954650878906,33.96786880493164
9024527,2019,2020-02-12,1942,2019-12-20,1335,38251,0825,5,5,7,1942,0,0,0,H,0,8A13,S BUNDY DR,ROSE MARIE LN,0,NA,Y,A,-,N,NA,NA,NA,NA,NA,NA,NA,NA,NA,Y,3,0,1,2,A,-,09,21802,A,N,D,C,A,A,H,-,A,A,0,NA,NA,NA,NA,Y,NA,A,07,0,1,0,0,0,0,0,0,0,-,-,NA,NA,LOS ANGELES,LOS ANGELES,-118.4761962890625,34.05638122558594
90245275,2016,2016-08-15,9565,2016-07-19,2200,020264,NA,2,3,9,1900,0,3,5,NA,2,003,MOUNT VERNON DR,ANGELES VISTA BLVD,65,E,N,A,-,N,NA,NA,NA,NA,NA,NA,NA,NA,NA,N,3,0,1,2,A,-,06,21755,NA,N,B,C,A,A,H,-,C,D,0,NA,Y,NA,NA,Y,Y,L,04,0,1,0,0,0,0,1,0,0,-,-,34.00298,-118.33436,LOS ANGELES,UNINCORPORATED,-118.33449432,34.00302579
9024528,2019,2020-02-12,1942,2019-12-05,0945,39672,1642,4,5,7,1942,0,0,0,P,0,16A81,VAN NUYS BL,HADDON AV,120,E,N,A,-,N,NA,NA,NA,NA,NA,NA,NA,NA,NA,N,4,0,1,2,A,-,09,21804,A,N,D,C,A,A,H,-,A,D,0,NA,NA,NA,NA,Y,NA,A,07,0,0,1,0,0,0,0,0,0,-,-,NA,NA,LOS ANGELES,LOS ANGELES,-118.42854309082033,34.261409759521484
9024529,2019,2020-02-11,1942,2019-12-14,0815,39745,1371,6,5,7,1942,0,0,0,M,0,24MQ29,BROADWAY,SLAUSON AV,52,S,N,B,-,N,NA,NA,NA,NA,NA,NA,NA,NA,NA,Y,3,0,2,2,A,-,05,21460,A,F,B,C,A,A,H,-,A,D,0,NA,NA,NA,NA,Y,NA,A,01,0,1,1,0,0,0,0,0,0,-,-,NA,NA,LOS ANGELES,LOS ANGELES,-118.2782974243164,33.989036560058594
90245290,2016,2016-08-15,9525,2016-08-12,1540,020341,NA,5,2,5,1926,0,1,1,NA,2,206,I-210 E/B (FOOTHILL FREEWAY),AMELIA AVE,50,W,N,A,-,Y,NA,NA,210,NA,NA,NA,NA,NA,E,N,4,0,1,2,A,-,03,22350,NA,N,C,C,A,A,H,-,A,D,0,NA,NA,NA,NA,Y,NA,A,01,0,0,1,0,0,0,0,0,0,-,-,34.1202,-117.82102,LOS ANGELES,GLENDORA,-117.82101887,34.12021165
9024530,2019,2020-02-08,1942,2019-12-15,2110,35869,1263,7,5,7,1942,0,0,0,L,0,12A73,MANCHESTER AV,GRAMERCY PL,5,W,N,A,-,N,NA,NA,NA,NA,NA,NA,NA,NA,NA,N,3,0,1,2,A,-,10,21950,A,N,G,B,B,A,H,-,C,A,0,Y,NA,NA,NA,Y,NA,A,01,0,1,0,0,1,0,0,0,0,-,-,NA,NA,LOS ANGELES,LOS ANGELES,-118.31340026855467,33.9599609375
9024531,2019,2020-02-12,1942,2019-12-17,2125,42618,0848,2,5,7,1942,0,0,0,H,0,8A95,AVENUE OF THE STARS,EMPYREAN WY,0,NA,Y,A,-,N,NA,NA,NA,NA,NA,NA,NA,NA,NA,N,3,0,2,2,A,-,09,21802,A,N,D,C,A,A,H,-,C,A,0,NA,NA,NA,NA,Y,NA,A,01,0,1,1,0,0,0,0,0,0,-,-,NA,NA,LOS ANGELES,LOS ANGELES,-118.41032,34.05285
90245314,2016,2016-10-12,9565,2016-07-24,0430,021134,NA,7,3,9,1900,0,2,4,NA,2,022,NORMANDIE AVE,89TH ST,4,N,N,A,-,N,NA,NA,NA,NA,NA,NA,NA,NA,NA,Y,2,0,1,1,A,-,08,22107,NA,F,E,I,A,A,H,-,C,A,0,NA,NA,NA,NA,Y,NA,A,01,1,0,0,0,0,0,0,0,0,-,-,33.95688,-118.30022,LOS ANGELES,UNINCORPORATED,-118.30026,33.95686097
9024532,2019,2020-02-12,1942,2019-12-10,1335,40291,1667,2,5,7,1942,0,0,0,P,0,16A77,GLENOAKS BL N,SHELDON ST,70,N,N,A,-,N,NA,NA,NA,NA,NA,NA,NA,NA,NA,N,4,0,1,2,A,-,21,22106,NA,N,C,C,A,A,H,-,A,A,0,NA,NA,NA,NA,Y,NA,A,01,0,0,1,0,0,0,0,0,0,-,-,NA,NA,LOS ANGELES,LOS ANGELES,-118.38408660888672,34.246578216552734
9024533,2019,2020-02-11,1942,2019-12-04,1720,40865,1377,3,5,7,1942,0,0,0,M,0,13A75,S ALAMEDA ST,E 55TH ST,0,NA,Y,A,-,N,NA,NA,NA,NA,NA,NA,NA,NA,NA,N,4,0,1,2,A,-,03,22350,NA,N,C,C,A,A,H,-,C,D,0,NA,NA,NA,NA,Y,NA,A,01,0,0,1,0,0,0,0,0,0,-,-,NA,NA,LOS ANGELES,LOS ANGELES,-118.23825073242188,33.99296951293945
9024534,2019,2020-02-08,1942,2019-12-15,1518,43828,1205,7,5,7,1942,0,0,0,L,0,12A45,NORMANDIE AV,51ST ST,0,NA,Y,A,G,N,NA,NA,NA,NA,NA,NA,NA,NA,NA,N,3,0,2,3,A,-,10,21950,A,N,G,B,B,A,H,-,A,A,0,Y,NA,NA,NA,Y,NA,A,01,0,1,1,0,2,0,0,0,0,-,-,NA,NA,LOS ANGELES,LOS ANGELES,-118.3001708984375,33.99686050415039
90245342,2016,2016-08-15,9575,2016-08-10,0730,020182,NA,3,1,6,1925,0,1,3,NA,2,042,SR-134 E/B (VENTURA FREEWAY),VERDUGO RD.,10,W,N,A,-,Y,NA,NA,134,NA,NA,NA,NA,NA,E,Y,3,0,1,2,A,-,03,22350,NA,N,C,C,A,A,H,-,A,D,0,NA,NA,NA,NA,Y,NA,A,01,0,1,0,0,0,0,0,0,0,-,-,34.15243,-118.23692,LOS ANGELES,GLENDALE,-118.23689214,34.15246699
9024535,2019,2020-02-12,1942,2019-12-26,1055,40899,0854,4,5,7,1942,0,0,0,H,0,8A35,SANTA MONICA BL,COTNER AV,0,NA,Y,A,-,N,NA,NA,NA,NA,NA,NA,NA,NA,NA,Y,3,0,2,2,A,-,07,21658,A,N,B,C,A,A,H,-,A,D,0,NA,NA,NA,NA,Y,NA,A,07,0,1,1,0,0,0,0,0,0,-,-,NA,NA,LOS ANGELES,LOS ANGELES,-118.4460678100586,34.047119140625
90245352,2016,2016-08-15,9525,2016-07-31,2125,021097,NA,7,2,5,1906,0,1,1,NA,2,104,I-10 E/B (SAN BERNARDINO FREEWAY),MERCED AVE,75,E,N,A,-,Y,NA,NA,NA,NA,NA,NA,NA,NA,NA,Y,3,0,1,2,A,-,07,21658,A,M,C,C,A,A,H,-,C,D,0,NA,NA,NA,NA,Y,NA,A,01,0,1,0,0,0,0,0,0,0,-,-,34.07183,-117.94466,LOS ANGELES,BALDWIN PARK,NA,NA
9024536,2019,2020-02-12,1942,2019-12-02,0800,39157,1656,1,5,7,1942,0,0,0,P,0,NA,FOOTHILL BL,FLORALITA AV,30,W,N,A,-,N,NA,NA,NA,NA,NA,NA,NA,NA,NA,NA,4,0,1,1,A,-,03,22350,NA,N,E,I,A,A,H,-,A,D,0,NA,NA,Y,NA,Y,NA,C,03,0,0,1,0,0,0,0,0,1,-,-,NA,NA,LOS ANGELES,LOS ANGELES,-118.31854248046876,34.259700775146484
9024537,2019,2020-02-14,1942,2019-12-05,1800,34458,1303,4,5,7,1942,0,0,0,M,0,13A13,CROCKER ST,E 9TH ST,0,NA,Y,A,-,N,NA,NA,NA,NA,NA,NA,NA,NA,NA,N,4,0,3,2,A,-,09,21802,A,N,D,C,A,A,H,-,C,A,0,NA,NA,NA,NA,Y,NA,A,01,0,0,3,0,0,0,0,0,0,-,-,NA,NA,LOS ANGELES,LOS ANGELES,-118.24928283691406,34.03633117675781
90245373,2016,2016-08-15,9565,2016-07-31,1935,021134,NA,7,2,5,1965,0,1,1,NA,2,082,I-10 W/B (SANTA MONICA FWY),11TH ST,100,E,N,A,-,Y,NA,NA,10,NA,NA,NA,NA,NA,W,Y,4,0,2,2,A,-,03,22350,NA,M,C,C,A,A,H,-,C,D,0,NA,NA,NA,NA,Y,NA,A,01,0,0,2,0,0,0,0,0,0,-,-,34.01716,-118.48244,LOS ANGELES,SANTA MONICA,-118.48244481,34.01716567
90245374,2016,2016-08-16,9575,2016-08-10,1630,018450,NA,3,2,6,1925,0,1,3,NA,2,090,SR-2 W/B (GLENDALE FREEWAY),FERN LN,100,W,N,A,-,Y,NA,NA,2,NA,NA,NA,NA,NA,W,Y,3,0,1,2,A,-,07,21658,A,N,B,C,A,A,H,-,A,D,0,NA,NA,NA,NA,Y,NA,A,07,0,1,0,0,0,0,0,0,0,-,-,34.16848,-118.22358,LOS ANGELES,GLENDALE,-118.223724,34.16852592
90245375,2016,2016-08-16,9525,2016-08-02,0520,015445,NA,2,3,4,1913,0,1,1,NA,2,119,I-10 W/B (SAN BERNARDINO FREEWAY),COLLEGE AVE. PED U/C,212,E,N,B,-,Y,NA,NA,NA,NA,NA,NA,NA,NA,NA,Y,3,0,1,2,A,-,07,21658,A,N,B,C,A,A,H,-,A,D,0,NA,NA,Y,NA,Y,NA,A,01,0,1,0,0,0,0,0,0,1,-,-,34.12016,-117.71262,LOS ANGELES,CLAREMONT,NA,NA
90245379,2016,2016-08-16,9565,2016-08-05,1147,020468,NA,5,1,4,1918,0,1,3,NA,2,070,SR-90 W/B,SEPULVEDA BLVD,300,E,N,B,-,Y,NA,NA,90,NA,NA,NA,NA,NA,W,Y,4,0,2,2,A,-,08,22107,NA,N,B,C,A,A,H,-,A,D,0,NA,NA,NA,NA,Y,NA,A,01,0,0,2,0,0,0,0,0,0,-,-,33.98743,-118.39451,LOS ANGELES,CULVER CITY,-118.39451233,33.98740103
9024538,2019,2020-02-08,1942,2019-12-14,0510,43209,1243,6,5,7,1942,0,0,0,L,0,12A53,FLORENCE,WESTERN,0,NA,Y,E,-,N,NA,NA,NA,NA,NA,NA,NA,NA,NA,N,3,0,1,2,A,-,10,21950,A,F,B,B,B,A,H,-,C,A,0,Y,NA,NA,NA,Y,NA,-,99,0,1,0,0,1,0,0,0,0,-,-,NA,NA,LOS ANGELES,LOS ANGELES,-118.30898284912108,33.974571228027344
90245384,2016,2016-08-16,9565,2016-08-06,1103,020468,NA,6,1,9,1900,0,3,5,NA,2,005,PANAY WAY,VIA MARINA,0,NA,Y,A,-,N,NA,NA,NA,NA,NA,NA,NA,NA,NA,N,4,0,1,2,A,-,03,22350,NA,N,C,C,A,A,H,-,A,A,0,NA,NA,NA,NA,Y,NA,A,01,0,0,1,0,0,0,0,0,0,-,-,33.97907,-118.45904,LOS ANGELES,UNINCORPORATED,-118.45918,33.97903006
90245388,2016,2016-08-16,9565,2016-08-12,1732,020468,NA,5,2,9,1900,0,1,3,NA,2,070,SR-90 E/B (MARINA DEL REY),SLAUSON AVE,107,W,N,A,-,N,NA,NA,90,NA,NA,NA,NA,NA,E,Y,4,0,1,1,A,-,03,22350,NA,N,E,I,A,A,H,-,A,A,0,NA,NA,NA,NA,Y,Y,A,07,0,0,1,0,0,0,0,0,0,-,-,33.98863,-118.38926,LOS ANGELES,UNINCORPORATED,-118.38937183,33.98870387
9024539,2019,2020-02-12,1942,2019-12-27,0845,34959,0826,5,5,7,1942,0,0,0,H,0,8A13,KENTER AV,SUNSET BL,489,S,N,A,-,N,NA,NA,NA,NA,NA,NA,NA,NA,NA,Y,4,0,3,2,A,-,09,21804,A,N,D,C,A,A,H,-,A,D,0,NA,NA,NA,NA,Y,NA,A,01,0,0,3,0,0,0,0,0,0,-,-,NA,NA,LOS ANGELES,LOS ANGELES,-118.478271484375,34.05854034423828
90245392,2016,2016-08-16,9525,2016-08-14,2216,020847,NA,7,3,5,1990,0,1,3,NA,2,574,SR-57 N/B (ORANGE FREEWAY),PATHFINDER RD.,450,S,N,A,-,Y,NA,NA,57,NA,NA,NA,NA,NA,N,Y,3,0,2,1,A,-,01,23152,A,N,E,I,A,A,H,-,C,D,0,NA,NA,NA,NA,Y,Y,A,01,0,2,0,0,0,0,0,0,0,-,-,33.9799,-117.84129,LOS ANGELES,DIAMOND BAR,-117.8415555,33.97990605
9024540,2019,2020-02-12,1942,2019-12-04,2030,43997,1664,3,5,7,1942,0,0,0,P,0,16A77,WENTWORTH ST,GLENOAKS BL,600,E,N,A,-,N,NA,NA,NA,NA,NA,NA,NA,NA,NA,Y,4,0,2,1,A,-,03,22350,NA,N,E,I,A,B,H,-,C,D,0,NA,NA,NA,NA,Y,NA,A,01,0,0,2,0,0,0,0,0,0,-,-,NA,NA,LOS ANGELES,LOS ANGELES,NA,NA
90245401,2016,2016-08-16,9550,2016-08-13,0320,021261,NA,6,3,9,1900,0,1,1,NA,2,650,INTERSTATE 605 N/B(SAN GABRIEL FREEWAY),PECK ROAD,1400,N,N,A,-,Y,NA,NA,605,NA,NA,NA,NA,NA,N,Y,4,0,3,3,A,-,01,23152,A,N,B,C,A,A,H,-,C,D,0,NA,NA,NA,Y,Y,Y,D,22,0,0,3,0,0,0,0,0,0,-,-,34.03038,-118.03177,LOS ANGELES,UNINCORPORATED,-118.03175956,34.03036454
9024541,2019,2020-02-11,1942,2019-12-04,0740,32973,1352,3,5,7,1942,0,0,0,M,0,13A61,EAST 4TH ST,AVALON BL,0,NA,Y,B,C,N,NA,NA,NA,NA,NA,NA,NA,NA,NA,N,4,0,2,2,A,-,09,21802,A,F,D,C,A,B,H,-,A,A,0,NA,NA,NA,NA,Y,NA,-,NA,0,0,2,0,0,0,0,0,0,-,-,NA,NA,LOS ANGELES,LOS ANGELES,-118.2652587890625,34.00252151489258
9024542,2019,2020-02-08,1942,2019-12-13,1500,42098,1239,5,5,7,1942,0,0,0,L,0,12A45,HOOVER,60TH ST,0,NA,Y,A,-,N,NA,NA,NA,NA,NA,NA,NA,NA,NA,N,3,0,3,3,A,-,03,22350,NA,N,-,C,A,A,H,-,A,A,0,NA,NA,NA,NA,Y,NA,A,01,0,1,2,0,0,0,0,0,0,-,-,NA,NA,LOS ANGELES,LOS ANGELES,-118.28704833984376,33.98550033569336
90245422,2016,2016-08-16,9530,2016-08-08,0700,021252,NA,1,1,7,1942,0,1,1,NA,2,200,I-105 W/B (GLENN ANDERSON FWY),HOOVER ST.,296,E,N,A,-,Y,NA,NA,NA,NA,NA,NA,NA,NA,NA,Y,3,0,1,2,A,-,07,21658,A,F,C,C,A,A,H,-,A,D,0,NA,NA,Y,NA,Y,NA,-,99,0,1,0,0,0,0,0,0,1,-,-,33.55439,-118.1792,LOS ANGELES,LOS ANGELES,-118.2860262,33.92889761
90245425,2016,2016-08-16,9525,2016-07-30,0110,021156,NA,6,3,9,1900,0,3,5,NA,2,004,MILBURY AVE (900 BLOCK),TEMPLE AVE,475,N,N,A,-,N,NA,NA,NA,NA,NA,NA,NA,NA,NA,Y,4,0,1,3,A,-,08,22107,NA,N,A,E,A,A,H,-,D,D,0,NA,NA,NA,NA,Y,NA,A,01,0,0,1,0,0,0,0,0,0,-,-,34.0531,-117.98295,LOS ANGELES,UNINCORPORATED,-117.98293566,34.05300128
90245428,2016,2016-08-16,9525,2016-07-30,0320,021156,NA,6,3,5,1990,0,1,3,NA,2,602,SR-60 E/B (POMONA FREEWAY),SR-57 N/B (ORANGE FREEWAY),750,W,N,A,-,Y,NA,NA,NA,NA,NA,NA,NA,NA,NA,Y,3,0,1,1,A,-,01,23152,A,M,E,I,A,A,H,-,C,D,0,NA,NA,NA,NA,Y,Y,A,01,0,1,0,0,0,0,0,0,0,-,-,34.0409,-117.50255,LOS ANGELES,DIAMOND BAR,NA,NA
9024543,2019,2020-02-12,1942,2019-12-18,0720,41210,0828,3,5,7,1942,0,0,0,H,0,27TL23,MANNING AV,WILSHIRE BL,0,NA,Y,A,-,N,NA,NA,NA,NA,NA,NA,NA,NA,NA,Y,4,0,2,2,A,-,09,21801,A,N,D,C,A,A,H,-,A,A,0,NA,NA,NA,NA,Y,NA,A,07,0,0,2,0,0,0,0,0,0,-,-,NA,NA,LOS ANGELES,LOS ANGELES,-118.43575286865234,34.06085968017578
90245430,2016,2016-08-16,9525,2016-08-04,0805,020552,NA,4,1,9,1900,0,3,5,NA,2,003,LARK ELLEN AVE (1600 BLOCK),DUBESOR ST,200,N,N,A,-,N,NA,NA,NA,NA,NA,NA,NA,NA,NA,Y,4,0,1,2,A,-,03,22350,NA,N,C,C,A,A,H,-,A,D,0,NA,NA,NA,NA,Y,NA,A,01,0,0,1,0,0,0,0,0,0,-,-,34.04794,-117.91702,LOS ANGELES,UNINCORPORATED,-117.91784359,34.04710821
9024544,2019,2020-02-12,1942,2019-12-04,2348,44004,1622,3,5,7,1942,0,0,0,P,0,16A11,SAN FERNANDO RD,VAN NUYS BL,0,NA,Y,A,-,N,NA,NA,NA,NA,NA,NA,NA,NA,NA,N,3,0,1,2,A,-,09,21801,A,N,H,G,A,A,H,-,C,A,0,NA,Y,NA,NA,Y,NA,L,04,0,1,0,0,0,0,1,0,0,-,-,NA,NA,LOS ANGELES,LOS ANGELES,-118.42211151123048,34.2661018371582
90245441,2016,2016-08-16,9550,2016-08-15,0130,021121,NA,1,3,9,1900,0,1,3,NA,2,601,STATE ROUTE 60 W/B (POMONA FREEWAY),FULLERTON ROAD,4300,W,N,A,-,Y,NA,NA,60,NA,NA,NA,NA,NA,W,Y,3,0,4,2,A,-,03,22350,NA,F,C,C,A,A,H,-,C,D,0,NA,NA,NA,NA,Y,Y,A,01,0,1,3,0,0,0,0,0,0,-,-,34.00103,-117.94493,LOS ANGELES,UNINCORPORATED,-117.94492385,34.00105008
9024545,2019,2020-02-11,1942,2019-12-11,1445,34458,1346,3,5,7,1942,0,0,0,M,0,13A43,S CENTRAL AV,E VERNON AV,44,S,N,A,-,N,NA,NA,NA,NA,NA,NA,NA,NA,NA,N,4,0,1,2,A,-,08,22107,NA,F,G,B,E,A,H,-,A,B,0,Y,NA,NA,NA,Y,NA,-,99,0,0,1,0,1,0,0,0,0,-,-,NA,NA,LOS ANGELES,LOS ANGELES,-118.25649261474608,34.00381088256836
9024546,2019,2020-02-08,1942,2019-12-13,1140,41214,LOS A,5,5,7,1942,0,0,0,NA,0,1259,FLORENCE,FIGUEROA,0,NA,Y,B,-,N,NA,NA,NA,NA,NA,NA,NA,NA,NA,N,4,0,1,2,A,-,03,22350,NA,N,C,C,A,A,H,-,A,A,0,NA,NA,NA,NA,Y,NA,A,07,0,0,1,0,0,0,0,0,0,-,-,NA,NA,LOS ANGELES,LOS ANGELES,-118.28269958496094,33.97465896606445
9024547,2019,2020-03-09,1942,2019-12-11,1450,42987,0834,3,5,7,1942,0,0,0,H,0,8A95,WILKINS AV,SELBY AV,0,NA,Y,A,-,N,NA,NA,NA,NA,NA,NA,NA,NA,NA,Y,4,0,4,6,A,-,03,22350,NA,N,F,C,A,A,H,-,A,A,0,NA,NA,NA,NA,Y,NA,A,01,0,0,4,0,0,0,0,0,0,-,-,NA,NA,LOS ANGELES,LOS ANGELES,-118.43715667724608,34.05630111694336
90245475,2016,2016-08-16,9590,2016-08-15,1900,021132,NA,1,2,7,1942,0,1,1,NA,2,061,I-10 W/B (SMF) TO ARLINGTON AVENUE,ARLINGTON AVENUE,200,E,N,A,-,Y,NA,NA,10,NA,NA,NA,R,NA,W,N,4,0,1,2,A,-,03,22350,NA,N,C,C,A,A,H,-,A,A,0,NA,NA,NA,NA,Y,NA,D,22,0,0,1,0,0,0,0,0,0,-,-,34.03729,-118.31516,LOS ANGELES,LOS ANGELES,-118.31516,34.03729
9024548,2019,2020-02-28,1942,2019-12-18,1940,44008,1657,3,5,7,1942,0,0,0,P,0,16A59,VALMONT ST,TUJUNGA CANYON BL,0,NA,N,A,-,N,NA,NA,NA,NA,NA,NA,NA,NA,NA,N,4,0,1,2,A,-,12,22450,NA,N,B,D,A,A,H,-,C,D,0,NA,NA,NA,NA,Y,NA,-,NA,0,0,1,0,0,0,0,0,0,-,-,NA,NA,LOS ANGELES,LOS ANGELES,-118.2910614013672,34.2523307800293
90245482,2016,2016-08-16,9590,2016-08-07,1455,021179,NA,7,2,7,1942,0,1,1,NA,2,052,I-110 N/B (HARBOR FREEWAY),30TH STREET,10,S,N,A,-,Y,NA,NA,110,NA,NA,NA,NA,NA,N,N,4,0,3,2,A,-,03,22350,NA,N,C,C,A,A,H,-,A,D,0,NA,NA,NA,NA,Y,NA,A,01,0,0,3,0,0,0,0,0,0,-,-,34.02419,-118.27619,LOS ANGELES,LOS ANGELES,-118.27628957,34.02424092
90245488,2016,2016-08-16,9530,2016-08-12,0845,014654,NA,5,1,7,1941,0,1,1,NA,2,430,I-405 N/B (SAN DIEGO FREEWAY),REDONDO AVE.,150,N,N,A,-,Y,NA,NA,NA,NA,NA,NA,NA,NA,NA,Y,3,0,2,2,A,-,03,22350,NA,N,C,C,A,A,H,-,A,D,0,NA,NA,NA,NA,Y,NA,A,01,0,1,1,0,0,0,0,0,0,-,-,33.4825,-118.0096,LOS ANGELES,LONG BEACH,-118.15182517,33.80729178
9024549,2019,2020-02-11,1942,2019-12-13,1400,34426,1309,5,5,7,1942,0,0,0,M,0,13A9,WASHINGTON BL,15TH ST,120,W,N,A,-,N,NA,NA,NA,NA,NA,NA,NA,NA,NA,Y,4,0,2,4,A,-,03,22350,NA,N,C,C,A,A,H,-,A,D,0,NA,NA,NA,NA,Y,NA,A,01,0,0,2,0,0,0,0,0,0,-,-,NA,NA,LOS ANGELES,LOS ANGELES,-118.22917938232422,34.01891326904297
9024550,2019,2020-02-08,1942,2019-12-07,2150,33638,0517,6,5,7,1942,0,0,0,E,0,5A15,L ST,W HYATT,60,W,N,A,-,N,NA,NA,NA,NA,NA,NA,NA,NA,NA,N,4,0,2,2,A,-,06,21750,NA,F,D,C,A,A,H,-,C,D,0,NA,NA,NA,NA,Y,NA,-,99,0,0,2,0,0,0,0,0,0,-,-,NA,NA,LOS ANGELES,LOS ANGELES,-118.25502777099608,33.787139892578125
9024551,2019,2020-02-12,1942,2019-12-16,1731,31466,0854,1,5,7,1942,0,0,0,H,0,8A36,SEPULVEDA BL,MISSOURI AV,5,S,Y,A,-,N,NA,NA,NA,NA,NA,NA,NA,NA,NA,N,4,0,1,2,A,-,10,21950,A,N,G,B,B,A,H,-,C,A,0,Y,NA,NA,NA,Y,NA,A,01,0,0,1,0,1,0,0,0,0,-,-,NA,NA,LOS ANGELES,LOS ANGELES,-118.44161987304688,34.044498443603516
9024552,2019,2020-02-12,1942,2019-12-18,1500,40398,1602,3,5,7,1942,0,0,0,P,0,16A11,VAN NUYS BL,GLENOAKS BL,0,NA,Y,A,-,N,NA,NA,NA,NA,NA,NA,NA,NA,NA,N,3,0,1,2,A,-,09,21801,A,N,H,G,A,A,H,-,A,A,0,NA,Y,NA,NA,Y,NA,A,07,0,1,0,0,0,0,1,0,0,-,-,NA,NA,LOS ANGELES,LOS ANGELES,-118.41168975830078,34.27368927001953
9024553,2019,2020-02-11,1942,2019-12-11,2000,31713,1307,3,5,7,1942,0,0,0,M,0,13A9,E 8TH ST,CROCKER ST,45,W,N,A,-,N,NA,NA,NA,NA,NA,NA,NA,NA,NA,N,4,0,1,2,A,-,05,21650,1,N,D,G,A,A,H,-,C,D,0,NA,Y,NA,NA,Y,NA,L,04,0,0,1,0,0,0,1,0,0,-,-,NA,NA,LOS ANGELES,LOS ANGELES,-118.24845886230467,34.03788757324219
9024554,2019,2020-02-08,1942,2019-12-05,1630,37901,0558,4,5,7,1942,0,0,0,E,0,5A59,HARBOR BL,7TH ST,30,N,N,A,-,N,NA,NA,NA,NA,NA,NA,NA,NA,NA,N,4,0,1,2,A,-,03,22350,NA,F,C,C,A,A,H,-,B,A,0,NA,NA,NA,NA,Y,NA,-,99,0,0,1,0,0,0,0,0,0,-,-,NA,NA,LOS ANGELES,LOS ANGELES,-118.27986907958984,33.73783493041992