CASE_ID,ACCIDENT_YEAR,PROC_DATE,JURIS,COLLISION_DATE,COLLISION_TIME,OFFICER_ID,REPORTING_DISTRICT,DAY_OF_WEEK,CHP_SHIFT,POPULATION,CNTY_CITY_LOC,SPECIAL_COND,BEAT_TYPE,CHP_BEAT_TYPE,CITY_DIVISION_LAPD,CHP_BEAT_CLASS,BEAT_NUMBER,PRIMARY_RD,SECONDARY_RD,DISTANCE,DIRECTION,INTERSECTION,WEATHER_1,WEATHER_2,STATE_HWY_IND,CALTRANS_COUNTY,CALTRANS_DISTRICT,STATE_ROUTE,ROUTE_SUFFIX,POSTMILE_PREFIX,POSTMILE,LOCATION_TYPE,RAMP_INTERSECTION,SIDE_OF_HWY,TOW_AWAY,COLLISION_SEVERITY,NUMBER_KILLED,NUMBER_INJURED,PARTY_COUNT,PRIMARY_COLL_FACTOR,PCF_CODE_OF_VIOL,PCF_VIOL_CATEGORY,PCF_VIOLATION,PCF_VIOL_SUBSECTION,HIT_AND_RUN,TYPE_OF_COLLISION,MVIW,PED_ACTION,ROAD_SURFACE,ROAD_COND_1,ROAD_COND_2,LIGHTING,CONTROL_DEVICE,CHP_ROAD_TYPE,PEDESTRIAN_ACCIDENT,BICYCLE_ACCIDENT,MOTORCYCLE_ACCIDENT,TRUCK_ACCIDENT,NOT_PRIVATE_PROPERTY,ALCOHOL_INVOLVED,STWD_VEHTYPE_AT_FAULT,CHP_VEHTYPE_AT_FAULT,COUNT_SEVERE_INJ,COUNT_VISIBLE_INJ,COUNT_COMPLAINT_PAIN,COUNT_PED_KILLED,COUNT_PED_INJURED,COUNT_BICYCLIST_KILLED,COUNT_BICYCLIST_INJURED,COUNT_MC_KILLED,COUNT_MC_INJURED,PRIMARY_RAMP,SECONDARY_RAMP,LATITUDE,LONGITUDE,COUNTY,CITY,POINT_X,POINT_Y
9024633,2019,2020-02-08,1942,2019-12-19,2130,40388,1522,4,5,7,1942,0,0,0,O,0,15A21,COLDWATER CANYON AV,VANOWEN ST,127,S,N,A,-,N,NA,NA,NA,NA,NA,NA,NA,NA,NA,Y,3,0,3,1,A,-,03,22350,NA,N,E,I,A,A,H,-,C,D,0,NA,NA,NA,NA,Y,NA,A,07,0,3,0,0,0,0,0,0,0,-,-,NA,NA,LOS ANGELES,LOS ANGELES,-118.41380310058594,34.1935920715332
90246340,2016,2016-08-17,9575,2016-08-10,1755,017852,NA,3,2,6,1912,0,1,1,NA,2,052,I-5 S/B (GOLDEN STATE FREEWAY),BURBANK BLVD.,1000,N,N,A,-,Y,NA,NA,5,NA,NA,NA,NA,NA,S,N,4,0,3,4,A,-,03,22350,NA,N,C,C,A,A,H,-,A,D,0,NA,NA,NA,NA,Y,NA,A,01,0,0,3,0,0,0,0,0,0,-,-,34.18806,-118.32274,LOS ANGELES,BURBANK,-118.32276199,34.18802881
90246343,2016,2016-08-17,9530,2016-08-13,2115,020714,NA,6,2,7,1941,0,1,1,NA,2,072,I-710 S/B (LONG BEACH FREEWAY),WARDLOW AVE.,1100,S,N,A,-,Y,NA,NA,NA,NA,NA,NA,NA,NA,NA,Y,4,0,3,4,A,-,08,22107,NA,N,E,I,A,A,H,-,D,D,0,NA,NA,NA,NA,Y,NA,A,01,0,0,3,0,0,0,0,0,0,-,-,33.71445,-118.24616,LOS ANGELES,LONG BEACH,-118.20704043,33.81861338
90246351,2016,2016-08-17,9550,2016-08-05,2305,021261,NA,5,3,9,1900,0,2,4,NA,1,013,NORWALK BLVD. S/B,WADDELL ST,0,NA,Y,A,-,N,NA,NA,NA,NA,NA,NA,NA,NA,NA,Y,4,0,2,4,A,-,08,22107,NA,N,E,I,A,A,H,-,C,D,0,NA,NA,NA,NA,Y,NA,D,22,0,0,2,0,0,0,0,0,0,-,-,33.96901,-118.07152,LOS ANGELES,UNINCORPORATED,-118.07173005,33.9688301
90246362,2016,2016-08-17,9575,2016-08-10,2309,021257,NA,3,3,6,1925,0,1,3,NA,2,042,SR-134 W/B (VENTURA FREEWAY),CHEVY CHASE DR.,200,W,N,A,-,Y,NA,NA,134,NA,NA,NA,NA,NA,W,Y,2,0,1,2,A,-,08,22107,NA,N,D,C,A,A,H,-,C,D,0,NA,NA,NA,Y,Y,NA,A,01,1,0,0,0,0,0,0,0,0,-,-,34.15164,-118.23525,LOS ANGELES,GLENDALE,-118.23532948,34.15153843
9024637,2019,2020-02-08,1942,2019-12-21,1440,38191,1511,6,5,7,1942,0,0,0,O,0,15A21,SHERMAN WY,ETHEL AV,0,NA,Y,A,-,N,NA,NA,NA,NA,NA,NA,NA,NA,NA,Y,4,0,2,2,A,-,09,21801,A,N,B,C,A,A,H,-,A,A,0,NA,NA,NA,NA,Y,NA,A,01,0,0,2,0,0,0,0,0,0,-,-,NA,NA,LOS ANGELES,LOS ANGELES,-118.41815185546876,34.20119857788086
90246381,2016,2016-08-17,9525,2016-08-07,1500,021097,NA,7,2,6,1955,0,1,1,NA,2,107,I-10 W/B (SAN BERNARDINO FREEWAY),VIA VERDE AVE,2640,E,N,A,-,Y,NA,NA,NA,NA,NA,NA,NA,NA,NA,Y,4,0,1,2,A,-,03,22350,NA,N,C,C,A,A,H,-,A,D,0,NA,NA,NA,NA,Y,NA,A,07,0,0,1,0,0,0,0,0,0,-,-,34.06489,-117.8287,LOS ANGELES,POMONA,NA,NA
90246397,2016,2016-08-17,9535,2016-07-29,2330,021148,NA,5,3,9,1900,0,1,1,NA,2,420,I-10 (SAN BERNARDINO FREEWAY) E/B,CITY TERRACE DR. PED O/C,200,W,N,A,-,Y,NA,NA,10,NA,NA,NA,NA,NA,E,Y,4,0,1,3,A,-,08,22107,NA,N,C,C,A,A,H,-,C,D,0,NA,NA,NA,NA,Y,NA,A,01,0,0,1,0,0,0,0,0,0,-,-,34.05534,-118.18822,LOS ANGELES,UNINCORPORATED,-118.18822312,34.05520094
90246433,2016,2016-08-17,9525,2016-08-08,1850,021097,NA,1,2,5,1906,0,1,1,NA,2,104,I-10 E/B (SAN BERNARDINO FREEWAY),BALDWIN PARK BLVD,2640,W,N,A,-,Y,NA,NA,10,NA,NA,NA,NA,NA,E,Y,4,0,1,2,A,-,03,22350,NA,N,C,C,A,A,H,-,A,D,0,NA,NA,NA,NA,Y,NA,A,01,0,0,1,0,0,0,0,0,0,-,-,34.06644,-117.98973,LOS ANGELES,BALDWIN PARK,-117.98972689,34.06641757
90246453,2016,2016-08-17,9590,2016-08-14,1910,021040,NA,7,2,7,1942,0,1,2,NA,2,072,US-101 N/B (HOLLYWOOD FREEWAY),CAHUENGA BLVD.,400,S,N,A,-,Y,NA,NA,101,NA,NA,NA,NA,NA,N,Y,4,0,3,2,A,-,03,22350,NA,N,C,C,A,A,H,-,B,D,0,NA,NA,NA,NA,Y,NA,A,01,0,0,3,0,0,0,0,0,0,-,-,34.10683,-118.32863,LOS ANGELES,LOS ANGELES,-118.32866111,34.10677784
90246455,2016,2016-08-17,9525,2016-08-10,0620,012772,NA,3,1,9,1900,0,3,5,NA,2,004,AMAR RD (14900 BLK),FOXWORTH AVE,146,E,N,B,-,N,NA,NA,NA,NA,NA,NA,NA,NA,NA,Y,3,0,2,3,A,-,03,22350,NA,N,C,C,A,A,H,-,A,D,0,NA,NA,NA,NA,Y,NA,A,01,0,1,1,0,0,0,0,0,0,-,-,34.04121,-117.95735,LOS ANGELES,UNINCORPORATED,-117.95736377,34.04084115
90246477,2016,2016-08-17,9530,2016-07-21,1210,021191,NA,4,1,9,1900,0,3,5,NA,2,002,COMPTON BLVD.,STANFORD AVE.,0,NA,Y,A,-,N,NA,NA,NA,NA,NA,NA,NA,NA,NA,Y,4,0,1,2,A,-,09,21802,A,N,D,C,A,A,H,-,A,A,0,NA,NA,NA,NA,Y,NA,D,22,0,0,1,0,0,0,0,0,0,-,-,33.895,-118.2598,LOS ANGELES,UNINCORPORATED,-118.26040011,33.89533001
90246479,2016,2016-08-17,9590,2016-07-30,2105,021133,NA,6,2,7,1942,0,1,2,NA,2,071,US-101 S/B (SANTA ANA FREEWAY),LOS ANGELES STREET,50,S,N,A,-,Y,NA,NA,NA,NA,NA,NA,NA,NA,NA,Y,3,0,2,3,A,-,03,22350,NA,N,C,C,A,A,H,-,C,D,0,NA,NA,NA,NA,Y,NA,A,01,0,1,1,0,0,0,0,0,0,-,-,34.31755,-118.14209,LOS ANGELES,LOS ANGELES,-118.23926896,34.0549569
90246489,2016,2016-08-17,9580,2016-08-05,0118,019061,NA,5,3,7,1942,0,1,2,NA,2,104,US-101 N/B (VENTURA FREEWAY),RESEDA BLVD.,528,S,N,A,-,Y,NA,NA,101,NA,NA,NA,NA,NA,N,Y,3,0,1,3,A,-,01,23152,A,N,C,C,A,A,D,-,C,A,0,NA,NA,NA,NA,Y,Y,A,01,0,1,0,0,0,0,0,0,0,-,-,34.17235,-118.53286,LOS ANGELES,LOS ANGELES,-118.53284269,34.17239117
90246495,2016,2016-08-17,9575,2016-08-11,1720,021188,NA,4,2,6,1925,0,1,3,NA,2,042,SR-134 W/B (VENTURA FREEWAY),LOUISE ST.,100,E,N,A,-,Y,NA,NA,134,NA,NA,NA,NA,NA,W,Y,4,0,1,3,A,-,03,22350,NA,N,C,C,A,A,H,-,A,D,0,NA,NA,NA,NA,Y,NA,A,07,0,0,1,0,0,0,0,0,0,-,-,34.15648,-118.2523,LOS ANGELES,GLENDALE,-118.25230006,34.15646173
90246502,2016,2016-08-17,9525,2016-08-10,1410,014971,NA,3,2,6,1975,0,1,1,NA,2,103,I-10 W/B (SAN BERNARDINO FREEWAY),PACIFIC AVENUE,528,W,N,A,-,Y,NA,NA,10,NA,NA,NA,NA,NA,W,N,4,0,1,2,A,-,03,22350,NA,N,C,C,A,A,H,-,A,D,0,NA,NA,NA,Y,Y,NA,F,26,0,0,1,0,0,0,0,0,0,-,-,34.07204,-117.94558,LOS ANGELES,WEST COVINA,-117.94557361,34.07197496
90246508,2016,2016-08-17,9550,2016-08-08,0950,020974,NA,1,1,9,1900,0,1,1,NA,2,650,I-605 SOUTHBOUND,SLAUSON AVENUE,1420,S,N,B,-,Y,NA,NA,605,NA,NA,NA,NA,NA,S,Y,4,0,1,2,A,-,07,21658,A,N,B,C,A,A,H,-,A,D,0,NA,NA,NA,Y,Y,NA,-,-,0,0,1,0,0,0,0,0,0,-,-,33.96342,-118.08513,LOS ANGELES,UNINCORPORATED,-118.08506853,33.96339439
90246543,2016,2016-08-17,9535,2016-06-27,1700,016869,NA,1,2,9,1900,0,3,5,NA,2,006,SAN GABRIEL BLVD,POTRERO GRANDE DR,34,E,N,A,-,N,NA,NA,NA,NA,NA,NA,NA,NA,NA,Y,1,1,1,2,A,-,12,21453,A,N,D,C,A,A,H,-,A,A,0,NA,NA,NA,Y,Y,NA,F,27,0,0,1,0,0,0,0,0,0,-,-,NA,NA,LOS ANGELES,UNINCORPORATED,-118.09052,34.05187
90246551,2016,2016-08-17,9575,2016-08-11,0130,021254,NA,4,3,9,1900,0,1,3,NA,2,302,SR-2 (ANGELES CREST HIGHWAY),MOUNT WILSON RED BOX RD,15840,E,N,A,-,Y,NA,NA,2,NA,NA,NA,NA,NA,NA,Y,3,0,2,1,A,-,08,22107,NA,N,E,J,A,A,H,-,D,D,0,NA,NA,NA,NA,Y,NA,A,01,0,1,1,0,0,0,0,0,0,-,-,34.26572,-118.09716,LOS ANGELES,UNINCORPORATED,-118.09715409,34.26566708
90246561,2016,2016-08-17,9550,2016-08-09,0832,018412,NA,2,1,5,1919,0,1,3,NA,2,092,SR-91 W/B,SHOEMAKER AVENUE,300,E,N,B,-,Y,NA,NA,91,NA,NA,NA,NA,NA,W,N,4,0,1,2,A,-,03,22350,NA,N,C,C,A,A,H,-,A,D,0,NA,NA,NA,NA,Y,NA,D,22,0,0,1,0,0,0,0,0,0,-,-,33.86932,-118.05416,LOS ANGELES,CERRITOS,-118.0542588,33.86917331
90246590,2016,2016-08-17,9580,2016-08-02,1828,019715,NA,2,2,7,1942,0,1,1,NA,2,406,I-405 N/B FROM NORDHOFF ST.,I-405,70,E,N,A,-,Y,NA,NA,405,NA,NA,NA,R,NA,N,N,3,0,1,2,A,-,05,21650,NA,N,D,G,A,A,H,-,A,A,0,NA,Y,NA,NA,Y,NA,L,04,0,1,0,0,0,0,1,0,0,-,-,34.23572,-118.47254,LOS ANGELES,LOS ANGELES,-118.47254,34.23572
90246616,2016,2016-08-17,9530,2016-08-09,1515,020236,NA,2,2,9,1900,0,1,1,NA,2,210,I-105 W/B (GLENN ANDERSON FWY),WILMINGTON AVE.,648,W,N,A,-,Y,NA,NA,105,NA,NA,NA,NA,NA,W,Y,2,0,1,1,A,-,08,22107,NA,N,E,I,A,A,H,-,A,D,0,NA,NA,NA,NA,Y,NA,A,07,1,0,0,0,0,0,0,0,0,-,-,33.92883,-118.24548,LOS ANGELES,UNINCORPORATED,-118.24547659,33.92888616
90246649,2016,2016-08-17,9530,2016-08-16,1710,015615,NA,2,2,7,1941,0,1,3,NA,2,320,SR-91 E/B,LONG BEACH BLVD,528,E,N,A,-,Y,NA,NA,91,NA,NA,NA,NA,NA,E,N,4,0,1,2,A,-,03,22350,NA,N,C,C,A,A,H,-,A,A,0,NA,NA,NA,NA,Y,NA,A,01,0,0,1,0,0,0,0,0,0,-,-,33.87512,-118.19538,LOS ANGELES,LONG BEACH,-118.1951621,33.87461548
90246650,2016,2016-08-17,9575,2016-08-12,2055,020950,NA,5,2,5,1902,0,1,1,NA,2,065,I-210 E/B (FOOTHILL FREEWAY),SANTA ANITA AVE,600,W,N,A,-,Y,NA,NA,210,NA,NA,NA,NA,NA,E,Y,3,0,1,3,A,-,03,22350,NA,N,C,C,A,A,H,-,C,D,0,NA,NA,NA,NA,Y,NA,A,01,0,1,0,0,0,0,0,0,0,-,-,34.14841,-118.03731,LOS ANGELES,ARCADIA,-118.03731496,34.14835843
9024666,2019,2020-02-14,1942,2019-12-03,1615,27782,1766,2,5,7,1942,0,0,0,Q,0,17A81,WILBUR AV,KINZIE ST,75,S,N,A,-,N,NA,NA,NA,NA,NA,NA,NA,NA,NA,N,4,0,2,3,A,-,04,21703,NA,N,C,C,A,A,H,-,B,D,0,NA,NA,NA,NA,Y,NA,-,NA,0,0,2,0,0,0,0,0,0,-,-,NA,NA,LOS ANGELES,LOS ANGELES,-118.54482269287108,34.2479133605957
90246668,2016,2016-08-17,9540,2016-08-12,0732,021214,NA,5,1,7,1942,0,1,1,NA,1,503,I-5 S/B (GOLDEN STATE FREEWAY),BALBOA AVE,400,N,N,A,-,Y,NA,NA,5,NA,NA,NA,NA,NA,S,N,4,0,1,2,A,-,03,22350,NA,N,C,C,A,A,H,-,A,D,0,NA,NA,NA,NA,Y,NA,D,22,0,0,1,0,0,0,0,0,0,-,-,34.32032,-118.4956,LOS ANGELES,LOS ANGELES,-118.49552895,34.32044645
90246680,2016,2016-08-17,9580,2016-08-07,1430,020396,NA,7,2,9,1900,0,1,3,NA,1,120,SR-1 N/B (PACIFIC COAST HWY.),COASTLINE DR,800,N,N,A,-,Y,NA,NA,1,NA,NA,NA,NA,NA,N,Y,4,0,1,2,A,-,08,22107,NA,N,B,C,A,A,H,-,A,D,0,NA,NA,NA,NA,Y,NA,A,07,0,0,1,0,0,0,0,0,0,-,-,34.04121,-118.57344,LOS ANGELES,UNINCORPORATED,-118.57350553,34.04134549
90246687,2016,2016-08-17,9580,2016-08-07,1055,021092,NA,7,1,7,1942,0,1,2,NA,2,104,US-101 N/B (VENTURA FREEWAY),DE SOTO AVE,1500,S,N,A,-,Y,NA,NA,101,NA,NA,NA,NA,NA,N,Y,4,0,1,2,A,-,03,22350,NA,N,C,C,A,A,H,-,A,D,0,NA,NA,NA,NA,Y,NA,A,01,0,0,1,0,0,0,0,0,0,-,-,34.16828,-118.5828,LOS ANGELES,LOS ANGELES,-118.58279817,34.16826799
90246698,2016,2016-08-17,9580,2016-08-07,0500,020451,NA,7,3,7,1942,0,1,1,NA,2,405,I-405 S/B (SAN DIEGO FWY),SEPULVEDA BLVD,50,S,N,A,-,Y,NA,NA,405,NA,NA,NA,NA,NA,S,Y,3,0,2,2,C,-,18,NA,NA,N,C,C,A,A,H,-,D,D,0,NA,NA,NA,NA,Y,NA,-,-,0,1,1,0,0,0,0,0,0,-,-,34.14762,-118.47009,LOS ANGELES,LOS ANGELES,-118.46998716,34.14756622
90246720,2016,2016-08-17,9550,2016-08-09,1405,020533,NA,2,2,6,1949,0,1,1,NA,2,501,I-5 NORTHBOUND (SANTA ANA FREEWAY),ROSECRANS AVE,505,N,N,A,-,Y,NA,NA,5,NA,NA,NA,NA,NA,N,N,4,0,1,2,A,-,03,22350,NA,N,C,C,A,A,H,-,A,D,0,NA,NA,NA,NA,Y,NA,A,07,0,0,1,0,0,0,0,0,0,-,-,33.90246,-118.06163,LOS ANGELES,NORWALK,-118.06160121,33.90249797
90246725,2016,2016-08-17,9580,2016-08-08,2150,018718,NA,1,2,7,1942,0,1,2,NA,2,103,US-101 S/B (VENTURA FREEWAY),WOODMAN AVE,500,N,N,A,-,Y,NA,NA,101,NA,NA,NA,NA,NA,S,Y,4,0,3,3,A,-,03,22350,NA,N,C,C,A,A,H,-,C,D,0,NA,NA,NA,NA,Y,NA,A,01,0,0,3,0,0,0,0,0,0,-,-,34.15582,-118.43237,LOS ANGELES,LOS ANGELES,-118.43237121,34.15553407
90246730,2016,2016-08-17,9535,2016-08-10,1335,020794,NA,3,1,5,1959,0,1,1,NA,2,401,I-10 WB FROM ROSEMEAD BLVD,ROSEMEAD BLVD,125,E,N,A,-,Y,NA,NA,10,NA,NA,NA,R,NA,W,Y,4,0,1,2,A,-,03,22350,NA,N,C,C,A,A,H,-,A,A,0,NA,NA,NA,NA,Y,NA,A,01,0,0,1,0,0,0,0,0,0,-,-,34.07334,-118.07247,LOS ANGELES,ROSEMEAD,-118.07247,34.07334
90246732,2016,2016-08-17,9525,2016-07-26,1545,019495,NA,2,2,3,1921,0,1,1,NA,2,212,I-210 E/B (FOOTHILL FREEWAY),BUENA VISTA ST.,1320,E,N,A,-,Y,NA,NA,210,NA,NA,NA,NA,NA,E,Y,4,0,1,2,A,-,03,22350,NA,N,F,A,A,A,H,-,A,D,0,NA,NA,Y,NA,Y,NA,C,02,0,0,1,0,0,0,0,0,1,-,-,34.1353,-117.9676,LOS ANGELES,DUARTE,-117.96760139,34.13542078
90246735,2016,2016-08-17,9530,2016-07-30,0140,021108,NA,6,3,9,1900,0,1,1,NA,2,120,I-110 S/B TO SEPULVEDA BLVD,SEPULVEDA BLVD.,460,N,N,A,-,Y,NA,NA,NA,NA,NA,NA,NA,NA,NA,Y,4,0,1,1,A,-,03,22350,NA,N,E,I,A,A,H,-,C,D,0,NA,NA,NA,NA,Y,NA,A,01,0,0,1,0,0,0,0,0,0,-,-,33.4838,-118.1716,LOS ANGELES,UNINCORPORATED,-118.28753034,33.81027235
90246759,2016,2016-08-17,9545,2016-08-06,1236,018862,NA,6,1,9,1900,0,3,5,NA,2,004,EAST AVENUE R-6,110TH STREET EAST,495,E,N,A,-,N,NA,NA,NA,NA,NA,NA,NA,NA,NA,Y,3,0,1,2,A,-,21,22106,NA,N,G,B,F,A,H,-,A,D,0,Y,NA,NA,NA,Y,NA,A,01,0,1,0,0,1,0,0,0,0,-,-,34.56727,-117.93256,LOS ANGELES,UNINCORPORATED,-117.93254959,34.56708639
90246776,2016,2016-08-17,9535,2016-08-05,1705,17954,NA,5,2,6,1922,0,1,1,NA,2,400,I-10 E/B (SAN BERNARDINO FREEWAY),ROSEMEAD BLVD,1500,E,N,A,-,Y,NA,NA,10,NA,NA,NA,NA,NA,E,Y,4,0,1,4,A,-,03,22350,NA,N,B,C,A,A,H,-,A,D,0,NA,NA,NA,NA,Y,NA,A,01,0,0,1,0,0,0,0,0,0,-,-,34.0721,-118.06356,LOS ANGELES,EL MONTE,-118.06356125,34.07221049
90246779,2016,2016-08-17,9535,2016-08-09,1705,014473,9535,2,2,5,1947,0,1,3,NA,2,620,SR-60 (POMONA FREEWAY) E/B,PARAMOUNT BLVD. O/C,900,E,N,A,-,Y,NA,NA,60,NA,NA,NA,NA,NA,E,N,4,0,1,4,A,-,03,22350,NA,N,C,C,A,A,H,-,A,D,0,NA,NA,NA,NA,Y,NA,D,22,0,0,1,0,0,0,0,0,0,-,-,34.03717,-118.08774,LOS ANGELES,MONTEBELLO,-118.08774766,34.0372004
90246821,2016,2016-08-17,9540,2016-08-16,1500,019669,NA,2,2,6,1985,0,1,3,NA,1,144,SR-14 N/B (ANTELOPE VALLEY FREEWAY),SAND CANYON RD,1000,S,N,A,-,Y,NA,NA,14,NA,NA,NA,NA,NA,N,N,4,0,3,2,A,-,03,22350,NA,N,C,C,A,A,H,-,A,D,0,NA,NA,NA,NA,Y,NA,A,01,0,0,3,0,0,0,0,0,0,-,-,34.42247,-118.42933,LOS ANGELES,SANTA CLARITA,-118.42933718,34.42248534
90246834,2016,2016-08-17,9525,2016-07-28,1425,019495,NA,4,2,6,1955,0,1,3,NA,2,071,SR-71 S/B (CHINO VALLEY FREEWAY),MISSION BLVD,1584,N,N,A,-,Y,NA,NA,71,NA,NA,NA,NA,NA,S,Y,4,0,1,3,A,-,03,22350,NA,N,C,C,A,A,H,-,A,D,0,NA,NA,NA,NA,Y,NA,A,01,0,0,1,0,0,0,0,0,0,-,-,34.0555,-117.7833,LOS ANGELES,POMONA,-117.78332194,34.05547887
90246844,2016,2016-08-17,9535,2016-07-14,1355,020825,NA,4,1,6,1922,0,1,1,NA,2,400,I-10 E/B (SAN BERNARDINO),I-605,200,W,N,A,-,Y,NA,NA,NA,NA,NA,NA,NA,NA,NA,Y,3,0,1,4,A,-,03,22350,NA,N,C,C,A,A,H,-,A,D,0,NA,NA,NA,NA,Y,NA,A,01,0,1,0,0,0,0,0,0,0,-,-,34.06496,-118.00069,LOS ANGELES,EL MONTE,NA,NA
90246858,2016,2016-08-17,9530,2016-08-10,1750,018270,NA,3,2,9,1900,0,1,1,NA,2,120,I-110 S/B FROM SEPULVEDA BLVD.,SEPULVEDA BLVD.,150,N,N,A,-,Y,NA,NA,110,NA,NA,NA,R,NA,S,N,3,0,1,1,A,-,03,22350,NA,N,F,A,A,A,H,-,A,D,0,NA,NA,Y,NA,Y,NA,C,02,0,1,0,0,0,0,0,0,1,-,-,33.81008,-118.28846,LOS ANGELES,UNINCORPORATED,-118.28846,33.81008
90246903,2016,2016-11-02,9525,2016-08-06,0140,020843,NA,6,3,9,1900,0,2,4,NA,2,045,VALLEY BLVD,TEMPLE AVE,0,NA,Y,A,-,N,NA,NA,NA,NA,NA,NA,NA,NA,NA,Y,4,0,1,2,A,-,01,23152,A,N,D,C,A,A,H,-,C,A,0,NA,NA,NA,NA,Y,Y,A,01,0,0,1,0,0,0,0,0,0,-,-,34.05314,-118.00204,LOS ANGELES,UNINCORPORATED,-117.81235002,34.04842005
90246964,2016,2016-08-17,9550,2016-08-05,1710,017511,NA,5,2,9,1900,0,3,5,NA,2,003,WICKSHIRE AVE,LADYSMITH ST,34,S,N,A,-,N,NA,NA,NA,NA,NA,NA,NA,NA,NA,N,3,0,1,2,A,-,11,21954,A,N,G,B,D,A,H,-,A,D,0,Y,NA,NA,NA,Y,NA,N,60,0,1,0,0,1,0,0,0,0,-,-,34.00037,-117.9708,LOS ANGELES,UNINCORPORATED,-117.97090199,34.00046975
90246971,2016,2016-08-17,9575,2016-08-12,1732,021188,NA,5,2,7,1942,0,1,1,NA,2,052,I-5 N/B (GOLDEN STATE FREEWAY),WICKS ST. PED O/C,50,N,N,A,-,Y,NA,NA,5,NA,NA,NA,NA,NA,N,N,4,0,1,2,A,-,21,22106,NA,N,C,C,A,A,H,-,A,D,0,NA,NA,NA,NA,Y,NA,A,01,0,0,1,0,0,0,0,0,0,-,-,34.23075,-118.39802,LOS ANGELES,LOS ANGELES,-118.39802419,34.23072405
90246983,2016,2016-08-17,9525,2016-08-10,1345,018926,NA,3,1,9,1900,0,3,5,NA,2,003,FAIRWAY DR. (900 BLOCK),BUSINESS PARKWAY,50,S,N,A,-,N,NA,NA,NA,NA,NA,NA,NA,NA,NA,Y,4,0,2,3,A,-,03,22350,NA,N,C,C,A,A,H,-,A,D,0,NA,NA,NA,NA,Y,NA,A,01,0,0,2,0,0,0,0,0,0,-,-,33.99934,-117.87111,LOS ANGELES,UNINCORPORATED,-117.87124441,33.9991383
90247006,2016,2016-08-17,9525,2016-08-10,1454,017506,NA,3,2,5,1990,0,1,3,NA,2,574,SR-57 N/B (ORANGE FREEWAY),SR-60 E/B (POMONA FREEWAY),1850,S,N,A,-,Y,NA,NA,57,NA,NA,NA,NA,NA,N,Y,4,0,1,2,A,-,07,21658,A,N,B,C,A,A,H,-,A,D,0,NA,NA,Y,NA,Y,NA,A,07,0,0,1,0,0,0,0,0,1,-,-,33.99382,-117.84179,LOS ANGELES,DIAMOND BAR,-117.84165798,33.99376101
90247043,2016,2016-08-17,9550,2016-08-07,1525,021042,NA,7,2,6,1949,0,1,1,NA,2,501,INTERSTATE 5 N/B (SANTA ANA FREEWAY),ROSECRANS AVENUE,1200,N,N,A,-,Y,NA,NA,5,NA,NA,NA,NA,NA,N,Y,3,0,1,2,A,-,07,21658,A,N,B,C,A,A,H,-,A,D,0,NA,NA,Y,NA,Y,NA,A,07,0,1,0,0,0,0,0,0,1,-,-,33.90473,-118.0644,LOS ANGELES,NORWALK,-118.06445394,33.90466072
90247105,2016,2016-08-17,9525,2016-08-05,0735,014444,NA,5,1,3,1921,0,1,1,NA,2,201,I-210 W/B (FOOTHILL FREEWAY),BUENA VISTA ST.,200,E,N,A,-,Y,NA,NA,NA,NA,NA,NA,NA,NA,NA,N,4,0,1,3,A,-,03,22350,NA,N,C,C,A,A,H,-,A,D,0,NA,NA,NA,NA,Y,NA,A,08,0,0,1,0,0,0,0,0,0,-,-,34.08079,-117.58379,LOS ANGELES,DUARTE,-117.97689058,34.13543
90247113,2016,2016-08-17,9545,2016-08-05,1930,018550,NA,5,2,9,1900,0,3,5,NA,2,003,SIERRA HWY,WARD RD,0,NA,Y,A,-,N,NA,NA,14,NA,NA,NA,NA,NA,NA,Y,4,0,2,2,A,-,09,21802,A,N,D,C,A,A,H,-,B,A,0,NA,NA,NA,NA,Y,NA,A,01,0,0,2,0,0,0,0,0,0,-,-,34.50139,-118.22838,LOS ANGELES,UNINCORPORATED,-118.22850995,34.50087974
90247118,2016,2016-08-17,9525,2016-08-10,0954,012772,NA,3,1,9,1900,0,2,4,NA,2,045,VALLEY BLVD (13700 BLK),COLLWOOD AVE,5,S,N,A,-,N,NA,NA,NA,NA,NA,NA,NA,NA,NA,N,4,0,1,2,A,-,05,21650,NA,N,D,G,A,A,H,-,A,A,0,NA,Y,NA,NA,Y,NA,L,04,0,0,1,0,0,0,1,0,0,-,-,34.04898,-117.99592,LOS ANGELES,UNINCORPORATED,-117.99575653,34.04905211
90247127,2016,2016-08-17,9530,2016-07-17,1820,020726,NA,7,2,9,1900,0,3,5,NA,2,001,75TH STREET (1400 ) BLOCK,COMPTON AVE.,10,W,N,A,-,N,NA,NA,NA,NA,NA,NA,NA,NA,NA,Y,4,0,2,1,C,-,18,NA,NA,N,A,I,A,A,H,-,A,D,0,NA,NA,NA,NA,Y,NA,-,-,0,0,2,0,0,0,0,0,0,-,-,33.9735,-118.24867,LOS ANGELES,UNINCORPORATED,-118.24773347,33.972535
90247133,2016,2016-08-17,9525,2016-08-11,0800,012820,NA,4,1,9,1900,0,2,4,NA,2,022,ARROW HIGHWAY,BONNIE COVE AVE,300,W,N,A,-,N,NA,NA,NA,NA,NA,NA,NA,NA,NA,Y,4,0,1,2,A,-,08,22107,NA,N,B,E,A,A,H,-,A,D,0,NA,NA,NA,NA,Y,NA,A,01,0,0,1,0,0,0,0,0,0,-,-,34.10678,-117.85675,LOS ANGELES,UNINCORPORATED,-117.85607866,34.10674