CASE_ID,ACCIDENT_YEAR,PROC_DATE,JURIS,COLLISION_DATE,COLLISION_TIME,OFFICER_ID,REPORTING_DISTRICT,DAY_OF_WEEK,CHP_SHIFT,POPULATION,CNTY_CITY_LOC,SPECIAL_COND,BEAT_TYPE,CHP_BEAT_TYPE,CITY_DIVISION_LAPD,CHP_BEAT_CLASS,BEAT_NUMBER,PRIMARY_RD,SECONDARY_RD,DISTANCE,DIRECTION,INTERSECTION,WEATHER_1,WEATHER_2,STATE_HWY_IND,CALTRANS_COUNTY,CALTRANS_DISTRICT,STATE_ROUTE,ROUTE_SUFFIX,POSTMILE_PREFIX,POSTMILE,LOCATION_TYPE,RAMP_INTERSECTION,SIDE_OF_HWY,TOW_AWAY,COLLISION_SEVERITY,NUMBER_KILLED,NUMBER_INJURED,PARTY_COUNT,PRIMARY_COLL_FACTOR,PCF_CODE_OF_VIOL,PCF_VIOL_CATEGORY,PCF_VIOLATION,PCF_VIOL_SUBSECTION,HIT_AND_RUN,TYPE_OF_COLLISION,MVIW,PED_ACTION,ROAD_SURFACE,ROAD_COND_1,ROAD_COND_2,LIGHTING,CONTROL_DEVICE,CHP_ROAD_TYPE,PEDESTRIAN_ACCIDENT,BICYCLE_ACCIDENT,MOTORCYCLE_ACCIDENT,TRUCK_ACCIDENT,NOT_PRIVATE_PROPERTY,ALCOHOL_INVOLVED,STWD_VEHTYPE_AT_FAULT,CHP_VEHTYPE_AT_FAULT,COUNT_SEVERE_INJ,COUNT_VISIBLE_INJ,COUNT_COMPLAINT_PAIN,COUNT_PED_KILLED,COUNT_PED_INJURED,COUNT_BICYCLIST_KILLED,COUNT_BICYCLIST_INJURED,COUNT_MC_KILLED,COUNT_MC_INJURED,PRIMARY_RAMP,SECONDARY_RAMP,LATITUDE,LONGITUDE,COUNTY,CITY,POINT_X,POINT_Y
9024796,2019,2020-01-21,1942,2019-10-22,0935,37146,0504,2,5,7,1942,0,0,0,E,0,25TL23,HARBORGATE WY,190TH ST,300,S,N,A,-,N,NA,NA,NA,NA,NA,NA,NA,NA,NA,Y,4,0,4,2,A,-,09,21801,A,N,-,C,A,A,H,-,A,D,0,NA,NA,NA,NA,Y,NA,A,01,0,0,4,0,0,0,0,0,0,-,-,NA,NA,LOS ANGELES,LOS ANGELES,-118.3034896850586,33.857547760009766
90247982,2016,2016-08-18,9550,2016-08-11,0945,016237,NA,4,1,9,1900,0,2,4,NA,1,041,AZUSA AVENUE,SR-60 E/B TO AZUSA AVE.,0,NA,Y,A,-,N,NA,NA,NA,NA,NA,NA,NA,NA,NA,Y,4,0,1,2,A,-,12,21453,A,N,D,C,A,A,H,-,A,A,0,NA,NA,NA,NA,Y,NA,-,-,0,0,1,0,0,0,0,0,0,-,-,33.99113,-117.92089,LOS ANGELES,UNINCORPORATED,-117.93135138,33.99579606
9024800,2019,2020-01-21,1942,2019-10-08,1040,43133,0503,2,5,7,1942,0,0,0,E,0,25T23,VERMONT AV,LOMITA BL,50,S,Y,A,-,N,NA,NA,NA,NA,NA,NA,NA,NA,NA,N,4,0,1,3,A,-,03,22350,NA,N,C,C,A,A,H,-,A,A,0,NA,NA,NA,NA,Y,NA,A,01,0,0,1,0,0,0,0,0,0,-,-,NA,NA,LOS ANGELES,LOS ANGELES,-118.29080963134766,33.797706604003906
90248006,2016,2016-08-18,9530,2016-08-15,0815,021235,NA,1,1,7,1942,0,1,1,NA,2,400,I-405 S/B (SAN DIEGO FREEWAY),NORMANDIE AVE.,1056,S,N,A,-,Y,NA,NA,405,NA,NA,NA,NA,NA,S,N,4,0,1,3,A,-,03,22350,NA,N,C,C,A,A,H,-,A,D,0,NA,NA,NA,NA,Y,NA,A,01,0,0,1,0,0,0,0,0,0,-,-,33.8597,-118.2955,LOS ANGELES,LOS ANGELES,-118.29550003,33.8597286
90248007,2016,2016-08-18,9590,2016-08-08,1255,014234,NA,1,1,7,1942,0,1,1,NA,2,051,I-110 S/B (HAF) FROM MLK JR. BLVD.,"MARTIN LUTHER KING, JR BLVD",20,S,N,A,-,Y,NA,NA,110,NA,NA,NA,R,NA,S,N,3,0,1,2,D,-,00,NA,NA,N,G,B,E,A,H,-,A,D,0,Y,NA,NA,NA,Y,NA,-,-,0,1,0,0,1,0,0,0,0,-,-,34.01086,-118.28157,LOS ANGELES,LOS ANGELES,-118.28157,34.01086
9024801,2019,2020-02-11,1942,2019-12-05,1800,43202,1777,4,5,7,1942,0,0,0,Q,0,17XL22,HAYVENHURST ST,NORDHOFF ST,0,NA,Y,A,-,N,NA,NA,NA,NA,NA,NA,NA,NA,NA,N,4,0,3,7,A,-,08,22107,NA,N,B,C,A,A,H,-,C,A,0,NA,NA,NA,Y,Y,NA,-,-,0,0,3,0,0,0,0,0,0,-,-,NA,NA,LOS ANGELES,LOS ANGELES,-118.49379730224608,34.23569107055664
90248010,2016,2016-08-18,9535,2016-07-29,1125,021305,NA,5,1,5,1948,0,1,3,NA,2,620,SR-60 (POMONA FREEWAY) E/B,PARAMOUNT BLVD.,1737,W,N,A,-,Y,NA,NA,60,NA,NA,NA,NA,NA,E,Y,4,0,1,6,A,-,03,22350,NA,N,B,C,A,A,H,-,A,D,0,NA,NA,NA,Y,Y,NA,D,22,0,0,1,0,0,0,0,0,0,-,-,34.03568,-118.0987,LOS ANGELES,MONTEREY PARK,-118.09870028,34.0356716
90248018,2016,2016-08-18,9550,2016-08-09,2320,021269,NA,2,3,9,1900,0,2,4,NA,1,013,NORWALK BOULEVARD,WASHINGTON BOULEVARD,0,NA,Y,A,-,N,NA,NA,NA,NA,NA,NA,NA,NA,NA,Y,4,0,1,2,A,-,09,21801,A,M,A,C,A,A,H,-,C,A,0,NA,NA,NA,NA,Y,NA,A,01,0,0,1,0,0,0,0,0,0,-,-,33.97258,-118.07409,LOS ANGELES,UNINCORPORATED,-118.07399008,33.9725001
90248022,2016,2016-08-18,9535,2016-08-01,0820,021305,NA,1,1,5,1906,0,1,1,NA,2,651,I-605 S/B (SAN GABRIEL RIVER FREEWAY),VALLEY BLVD.,1600,N,N,A,-,Y,NA,NA,605,NA,NA,NA,NA,NA,S,Y,4,0,2,3,A,-,07,21658,A,N,B,C,A,A,H,-,A,D,0,NA,NA,NA,NA,Y,NA,A,08,0,0,2,0,0,0,0,0,0,-,-,34.05857,-118.00202,LOS ANGELES,BALDWIN PARK,-118.0020671,34.05859402
90248040,2016,2016-08-18,9565,2016-07-14,1145,021231,NA,4,1,9,1900,0,3,5,NA,2,004,CRENSHAW BLVD.,135TH ST,250,N,N,A,-,N,NA,NA,NA,NA,NA,NA,NA,NA,NA,N,4,0,1,2,A,-,03,22350,NA,N,B,C,A,A,H,-,A,D,0,NA,NA,NA,Y,Y,NA,A,01,0,0,1,0,0,0,0,0,0,-,-,33.90923,-118.32656,LOS ANGELES,UNINCORPORATED,-118.3266,33.90987567
90248046,2016,2016-08-18,9525,2016-07-29,1955,019495,NA,5,2,6,1955,0,1,1,NA,2,110,I-10 E/B (SAN BERNARDINO FREEWAY),TOWNE AVE,528,W,N,A,-,Y,NA,NA,10,NA,NA,NA,NA,NA,E,N,4,0,1,2,A,-,03,22350,NA,N,C,C,A,A,H,-,A,D,0,NA,NA,NA,NA,Y,NA,A,01,0,0,1,0,0,0,0,0,0,-,-,34.0766,-117.7454,LOS ANGELES,POMONA,-117.74539984,34.0765996
90248066,2016,2016-08-18,9525,2016-08-16,0650,012820,NA,2,1,5,1926,0,1,1,NA,2,215,I-210 W/B (FOOTHILL FREEWAY),SUNFLOWER AVE,150,E,N,A,-,Y,NA,NA,210,NA,NA,NA,NA,NA,W,Y,4,0,1,1,A,-,03,22350,NA,N,F,A,A,A,H,-,A,D,0,NA,NA,Y,NA,Y,NA,C,02,0,0,1,0,0,0,0,0,1,-,-,34.11774,-117.84417,LOS ANGELES,GLENDORA,-117.84418024,34.11780426
90248071,2016,2016-08-18,9535,2016-08-17,1645,018687,NA,3,2,3,1914,0,1,1,NA,2,072,I-710 (LONG BEACH FREEWAY) N/B,EASTYARD RR OVERHEAD S/EDGE,100,N,N,A,-,Y,NA,NA,710,NA,NA,NA,NA,NA,N,N,4,0,1,2,A,-,03,22350,NA,N,C,C,A,A,H,-,A,D,0,NA,NA,NA,NA,Y,NA,A,01,0,0,1,0,0,0,0,0,0,-,-,34.01169,-118.17211,LOS ANGELES,COMMERCE,-118.17226584,34.01169089
90248073,2016,2016-08-18,9565,2016-07-31,2150,021134,NA,7,2,7,1942,0,1,1,NA,2,082,I-10 W/B (SANTA MONICA FWY),GATEWAY BLVD,500,E,N,A,-,Y,NA,NA,10,NA,NA,NA,NA,NA,W,N,4,0,1,2,A,-,03,22350,NA,N,C,C,A,A,H,-,C,D,0,NA,NA,NA,NA,Y,NA,A,07,0,0,1,0,0,0,0,0,0,-,-,34.03004,-118.44141,LOS ANGELES,LOS ANGELES,-118.44143941,34.0302604
90248076,2016,2016-08-18,9550,2016-08-11,1155,018271,NA,4,1,9,1900,0,1,3,NA,2,601,SR-60 W/B FROM AZUSA AVE,AZUSA AVENUE,300,E,N,B,-,Y,NA,NA,60,NA,NA,NA,R,NA,W,Y,4,0,1,2,A,-,03,22350,NA,N,C,C,A,A,H,-,A,A,0,NA,NA,NA,Y,Y,NA,F,55,0,0,1,0,0,0,0,0,0,-,-,33.99727,-117.93013,LOS ANGELES,UNINCORPORATED,-117.93013,33.99727
90248079,2016,2016-08-18,9565,2016-08-02,1553,021231,NA,2,2,9,1900,0,2,4,NA,2,042,LENNOX BLVD,FREEMAN AVE.,0,NA,Y,A,-,N,NA,NA,NA,NA,NA,NA,NA,NA,NA,N,4,0,1,2,A,-,03,22350,NA,N,C,C,A,A,H,-,A,A,0,NA,NA,NA,NA,Y,NA,A,01,0,0,1,0,0,0,0,0,0,-,-,33.93818,-118.34826,LOS ANGELES,UNINCORPORATED,-118.34828006,33.93819005
90248082,2016,2016-08-18,9565,2016-08-16,1620,020958,NA,2,2,9,1900,0,3,5,NA,2,002,NORMANDIE AVENUE,120TH STREET,0,NA,Y,A,-,N,NA,NA,NA,NA,NA,NA,NA,NA,NA,Y,4,0,2,3,A,-,12,21453,A,N,D,C,A,A,H,-,A,A,0,NA,NA,NA,NA,Y,NA,A,01,0,0,2,0,0,0,0,0,0,-,-,33.92398,-118.30036,LOS ANGELES,UNINCORPORATED,-118.30036002,33.92396011
90248083,2016,2016-08-18,9565,2016-08-16,1425,020958,NA,2,2,6,1933,0,1,1,NA,2,060,I-405 NORTHBOUND (SAN DIEGO FREEWAY),MANCHESTER AVENUE,575,S,N,A,-,Y,NA,NA,405,NA,NA,NA,NA,NA,N,Y,3,0,2,4,A,-,03,22350,NA,N,C,C,A,A,H,-,A,D,0,NA,NA,NA,NA,Y,NA,A,07,0,1,1,0,0,0,0,0,0,-,-,33.96018,-118.3691,LOS ANGELES,INGLEWOOD,-118.36922431,33.96017602
90248084,2016,2016-10-04,9525,2016-04-16,0120,020989,NA,6,3,4,1960,0,1,3,NA,2,571,STATE ROUTE 57 SOUTH (ORANGE FREEWAY),VIA VERDE,1181,N,N,A,-,Y,NA,NA,57,NA,NA,NA,NA,NA,NA,Y,1,1,0,2,A,-,03,22350,NA,F,C,C,A,A,H,-,C,D,0,NA,NA,NA,Y,Y,NA,A,01,0,0,0,0,0,0,0,0,0,-,-,34.08058,-117.81678,LOS ANGELES,SAN DIMAS,-117.81674429,34.08061519
90248089,2016,2016-08-18,9565,2016-08-02,1100,021231,NA,2,1,7,1942,0,1,1,NA,2,012,I-105 W/B (CENTURY FWY),WILTON PL.,200,E,N,A,-,Y,NA,NA,NA,NA,NA,NA,NA,NA,NA,N,4,0,1,2,A,-,03,22350,NA,N,C,C,A,A,H,-,A,D,0,NA,NA,NA,NA,Y,NA,A,01,0,0,1,0,0,0,0,0,0,-,-,33.92558,-118.31284,LOS ANGELES,LOS ANGELES,-118.31280207,33.92556123
90248091,2016,2016-08-18,9565,2016-08-04,0720,021231,NA,4,1,7,1942,0,1,1,NA,2,012,I-105 W/B (CENTURY FWY.),NORMANDIE AVE,1000,E,N,A,-,Y,NA,NA,NA,NA,NA,NA,NA,NA,NA,N,3,0,1,2,A,-,08,22107,NA,N,C,C,A,A,H,-,A,D,0,NA,NA,Y,NA,Y,NA,A,01,0,1,0,0,0,0,0,0,1,-,-,33.92794,-118.29909,LOS ANGELES,LOS ANGELES,-118.29717401,33.9283746
90248093,2016,2016-08-18,9550,2016-08-11,1015,018408,NA,4,1,9,1900,0,1,3,NA,2,600,SR-60 W/B,7TH AVENUE,700,E,N,A,-,Y,NA,NA,60,NA,NA,NA,NA,NA,W,Y,4,0,1,4,A,-,03,22350,NA,N,C,C,A,A,H,-,A,D,0,NA,NA,NA,NA,Y,NA,A,01,0,0,1,0,0,0,0,0,0,-,-,34.01422,-117.98275,LOS ANGELES,UNINCORPORATED,-117.98285791,34.01410226
90248098,2016,2016-08-18,9565,2016-08-04,0010,019355,NA,4,3,9,1900,0,2,4,NA,2,022,W. 92ND. ST,NORMANDIE AVE,0,NA,Y,A,-,N,NA,NA,NA,NA,NA,NA,NA,NA,NA,Y,3,0,1,2,A,-,09,21802,A,N,A,C,A,A,H,-,C,D,0,NA,NA,NA,NA,Y,NA,A,07,0,1,0,0,0,0,0,0,0,-,-,33.95316,-118.30018,LOS ANGELES,UNINCORPORATED,-118.3002701,33.95319011
90248099,2016,2016-08-18,9565,2016-08-05,1318,021231,NA,5,1,9,1900,0,2,4,NA,2,022,NORMANDIE AVE.,105TH ST.,0,NA,Y,A,-,N,NA,NA,NA,NA,NA,NA,NA,NA,NA,N,4,0,1,2,A,-,09,21802,A,N,D,C,A,A,H,-,A,A,0,NA,NA,NA,NA,Y,NA,A,07,0,0,1,0,0,0,0,0,0,-,-,33.94125,-118.30027,LOS ANGELES,UNINCORPORATED,-118.30028002,33.94120003
90248100,2016,2016-08-18,9565,2016-08-05,1810,016545,NA,5,2,4,1918,0,1,1,NA,2,061,I-405 S/B,CULVER BLVD,500,N,N,A,-,Y,NA,NA,NA,NA,NA,NA,NA,NA,NA,N,4,0,1,2,A,-,07,21658,A,N,B,C,A,A,H,-,A,D,0,NA,NA,Y,NA,Y,NA,A,01,0,0,1,0,0,0,0,0,1,-,-,33.78765,-118.72345,LOS ANGELES,CULVER CITY,-118.41225446,34.00414573
90248103,2016,2016-08-18,9565,2016-08-05,1754,021231,NA,5,2,9,1900,0,2,4,NA,2,022,NORMANDIE AVE.,112TH ST.,0,NA,Y,A,-,N,NA,NA,NA,NA,NA,NA,NA,NA,NA,Y,2,0,2,3,A,-,09,21801,A,N,D,C,A,A,H,-,A,A,0,NA,NA,NA,NA,Y,NA,A,01,1,0,1,0,0,0,0,0,0,-,-,33.9328,-118.30027,LOS ANGELES,UNINCORPORATED,-118.30031007,33.932800040000004
90248104,2016,2016-08-18,9535,2016-08-12,1610,019857,NA,5,2,4,1907,0,1,1,NA,2,073,I-710 (LONG BEACH FREEWAY) S/B,GAGE AVE,580,S,N,A,-,Y,NA,NA,NA,NA,NA,NA,NA,NA,NA,N,3,0,1,2,A,-,03,22350,NA,N,C,C,A,A,H,-,A,D,0,NA,NA,NA,NA,Y,NA,D,22,0,1,0,0,0,0,0,0,0,-,-,34.03638,-118.15817,LOS ANGELES,BELL,-118.16792216,33.97434131
90248108,2016,2016-08-19,9565,2016-08-07,0020,021118,NA,7,3,9,1900,0,1,1,NA,2,012,I-105 W/B,NORMANDIE AVE,360,E,N,A,-,Y,NA,NA,105,NA,NA,NA,NA,NA,W,Y,3,0,1,1,A,-,08,22107,NA,N,E,I,A,A,H,-,C,D,0,NA,NA,NA,NA,Y,NA,A,01,0,1,0,0,0,0,0,0,0,-,-,33.92783,-118.29901,LOS ANGELES,UNINCORPORATED,-118.29904035,33.92796365
90248109,2016,2016-08-19,9550,2016-08-11,0815,020824,NA,4,1,6,1949,0,1,1,NA,2,500,INTERSTATE 5 S/B (SANTA ANA FREEWAY),IMPERIAL HIGHWAY,500,N,N,B,-,Y,NA,NA,5,NA,NA,NA,NA,NA,S,Y,4,0,2,3,A,-,03,22350,NA,N,C,C,A,A,H,-,A,D,0,NA,NA,NA,NA,Y,NA,A,01,0,0,2,0,0,0,0,0,0,-,-,33.91847,-118.08082,LOS ANGELES,NORWALK,-118.08087741,33.91842936
90248119,2016,2016-08-19,9565,2016-08-10,1610,013744,NA,3,2,7,1942,0,1,1,NA,2,083,W/B I-10 FROM OVERLAND AVENUE ON-RAMP,OVERLAND AVENUE,250,E,N,A,-,Y,NA,NA,10,NA,NA,NA,R,NA,NA,N,4,0,1,2,A,-,03,22350,NA,N,B,C,A,A,H,-,A,A,0,NA,NA,Y,NA,Y,NA,A,01,0,0,1,0,0,0,0,0,1,-,-,34.03241,-118.41604,LOS ANGELES,LOS ANGELES,-118.41604,34.03241
90248120,2016,2016-08-19,9565,2016-08-16,1745,013744,NA,2,2,7,1942,0,1,1,NA,2,082,I-10 E/B,BUNDY DR,150,E,N,A,-,Y,NA,NA,10,NA,NA,NA,NA,NA,E,N,4,0,1,2,A,-,07,21658,A,N,B,C,A,A,H,-,A,D,0,NA,NA,Y,NA,Y,NA,A,01,0,0,1,0,0,0,0,0,1,-,-,34.02861,-118.44774,LOS ANGELES,LOS ANGELES,-118.44772618,34.02855708
90248125,2016,2016-08-19,9565,2016-08-10,1430,020958,NA,3,2,7,1942,0,1,1,NA,2,063,I-405 SOUTHBOUND (SAN DIEGO FREEWAY),WILSHIRE BOULEVARD,250,N,N,A,-,Y,NA,NA,405,NA,NA,NA,NA,NA,S,N,4,0,1,3,A,-,03,22350,NA,M,C,C,A,A,H,-,A,D,0,NA,NA,NA,NA,Y,NA,A,01,0,0,1,0,0,0,0,0,0,-,-,34.06006,-118.45583,LOS ANGELES,LOS ANGELES,-118.45577347,34.06010503
9024813,2019,2020-02-11,1942,2019-12-23,0630,38766,1602,1,5,7,1942,0,0,0,P,0,1602,FOOTHILL BL,PAXTON ST,100,S,N,C,-,N,NA,NA,NA,NA,NA,NA,NA,NA,NA,N,3,0,1,2,A,-,09,21804,A,N,D,C,A,B,H,-,A,D,0,NA,NA,NA,NA,Y,NA,D,22,0,1,0,0,0,0,0,0,0,-,-,NA,NA,LOS ANGELES,LOS ANGELES,-118.40796661376952,34.286651611328125
90248138,2016,2016-08-19,9565,2016-08-10,1530,016545,NA,3,2,9,1900,0,3,5,NA,2,003,SLAUSON AVE,CORNING AVE,100,W,N,A,-,N,NA,NA,NA,NA,NA,NA,NA,NA,NA,Y,4,0,1,1,C,-,18,NA,NA,N,E,I,A,A,H,-,A,D,0,NA,NA,NA,NA,Y,NA,-,-,0,0,1,0,0,0,0,0,0,-,-,33.78652,-118.75643,LOS ANGELES,UNINCORPORATED,-118.37357883,33.98777414
90248141,2016,2016-08-19,9565,2016-08-11,1555,016945,NA,4,2,7,1942,0,1,1,NA,2,062,I-405 S/B (SAN DIEGO FWY),PALMS BLVD,175,S,N,A,-,Y,NA,NA,405,NA,NA,NA,NA,NA,S,N,4,0,1,4,A,-,03,22350,NA,F,C,C,A,A,H,-,A,D,0,NA,NA,NA,NA,Y,NA,A,01,0,0,1,0,0,0,0,0,0,-,-,34.0174,-118.42255,LOS ANGELES,LOS ANGELES,-118.42265227,34.01731899
90248160,2016,2016-08-19,9565,2016-08-12,1610,020284,NA,5,2,7,1942,0,1,1,NA,2,064,I-405 S/B (SAN DIEGO FREEWAY),SUNSET BLVD.,200,N,N,A,-,Y,NA,NA,NA,NA,NA,NA,NA,NA,NA,Y,4,0,1,4,A,-,03,22350,NA,N,C,C,A,A,H,-,A,D,0,NA,NA,NA,NA,Y,NA,A,07,0,0,1,0,0,0,0,0,0,-,-,34.42253,-118.28061,LOS ANGELES,LOS ANGELES,-118.46706383,34.07323289
90248161,2016,2016-08-19,9550,2016-08-01,0730,021150,NA,1,1,5,1908,0,1,3,NA,2,091,STATE ROUTE 91 W/B (ARTESIA FREEWAY),ARDMORE AVENUE,300,W,N,A,-,Y,NA,NA,91,NA,NA,NA,NA,NA,W,Y,3,0,1,3,A,-,08,22107,NA,F,B,C,A,A,H,-,A,D,0,NA,NA,Y,NA,Y,NA,A,01,0,1,0,0,0,0,0,0,1,-,-,33.87626,-118.13018,LOS ANGELES,BELLFLOWER,-118.13016949,33.87633097
90248172,2016,2016-08-19,9565,2016-07-28,1800,021303,NA,4,2,9,1900,0,1,1,NA,2,063,I-405 N/B (SAN DIEGO FWY),WILSHIRE BLVD,500,N,N,A,-,Y,NA,NA,NA,NA,NA,NA,NA,NA,NA,N,3,0,1,3,A,-,08,22107,NA,F,B,C,A,A,H,-,A,D,0,NA,NA,Y,NA,Y,NA,A,01,0,1,0,0,0,0,0,0,1,-,-,34.337,-118.2721,LOS ANGELES,UNINCORPORATED,-118.45298089,34.05698554
90248173,2016,2016-08-19,9565,2016-08-17,0910,020972,NA,3,1,9,1900,0,1,1,NA,2,060,I-405 S/B (SANDIEGO FWY),EL SEGUNDO BLVD.,200,N,N,A,-,Y,NA,NA,405,NA,NA,NA,NA,NA,S,Y,4,0,1,3,A,-,03,22350,NA,N,C,C,A,A,H,-,A,D,0,NA,NA,NA,NA,Y,NA,A,01,0,0,1,0,0,0,0,0,0,-,-,33.91866,-118.36989,LOS ANGELES,UNINCORPORATED,-118.36983015,33.91864543
90248175,2016,2016-08-19,9565,2016-08-05,1905,021134,NA,5,2,9,1900,0,3,5,NA,2,004,132ND ST,ERIEL AVE,0,NA,Y,A,-,N,NA,NA,NA,NA,NA,NA,NA,NA,NA,Y,4,0,2,2,A,-,09,21802,A,N,A,C,A,A,H,-,A,A,0,NA,NA,NA,NA,Y,NA,A,01,0,0,2,0,0,0,0,0,0,-,-,33.91233,-118.32734,LOS ANGELES,UNINCORPORATED,-118.32736013,33.91232006
90248207,2016,2016-08-19,9535,2016-08-07,2100,020794,NA,7,2,9,1900,0,1,3,NA,2,066,SR-60 W/B FROM ROSEMEAD BLVD,SR-60,700,N,N,A,-,N,NA,NA,60,NA,NA,NA,R,NA,W,Y,4,0,2,4,A,-,21,22106,NA,N,H,C,A,A,H,-,C,D,0,NA,NA,NA,NA,Y,NA,A,07,0,0,2,0,0,0,0,0,0,-,-,34.04337,-118.06445,LOS ANGELES,UNINCORPORATED,-118.06445,34.04337
90248209,2016,2016-08-19,9535,2016-08-07,0630,017595,NA,7,1,5,1969,0,1,1,NA,2,074,I-710 (LONG BEACH FREEWAY) N/B,IMPERIAL HWY,500,N,N,A,-,Y,NA,NA,710,NA,NA,NA,NA,NA,N,Y,4,0,1,2,A,-,07,21658,A,N,B,C,A,A,C,-,A,D,0,NA,NA,NA,NA,Y,NA,A,01,0,0,1,0,0,0,0,0,0,-,-,33.93593,-118.17492,LOS ANGELES,SOUTH GATE,-118.17488018,33.93587126
9024821,2019,2020-02-12,1942,2019-12-26,1100,43679,0923,4,5,7,1942,0,0,0,I,0,9A63,KESTER AV,GILMORE ST,20,S,N,B,C,N,NA,NA,NA,NA,NA,NA,NA,NA,NA,N,4,0,1,2,A,-,08,22107,NA,N,B,C,A,B,H,-,A,D,0,NA,NA,NA,NA,Y,NA,A,01,0,0,1,0,0,0,0,0,0,-,-,NA,NA,LOS ANGELES,LOS ANGELES,-118.45745849609376,34.18760681152344
90248213,2016,2016-08-19,9535,2016-08-04,0800,015636,NA,4,1,4,1907,0,1,1,NA,2,073,I-710 (LONG BEACH FREEWAY) N/B,ATLANTIC BLVD,2448,S,N,A,-,Y,NA,NA,710,NA,NA,NA,NA,NA,N,Y,4,0,3,3,A,-,04,21703,NA,N,C,C,A,A,D,-,A,D,0,NA,NA,NA,NA,Y,NA,A,01,0,0,3,0,0,0,0,0,0,-,-,33.9913,-118.17393,LOS ANGELES,BELL,-118.17385663,33.99139368
90248215,2016,2016-08-19,9535,2016-08-09,1640,020818,NA,2,2,3,1914,0,1,1,NA,2,501,I-5 (SANTA ANA FREEWAY) S/B,ATLANTIC BLVD.,105,N,N,A,-,Y,NA,NA,5,NA,NA,NA,NA,NA,S,N,4,0,2,3,A,-,03,22350,NA,N,C,C,A,A,H,-,A,D,0,NA,NA,NA,NA,Y,NA,A,01,0,0,2,0,0,0,0,0,0,-,-,34.00912,-118.15901,LOS ANGELES,COMMERCE,-118.15903919,34.00909364
9024825,2019,2020-09-03,1942,2019-12-30,0350,43774,1975,1,5,7,1942,0,0,0,NA,0,19A75,NORDHOFF ST,WAKEFIELD ST,5,W,N,A,-,N,NA,NA,NA,NA,NA,NA,NA,NA,NA,Y,4,0,1,4,A,-,03,22350,NA,F,B,C,A,A,H,-,C,D,0,NA,NA,NA,NA,Y,NA,A,01,0,0,1,0,0,0,0,0,0,-,-,NA,NA,LOS ANGELES,LOS ANGELES,-118.44806671142578,34.23540115356445
90248263,2016,2016-08-30,9550,2016-08-12,1330,019939,NA,5,1,9,1900,0,2,4,NA,1,042,COLIMA RD.,PUNTA DEL ESTE DR.,0,NA,Y,A,-,N,NA,NA,NA,NA,NA,NA,NA,NA,NA,N,4,0,1,2,A,-,09,21453,NA,N,D,C,A,A,H,-,A,D,0,NA,NA,NA,NA,Y,NA,A,08,0,0,1,0,0,0,0,0,0,-,-,33.9858,-117.9538,LOS ANGELES,UNINCORPORATED,-117.95412012,33.98597011
90248267,2016,2016-08-19,9535,2016-08-11,1042,017802,NA,4,1,5,1969,0,1,1,NA,2,075,I-710 (LONG BEACH FREEWAY) S/B,FIRESTONE BLVD.,10,S,N,A,-,Y,NA,NA,710,NA,NA,NA,NA,NA,S,Y,4,0,1,3,A,-,03,22350,NA,N,C,C,A,A,H,-,A,D,0,NA,NA,NA,NA,Y,NA,A,01,0,0,1,0,0,0,0,0,0,-,-,33.94959,-118.17054,LOS ANGELES,SOUTH GATE,-118.17048675,33.94959382
9024829,2019,2020-01-28,1942,2019-11-18,0440,42554,NA,1,5,7,1942,0,0,0,NA,0,12A31,FLORENCE AV,HOBART BL,0,NA,Y,A,-,N,NA,NA,NA,NA,NA,NA,NA,NA,NA,Y,4,0,1,2,A,-,21,22106,NA,N,D,C,A,A,H,-,B,D,0,NA,NA,NA,NA,Y,NA,D,22,0,0,1,0,0,0,0,0,0,-,-,NA,NA,LOS ANGELES,LOS ANGELES,-118.30789184570313,33.974571228027344
90248293,2016,2016-08-19,9530,2016-07-31,1217,020923,NA,7,1,9,1900,0,3,5,NA,2,002,ALONDRA BLVD.,AVALON BLVD.,0,NA,Y,A,-,N,NA,NA,NA,NA,NA,NA,NA,NA,NA,N,4,0,1,2,A,-,07,21658,A,F,B,C,A,A,H,-,A,A,0,NA,NA,NA,NA,Y,NA,-,99,0,0,1,0,0,0,0,0,0,-,-,33.8862,-118.2659,LOS ANGELES,UNINCORPORATED,-118.26544003,33.88610002
90248301,2016,2016-08-19,9580,2016-08-10,0525,021077,NA,3,3,7,1942,0,1,1,NA,2,407,I-405 S/B (SAN DIEGO FWY),NORDHOFF ST,400,S,N,A,-,Y,NA,NA,405,NA,NA,NA,NA,NA,S,Y,4,0,2,4,A,-,03,22350,NA,M,C,C,A,A,H,-,B,D,0,NA,NA,NA,NA,Y,NA,A,01,0,0,2,0,0,0,0,0,0,-,-,34.23159,-118.47312,LOS ANGELES,LOS ANGELES,-118.47321655,34.23159096
90248316,2016,2016-08-31,9545,2016-08-09,1800,018420,NA,2,2,9,1900,0,3,5,NA,2,004,AVENUE H,110TH ST  E,3696,E,N,A,-,N,NA,NA,NA,NA,NA,NA,NA,NA,NA,Y,2,0,2,1,A,-,08,22107,NA,N,F,A,A,A,H,-,A,D,0,NA,NA,NA,NA,Y,NA,A,07,1,0,1,0,0,0,0,0,0,-,-,34.71953,-117.92063,LOS ANGELES,UNINCORPORATED,-117.92182912,34.71948392