CASE_ID,ACCIDENT_YEAR,PROC_DATE,JURIS,COLLISION_DATE,COLLISION_TIME,OFFICER_ID,REPORTING_DISTRICT,DAY_OF_WEEK,CHP_SHIFT,POPULATION,CNTY_CITY_LOC,SPECIAL_COND,BEAT_TYPE,CHP_BEAT_TYPE,CITY_DIVISION_LAPD,CHP_BEAT_CLASS,BEAT_NUMBER,PRIMARY_RD,SECONDARY_RD,DISTANCE,DIRECTION,INTERSECTION,WEATHER_1,WEATHER_2,STATE_HWY_IND,CALTRANS_COUNTY,CALTRANS_DISTRICT,STATE_ROUTE,ROUTE_SUFFIX,POSTMILE_PREFIX,POSTMILE,LOCATION_TYPE,RAMP_INTERSECTION,SIDE_OF_HWY,TOW_AWAY,COLLISION_SEVERITY,NUMBER_KILLED,NUMBER_INJURED,PARTY_COUNT,PRIMARY_COLL_FACTOR,PCF_CODE_OF_VIOL,PCF_VIOL_CATEGORY,PCF_VIOLATION,PCF_VIOL_SUBSECTION,HIT_AND_RUN,TYPE_OF_COLLISION,MVIW,PED_ACTION,ROAD_SURFACE,ROAD_COND_1,ROAD_COND_2,LIGHTING,CONTROL_DEVICE,CHP_ROAD_TYPE,PEDESTRIAN_ACCIDENT,BICYCLE_ACCIDENT,MOTORCYCLE_ACCIDENT,TRUCK_ACCIDENT,NOT_PRIVATE_PROPERTY,ALCOHOL_INVOLVED,STWD_VEHTYPE_AT_FAULT,CHP_VEHTYPE_AT_FAULT,COUNT_SEVERE_INJ,COUNT_VISIBLE_INJ,COUNT_COMPLAINT_PAIN,COUNT_PED_KILLED,COUNT_PED_INJURED,COUNT_BICYCLIST_KILLED,COUNT_BICYCLIST_INJURED,COUNT_MC_KILLED,COUNT_MC_INJURED,PRIMARY_RAMP,SECONDARY_RAMP,LATITUDE,LONGITUDE,COUNTY,CITY,POINT_X,POINT_Y
90255374,2016,2016-08-29,9525,2016-08-15,0330,021280,NA,1,3,9,1900,0,3,5,NA,2,004,BASETDALE AVE (1000 BLOCK),CUNNINGHAM DR,150,S,N,A,-,N,NA,NA,NA,NA,NA,NA,NA,NA,NA,Y,3,0,1,2,A,-,08,22107,NA,N,E,I,A,A,H,-,C,D,0,NA,NA,NA,NA,Y,NA,A,01,0,1,0,0,0,0,0,0,0,-,-,34.0977,-118.00972,LOS ANGELES,UNINCORPORATED,-118.0099531,34.03949729
90255378,2016,2016-08-29,9530,2016-08-14,0325,021004,NA,7,3,9,1900,0,3,5,NA,2,002,EL SEGUNDO BLVD.,BROADWAY,0,NA,Y,A,-,N,NA,NA,NA,NA,NA,NA,NA,NA,NA,Y,4,0,1,2,A,-,01,23152,A,N,D,C,A,A,H,-,C,A,0,NA,NA,NA,NA,Y,Y,A,01,0,0,1,0,0,0,0,0,0,-,-,33.5459,-118.16422,LOS ANGELES,UNINCORPORATED,-118.27836,33.91642008
90255379,2016,2016-08-29,9575,2016-08-13,1535,021213,NA,6,2,9,1900,0,1,3,NA,2,301,SR-2 (ANGELES CREST HIGHWAY),LADYBUG CANYON RD.,1584,E,N,A,-,Y,NA,NA,2,NA,NA,NA,NA,NA,NA,Y,4,0,1,1,A,-,03,22350,NA,N,F,A,A,A,H,-,A,D,0,NA,NA,Y,NA,Y,NA,C,02,0,0,1,0,0,0,0,0,1,-,-,34.26762,-118.11846,LOS ANGELES,UNINCORPORATED,-118.11845734,34.26762027
9025538,2020,2020-03-23,1942,2020-01-13,0815,44038,1861,1,5,7,1942,0,0,0,R,0,NA,S FIGUEROA,117TH ST,0,NA,Y,A,-,N,NA,NA,NA,NA,NA,NA,NA,NA,NA,Y,3,0,1,2,A,-,12,22450,NA,N,A,C,A,A,H,-,A,D,0,NA,NA,NA,NA,Y,NA,A,01,0,1,0,0,0,0,0,0,0,-,-,NA,NA,LOS ANGELES,LOS ANGELES,-118.28260803222656,33.92734909057617
90255381,2016,2016-08-29,9575,2016-08-14,0540,020771,NA,7,3,6,1912,0,1,1,NA,2,051,I-5 S/B (GOLDEN STATE FREEWAY),ALAMEDA AVE.,200,S,N,A,-,Y,NA,NA,5,NA,NA,NA,NA,NA,S,Y,4,0,1,2,A,-,03,22350,NA,N,C,C,A,A,D,-,B,D,0,NA,NA,NA,NA,Y,NA,A,01,0,0,1,0,0,0,0,0,0,-,-,34.16898,-118.30287,LOS ANGELES,BURBANK,-118.30281738,34.1690532
90255387,2016,2016-08-29,9545,2016-08-05,1600,020960,NA,5,2,6,1950,0,1,3,NA,2,021,SB SR14 (ANGELES FOREST HIGHWAY),PALMDALE BLVD,1478,N,N,A,-,Y,NA,NA,NA,NA,NA,NA,NA,NA,NA,Y,3,0,1,3,A,-,07,21658,A,N,B,C,A,A,H,-,A,D,0,NA,NA,NA,NA,Y,NA,A,01,0,1,0,0,0,0,0,0,0,-,-,34.58537,-118.13385,LOS ANGELES,PALMDALE,NA,NA
9025540,2020,2020-03-18,1942,2020-01-08,2020,39097,0529,3,5,7,1942,0,0,0,E,0,5A24,ANAHEIM ST,HENRY FORD AV,800,E,N,A,-,N,NA,NA,NA,NA,NA,NA,NA,NA,NA,Y,3,0,1,2,A,-,05,21651,B,N,B,C,A,A,H,-,C,D,0,NA,NA,NA,NA,Y,NA,A,07,0,1,0,0,0,0,0,0,0,-,-,NA,NA,LOS ANGELES,LOS ANGELES,-118.23912048339844,33.78133010864258
90255400,2016,2016-08-29,9545,2016-08-21,0036,020849,NA,7,3,9,1900,0,3,5,NA,2,004,AVENUE 0-8,145TH ST  E,0,NA,Y,A,-,Y,NA,NA,NA,NA,NA,NA,NA,NA,NA,Y,2,0,1,2,A,-,09,21802,A,N,D,C,A,A,H,-,D,D,0,NA,NA,Y,NA,Y,NA,A,01,1,0,0,0,0,0,0,0,1,-,-,34.61663,-117.87167,LOS ANGELES,UNINCORPORATED,NA,NA
90255406,2016,2016-08-29,9535,2016-07-05,1830,020794,NA,2,2,6,1922,0,1,1,NA,2,401,I-10 (SAN BERNARDINO FREEWAY) W/B,SAN GABRIEL RIVER,150,W,N,A,-,Y,NA,NA,10,NA,NA,NA,NA,NA,W,Y,4,0,3,2,A,-,03,22350,NA,N,C,C,A,A,H,-,A,D,0,NA,NA,NA,NA,Y,NA,A,01,0,0,3,0,0,0,0,0,0,-,-,34.06445,-118.0054,LOS ANGELES,EL MONTE,-118.00540294,34.06446851
90255416,2016,2016-09-12,9565,2016-08-22,2045,020752,NA,1,2,9,1900,0,3,5,NA,2,002,RAYMOND AVE.,125TH ST.,0,NA,Y,A,-,N,NA,NA,NA,NA,NA,NA,NA,NA,NA,N,4,0,1,2,D,-,00,NA,NA,F,D,C,A,A,H,-,C,A,0,NA,NA,NA,NA,Y,NA,-,-,0,0,1,0,0,0,0,0,0,-,-,33.91925,-118.29859,LOS ANGELES,UNINCORPORATED,-118.29863011,33.91925004
9025542,2020,2020-03-23,1942,2020-01-06,0200,41921,0504,1,5,7,1942,0,0,0,E,0,5A1,NORMANDIE AV,FRANCISCO ST,130,N,N,A,-,N,NA,NA,NA,NA,NA,NA,NA,NA,NA,Y,2,0,3,2,A,-,09,21801,A,N,D,D,A,A,H,-,C,D,0,NA,NA,NA,NA,Y,Y,A,01,2,0,1,0,0,0,0,0,0,-,-,NA,NA,LOS ANGELES,LOS ANGELES,-118.29924011230467,33.85065841674805
90255423,2016,2016-08-29,9565,2016-08-28,0725,021171,NA,7,1,7,1942,0,1,1,NA,2,010,IMPERIAL HIGHWAY TO I-105 E/B,IMPERIAL HIGHWAY,10,S,N,A,-,Y,NA,NA,NA,NA,NA,NA,NA,NA,NA,N,4,0,1,2,A,-,07,21658,NA,N,B,C,A,A,H,-,A,D,0,NA,NA,NA,NA,Y,NA,A,01,0,0,1,0,0,0,0,0,0,-,-,33.93083,-118.3752,LOS ANGELES,LOS ANGELES,NA,NA
90255425,2016,2016-08-29,9550,2016-08-20,1150,021141,NA,6,1,5,1919,0,1,3,NA,2,092,SR 91 W/B TO NORWALK BLVD.,NORWALK BOULEVARD,10,E,N,A,-,Y,NA,NA,91,NA,NA,NA,R,NA,W,N,4,0,1,2,A,-,09,21804,A,N,G,G,A,A,H,-,A,A,0,NA,Y,NA,NA,Y,NA,L,04,0,0,1,0,0,0,1,0,0,-,-,33.87774,-118.07254,LOS ANGELES,CERRITOS,-118.07254,33.87774
9025543,2020,2020-03-23,1941,2020-01-14,1900,11401,NA,2,5,7,1941,0,0,0,NA,0,NA,CHERRY AV,4TH ST,140,N,N,A,-,N,NA,NA,NA,NA,NA,NA,NA,NA,NA,N,4,0,1,2,A,-,09,21802,A,N,B,G,A,A,C,-,C,D,0,NA,Y,NA,NA,Y,NA,A,NA,0,0,1,0,0,0,1,0,0,-,-,NA,NA,LOS ANGELES,LONG BEACH,-118.16768646240234,33.77211380004883
9025544,2020,2020-03-18,1942,2020-01-15,0845,42205,0395,3,5,7,1942,0,0,0,C,0,3E5,WESTERN AV,41ST DR,10,N,N,A,-,N,NA,NA,NA,NA,NA,NA,NA,NA,NA,Y,4,0,1,2,A,-,03,22350,NA,N,C,C,A,A,H,-,A,D,0,NA,NA,NA,NA,Y,NA,A,01,0,0,1,0,0,0,0,0,0,-,-,NA,NA,LOS ANGELES,LOS ANGELES,-118.30893707275392,34.009037017822266
90255449,2016,2016-08-29,9565,2016-08-26,1218,019420,NA,5,1,7,1942,0,1,1,NA,2,064,I-405 N/B,SKIRBALL CENTER DR,900,S,N,A,-,Y,NA,NA,NA,NA,NA,NA,NA,NA,NA,Y,4,0,3,2,A,-,03,22350,NA,N,C,C,A,A,H,-,A,D,0,NA,NA,NA,NA,Y,NA,D,22,0,0,3,0,0,0,0,0,0,-,-,34.86753,-118.5309,LOS ANGELES,LOS ANGELES,-118.48014207,34.12058492
9025545,2020,2020-03-23,1942,2020-01-07,1000,35936,1218,2,5,7,1942,0,0,0,L,0,12A15,FIGUEROA ST,W 58TH ST,0,NA,Y,A,-,N,NA,NA,NA,NA,NA,NA,NA,NA,NA,N,4,0,1,2,A,-,09,21801,A,N,D,C,A,A,H,-,A,A,0,NA,NA,NA,NA,Y,NA,A,01,0,0,1,0,0,0,0,0,0,-,-,NA,NA,LOS ANGELES,LOS ANGELES,-118.28267669677734,33.989688873291016
90255451,2016,2016-08-29,9550,2016-08-22,1320,020974,NA,1,1,5,1935,0,1,1,NA,2,653,I-605 NORTHBOUND,CARSON ST,585,S,N,A,-,Y,NA,NA,605,NA,NA,NA,NA,NA,N,Y,3,0,3,3,A,-,03,22350,NA,N,C,C,A,A,H,-,A,D,0,NA,NA,NA,NA,Y,NA,A,01,0,1,2,0,0,0,0,0,0,-,-,33.82981,-118.0833,LOS ANGELES,LAKEWOOD,-118.08314737,33.8298756
9025546,2020,2020-03-23,1942,2020-01-17,2335,42005,1269,5,5,7,1942,0,0,0,L,0,12A69,MANCHESTER AV,MCKINLEY,100,W,N,A,-,N,NA,NA,NA,NA,NA,NA,NA,NA,NA,Y,3,0,2,2,A,-,03,22350,NA,N,C,C,A,A,H,-,C,A,0,NA,NA,NA,NA,Y,NA,A,01,0,1,1,0,0,0,0,0,0,-,-,NA,NA,LOS ANGELES,LOS ANGELES,-118.26137542724608,33.960140228271484
90255467,2016,2016-08-29,9550,2016-08-20,2345,020948,NA,6,3,1,1932,0,1,3,NA,2,601,SR-60 E/B,FULLERTON ROAD,2500,W,N,A,-,Y,NA,NA,60,NA,NA,NA,NA,NA,E,Y,4,0,1,2,A,-,03,22350,NA,F,C,C,A,A,H,-,B,D,0,NA,NA,NA,NA,Y,NA,A,01,0,0,1,0,0,0,0,0,0,-,-,33.99457,-117.91342,LOS ANGELES,INDUSTRY,-117.91342043,33.99456678
9025547,2020,2020-03-23,1941,2020-01-14,0900,16392,NA,2,5,7,1941,0,0,0,NA,0,NA,ANAHEIM ST,HOFFMAN AV,0,NA,Y,A,-,N,NA,NA,NA,NA,NA,NA,NA,NA,NA,Y,3,0,1,2,-,-,-,NA,NA,N,D,C,A,A,H,-,A,D,0,NA,NA,NA,NA,Y,NA,-,-,0,1,0,0,0,0,0,0,0,-,-,NA,NA,LOS ANGELES,LONG BEACH,-118.1736297607422,33.78261184692383
9025548,2020,2020-03-18,1942,2020-01-05,1800,43612,0529,7,5,7,1942,0,0,0,E,0,6A17,EUBANK AV,I ST,50,N,N,B,-,N,NA,NA,NA,NA,NA,NA,NA,NA,NA,N,4,0,1,2,A,-,21,22106,NA,F,G,B,F,A,H,-,C,D,0,Y,NA,NA,NA,Y,NA,-,99,0,0,1,0,1,0,0,0,0,-,-,NA,NA,LOS ANGELES,LOS ANGELES,-118.25511932373048,33.78165817260742
90255480,2016,2016-08-29,9545,2016-08-19,0730,018097,NA,5,1,9,1900,0,3,5,NA,2,001,ELIZABETH LAKE RD,PORTAL TRUCK TRL,1600,W,N,A,-,N,NA,NA,NA,NA,NA,NA,NA,NA,NA,Y,3,0,2,2,A,-,03,22350,NA,N,C,C,A,A,H,-,A,D,0,NA,NA,NA,NA,Y,NA,A,01,0,1,1,0,0,0,0,0,0,-,-,34.67268,-118.42916,LOS ANGELES,UNINCORPORATED,-118.42760558,34.67185946
9025549,2020,2020-03-23,1942,2020-01-08,1230,39073,1235,3,5,7,1942,0,0,0,L,0,12A45,60TH ST,NORMANDIE AV,0,NA,Y,A,-,N,NA,NA,NA,NA,NA,NA,NA,NA,NA,N,4,0,1,2,A,-,03,22350,NA,N,D,C,A,A,H,-,A,A,0,NA,NA,NA,NA,Y,NA,A,08,0,0,1,0,0,0,0,0,0,-,-,NA,NA,LOS ANGELES,LOS ANGELES,-118.30021667480467,33.98585891723633
9025550,2020,2020-03-23,1942,2020-01-18,0245,42214,1231,6,5,7,1942,0,0,0,L,0,12A31,SLAUSON AV,WEST BL,25,E,N,A,-,N,NA,NA,NA,NA,NA,NA,NA,NA,NA,N,3,0,2,2,A,-,07,21658,NA,N,A,C,A,A,H,-,C,D,0,NA,NA,NA,NA,Y,NA,A,01,0,1,1,0,0,0,0,0,0,-,-,NA,NA,LOS ANGELES,LOS ANGELES,-118.3351593017578,33.988990783691406
9025551,2020,2020-03-23,1941,2020-01-12,0921,11244,NA,7,5,7,1941,0,0,0,NA,0,NA,PACIFIC AV,BROADWAY,0,NA,Y,A,-,N,NA,NA,NA,NA,NA,NA,NA,NA,NA,Y,4,0,2,2,A,-,12,21453,A,N,D,C,A,A,H,-,A,A,0,NA,NA,NA,NA,Y,NA,-,NA,0,0,2,0,0,0,0,0,0,-,-,NA,NA,LOS ANGELES,LONG BEACH,-118.19373321533205,33.7692985534668
90255516,2016,2016-08-29,9545,2016-08-18,0540,018353,NA,4,3,9,1900,0,3,5,NA,2,004,PALMDALE BLVD,120TH ST E,220,E,N,A,-,N,NA,NA,NA,NA,NA,NA,NA,NA,NA,Y,4,0,1,2,A,-,05,21650,NA,M,E,I,A,A,H,-,A,D,0,NA,NA,NA,NA,Y,NA,A,01,0,0,1,0,0,0,0,0,0,-,-,34.57981,-117.91614,LOS ANGELES,UNINCORPORATED,-117.91614,34.57981
9025552,2020,2020-03-18,1942,2020-01-05,2350,42395,0506,7,5,7,1942,0,0,0,E,0,5A11,SEPULVEDA BL,FONTAINE WY,0,NA,Y,A,-,N,NA,NA,NA,NA,NA,NA,NA,NA,NA,N,4,0,1,2,A,-,09,21804,A,N,D,C,A,A,H,-,C,D,0,NA,NA,NA,NA,Y,NA,A,01,0,0,1,0,0,0,0,0,0,-,-,NA,NA,LOS ANGELES,LOS ANGELES,NA,NA
90255521,2016,2016-08-29,9530,2016-08-13,1945,021059,NA,6,2,9,1900,0,3,5,NA,2,002,BLAKLEY AVE. (12500 BLOCK),126TH ST.,104,N,N,A,-,N,NA,NA,NA,NA,NA,NA,NA,NA,NA,Y,3,0,1,2,A,-,01,23152,A,N,B,E,A,A,H,-,A,D,0,NA,NA,NA,NA,Y,Y,A,01,0,1,0,0,0,0,0,0,0,-,-,33.91881,-118.24702,LOS ANGELES,UNINCORPORATED,-118.24707607,33.91870517
90255527,2016,2016-08-29,9540,2016-08-21,0340,020678,NA,7,3,9,1900,0,1,1,NA,2,506,I-5 N/B (GOLDEN STATE FWY),SR-126,1426,N,N,A,-,Y,NA,NA,NA,NA,NA,NA,NA,NA,NA,Y,2,0,1,1,A,-,01,23152,A,N,E,I,A,A,H,-,C,D,0,NA,NA,NA,NA,Y,Y,A,01,1,0,0,0,0,0,0,0,0,-,-,34.26443,-118.36336,LOS ANGELES,UNINCORPORATED,-118.60944978,34.4454974
9025553,2020,2020-03-23,1942,2020-01-07,1800,26539,1263,2,5,7,1942,0,0,0,L,0,18A26,83RD ST,WESTERN AV,0,NA,Y,A,-,N,NA,NA,NA,NA,NA,NA,NA,NA,NA,N,4,0,1,2,A,-,08,22107,NA,N,B,C,A,A,H,-,C,D,0,NA,NA,NA,NA,Y,NA,A,01,0,0,1,0,0,0,0,0,0,-,-,NA,NA,LOS ANGELES,LOS ANGELES,-118.30901336669922,33.96364974975586
9025554,2020,2020-03-23,1942,2020-01-15,0800,36031,1266,3,5,7,1942,0,0,0,L,0,12A67,FIGUEROA ST,75TH ST,0,NA,Y,A,-,N,NA,NA,NA,NA,NA,NA,NA,NA,NA,N,4,0,1,2,A,-,03,22350,NA,N,D,C,A,A,H,-,A,D,0,NA,NA,NA,NA,Y,NA,-,-,0,0,1,0,0,0,0,0,0,-,-,NA,NA,LOS ANGELES,LOS ANGELES,-118.28270721435548,33.97172164916992
90255546,2016,2016-08-29,9550,2016-08-20,1530,017511,NA,6,2,9,1900,0,1,3,NA,2,601,SR-60 W/B (POMONA FREEWAY),STONER CREEK RD,500,W,N,A,-,Y,NA,NA,60,NA,NA,NA,NA,NA,W,N,4,0,2,3,A,-,03,22350,NA,N,C,C,A,A,H,-,A,D,0,NA,NA,NA,NA,Y,NA,D,22,0,0,2,0,0,0,0,0,0,-,-,33.99491,-117.91386,LOS ANGELES,UNINCORPORATED,-117.91386758,33.99485138
9025555,2020,2020-03-23,1941,2020-01-16,0620,5995,NA,4,5,7,1941,0,0,0,NA,0,NA,ORANGE AV,HELLMAN ST,0,NA,Y,A,-,N,NA,NA,NA,NA,NA,NA,NA,NA,NA,N,4,0,1,2,A,-,04,21703,NA,N,C,G,A,A,H,-,C,A,0,NA,Y,NA,NA,Y,NA,A,NA,0,0,1,0,0,0,1,0,0,-,-,NA,NA,LOS ANGELES,LONG BEACH,-118.17636108398438,33.776729583740234
9025557,2020,2020-03-23,1942,2020-01-07,0940,40404,1252,2,5,7,1942,0,0,0,L,0,12A51,W 75TH ST,5TH AV,50,S,Y,A,-,N,NA,NA,NA,NA,NA,NA,NA,NA,NA,N,4,0,1,2,A,-,12,22450,A,N,D,C,A,A,H,-,A,A,0,NA,NA,NA,NA,Y,NA,A,01,0,0,1,0,0,0,0,0,0,-,-,NA,NA,LOS ANGELES,LOS ANGELES,-118.32212066650392,33.971858978271484
90255578,2016,2016-08-29,9530,2016-08-28,1738,020349,NA,7,2,9,1900,0,3,5,NA,2,003,COMPTON BLVD.,LIME AVE.,0,NA,Y,A,-,N,NA,NA,NA,NA,NA,NA,NA,NA,NA,Y,4,0,1,2,A,-,01,23152,E,N,D,C,A,A,H,-,A,D,0,NA,NA,NA,NA,Y,NA,A,07,0,0,1,0,0,0,0,0,0,-,-,33.89626,-118.19236,LOS ANGELES,UNINCORPORATED,-118.19228012,33.89618005
9025558,2020,2020-03-23,1942,2020-01-13,0910,42369,1249,1,5,7,1942,0,0,0,L,0,12A69,FLORENCE AV,FLOWER ST,0,NA,Y,A,-,N,NA,NA,NA,NA,NA,NA,NA,NA,NA,N,4,0,1,2,A,-,08,22107,NA,F,B,G,A,A,H,-,A,A,0,NA,Y,NA,NA,Y,NA,-,99,0,0,1,0,0,0,1,0,0,-,-,NA,NA,LOS ANGELES,LOS ANGELES,-118.28125762939452,33.97465133666992
90255580,2016,2016-08-29,9550,2016-08-23,0635,015746,NA,2,1,1,1932,0,1,3,NA,2,600,STATE ROUTE 60 W/B (POMONA FREEWAY),CROSSROADS PARKWAY,2500,E,N,A,-,Y,NA,NA,60,NA,NA,NA,NA,NA,W,N,4,0,1,2,A,-,07,21658,NA,N,F,A,A,A,H,-,A,D,0,NA,NA,Y,NA,Y,NA,A,01,0,0,1,0,0,0,0,0,1,-,-,34.02914,-118.00485,LOS ANGELES,INDUSTRY,-118.00485011,34.0291388
9025559,2020,2020-03-23,1941,2020-01-11,2241,10999,NA,6,5,7,1941,0,0,0,NA,0,NA,CHERRY AV,ARTESIA BL,0,NA,Y,A,-,N,NA,NA,NA,NA,NA,NA,NA,NA,NA,Y,4,0,3,2,A,-,12,21453,A,N,-,C,A,A,H,-,C,A,0,NA,NA,NA,NA,Y,NA,-,NA,0,0,3,0,0,0,0,0,0,-,-,NA,NA,LOS ANGELES,LONG BEACH,-118.16867065429688,33.87471008300781
9025562,2020,2020-03-23,1942,2020-01-10,2230,41688,1283,5,5,7,1942,0,0,0,L,0,12XL57,WESTERN AV,96TH ST,20,N,N,A,-,N,NA,NA,NA,NA,NA,NA,NA,NA,NA,N,4,0,2,2,A,-,08,22107,NA,F,B,C,A,A,H,-,C,D,0,NA,NA,NA,NA,Y,NA,-,NA,0,0,2,0,0,0,0,0,0,-,-,NA,NA,LOS ANGELES,LOS ANGELES,-118.30899810791016,33.94871520996094
90255622,2016,2016-08-29,9545,2016-08-23,0300,019414,NA,2,3,9,1900,0,3,5,NA,2,004,AVENUE J,255TH ST E,580,E,N,A,-,N,NA,NA,NA,NA,NA,NA,NA,NA,NA,Y,3,0,3,1,A,-,03,22350,NA,N,F,A,A,A,G,H,D,A,0,NA,NA,NA,NA,Y,NA,A,07,0,1,2,0,0,0,0,0,0,-,-,34.41249,-117.40255,LOS ANGELES,UNINCORPORATED,-117.67389164,34.69019933
9025563,2020,2020-03-23,1941,2020-01-17,0405,11409,NA,5,5,7,1941,0,0,0,NA,0,NA,SOUTH ST,ACKERFIELD AV,288,E,N,C,-,N,NA,NA,NA,NA,NA,NA,NA,NA,NA,Y,3,0,1,1,A,-,08,22107,NA,N,E,I,A,B,H,-,C,D,0,NA,NA,NA,NA,Y,NA,-,NA,0,1,0,0,0,0,0,0,0,-,-,NA,NA,LOS ANGELES,LONG BEACH,-118.16219329833984,33.860172271728516
90255659,2016,2016-08-29,9580,2016-08-21,0115,021015,NA,7,3,7,1942,0,1,1,NA,2,404,I-405 N/B TRANSITION TO US-101 N/B,VENTURA BLVD,1650,N,N,A,-,Y,NA,NA,405,NA,NA,NA,R,NA,N,Y,3,0,1,1,A,-,01,23152,A,N,E,I,A,A,H,-,D,D,0,NA,NA,NA,NA,Y,Y,A,01,0,1,0,0,0,0,0,0,0,-,-,34.15877,-118.46806,LOS ANGELES,LOS ANGELES,-118.46806,34.15877
9025566,2020,2020-03-23,1942,2020-01-16,1210,35393,1801,4,5,7,1942,0,0,0,R,0,25TL21,HOOVER ST,92ND ST,400,S,N,A,-,N,NA,NA,NA,NA,NA,NA,NA,NA,NA,N,4,0,1,2,A,-,17,22517,NA,N,B,G,A,A,H,-,A,D,0,NA,Y,NA,NA,Y,NA,A,01,0,0,1,0,0,0,1,0,0,-,-,NA,NA,LOS ANGELES,LOS ANGELES,-118.28699493408205,33.95171356201172
9025567,2020,2020-03-23,1941,2020-01-12,1409,11010,NA,7,5,7,1941,0,0,0,NA,0,NA,CHERRY AV,RT 91,0,NA,Y,A,-,N,NA,NA,NA,NA,NA,NA,NA,NA,NA,N,4,0,2,2,A,-,07,21658,A,F,B,C,A,A,H,-,A,D,0,NA,NA,NA,NA,Y,Y,-,NA,0,0,2,0,0,0,0,0,0,-,-,NA,NA,LOS ANGELES,LONG BEACH,-118.168701171875,33.87617874145508
9025569,2020,2020-03-23,1942,2020-01-12,2358,43270,1218,7,5,7,1942,0,0,0,L,0,12A15,S FIGUEROA ST,W 54TH ST,0,NA,Y,A,-,N,NA,NA,NA,NA,NA,NA,NA,NA,NA,N,4,0,1,2,D,-,00,NA,NA,M,G,B,B,A,H,-,C,A,0,Y,NA,NA,NA,Y,NA,-,-,0,0,1,0,1,0,0,0,0,-,-,NA,NA,LOS ANGELES,LOS ANGELES,-118.28267669677734,33.993289947509766
9025570,2020,2020-03-23,1942,2020-01-11,1130,43904,1844,6,5,7,1942,0,0,0,R,0,18A41,111TH PL,AVALON BL,0,NA,Y,A,-,N,NA,NA,NA,NA,NA,NA,NA,NA,NA,Y,4,0,1,2,A,-,12,21453,A,N,D,C,A,A,H,-,A,A,0,NA,NA,NA,NA,Y,NA,A,01,0,0,1,0,0,0,0,0,0,-,-,NA,NA,LOS ANGELES,LOS ANGELES,-118.26519012451172,33.933921813964844
9025571,2020,2020-03-23,1942,2020-01-16,0800,32425,1841,4,5,7,1942,0,0,0,R,0,18L90,VERMONT,IMPERIAL HWY,0,NA,Y,A,-,N,NA,NA,NA,NA,NA,NA,NA,NA,NA,N,4,0,1,2,A,-,00,20015,NA,F,H,C,A,A,H,-,A,A,0,NA,NA,NA,NA,Y,NA,-,99,0,0,1,0,0,0,0,0,0,-,-,NA,NA,LOS ANGELES,LOS ANGELES,-118.29161071777344,33.93098068237305
90255713,2016,2016-08-29,9525,2016-07-17,1835,019619,NA,7,2,3,1921,0,1,1,NA,2,652,I-605 N/B TO MT. OLIVE DR,SR-210 E/B (FOOTHILL FREEWAY),70,S,N,A,-,Y,NA,NA,605,NA,NA,NA,R,NA,N,Y,4,0,1,2,A,-,03,22350,NA,N,B,C,A,A,H,-,A,D,0,NA,NA,Y,NA,Y,NA,C,02,0,0,1,0,0,0,0,0,1,-,-,34.13179,-117.95963,LOS ANGELES,DUARTE,-117.95963,34.13179
9025573,2020,2020-03-23,1942,2020-01-13,2130,37010,1231,1,5,7,1942,0,0,0,L,0,12A31,W SLAUSON AV,EILEEN AV,0,NA,Y,A,-,N,NA,NA,NA,NA,NA,NA,NA,NA,NA,Y,4,0,2,2,A,-,12,22450,A,N,D,C,A,A,H,-,C,A,0,NA,NA,NA,NA,Y,NA,A,01,0,0,2,0,0,0,0,0,0,-,-,NA,NA,LOS ANGELES,LOS ANGELES,-118.34300994873048,33.988948822021484
90255735,2016,2016-08-29,9525,2016-07-17,0350,020693,NA,7,3,5,1990,0,1,3,NA,2,584,SR-57 N/B (ORANGE FREEWAY),BREA CANYON RD.,400,N,N,A,-,Y,NA,NA,NA,NA,NA,NA,NA,NA,NA,Y,3,0,1,3,A,-,03,22350,NA,N,C,C,E,A,H,-,C,D,0,Y,NA,NA,NA,Y,NA,A,01,0,1,0,0,1,0,0,0,0,-,-,33.93953,-117.87624,LOS ANGELES,DIAMOND BAR,-117.8589277,33.95853531
90255739,2016,2016-08-29,9545,2016-08-25,0840,019006,NA,4,1,9,1900,0,3,5,NA,2,004,70TH ST  E,AVENUE N,1584,S,N,A,-,N,NA,NA,NA,NA,NA,NA,NA,NA,NA,Y,4,0,1,1,A,-,08,22107,NA,N,F,A,A,A,H,-,A,D,0,NA,NA,NA,NA,Y,NA,A,07,0,0,1,0,0,0,0,0,0,-,-,34.62665,-118.00521,LOS ANGELES,UNINCORPORATED,-118.00530247,34.62670735
90255749,2016,2016-08-29,9525,2016-07-31,2252,021080,NA,7,3,9,1900,0,3,5,NA,2,004,VINELAND AVE. (600 BLOCK),ECTOR ST.,95,S,N,A,-,N,NA,NA,NA,NA,NA,NA,NA,NA,NA,N,3,0,1,2,D,-,00,NA,NA,N,C,C,A,A,H,-,D,D,0,NA,NA,NA,NA,Y,NA,-,-,0,1,0,0,0,0,0,0,0,-,-,34.05508,-117.98558,LOS ANGELES,UNINCORPORATED,-117.98551685,34.05512753
9025575,2020,2020-03-23,1941,2020-01-17,0606,11351,NA,5,5,7,1941,0,0,0,NA,0,NA,ANAHEIM ST,CHERRY AV,0,NA,Y,A,-,N,NA,NA,NA,NA,NA,NA,NA,NA,NA,Y,4,0,1,2,A,-,10,21950,A,F,B,B,B,B,H,-,B,A,0,Y,NA,NA,NA,Y,NA,-,NA,0,0,1,0,1,0,0,0,0,-,-,NA,NA,LOS ANGELES,LONG BEACH,-118.16766357421876,33.78261184692383