CASE_ID,ACCIDENT_YEAR,PROC_DATE,JURIS,COLLISION_DATE,COLLISION_TIME,OFFICER_ID,REPORTING_DISTRICT,DAY_OF_WEEK,CHP_SHIFT,POPULATION,CNTY_CITY_LOC,SPECIAL_COND,BEAT_TYPE,CHP_BEAT_TYPE,CITY_DIVISION_LAPD,CHP_BEAT_CLASS,BEAT_NUMBER,PRIMARY_RD,SECONDARY_RD,DISTANCE,DIRECTION,INTERSECTION,WEATHER_1,WEATHER_2,STATE_HWY_IND,CALTRANS_COUNTY,CALTRANS_DISTRICT,STATE_ROUTE,ROUTE_SUFFIX,POSTMILE_PREFIX,POSTMILE,LOCATION_TYPE,RAMP_INTERSECTION,SIDE_OF_HWY,TOW_AWAY,COLLISION_SEVERITY,NUMBER_KILLED,NUMBER_INJURED,PARTY_COUNT,PRIMARY_COLL_FACTOR,PCF_CODE_OF_VIOL,PCF_VIOL_CATEGORY,PCF_VIOLATION,PCF_VIOL_SUBSECTION,HIT_AND_RUN,TYPE_OF_COLLISION,MVIW,PED_ACTION,ROAD_SURFACE,ROAD_COND_1,ROAD_COND_2,LIGHTING,CONTROL_DEVICE,CHP_ROAD_TYPE,PEDESTRIAN_ACCIDENT,BICYCLE_ACCIDENT,MOTORCYCLE_ACCIDENT,TRUCK_ACCIDENT,NOT_PRIVATE_PROPERTY,ALCOHOL_INVOLVED,STWD_VEHTYPE_AT_FAULT,CHP_VEHTYPE_AT_FAULT,COUNT_SEVERE_INJ,COUNT_VISIBLE_INJ,COUNT_COMPLAINT_PAIN,COUNT_PED_KILLED,COUNT_PED_INJURED,COUNT_BICYCLIST_KILLED,COUNT_BICYCLIST_INJURED,COUNT_MC_KILLED,COUNT_MC_INJURED,PRIMARY_RAMP,SECONDARY_RAMP,LATITUDE,LONGITUDE,COUNTY,CITY,POINT_X,POINT_Y
9025626,2020,2020-03-12,1969,2020-01-16,0502,10200,PATRO,4,5,5,1969,0,0,0,NA,0,004,ATLANTIC AV,SOUTHERN PL,0,NA,Y,A,-,N,NA,NA,NA,NA,NA,NA,NA,NA,NA,Y,4,0,1,2,A,-,09,21802,A,N,D,C,A,A,H,-,C,D,0,NA,NA,NA,NA,Y,NA,D,22,0,0,1,0,0,0,0,0,0,-,-,NA,NA,LOS ANGELES,SOUTH GATE,-118.18196105957033,33.948551177978516
90256264,2016,2016-10-20,9525,2016-08-20,1730,016342,NA,6,2,4,1960,0,1,1,NA,2,217,SR-210 W/B (FOOTHILL FREEWAY),SAN DIMAS AVE.,800,W,N,A,-,Y,NA,NA,210,NA,NA,NA,NA,NA,W,Y,4,0,5,5,A,-,03,22350,NA,N,C,C,A,A,H,-,A,D,0,NA,NA,NA,NA,Y,NA,A,01,0,0,5,0,0,0,0,0,0,-,-,34.11983,-117.81324,LOS ANGELES,SAN DIMAS,-117.81323977,34.11988387
90256270,2016,2016-08-29,9525,2016-08-12,1315,021074,NA,5,1,9,1900,0,3,5,NA,2,001,CALIFORNIA AVE. (2000 BLOCK),EUCLID AVE.,50,S,N,A,-,N,NA,NA,NA,NA,NA,NA,NA,NA,NA,Y,4,0,1,2,A,-,08,22107,NA,N,C,E,A,A,H,-,A,D,0,NA,NA,NA,NA,Y,NA,A,07,0,0,1,0,0,0,0,0,0,-,-,34.12921,-117.99504,LOS ANGELES,UNINCORPORATED,-117.99501856,34.1294831
90256271,2016,2016-08-29,9550,2016-08-25,0710,014862,NA,4,1,9,1900,0,1,3,NA,2,601,SR-60 WESTBOUND,AZUSA AVENUE,80,W,N,A,-,Y,NA,NA,NA,NA,NA,NA,NA,NA,NA,N,4,0,2,2,A,-,03,22350,NA,N,C,C,A,A,H,-,A,D,0,NA,NA,NA,NA,Y,NA,A,01,0,0,2,0,0,0,0,0,0,-,-,33.9947,-117.93947,LOS ANGELES,UNINCORPORATED,-117.93146755,33.99710551
90256281,2016,2016-08-29,9535,2016-08-19,1922,020851,NA,5,2,9,1900,0,2,4,NA,2,012,CITY TERRACE DR.,ROGERS ST.,0,NA,Y,A,-,N,NA,NA,NA,NA,NA,NA,NA,NA,NA,N,3,0,1,2,A,-,10,21950,A,N,G,B,B,A,H,-,A,D,0,Y,NA,NA,NA,Y,NA,A,07,0,1,0,0,1,0,0,0,0,-,-,34.05585,-118.18035,LOS ANGELES,UNINCORPORATED,-118.18050011,34.05574002
90256284,2016,2016-08-29,9525,2016-08-12,1325,020346,NA,5,1,9,1900,0,1,3,NA,1,024,SR-39 (SAN GABRIEL CANYON RD.),CARPENTERS CANYON O/C,200,N,N,A,-,Y,NA,NA,39,NA,NA,NA,NA,NA,NA,Y,4,0,1,1,A,-,03,22350,NA,N,F,A,A,A,H,-,A,D,0,NA,NA,NA,NA,Y,NA,A,07,0,0,1,0,0,0,0,0,0,-,-,34.22037,-117.85508,LOS ANGELES,UNINCORPORATED,-117.85508717,34.22036954
90256292,2016,2016-08-29,9535,2016-07-11,1800,020825,NA,1,2,5,1901,0,1,1,NA,2,421,I-10 W/B (SAN BERNARDINO),NEW AVENUE,1400,W,N,A,-,Y,NA,NA,10,NA,NA,NA,NA,NA,W,Y,3,0,2,4,A,-,03,22350,NA,N,C,C,A,A,H,-,A,D,0,NA,NA,NA,NA,Y,NA,A,01,0,1,1,0,0,0,0,0,0,-,-,34.07198,-118.11469,LOS ANGELES,ALHAMBRA,-118.11468914,34.07190734
90256297,2016,2016-08-29,9575,2016-08-22,1815,021254,NA,1,2,6,1925,0,1,3,NA,2,042,SR-134 E/B (VENTURA FREEWAY),PACIFIC AVE,300,W,N,A,-,Y,NA,NA,134,NA,NA,NA,NA,NA,E,N,4,0,1,3,A,-,03,22350,NA,M,C,C,A,A,H,-,A,D,0,NA,NA,NA,NA,Y,NA,-,99,0,0,1,0,0,0,0,0,0,-,-,34.15601,-118.26478,LOS ANGELES,GLENDALE,-118.26478758,34.15606497
90256298,2016,2016-08-29,9565,2016-08-15,1010,021200,NA,1,1,9,1900,0,2,4,NA,2,024,IMPERIAL HWY,W 115TH ST,12,E,N,A,-,N,NA,NA,NA,NA,NA,NA,NA,NA,NA,Y,4,0,2,2,A,-,08,22103,NA,N,B,C,A,A,H,-,A,D,0,NA,NA,NA,NA,Y,NA,A,01,0,0,2,0,0,0,0,0,0,-,-,33.9309,-118.31123,LOS ANGELES,UNINCORPORATED,-118.31118209,33.93089829
90256300,2016,2016-08-29,9550,2016-08-21,1435,021042,NA,7,2,9,1900,0,1,3,NA,2,600,STATE ROUTE 60 E/B (POMONA FREEWAY),CROSSROADS PARKWAY,2010,E,N,A,-,Y,NA,NA,60,NA,NA,NA,NA,NA,E,Y,4,0,1,4,A,-,08,22107,NA,N,E,C,A,A,H,-,A,D,0,NA,NA,NA,NA,Y,NA,A,07,0,0,1,0,0,0,0,0,0,-,-,34.0288,-118.0044,LOS ANGELES,UNINCORPORATED,-118.0043915,34.02886962
90256306,2016,2016-08-29,9525,2016-08-12,1745,021074,NA,5,2,4,1905,0,1,1,NA,2,214,I-210 E/B (FOOTHILL FREEWAY),VERNON AVE,1000,E,N,A,-,Y,NA,NA,210,NA,NA,NA,NA,NA,E,Y,4,0,1,4,A,-,07,21658,A,N,B,C,A,A,H,-,A,D,0,NA,NA,Y,NA,Y,NA,A,08,0,0,1,0,0,0,0,0,1,-,-,34.12342,-117.9134,LOS ANGELES,AZUSA,-117.91333983,34.12348256
90256308,2016,2016-08-29,9575,2016-08-25,1210,015204,NA,4,1,9,1900,0,1,3,NA,2,300,SR-2 (ANGELES CREST HIGHWAY),BAYTREE RD,16896,E,N,A,-,Y,NA,NA,2,NA,NA,NA,NA,NA,NA,Y,3,0,1,1,A,-,03,22350,NA,N,E,I,A,A,H,-,A,D,0,NA,NA,Y,NA,Y,NA,C,02,0,1,0,0,0,0,0,0,1,-,-,34.25402,-118.19844,LOS ANGELES,UNINCORPORATED,-118.19843242,34.25405463
90256322,2016,2016-08-30,9565,2016-08-24,0815,013744,NA,3,1,7,1942,0,1,1,NA,2,083,I-10 W/B,ROBERTSON BLVD,528,E,N,A,-,Y,NA,NA,10,NA,NA,NA,NA,NA,W,Y,3,0,1,2,A,-,07,21658,A,N,B,C,A,A,H,-,A,D,0,NA,NA,Y,NA,Y,NA,A,01,0,1,0,0,0,0,0,0,1,-,-,34.03318,-118.38719,LOS ANGELES,LOS ANGELES,-118.38719525,34.0331889
90256334,2016,2016-08-30,9550,2016-08-29,0655,021087,NA,1,1,9,1900,0,3,5,NA,2,002,LAMBERT ROAD W/B,MILLS AVENUE,800,E,N,A,-,N,NA,NA,NA,NA,NA,NA,NA,NA,NA,N,4,0,1,2,A,-,03,22350,NA,N,C,C,A,A,H,-,A,D,0,NA,NA,NA,NA,Y,NA,A,07,0,0,1,0,0,0,0,0,0,-,-,33.94511,-118.01789,LOS ANGELES,UNINCORPORATED,-118.01798411,33.94506291
90256341,2016,2016-08-30,9525,2016-08-27,2310,021080,NA,6,3,9,1900,0,3,5,NA,2,003,SALAIS ST. (1700 BLOCK),AZUSA AVE,237,E,N,A,-,N,NA,NA,NA,NA,NA,NA,NA,NA,NA,Y,2,0,1,3,A,-,01,23152,A,N,B,C,A,A,H,-,C,D,0,NA,NA,NA,NA,Y,Y,A,01,1,0,0,0,0,0,0,0,0,-,-,34.01257,-117.92276,LOS ANGELES,UNINCORPORATED,-117.92244226,34.01247059
90256342,2016,2016-08-30,9525,2016-08-14,0354,021156,NA,7,3,9,1900,0,3,5,NA,2,002,BRIDGER ST. (1600 BLOCK),VINCENT AVE,290,W,N,A,-,N,NA,NA,NA,NA,NA,NA,NA,NA,NA,Y,3,0,1,2,A,-,21,22106,NA,M,C,C,A,A,H,-,D,D,0,NA,NA,NA,NA,Y,Y,D,22,0,1,0,0,0,0,0,0,0,-,-,34.09115,-117.92637,LOS ANGELES,UNINCORPORATED,-117.92638544,34.09111448
90256343,2016,2016-08-30,9525,2016-08-14,1630,021097,NA,7,2,5,1926,0,1,1,NA,2,217,I-210 W/B (FOOTHILL FREEWAY),LONE HILL AVE,1320,E,N,A,-,Y,NA,NA,210,NA,NA,NA,NA,NA,W,Y,4,0,2,3,A,-,03,22350,NA,N,C,C,A,A,H,-,A,D,0,NA,NA,NA,NA,Y,NA,A,01,0,0,2,0,0,0,0,0,0,-,-,34.12031,-117.82091,LOS ANGELES,GLENDORA,-117.82090512,34.12036589
90256349,2016,2016-12-19,9525,2016-08-20,0030,020989,NA,6,3,6,1955,0,1,1,NA,2,108,I-10 E/B TO KELLOGG DR.,KELLOGG DR.,33,W,N,A,-,Y,NA,NA,10,NA,NA,NA,R,NA,E,Y,4,0,1,1,A,-,00,23153,E,N,E,I,A,A,H,-,D,D,0,NA,NA,NA,Y,Y,NA,F,25,0,0,1,0,0,0,0,0,0,-,-,34.06327,-117.81209,LOS ANGELES,POMONA,-117.81209,34.06327
90256354,2016,2016-08-30,9525,2016-08-17,0755,014444,NA,3,1,5,1906,0,1,1,NA,2,651,I-605 SB TO I-10 EB,JUDITH ST,25,E,N,A,-,Y,NA,NA,NA,NA,NA,NA,NA,NA,NA,Y,2,0,1,2,A,-,03,22350,NA,N,C,C,A,A,H,-,A,D,0,NA,NA,Y,NA,Y,NA,C,02,1,0,0,0,0,0,0,0,1,-,-,34.06608,-117.99161,LOS ANGELES,BALDWIN PARK,NA,NA
90256362,2016,2016-09-26,9530,2016-08-23,0920,015995,NA,2,1,9,1900,0,3,5,NA,2,001,ALAMEDA ST. (9520 BLOCK),96TH ST.,96,N,N,A,-,N,NA,NA,NA,NA,NA,NA,NA,NA,NA,Y,4,0,1,2,A,-,09,21801,A,N,D,C,A,A,H,-,A,D,0,NA,NA,NA,NA,Y,NA,D,22,0,0,1,0,0,0,0,0,0,-,-,33.85677,-118.21127,LOS ANGELES,UNINCORPORATED,-118.22935415,33.94987937
9025637,2020,2020-06-22,1955,2020-01-10,0356,40386,13,5,5,6,1955,0,0,0,NA,0,003,SAN ANTONIO AV,HOLT AV,333,N,N,A,-,N,NA,NA,NA,NA,NA,NA,NA,NA,NA,Y,4,0,1,2,A,-,08,22107,NA,M,B,C,A,A,H,-,C,A,0,NA,NA,NA,NA,Y,NA,A,01,0,0,1,0,0,0,0,0,0,-,-,NA,NA,LOS ANGELES,POMONA,-117.73664093017578,34.063621520996094
90256375,2016,2016-08-30,9575,2016-08-22,1015,020393,NA,1,1,6,1953,0,1,1,NA,2,065,I-210 W/B (FOOTHILL FREEWAY),MADRE ST.,250,E,N,A,-,Y,NA,NA,210,NA,NA,NA,NA,NA,W,Y,4,0,2,3,A,-,03,22350,NA,N,C,C,A,A,H,-,A,D,0,NA,NA,NA,NA,Y,NA,D,22,0,0,2,0,0,0,0,0,0,-,-,34.14803,-118.07797,LOS ANGELES,PASADENA,-118.07797303,34.14807787
90256400,2016,2016-10-03,9540,2016-08-25,0940,018037,NA,4,1,6,1985,0,1,3,NA,1,145,SR-14 S/B (ANTELOPE VALLEY FREEWAY),LOST CANYON RD. U/C,684,N,N,A,-,Y,NA,NA,14,NA,NA,NA,NA,NA,S,Y,3,0,2,2,A,-,07,21658,A,N,B,C,A,A,H,-,A,D,0,NA,NA,NA,Y,Y,NA,A,01,0,2,0,0,0,0,0,0,0,-,-,34.42011,-118.435,LOS ANGELES,SANTA CLARITA,-118.43498671,34.42008082
90256407,2016,2016-10-10,9565,2016-08-28,2030,021011,NA,7,2,7,1942,0,1,1,NA,2,082,I-10 E/B (SANTA MONICA FREEWAY),GATEWAY BLVD.,300,E,N,A,-,Y,NA,NA,10,NA,NA,NA,NA,NA,E,N,4,0,1,3,A,-,03,22350,NA,N,C,C,A,A,H,-,D,D,0,NA,NA,NA,NA,Y,NA,A,01,0,0,1,0,0,0,0,0,0,-,-,34.03005,-118.44178,LOS ANGELES,LOS ANGELES,-118.44176925,34.02999945
90256414,2016,2016-08-30,9540,2016-08-27,1530,020837,NA,6,2,9,1900,0,2,4,NA,2,012,PICO CANYON RD,MARRIOTT WAY,10,W,N,A,-,N,NA,NA,NA,NA,NA,NA,NA,NA,NA,N,4,0,3,2,A,-,03,22350,NA,N,C,C,A,A,H,-,A,A,0,NA,NA,NA,NA,Y,NA,A,01,0,0,3,0,0,0,0,0,0,-,-,34.38023,-118.56896,LOS ANGELES,UNINCORPORATED,-118.56884802,34.38018459
90256418,2016,2016-08-30,9525,2016-08-13,1055,021229,NA,6,1,5,1990,0,1,3,NA,2,613,SR-60 W/B (POMONA FREEWAY),GRAND AVE,3168,E,N,A,-,Y,NA,NA,60,NA,NA,NA,NA,NA,W,N,4,0,1,2,A,-,03,22350,NA,N,C,C,A,A,H,-,A,D,0,NA,NA,NA,NA,Y,NA,A,01,0,0,1,0,0,0,0,0,0,-,-,34.0171,-117.81762,LOS ANGELES,DIAMOND BAR,-117.81748286,34.01699582
90256424,2016,2016-08-30,9550,2016-08-29,0855,015449,NA,1,1,6,1949,0,1,1,NA,2,500,I-5 NB (SANTA ANA FREEWAY),IMPERIAL HWY,700,N,N,A,-,Y,NA,NA,5,NA,NA,NA,NA,NA,N,N,4,0,1,2,A,-,07,21658,A,N,B,C,A,A,D,-,A,D,0,NA,NA,Y,NA,Y,NA,A,01,0,0,1,0,0,0,0,0,1,-,-,33.91885,-118.08092,LOS ANGELES,NORWALK,-118.0809673,33.91881657
90256432,2016,2016-08-30,9550,2016-08-19,1900,021261,NA,5,2,9,1900,0,1,1,NA,2,650,I-605 S/B (SAN GABRIEL FREEWAY),DUNLAP CROSSING RD U/C,150,S,N,A,-,Y,NA,NA,605,NA,NA,NA,NA,NA,S,Y,4,0,1,1,A,-,01,23152,A,N,E,I,A,A,H,-,A,D,0,NA,NA,NA,NA,Y,NA,A,01,0,0,1,0,0,0,0,0,0,-,-,33.98372,-118.07322,LOS ANGELES,UNINCORPORATED,-118.07323202,33.98372972
90256433,2016,2016-08-30,9525,2016-08-20,1735,020058,NA,6,2,5,1990,0,1,3,NA,2,602,SR-60 E/B (POMONA FREEWAY),SR-57 N/B (ORANGE FREEWAY),100,E,N,A,-,Y,NA,NA,60,NA,NA,NA,NA,NA,E,N,4,0,1,2,A,-,03,22350,NA,N,C,C,A,A,H,-,A,D,0,NA,NA,NA,NA,Y,NA,D,22,0,0,1,0,0,0,0,0,0,-,-,34.00243,-117.83303,LOS ANGELES,DIAMOND BAR,-117.83300298,34.00236141
90256447,2016,2016-08-30,9525,2016-08-13,1056,018992,NA,6,1,4,1960,0,3,5,NA,2,005,120 VIA VERDE AVE. (BONELLI PARK),RAGING WATERS DR.,1680,E,N,A,-,N,NA,NA,NA,NA,NA,NA,NA,NA,NA,N,4,0,1,1,A,-,08,22107,NA,N,F,A,A,A,H,-,A,D,0,NA,Y,NA,NA,Y,NA,L,04,0,0,1,0,0,0,1,0,0,-,-,34.07715,-117.80878,LOS ANGELES,SAN DIMAS,-117.80698446,34.07522692
90256451,2016,2016-08-30,9525,2016-08-20,1740,020505,NA,6,2,5,1926,0,1,1,NA,2,205,I-210 W/B (FOOTHILL FREEWAY),CITRUS AVE,2640,E,N,A,-,Y,NA,NA,210,NA,NA,NA,NA,NA,W,Y,4,0,1,2,A,-,03,22350,NA,N,C,C,A,A,H,-,A,D,0,NA,NA,NA,NA,Y,NA,D,22,0,0,1,0,0,0,0,0,0,-,-,34.12111,-117.8821,LOS ANGELES,GLENDORA,-117.88209953,34.12105298
90256472,2016,2016-08-30,9530,2016-08-22,1910,020140,NA,1,2,5,1977,0,1,1,NA,2,410,I-405 S/B (SAN DIEGO FREEWAY),I-110,400,S,N,A,-,Y,NA,NA,NA,NA,NA,NA,NA,NA,NA,N,4,0,3,3,A,-,03,22350,NA,N,C,C,A,A,H,-,A,D,0,NA,NA,NA,NA,Y,NA,A,01,0,0,3,0,0,0,0,0,0,-,-,NA,NA,LOS ANGELES,CARSON,-118.28366181,33.85602872
90256478,2016,2016-08-30,9540,2016-08-24,0921,017076,NA,3,1,9,1900,0,3,5,NA,2,008,VALENCIA BLVD. (WESTBOUND),OLD ROCK ROAD,528,S,N,A,-,N,NA,NA,NA,NA,NA,NA,NA,NA,NA,Y,4,0,2,2,A,-,03,22350,NA,N,C,C,A,B,H,-,A,D,0,NA,NA,NA,NA,Y,NA,A,01,0,0,2,0,0,0,0,0,0,-,-,34.40403,-118.58997,LOS ANGELES,UNINCORPORATED,-118.59385671,34.40266164
9025649,2020,2020-05-15,1955,2020-01-13,0015,42416,97,1,5,6,1955,0,0,0,NA,0,004,MISSION BL,RESERVOIR ST,787,E,N,A,-,N,NA,NA,NA,NA,NA,NA,NA,NA,NA,Y,3,0,1,4,D,-,00,NA,NA,M,D,A,A,A,H,-,C,A,0,NA,NA,NA,NA,Y,NA,-,-,0,1,0,0,0,0,0,0,0,-,-,NA,NA,LOS ANGELES,POMONA,-117.73001861572266,34.055599212646484
90256496,2016,2016-08-30,9525,2016-08-13,1452,018992,NA,6,2,4,1960,0,1,1,NA,2,217,SR-210 W/B (FOOTHILL FREEWAY),LONE HILL AVE,700,E,N,A,-,Y,NA,NA,NA,NA,NA,NA,NA,NA,NA,Y,4,0,1,3,A,-,03,22350,NA,N,C,C,A,A,H,-,A,D,0,NA,NA,NA,NA,Y,NA,A,01,0,0,1,0,0,0,0,0,0,-,-,34.12052,-117.82592,LOS ANGELES,SAN DIMAS,-117.82883,34.12106
90256502,2016,2016-08-30,9530,2016-08-26,1250,020315,NA,5,1,7,1941,0,1,3,NA,2,320,SR-91 E/B (ARTESIA FREEWAY),I-710,300,W,N,A,-,Y,NA,NA,91,NA,NA,NA,NA,NA,E,Y,4,0,1,2,A,-,03,22350,NA,N,C,C,A,A,H,-,A,D,0,NA,NA,NA,NA,Y,NA,A,01,0,0,1,0,0,0,0,0,0,-,-,33.87561,-118.19311,LOS ANGELES,LONG BEACH,-118.19306217,33.87549539
90256511,2016,2016-08-30,9545,2016-08-25,0325,020521,NA,4,3,9,1900,0,3,5,NA,2,004,PALMDALE BLVD,180TH ST  E,2640,E,N,A,-,N,NA,NA,NA,NA,NA,NA,NA,NA,NA,Y,3,0,2,1,A,-,08,22107,NA,N,E,I,A,A,H,-,D,D,0,NA,NA,NA,NA,Y,NA,A,01,0,2,0,0,0,0,0,0,0,-,-,34.57995,-117.79945,LOS ANGELES,UNINCORPORATED,-117.80031098,34.5799788
90256537,2016,2016-08-30,9550,2016-08-24,1355,016237,NA,3,1,9,1900,0,2,4,NA,1,062,FAIRWAY DRIVE (C/R),HALLGREEN DRIVE,0,NA,Y,A,-,N,NA,NA,NA,NA,NA,NA,NA,NA,NA,Y,4,0,2,2,A,-,03,22350,NA,N,C,C,A,A,H,-,A,B,0,NA,NA,NA,NA,Y,NA,A,01,0,0,2,0,0,0,0,0,0,-,-,33.98935,-117.86869,LOS ANGELES,UNINCORPORATED,-117.87021002,33.98919
90256548,2016,2016-08-30,9540,2016-08-29,0900,020255,NA,1,1,9,1900,0,1,1,NA,1,503,I-5 S/B (GOLDEN STATE FWY),WELDON CANYON RD,1795,S,N,A,-,Y,NA,NA,5,NA,NA,NA,NA,NA,S,N,4,0,1,2,A,-,03,22350,NA,N,C,C,A,A,H,-,A,D,0,NA,NA,NA,NA,Y,NA,A,01,0,0,1,0,0,0,0,0,0,-,-,34.3386,-118.51629,LOS ANGELES,UNINCORPORATED,-118.51628659000001,34.33860687
90256568,2016,2016-08-30,9530,2016-08-29,1545,021252,NA,1,2,5,1915,0,1,3,NA,2,310,SR-91 E/B (ARTESIA FREEWAY),CENTRAL AVE.,264,E,N,A,-,Y,NA,NA,NA,NA,NA,NA,NA,NA,NA,N,4,0,1,2,A,-,03,22350,NA,N,C,C,A,A,H,-,A,D,0,NA,NA,NA,NA,Y,NA,A,01,0,0,1,0,0,0,0,0,0,-,-,33.52238,-118.14517,LOS ANGELES,COMPTON,-118.24775313,33.87329557
90256569,2016,2016-08-30,9545,2016-08-26,2055,020244,NA,5,2,9,1900,0,3,5,NA,2,004,90TH ST E,AVENUE R,0,NA,Y,A,-,N,NA,NA,NA,NA,NA,NA,NA,NA,NA,N,3,0,1,2,A,-,09,21801,A,F,A,C,A,A,H,-,C,A,0,NA,NA,NA,NA,Y,NA,A,07,0,1,0,0,0,0,0,0,0,-,-,34.57232,-117.96975,LOS ANGELES,UNINCORPORATED,-117.96980013,34.57233004
90256582,2016,2016-08-30,9530,2016-08-29,1820,020240,NA,1,2,9,1900,0,3,5,NA,2,005,MARINE AVE. (3100 BLOCK),CRENSHAW BLVD.,75,W,N,A,-,N,NA,NA,NA,NA,NA,NA,NA,NA,NA,N,4,0,1,3,A,-,21,22106,NA,N,C,C,A,A,H,-,A,D,0,NA,NA,NA,NA,Y,NA,A,01,0,0,1,0,0,0,0,0,0,-,-,33.89459,-118.32701,LOS ANGELES,UNINCORPORATED,-118.32678667,33.89466
90256585,2016,2016-08-30,9550,2016-08-25,1412,021177,NA,4,2,6,1920,0,1,1,NA,2,651,INTERSTATE 605 N/B TO INTERSTATE 5,FLORENCE AVENUE,1000,S,N,A,-,Y,NA,NA,605,NA,NA,NA,R,NA,N,Y,4,0,1,3,A,-,03,22350,NA,N,C,C,A,A,H,-,A,D,0,NA,NA,NA,NA,Y,NA,A,07,0,0,1,0,0,0,0,0,0,-,-,33.93488,-118.09937,LOS ANGELES,DOWNEY,-118.09937,33.93488
90256586,2016,2016-08-30,9525,2016-08-18,0835,015445,NA,4,1,6,1955,0,1,1,NA,2,110,I-10 E/B (SAN BERNARDINO FREEWAY),TOWNE AVE. U/C,400,W,N,A,-,Y,NA,NA,10,NA,NA,NA,NA,NA,E,Y,4,0,1,5,A,-,03,22350,NA,N,C,C,A,A,H,-,A,D,0,NA,NA,NA,NA,Y,NA,A,01,0,0,1,0,0,0,0,0,0,-,-,34.07892,-117.73918,LOS ANGELES,POMONA,-117.73925966,34.07911462
9025659,2019,2020-02-25,1901,2019-12-09,0717,204,NA,1,5,5,1901,0,0,0,NA,0,003,FREMONT AV,ALHAMBRA RD,0,NA,Y,A,-,N,NA,NA,NA,NA,NA,NA,NA,NA,NA,Y,4,0,2,2,D,-,00,NA,NA,N,D,C,A,A,H,-,A,A,0,NA,NA,NA,NA,Y,NA,-,-,0,0,2,0,0,0,0,0,0,-,-,NA,NA,LOS ANGELES,ALHAMBRA,-118.15213775634766,34.09857940673828
90256605,2016,2016-08-30,9530,2016-08-22,1911,020140,NA,1,2,4,1939,0,1,1,NA,2,400,I-405 S/B (SAN DIEGO FREEWAY),166TH ST.,250,N,N,A,-,Y,NA,NA,405,NA,NA,NA,NA,NA,S,N,4,0,1,2,A,-,03,22350,NA,N,C,C,A,A,H,-,B,D,0,NA,NA,NA,NA,Y,NA,D,22,0,0,1,0,0,0,0,0,0,-,-,33.88259,-118.35009,LOS ANGELES,LAWNDALE,-118.35003037,33.88265576
90256608,2016,2016-08-30,9545,2016-08-27,1635,020244,NA,6,2,9,1900,0,3,5,NA,2,004,105TH ST  E,AVENUE R-14,0,NA,Y,A,-,N,NA,NA,NA,NA,NA,NA,NA,NA,NA,N,3,0,1,2,A,-,09,21802,A,N,E,J,A,A,H,-,A,D,0,NA,NA,Y,NA,Y,NA,A,07,0,1,0,0,0,0,0,0,1,-,-,34.55978,-117.94305,LOS ANGELES,UNINCORPORATED,-117.94306007,34.55975007
90256619,2016,2016-08-30,9530,2016-07-26,0020,020699,NA,2,3,9,1900,0,3,5,NA,2,002,122ND ST. (12200 BLOCK),GRANDEE AVE.,316,E,N,A,-,N,NA,NA,NA,NA,NA,NA,NA,NA,NA,Y,3,0,1,2,A,-,01,23152,A,M,C,C,A,A,H,-,C,D,0,NA,NA,NA,NA,Y,Y,A,01,0,1,0,0,0,0,0,0,0,-,-,33.92164,-118.24186,LOS ANGELES,UNINCORPORATED,-118.2419005,33.92169253
9025663,2019,2020-02-04,1901,2019-12-11,1800,102,8,3,5,5,1901,0,0,0,NA,0,002,CHAPEL,MISSION,95,W,N,A,-,N,NA,NA,NA,NA,NA,NA,NA,NA,NA,N,4,0,1,3,A,-,03,22350,NA,N,C,C,A,A,H,-,C,A,0,NA,NA,NA,NA,Y,NA,A,01,0,0,1,0,0,0,0,0,0,-,-,NA,NA,LOS ANGELES,ALHAMBRA,-118.11990356445313,34.091270446777344
90256663,2016,2016-08-30,9550,2016-08-26,1950,020861,NA,5,2,9,1900,0,1,3,NA,2,600,STATE ROUTE 60 E/B (POMONA FREEWAY),7TH AVENUE,3000,W,N,A,-,Y,NA,NA,60,NA,NA,NA,NA,NA,E,Y,4,0,1,2,A,-,07,21658,A,N,B,C,A,A,H,-,C,D,0,NA,NA,Y,NA,Y,NA,A,01,0,0,1,0,0,0,0,0,1,-,-,34.02552,-117.99479,LOS ANGELES,UNINCORPORATED,-117.99477072,34.02555123
90256666,2016,2016-08-30,9550,2016-08-26,0941,020037,NA,5,1,5,1919,0,1,3,NA,2,092,STATE ROUTE 91 EASTBOUND,PIONEER BOULEVARD,50,E,N,A,-,Y,NA,NA,91,NA,NA,NA,NA,NA,E,N,4,0,1,2,A,-,03,22350,NA,N,C,C,A,A,H,-,A,D,0,NA,NA,NA,NA,Y,NA,D,22,0,0,1,0,0,0,0,0,0,-,-,33.87633,-118.08191,LOS ANGELES,CERRITOS,-118.08191048,33.87645922
9025667,2019,2020-02-05,1901,2019-12-05,1354,239,16,4,5,5,1901,0,0,0,NA,0,004,FREMONT AV,VALLEY BL,15,N,N,A,-,N,NA,NA,NA,NA,NA,NA,NA,NA,NA,N,4,0,1,2,A,-,04,21703,NA,M,C,C,A,A,H,-,A,A,0,NA,NA,NA,NA,Y,NA,A,01,0,0,1,0,0,0,0,0,0,-,-,NA,NA,LOS ANGELES,ALHAMBRA,-118.15186309814452,34.076942443847656