CASE_ID,ACCIDENT_YEAR,PROC_DATE,JURIS,COLLISION_DATE,COLLISION_TIME,OFFICER_ID,REPORTING_DISTRICT,DAY_OF_WEEK,CHP_SHIFT,POPULATION,CNTY_CITY_LOC,SPECIAL_COND,BEAT_TYPE,CHP_BEAT_TYPE,CITY_DIVISION_LAPD,CHP_BEAT_CLASS,BEAT_NUMBER,PRIMARY_RD,SECONDARY_RD,DISTANCE,DIRECTION,INTERSECTION,WEATHER_1,WEATHER_2,STATE_HWY_IND,CALTRANS_COUNTY,CALTRANS_DISTRICT,STATE_ROUTE,ROUTE_SUFFIX,POSTMILE_PREFIX,POSTMILE,LOCATION_TYPE,RAMP_INTERSECTION,SIDE_OF_HWY,TOW_AWAY,COLLISION_SEVERITY,NUMBER_KILLED,NUMBER_INJURED,PARTY_COUNT,PRIMARY_COLL_FACTOR,PCF_CODE_OF_VIOL,PCF_VIOL_CATEGORY,PCF_VIOLATION,PCF_VIOL_SUBSECTION,HIT_AND_RUN,TYPE_OF_COLLISION,MVIW,PED_ACTION,ROAD_SURFACE,ROAD_COND_1,ROAD_COND_2,LIGHTING,CONTROL_DEVICE,CHP_ROAD_TYPE,PEDESTRIAN_ACCIDENT,BICYCLE_ACCIDENT,MOTORCYCLE_ACCIDENT,TRUCK_ACCIDENT,NOT_PRIVATE_PROPERTY,ALCOHOL_INVOLVED,STWD_VEHTYPE_AT_FAULT,CHP_VEHTYPE_AT_FAULT,COUNT_SEVERE_INJ,COUNT_VISIBLE_INJ,COUNT_COMPLAINT_PAIN,COUNT_PED_KILLED,COUNT_PED_INJURED,COUNT_BICYCLIST_KILLED,COUNT_BICYCLIST_INJURED,COUNT_MC_KILLED,COUNT_MC_INJURED,PRIMARY_RAMP,SECONDARY_RAMP,LATITUDE,LONGITUDE,COUNTY,CITY,POINT_X,POINT_Y
90263592,2016,2016-09-08,9530,2016-09-06,1500,021310,NA,2,2,7,1941,0,1,1,NA,2,420,I-405 N/B TO I-710 N/B,PACIFIC AVE.,200,S,N,A,-,Y,NA,NA,NA,NA,NA,NA,NA,NA,NA,Y,4,0,4,2,A,-,08,22107,NA,N,E,I,A,A,H,-,A,D,0,NA,NA,NA,NA,Y,NA,A,07,0,0,4,0,0,0,0,0,0,-,-,33.4923,-118.1154,LOS ANGELES,LONG BEACH,-118.19341955,33.82062372
90263595,2016,2016-09-08,9535,2016-08-29,0805,017802,NA,1,1,9,1900,0,3,5,NA,2,002,MCDONNELL AVE.,HUBBARD ST.,0,NA,Y,A,-,N,NA,NA,NA,NA,NA,NA,NA,NA,NA,N,4,0,1,2,A,-,10,21950,A,N,G,B,B,A,H,-,A,A,0,Y,NA,NA,NA,Y,NA,D,22,0,0,1,0,1,0,0,0,0,-,-,34.02484,-118.1673,LOS ANGELES,UNINCORPORATED,-118.16733011,34.02487002
90263632,2016,2016-09-08,9565,2016-08-10,1445,021231,NA,3,2,9,1900,0,3,5,NA,2,004,EL SEGUNDO BLVD,BERENDO AVE,100,E,N,A,-,N,NA,NA,NA,NA,NA,NA,NA,NA,NA,Y,3,0,1,3,A,-,01,23152,A,N,E,I,A,A,H,-,A,A,0,NA,NA,NA,NA,Y,Y,D,22,0,1,0,0,0,0,0,0,0,-,-,33.91646,-118.29382,LOS ANGELES,UNINCORPORATED,-118.29375105,33.91642751
90263642,2016,2016-09-08,9540,2016-09-02,1930,020837,NA,5,2,7,1942,0,1,1,NA,2,210,I-210 W/B (FOOTHILL FREEWAY),YARNELL ST,3960,E,N,A,-,Y,NA,NA,210,NA,NA,NA,NA,NA,W,Y,4,0,1,2,A,-,03,22350,NA,N,C,C,A,A,H,-,D,D,0,NA,NA,NA,NA,Y,NA,A,01,0,0,1,0,0,0,0,0,0,-,-,34.32349,-118.46993,LOS ANGELES,LOS ANGELES,-118.46993348,34.32355927
90263652,2016,2016-09-08,9565,2016-09-03,2205,020710,NA,6,3,7,1942,0,1,1,NA,2,010,I-105 W/B (CENTURY FWY),NASH ST.,600,E,N,A,-,Y,NA,NA,105,NA,NA,NA,NA,NA,W,Y,3,0,2,1,A,-,08,22107,NA,N,E,I,A,A,H,-,C,D,0,NA,NA,NA,NA,Y,NA,A,01,0,2,0,0,0,0,0,0,0,-,-,33.93127,-118.38416,LOS ANGELES,LOS ANGELES,-118.38416037,33.93128302
90263659,2016,2016-09-08,9545,2016-08-31,1640,015589,NA,3,2,6,1950,0,1,3,NA,2,021,SR-14 S/B TO PALMDALE BLVD.,PALMDALE BLVD,350,N,N,A,-,Y,NA,NA,14,NA,NA,NA,R,NA,S,N,4,0,1,2,A,-,03,22350,NA,N,C,A,A,A,H,-,A,A,0,NA,NA,NA,NA,Y,NA,A,01,0,0,1,0,0,0,0,0,0,-,-,34.58293,-118.13447,LOS ANGELES,PALMDALE,-118.13447,34.58293
90263672,2016,2016-09-08,9540,2016-09-02,1630,020837,NA,5,2,7,1942,0,1,1,NA,2,406,I-405 N/B (SAN DIEGO FREEWAY),SAN FERNANDO MISSION BLVD,792,S,N,A,-,N,NA,NA,405,NA,NA,NA,NA,NA,N,N,4,0,1,2,A,-,03,22350,NA,F,C,C,A,A,H,-,A,D,0,NA,NA,NA,NA,Y,NA,-,99,0,0,1,0,0,0,0,0,0,-,-,34.26914,-118.47195,LOS ANGELES,LOS ANGELES,-118.47202442,34.2691407
90263678,2016,2016-09-08,9530,2016-08-14,0647,018278,NA,7,1,7,1941,0,1,1,NA,2,071,I-710 S/B (LONG BEACH FREEWAY),LONG BEACH BOULEVARD,100,N,N,A,-,Y,NA,NA,NA,NA,NA,NA,NA,NA,NA,Y,1,2,0,1,A,-,08,22107,NA,N,E,I,A,A,H,-,B,D,0,NA,NA,NA,NA,Y,NA,A,07,0,0,0,0,0,0,0,0,0,-,-,33.5148,-118.11565,LOS ANGELES,LONG BEACH,-118.19918028,33.86291414
90263700,2016,2016-09-08,9530,2016-09-06,0620,021235,NA,2,1,5,1977,0,1,1,NA,2,410,I-405 N/B (SAN DIEGO FREEWAY),ALAMEDA ST.,1056,N,N,A,-,Y,NA,NA,405,NA,NA,NA,NA,NA,N,Y,4,0,1,2,A,-,03,22350,NA,N,C,C,A,A,H,-,A,D,0,NA,NA,NA,NA,Y,NA,A,01,0,0,1,0,0,0,0,0,0,-,-,33.8257,-118.2325,LOS ANGELES,CARSON,-118.23248911,33.82588181
90263706,2016,2016-09-08,9580,2016-08-30,0800,015926,NA,2,1,7,1942,0,1,3,NA,2,114,SR-118 E/B (RONALD REAGAN FWY.),FOX ST,528,W,N,A,-,Y,NA,NA,118,NA,NA,NA,NA,NA,E,N,4,0,2,2,A,-,03,22350,NA,N,C,C,A,A,H,-,A,D,0,NA,NA,NA,NA,Y,NA,A,07,0,0,2,0,0,0,0,0,0,-,-,34.26556,-118.45532,LOS ANGELES,LOS ANGELES,-118.45531887,34.2657343
90263723,2016,2016-09-08,9580,2016-08-30,0640,016413,NA,2,1,7,1942,0,1,1,NA,2,407,I-405 S/B (SAN DIEGO FWY),NORDHOFF ST,528,N,N,A,-,Y,NA,NA,NA,NA,NA,NA,NA,NA,NA,Y,4,0,1,2,A,-,03,22350,NA,N,C,C,A,A,H,-,A,D,0,NA,NA,NA,NA,Y,NA,A,01,0,0,1,0,0,0,0,0,0,-,-,34.5678,-118.46675,LOS ANGELES,LOS ANGELES,-118.47315316,34.23700822
90263737,2016,2016-09-08,9580,2016-08-30,1430,020153,NA,2,2,7,1942,0,1,2,NA,2,102,US-101 N/B (VENTURA FREEWAY),VAN NUYS BLVD.,500,S,N,A,-,Y,NA,NA,101,NA,NA,NA,NA,NA,N,N,4,0,1,2,A,-,03,22350,NA,N,C,C,A,A,H,-,A,D,0,NA,NA,NA,NA,Y,NA,A,01,0,0,1,0,0,0,0,0,0,-,-,34.1567,-118.44742,LOS ANGELES,LOS ANGELES,-118.4474706,34.15658787
90263757,2016,2016-09-08,9540,2016-09-03,0528,019900,NA,6,3,9,1900,0,1,1,NA,2,512,I-5 N/B (GOLDEN STATE FREEWAY),SMOKEY BEAR RD,5280,S,N,A,-,Y,NA,NA,5,NA,NA,NA,NA,NA,N,Y,3,0,1,1,A,-,08,22107,NA,N,E,J,A,A,H,-,B,D,0,NA,NA,NA,NA,Y,NA,A,01,0,1,0,0,0,0,0,0,0,-,-,34.69178,-118.78855,LOS ANGELES,UNINCORPORATED,-118.78868179,34.69170698
90263768,2016,2016-09-08,9530,2016-09-03,1850,021106,NA,6,2,9,1900,0,3,5,NA,2,006,SEPULVEDA BLVD. (800 BLOCK),I-110,180,W,N,A,-,N,NA,NA,NA,NA,NA,NA,NA,NA,NA,Y,4,0,1,2,A,-,09,21804,A,N,D,C,A,A,H,-,B,D,0,NA,NA,NA,NA,Y,NA,A,01,0,0,1,0,0,0,0,0,0,-,-,33.4833,-118.1719,LOS ANGELES,UNINCORPORATED,-118.28824969,33.80922182
90263782,2016,2016-09-08,9590,2016-08-28,0639,021084,NA,7,1,7,1942,0,1,2,NA,2,072,US-101 NB (HOLLYWOOD FREEWAY),UNIVERSAL STUDIOS BLVD,1000,S,N,A,-,Y,NA,NA,101,NA,NA,NA,NA,NA,N,Y,4,0,1,1,A,-,08,22107,NA,N,E,I,A,A,H,-,A,D,0,NA,NA,NA,NA,Y,NA,A,01,0,0,1,0,0,0,0,0,0,-,-,34.13254,-118.35083,LOS ANGELES,LOS ANGELES,-118.35083486,34.13253265
90263810,2016,2016-09-08,9590,2016-08-27,1539,021084,NA,6,2,7,1942,0,1,2,NA,2,071,US-101 SB (HOLLYWOOD FREEWAY),LOS ANGELES STREET,50,N,N,A,-,Y,NA,NA,101,NA,NA,NA,NA,NA,S,N,4,0,1,2,A,-,03,22350,NA,N,C,C,A,A,H,-,A,D,0,NA,NA,NA,NA,Y,NA,A,01,0,0,1,0,0,0,0,0,0,-,-,34.05526,-118.23949,LOS ANGELES,LOS ANGELES,-118.23957838,34.05511829
90263846,2016,2016-09-08,9550,2016-09-02,0655,021386,NA,5,1,9,1900,0,1,3,NA,2,602,STATE ROUTE 60 E/B (POMONA FREEWAY),FAIRWAY DR,1900,W,N,B,-,Y,NA,NA,60,NA,NA,NA,NA,NA,E,N,3,0,1,3,A,-,08,22107,NA,F,B,E,E,A,H,-,B,D,0,Y,NA,NA,Y,Y,NA,-,99,0,1,0,0,1,0,0,0,0,-,-,33.99519,-117.87639,LOS ANGELES,UNINCORPORATED,-117.87639874,33.99524786
90263849,2016,2016-09-08,9550,2016-08-28,2110,021244,NA,7,2,9,1900,0,1,1,NA,2,650,INTERSTATE 605 S/B,WASHINGTON BOULEVARD,1260,N,N,A,-,Y,NA,NA,605,NA,NA,NA,NA,NA,S,Y,3,0,1,1,A,-,08,22107,NA,N,E,I,A,A,H,-,C,D,0,NA,NA,Y,NA,Y,NA,C,02,0,1,0,0,0,0,0,0,1,-,-,33.97749,-118.07901,LOS ANGELES,UNINCORPORATED,-118.07888629,33.97741826
90263877,2016,2016-09-08,9580,2016-08-28,2213,020876,NA,7,3,7,1942,0,1,2,NA,2,102,US-101 N/B (VENTURA FREEWAY),HASKELL AVE,500,S,N,A,-,Y,NA,NA,101,NA,NA,NA,NA,NA,N,Y,3,0,3,4,A,-,08,22107,NA,N,B,C,A,A,H,-,D,D,0,NA,NA,NA,NA,Y,NA,D,22,0,2,1,0,0,0,0,0,0,-,-,34.16444,-118.4732,LOS ANGELES,LOS ANGELES,-118.47316551,34.16449513
90263881,2016,2016-09-08,9540,2016-09-03,1037,019900,NA,6,1,9,1900,0,1,1,NA,2,510,I-5 N/B (GOLDEN STATE FREEWAY),VISTA DEL LAGO,5280,S,N,A,-,Y,NA,NA,5,NA,NA,NA,NA,NA,N,N,3,0,1,1,C,-,18,NA,NA,N,E,J,A,A,H,-,A,D,0,NA,NA,NA,NA,Y,NA,-,-,0,1,0,0,0,0,0,0,0,-,-,34.65042,-118.75356,LOS ANGELES,UNINCORPORATED,-118.75360657,34.6504
90263884,2016,2016-09-08,9565,2016-09-03,0759,021383,NA,6,1,5,1928,0,1,1,NA,2,012,I-105 W/B (CENTURY FREEWAY),CRENSHAW BLVD,800,E,N,A,-,Y,NA,NA,105,NA,NA,NA,NA,NA,W,Y,4,0,1,2,A,-,00,22017,NA,N,B,C,A,A,H,-,A,D,0,NA,NA,NA,NA,Y,NA,A,01,0,0,1,0,0,0,0,0,0,-,-,33.92576,-118.3207,LOS ANGELES,HAWTHORNE,-118.32070072,33.92565981
90263890,2016,2016-09-08,9580,2016-08-31,1815,019319,NA,3,2,7,1942,0,1,3,NA,2,116,SR-118 E/B (RONALD REAGAN FWY.),BALBOA BLVD,800,E,N,A,-,Y,NA,NA,118,NA,NA,NA,NA,NA,E,Y,4,0,1,2,A,-,03,22350,NA,N,C,C,A,A,H,-,A,D,0,NA,NA,NA,NA,Y,NA,D,22,0,0,1,0,0,0,0,0,0,-,-,34.27681,-118.49683,LOS ANGELES,LOS ANGELES,-118.49680384,34.27686957
90263892,2016,2016-09-08,9530,2016-08-26,1341,020096,NA,5,1,9,1900,0,3,5,NA,2,005,MARINE AVENUE (3200 BLOCK),CHADRON AVENUE,1,W,N,A,-,N,NA,NA,NA,NA,NA,NA,NA,NA,NA,Y,4,0,1,2,A,-,03,22350,NA,N,C,C,A,A,H,-,A,D,0,NA,NA,NA,NA,Y,NA,D,22,0,0,1,0,0,0,0,0,0,-,-,33.53408,-118.19435,LOS ANGELES,UNINCORPORATED,-118.32870329000001,33.89467
90263900,2016,2016-09-08,9550,2016-09-02,0810,021269,NA,5,1,6,1949,0,1,1,NA,2,500,INTERSTATE 5 S/B (SANTA ANA FREEWAY),IMPERIAL HIGHWAY,1400,N,N,A,-,Y,NA,NA,5,NA,NA,NA,NA,NA,S,Y,4,0,1,2,A,-,03,22350,NA,N,C,C,A,A,H,-,A,D,0,NA,NA,NA,NA,Y,NA,A,01,0,0,1,0,0,0,0,0,0,-,-,33.92064,-118.08266,LOS ANGELES,NORWALK,-118.08250284,33.9207496
90263909,2016,2016-09-08,9580,2016-08-31,2325,020296,NA,3,3,7,1942,0,1,2,NA,2,100,US-101 N/B (HOLLYWOOD FREEWAY),VINELAND AVE,0,NA,N,A,-,Y,NA,NA,101,NA,NA,NA,NA,NA,N,Y,4,0,1,2,A,-,03,22350,NA,N,C,C,A,A,H,-,D,D,0,NA,NA,NA,NA,Y,NA,A,01,0,0,1,0,0,0,0,0,0,-,-,34.14446,-118.36773,LOS ANGELES,LOS ANGELES,-118.36780765,34.14442314
90263922,2016,2016-09-08,9590,2016-08-26,1320,021084,NA,5,1,7,1942,0,1,1,NA,2,052,I-110 SB (HARBOR FREEWAY),8TH STREET,500,S,N,A,-,Y,NA,NA,110,NA,NA,NA,NA,NA,S,N,4,0,1,1,A,-,08,22107,NA,N,E,I,A,A,H,-,A,D,0,NA,NA,NA,NA,Y,NA,A,01,0,0,1,0,0,0,0,0,0,-,-,34.04912,-118.26478,LOS ANGELES,LOS ANGELES,-118.26478424,34.04912681
90263929,2016,2016-09-08,9550,2016-09-06,0750,018531,NA,2,1,9,1900,0,2,4,NA,1,023,MULBERRY DRIVE,VICTORIA AVENUE,113,E,N,A,-,N,NA,NA,NA,NA,NA,NA,NA,NA,NA,Y,3,0,2,4,A,-,03,22350,NA,N,C,C,A,A,H,-,A,A,0,NA,NA,NA,NA,Y,NA,A,01,0,1,1,0,0,0,0,0,0,-,-,33.94156,-118.02599,LOS ANGELES,UNINCORPORATED,-118.02605249,33.94162385
90263931,2016,2016-09-08,9590,2016-08-27,1640,021101,NA,6,2,7,1942,0,1,2,NA,2,072,US-101 N/B (HOF),BARHAM BLVD.,50,S,N,A,-,Y,NA,NA,101,NA,NA,NA,NA,NA,N,Y,3,0,1,3,A,-,03,22350,NA,N,C,C,A,A,H,-,A,D,0,NA,NA,NA,NA,Y,NA,A,01,0,1,0,0,0,0,0,0,0,-,-,34.1287,-118.34666,LOS ANGELES,LOS ANGELES,-118.34670094,34.12865799
90263938,2016,2016-09-08,9590,2016-08-15,2110,020344,NA,1,2,7,1942,0,1,1,NA,2,051,I-110 (HARBOR FREEWAY),COLDEN AVE,250,N,N,A,-,Y,NA,NA,110,NA,NA,NA,NA,NA,NA,N,4,0,1,2,A,-,08,22107,NA,N,B,D,A,A,H,-,C,D,0,NA,NA,NA,NA,Y,NA,A,01,0,0,1,0,0,0,0,0,0,-,-,33.94908,-118.27975,LOS ANGELES,LOS ANGELES,-118.27984305,33.94906123
90263943,2016,2016-09-08,9590,2016-08-19,1035,020773,NA,5,1,7,1942,0,1,1,NA,2,083,I-5 S/B (GOLDEN STATE FREEWAY),NEWELL ST.,200,N,N,A,-,Y,NA,NA,5,NA,NA,NA,NA,NA,S,N,4,0,1,4,A,-,03,22350,NA,F,C,C,A,A,H,-,A,D,0,NA,NA,NA,NA,Y,NA,-,99,0,0,1,0,0,0,0,0,0,-,-,34.10024,-118.24831,LOS ANGELES,LOS ANGELES,-118.24824075,34.10028724
90263950,2016,2016-09-08,9580,2016-09-01,1640,019319,NA,4,2,7,1942,0,1,3,NA,2,116,SR-118 E/B (RONALD REAGAN FWY.),PORTER RANCH DRIVE,1056,W,N,A,-,Y,NA,NA,118,NA,NA,NA,NA,NA,E,Y,4,0,2,2,A,-,03,22350,NA,N,C,C,A,A,H,-,A,D,0,NA,NA,NA,NA,Y,NA,A,01,0,0,2,0,0,0,0,0,0,-,-,34.27346,-118.57406,LOS ANGELES,LOS ANGELES,-118.57406008,34.27341721
90263951,2016,2016-11-07,9590,2016-08-20,0730,020617,NA,6,1,7,1942,0,1,2,NA,2,072,US-101 N/B (HOF),PILGRIMAGE BRIDGE,1000,N,N,A,-,Y,NA,NA,101,NA,NA,NA,NA,NA,N,Y,3,0,2,1,A,-,08,22107,NA,N,E,I,A,A,H,-,A,D,0,NA,NA,NA,NA,Y,NA,A,01,0,1,1,0,0,0,0,0,0,-,-,34.11745,-118.33724,LOS ANGELES,LOS ANGELES,-118.33717394,34.11747082
90263964,2016,2016-09-22,9580,2016-09-02,1120,016413,NA,5,1,7,1942,0,1,2,NA,2,102,US-101 N/B (VENTURA FREEWAY),VAN NUYS BLVD,20,N,N,A,-,Y,NA,NA,NA,NA,NA,NA,NA,NA,NA,Y,4,0,1,2,A,-,03,22350,NA,N,C,C,A,A,H,-,A,D,0,NA,NA,NA,NA,Y,NA,A,01,0,0,1,0,0,0,0,0,0,-,-,34.9456,-118.27015,LOS ANGELES,LOS ANGELES,-118.44875207,34.15709862
90263974,2016,2016-09-08,9540,2016-09-04,0405,020409,NA,7,3,7,1942,0,1,1,NA,1,502,I-5 N/B (GOLDEN STATE FREEWAY),SR-14,300,S,N,A,-,Y,NA,NA,5,NA,NA,NA,NA,NA,N,Y,4,0,2,2,A,-,03,22350,NA,F,C,C,A,A,H,-,D,D,0,NA,NA,NA,NA,Y,NA,A,01,0,0,2,0,0,0,0,0,0,-,-,34.32958,-118.50576,LOS ANGELES,LOS ANGELES,-118.50581668,34.32955311
90263989,2016,2016-09-08,9580,2016-09-02,1330,016413,NA,5,1,7,1942,0,1,1,NA,2,404,I-405 N/B (SAN DIEGO FWY),VENTURA BLVD,1056,S,N,A,-,Y,NA,NA,405,NA,NA,NA,NA,NA,N,Y,4,0,1,2,A,-,03,22350,NA,N,C,C,A,A,H,-,A,D,0,NA,NA,NA,NA,Y,NA,D,22,0,0,1,0,0,0,0,0,0,-,-,34.14728,-118.4697,LOS ANGELES,LOS ANGELES,-118.4698228,34.1473453
90263991,2016,2016-09-08,9550,2016-09-06,1735,018854,NA,2,2,9,1900,0,1,3,NA,2,600,SR 60 E/B,CROSSROADS PARKWAY,2000,E,N,A,-,Y,NA,NA,60,NA,NA,NA,NA,NA,E,Y,3,0,1,3,A,-,03,22350,NA,N,C,C,A,A,H,-,A,D,0,NA,NA,NA,NA,Y,NA,A,01,0,1,0,0,0,0,0,0,0,-,-,34.02787,-117.99985,LOS ANGELES,UNINCORPORATED,-117.99983434,34.02792046
90263992,2016,2016-09-08,9590,2016-08-28,2325,021077,NA,7,3,7,1942,0,1,2,NA,2,072,US-101 N/B (HOLLYWOOD FREEWAY),UNIVERSAL STUDIOS BOULEVARD,300,S,N,A,-,Y,NA,NA,101,NA,NA,NA,NA,NA,N,Y,3,0,2,2,A,-,08,22107,NA,N,B,C,A,A,H,-,C,D,0,NA,NA,NA,NA,Y,NA,D,22,0,1,1,0,0,0,0,0,0,-,-,34.13295,-118.35154,LOS ANGELES,LOS ANGELES,-118.3515413,34.1329474
90264018,2016,2016-09-08,9565,2016-09-04,1500,020468,NA,7,2,5,1965,0,1,1,NA,2,081,I-10 W/B (SANTA MONICA FREEWAY),CLOVERFIELD BLVD,280,E,N,A,-,Y,NA,NA,10,NA,NA,NA,NA,NA,W,Y,4,0,3,3,A,-,03,22350,NA,N,C,C,A,A,H,-,A,D,0,NA,NA,NA,NA,Y,NA,A,01,0,0,3,0,0,0,0,0,0,-,-,34.02466,-118.46918,LOS ANGELES,SANTA MONICA,-118.46917265,34.02463215
9026403,2020,2020-02-27,1900,2020-01-24,2057,608904,0463,5,5,4,1936,0,0,0,NA,0,46T2/P,IMPERIAL HWY,OXFORD RD,0,NA,Y,E,-,N,NA,NA,NA,NA,NA,NA,NA,NA,NA,N,4,0,1,2,A,-,12,21453,A,M,D,C,A,A,H,-,C,A,0,NA,NA,NA,NA,Y,NA,A,07,0,0,1,0,0,0,0,0,0,-,-,NA,NA,LOS ANGELES,LA MIRADA,-117.99899291992188,33.91719055175781
90264030,2016,2016-09-08,9540,2016-09-04,1731,020837,NA,7,2,9,1900,0,1,3,NA,2,146,SR-14 N/B (AVF),SAND CANYON RD,5280,N,N,A,-,Y,NA,NA,14,NA,NA,NA,NA,NA,N,Y,3,0,1,3,A,-,03,22350,NA,N,C,C,A,A,H,-,B,D,0,NA,NA,NA,NA,Y,NA,A,01,0,1,0,0,0,0,0,0,0,-,-,34.42894,-118.40253,LOS ANGELES,UNINCORPORATED,-118.40252396,34.4289235
9026404,2020,2020-02-27,1942,2020-01-31,1900,43641,1239,5,5,7,1942,0,0,0,L,0,12A39,SLAUSON AV,VERMONT AV,0,NA,Y,A,-,N,NA,NA,NA,NA,NA,NA,NA,NA,NA,Y,2,0,1,3,A,-,09,21801,NA,N,A,C,A,A,H,-,C,A,0,NA,NA,NA,NA,Y,NA,A,01,1,0,0,0,0,0,0,0,0,-,-,NA,NA,LOS ANGELES,LOS ANGELES,-118.29147338867188,33.989131927490234
90264040,2016,2016-09-08,9540,2016-09-05,0930,014339,NA,1,1,9,1900,0,1,1,NA,2,508,I-5 N/B (GOLDEN STATE FREEWAY),2000 FT. LEVEL,365,S,N,A,-,Y,NA,NA,5,NA,NA,NA,NA,NA,N,N,4,0,2,2,A,-,04,21703,NA,N,C,C,A,A,H,-,A,D,0,NA,NA,NA,NA,Y,NA,A,01,0,0,2,0,0,0,0,0,0,-,-,34.53738,-118.65543,LOS ANGELES,UNINCORPORATED,-118.65541971,34.53738721
90264041,2016,2016-09-08,9590,2016-08-29,0645,017877,9590,1,1,7,1942,0,1,1,NA,2,052,I-110 N/B (HARBOR FREEWAY),1ST ST,100,N,N,A,-,Y,NA,NA,NA,NA,NA,NA,NA,NA,NA,N,4,0,2,2,A,-,03,22350,NA,N,C,C,A,A,H,-,A,D,0,NA,NA,NA,NA,Y,NA,A,01,0,0,2,0,0,0,0,0,0,-,-,34.03562,-118.15139,LOS ANGELES,LOS ANGELES,NA,NA
90264052,2016,2016-09-08,9590,2016-08-17,1540,016243,NA,3,2,7,1942,0,1,1,NA,2,053,I-110 S/B,SR-110 S/B TO US-101 S/B,55,S,N,A,-,Y,NA,NA,110,NA,NA,NA,NA,NA,S,Y,3,0,2,3,A,-,03,22350,NA,N,B,C,A,A,H,-,A,D,0,NA,NA,Y,NA,Y,NA,C,02,0,2,0,0,0,0,0,0,2,-,-,34.06201,-118.24929,LOS ANGELES,LOS ANGELES,-118.24943779,34.06217773
90264054,2016,2016-09-08,9550,2016-08-30,0445,020974,NA,2,3,9,1900,0,2,4,NA,1,031,HACIENDA BOULEVARD,GALE AVENUE,175,N,N,A,-,N,NA,NA,NA,NA,NA,NA,NA,NA,NA,N,3,0,1,2,A,-,01,23152,A,N,C,C,A,A,H,-,C,D,0,NA,NA,NA,Y,Y,Y,A,01,0,1,0,0,0,0,0,0,0,-,-,34.01135,-117.96261,LOS ANGELES,UNINCORPORATED,-117.96283335,34.01129391
9026407,2020,2020-02-27,1900,2020-01-26,0830,602218,0454,7,5,6,1949,0,0,0,NA,0,43T1,FOSTER RD,FUNSTON AV,150,W,N,A,-,N,NA,NA,NA,NA,NA,NA,NA,NA,NA,Y,4,0,2,2,A,-,09,21804,A,N,D,C,A,A,H,-,A,D,0,NA,NA,NA,NA,Y,NA,A,07,0,0,2,0,0,0,0,0,0,-,-,NA,NA,LOS ANGELES,NORWALK,-118.07449340820313,33.906044006347656
90264077,2016,2016-09-08,9550,2016-09-06,1050,020131,NA,2,1,5,1919,0,1,3,NA,2,091,SR-91 E/B,GRIDLEY ROAD,1000,W,N,A,-,Y,NA,NA,91,NA,NA,NA,NA,NA,E,Y,4,0,1,2,A,-,07,21658,NA,N,B,C,A,A,H,-,A,D,0,NA,NA,NA,Y,Y,NA,G,25,0,0,1,0,0,0,0,0,0,-,-,33.87633,-118.09276,LOS ANGELES,CERRITOS,-118.09276034,33.87641357
9026408,2020,2020-03-12,1942,2020-01-27,2000,41812,1239,1,5,7,1942,0,0,0,L,0,12A51,SLAUSON AV,DENVER,100,W,N,A,-,N,NA,NA,NA,NA,NA,NA,NA,NA,NA,N,4,0,1,2,A,-,03,22350,NA,N,C,C,A,A,H,-,C,-,0,NA,NA,NA,NA,Y,NA,A,01,0,0,1,0,0,0,0,0,0,-,-,NA,NA,LOS ANGELES,LOS ANGELES,-118.2841567993164,33.989158630371094
90264094,2016,2016-09-08,9550,2016-09-03,1000,015040,NA,6,1,6,1949,0,1,1,NA,2,501,INTERSTATE 5 NORTHBOUND,NORWALK BOULEVARD,2000,S,N,A,-,Y,NA,NA,5,NA,NA,NA,NA,NA,N,Y,4,0,1,3,A,-,07,21658,A,F,B,C,A,A,D,-,A,D,0,NA,NA,NA,NA,Y,NA,-,99,0,0,1,0,0,0,0,0,0,-,-,33.9083,-118.06845,LOS ANGELES,NORWALK,-118.06836526,33.90838463
90264108,2016,2016-09-08,9565,2016-09-07,1350,021171,NA,3,1,9,1900,0,1,1,NA,2,012,I-105 W/B (CENTURY FREEWAY),NORMANDIE AVENUE,400,E,N,A,-,Y,NA,NA,105,NA,NA,NA,NA,NA,W,Y,3,0,1,1,A,-,08,22107,NA,N,E,I,A,A,H,-,A,D,0,NA,NA,NA,NA,Y,NA,A,07,0,1,0,0,0,0,0,0,0,-,-,33.92799,-118.29833000000001,LOS ANGELES,UNINCORPORATED,-118.29835915,33.92811835
90264112,2016,2016-09-08,9580,2016-09-02,1430,020402,NA,5,2,7,1942,0,1,1,NA,2,404,I-405 N/B (SAN DIEGO FWY),BURBANK BLVD,200,N,N,A,-,Y,NA,NA,405,NA,NA,NA,NA,NA,N,Y,4,0,2,4,A,-,03,22350,NA,M,C,C,A,A,H,-,A,D,0,NA,NA,NA,NA,Y,NA,D,22,0,0,2,0,0,0,0,0,0,-,-,34.17357,-118.46765,LOS ANGELES,LOS ANGELES,-118.46758527,34.1735716