CASE_ID,ACCIDENT_YEAR,PROC_DATE,JURIS,COLLISION_DATE,COLLISION_TIME,OFFICER_ID,REPORTING_DISTRICT,DAY_OF_WEEK,CHP_SHIFT,POPULATION,CNTY_CITY_LOC,SPECIAL_COND,BEAT_TYPE,CHP_BEAT_TYPE,CITY_DIVISION_LAPD,CHP_BEAT_CLASS,BEAT_NUMBER,PRIMARY_RD,SECONDARY_RD,DISTANCE,DIRECTION,INTERSECTION,WEATHER_1,WEATHER_2,STATE_HWY_IND,CALTRANS_COUNTY,CALTRANS_DISTRICT,STATE_ROUTE,ROUTE_SUFFIX,POSTMILE_PREFIX,POSTMILE,LOCATION_TYPE,RAMP_INTERSECTION,SIDE_OF_HWY,TOW_AWAY,COLLISION_SEVERITY,NUMBER_KILLED,NUMBER_INJURED,PARTY_COUNT,PRIMARY_COLL_FACTOR,PCF_CODE_OF_VIOL,PCF_VIOL_CATEGORY,PCF_VIOLATION,PCF_VIOL_SUBSECTION,HIT_AND_RUN,TYPE_OF_COLLISION,MVIW,PED_ACTION,ROAD_SURFACE,ROAD_COND_1,ROAD_COND_2,LIGHTING,CONTROL_DEVICE,CHP_ROAD_TYPE,PEDESTRIAN_ACCIDENT,BICYCLE_ACCIDENT,MOTORCYCLE_ACCIDENT,TRUCK_ACCIDENT,NOT_PRIVATE_PROPERTY,ALCOHOL_INVOLVED,STWD_VEHTYPE_AT_FAULT,CHP_VEHTYPE_AT_FAULT,COUNT_SEVERE_INJ,COUNT_VISIBLE_INJ,COUNT_COMPLAINT_PAIN,COUNT_PED_KILLED,COUNT_PED_INJURED,COUNT_BICYCLIST_KILLED,COUNT_BICYCLIST_INJURED,COUNT_MC_KILLED,COUNT_MC_INJURED,PRIMARY_RAMP,SECONDARY_RAMP,LATITUDE,LONGITUDE,COUNTY,CITY,POINT_X,POINT_Y
90276344,2016,2016-09-26,9565,2016-09-14,0740,021267,NA,3,1,9,1900,0,2,4,NA,2,022,NORMANDIE AVE,96TH ST,0,NA,Y,A,-,N,NA,NA,NA,NA,NA,NA,NA,NA,NA,Y,4,0,3,3,A,-,09,21801,A,N,D,C,A,A,H,-,A,D,0,NA,NA,NA,NA,Y,NA,A,07,0,0,3,0,0,0,0,0,0,-,-,33.94868,-118.30027,LOS ANGELES,UNINCORPORATED,-118.30026011,33.94865001
9027635,2020,2020-06-04,1900,2020-02-01,0835,508705,0616,6,5,6,1985,0,0,0,NA,0,61T1,SOLEDAD CANYON RD,GOLDEN OAK RD,0,NA,Y,A,-,N,NA,NA,NA,NA,NA,NA,NA,NA,NA,Y,4,0,1,2,A,-,12,21453,A,N,D,C,A,A,H,-,A,A,0,NA,NA,NA,NA,Y,NA,D,22,0,0,1,0,0,0,0,0,0,-,-,34.41619873046875,-118.51309967041016,LOS ANGELES,SANTA CLARITA,-118.51319885253906,34.41630935668945
90276350,2016,2016-09-26,9565,2016-09-15,2114,020653,NA,4,2,9,1900,0,2,4,NA,2,022,NORMANDIE AVE SB,105TH ST,20,N,N,A,-,N,NA,NA,NA,NA,NA,NA,NA,NA,NA,N,4,0,1,2,A,-,03,22350,NA,F,C,C,A,A,H,-,C,D,0,NA,NA,NA,NA,Y,NA,A,01,0,0,1,0,0,0,0,0,0,-,-,33.94135,-118.30033,LOS ANGELES,UNINCORPORATED,-118.30028132,33.94125484
90276353,2016,2016-09-26,9580,2016-09-15,1815,016550,NA,4,2,7,1942,0,1,3,NA,2,115,SR-118 W/B (RONALD REAGAN FWY.),I-405,600,E,N,A,-,Y,NA,NA,118,NA,NA,NA,NA,NA,W,Y,3,0,1,4,A,-,03,22350,NA,F,C,C,A,A,H,-,B,D,0,NA,NA,NA,NA,Y,NA,A,01,0,1,0,0,0,0,0,0,0,-,-,34.26602,-118.46983,LOS ANGELES,LOS ANGELES,-118.46982962,34.26607659
90276359,2016,2016-09-26,9590,2016-09-20,0930,013435,NA,2,1,7,1942,0,1,1,NA,2,500,I-110 N/B (HAF) (HOT) TO ADAMS BLVD.,ADAMS BLVD.,1500,S,N,B,-,Y,NA,NA,110,NA,NA,NA,R,NA,N,Y,4,0,1,2,A,-,03,22350,NA,N,C,C,A,A,H,-,A,D,0,NA,NA,NA,NA,Y,NA,A,01,0,0,1,0,0,0,0,0,0,-,-,34.02359,-118.27672,LOS ANGELES,LOS ANGELES,-118.27672,34.02359
90276365,2016,2016-09-26,9525,2016-09-06,0740,018761,NA,2,1,9,1900,0,2,4,NA,2,022,HEATHDALE AVE.(4500 BLOCK),CYPRESS ST.,7,S,N,A,-,N,NA,NA,NA,NA,NA,NA,NA,NA,NA,N,4,0,1,2,A,-,05,21650,NA,N,D,G,A,A,H,-,A,D,0,NA,Y,NA,NA,Y,NA,L,04,0,0,1,0,0,0,1,0,0,-,-,34.09564,-117.90125,LOS ANGELES,UNINCORPORATED,-117.90103,34.09574081
90276374,2016,2016-09-27,9575,2016-08-26,1200,017491,NA,5,1,9,1900,0,2,4,NA,2,330,MT. WILSON RED BOX ROAD,SR-2 (ANGELES CREST HIGHWAY),16843,S,N,A,-,N,NA,NA,NA,NA,NA,NA,NA,NA,NA,Y,4,0,1,1,A,-,03,22350,NA,N,E,I,A,A,H,-,A,D,0,NA,NA,Y,NA,Y,NA,C,02,0,0,1,0,0,0,0,0,1,-,-,34.24304,-118.09164,LOS ANGELES,UNINCORPORATED,-118.08115281,34.23618508
90276376,2016,2016-09-27,9550,2016-09-18,1845,021244,NA,7,2,9,1900,0,3,5,NA,2,001,SLAUSON AVENUE,NORWALK BOULEVARD,500,E,N,A,-,N,NA,NA,NA,NA,NA,NA,NA,NA,NA,Y,4,0,1,3,A,-,01,23152,A,N,C,E,A,A,H,-,C,D,0,NA,NA,NA,NA,Y,Y,A,01,0,0,1,0,0,0,0,0,0,-,-,33.96478,-118.06877,LOS ANGELES,UNINCORPORATED,-118.06894892,33.96464018
90276408,2016,2016-09-27,9525,2016-09-09,1402,021417,NA,5,2,5,1926,0,1,3,NA,2,572,SR-57 N/B TO I-210 W/B,AUTO CENTER DR.,720,N,N,A,-,Y,NA,NA,57,NA,NA,NA,R,NA,N,Y,4,0,1,3,A,-,07,21658,A,F,B,C,A,A,H,-,A,D,0,NA,NA,NA,NA,Y,NA,A,07,0,0,1,0,0,0,0,0,0,-,-,34.11985,-117.82521,LOS ANGELES,GLENDORA,-117.82521,34.11985
90276410,2016,2016-09-27,9525,2016-09-23,2015,019698,NA,5,2,9,1900,0,3,5,NA,2,003,HACIENDA BLVD ( 1300 N),MAPLEGROVE ST.,0,NA,Y,A,-,N,NA,NA,NA,NA,NA,NA,NA,NA,NA,Y,2,0,1,2,A,-,01,23152,A,N,A,C,A,A,H,-,C,A,0,NA,NA,NA,NA,Y,Y,A,01,1,0,0,0,0,0,0,0,0,-,-,34.04571,-117.94886,LOS ANGELES,UNINCORPORATED,-117.94893004,34.04581011
90276414,2016,2016-09-27,9525,2016-09-09,2040,020719,NA,5,2,6,1955,0,1,1,NA,2,109,I-10 W/B (SAN BERNARDINO FREEWAY),DUDLEY ST.,600,E,N,B,-,Y,NA,NA,10,NA,NA,NA,NA,NA,W,Y,4,0,1,2,A,-,03,22350,NA,N,B,C,A,A,H,-,D,D,0,NA,NA,NA,NA,Y,NA,A,01,0,0,1,0,0,0,0,0,0,-,-,34.07254,-117.77248,LOS ANGELES,POMONA,-117.7725092,34.07236245
90276415,2016,2016-09-27,9590,2016-09-15,1150,021346,NA,4,1,7,1942,0,1,1,NA,2,052,I-110 NB (HAF),TEMPLE STREET,500,S,N,A,-,Y,NA,NA,110,NA,NA,NA,NA,NA,N,N,4,0,2,4,A,-,03,22350,NA,N,C,C,A,A,H,-,A,D,0,NA,NA,NA,NA,Y,NA,D,22,0,0,2,0,0,0,0,0,0,-,-,34.06017,-118.25143,LOS ANGELES,LOS ANGELES,-118.2514812,34.06023292
90276421,2016,2016-09-27,9565,2016-09-11,1230,021371,NA,7,1,9,1900,0,1,1,NA,2,012,I-105 W/B (CENTURY FREEWAY),WESTERN AVE O/C,440,W,N,A,-,Y,NA,NA,NA,NA,NA,NA,NA,NA,NA,Y,4,0,1,2,A,-,08,22107,NA,N,B,C,A,A,H,-,A,D,0,NA,NA,NA,NA,Y,NA,A,01,0,0,1,0,0,0,0,0,0,-,-,34.92577,-118.30938,LOS ANGELES,UNINCORPORATED,-118.3104808,33.92562417
90276426,2016,2016-09-27,9565,2016-09-13,1345,017713,NA,2,1,9,1900,0,2,4,NA,1,032,SLAUSON AVE.,LA TIJERA BLVD.,0,NA,Y,A,-,N,NA,NA,NA,NA,NA,NA,NA,NA,NA,Y,3,0,2,2,A,-,12,21453,A,N,D,C,A,A,H,-,A,A,0,NA,NA,NA,NA,Y,NA,A,07,0,1,1,0,0,0,0,0,0,-,-,33.98757,-118.36472,LOS ANGELES,UNINCORPORATED,-118.36473002,33.98741007
90276439,2016,2016-09-27,9525,2016-09-21,0550,021375,NA,3,3,5,1990,0,1,3,NA,2,602,SR-60 E/B (POMONA FREEWAY),GRAND AVE,200,W,N,A,-,Y,NA,NA,60,NA,NA,NA,NA,NA,E,Y,3,0,1,1,A,-,08,22107,NA,N,E,I,A,A,H,-,C,D,0,NA,NA,NA,NA,Y,NA,A,01,0,1,0,0,0,0,0,0,0,-,-,34.00554,-117.82808,LOS ANGELES,DIAMOND BAR,-117.828121,34.00559444
90276450,2016,2016-09-27,9530,2016-09-21,1918,020699,NA,3,2,9,1900,0,3,5,NA,2,002,120TH ST. (12000 BLOCK),COMPTON AVE.,3,E,N,A,-,N,NA,NA,NA,NA,NA,NA,NA,NA,NA,N,4,0,1,2,A,-,12,21453,A,F,G,B,B,A,H,-,B,A,0,Y,NA,NA,NA,Y,NA,-,99,0,0,1,0,1,0,0,0,0,-,-,33.92379,-118.24627,LOS ANGELES,UNINCORPORATED,-118.24630019,33.92374089
90276458,2016,2016-09-27,9590,2016-08-20,1615,021236,NA,6,2,7,1942,0,1,2,NA,2,072,US 101 N/B (HOLLYWOOD FREEWAY),BARHAM BLVD O/C,100,N,N,A,-,Y,NA,NA,NA,NA,NA,NA,NA,NA,NA,N,4,0,1,2,A,-,03,22350,NA,F,C,C,A,A,H,-,A,D,0,NA,NA,NA,NA,Y,NA,A,01,0,0,1,0,0,0,0,0,0,-,-,34.12912,-118.34719,LOS ANGELES,LOS ANGELES,-118.34713516,34.12905787
90276460,2016,2016-09-27,9590,2016-08-12,0047,021317,NA,5,3,7,1942,0,1,1,NA,2,012,SR-110 (ARROYO SECO PARKWAY),AVENUE 52,300,S,N,A,-,Y,NA,NA,110,NA,NA,NA,NA,NA,NA,N,4,0,1,3,A,-,01,23152,NA,N,B,C,A,A,H,-,C,D,0,NA,NA,NA,NA,Y,Y,A,01,0,0,1,0,0,0,0,0,0,-,-,34.10266,-118.1976,LOS ANGELES,LOS ANGELES,-118.19761057,34.10269625
90276470,2016,2016-09-27,9590,2016-09-12,2245,021245,NA,1,3,7,1942,0,1,1,NA,2,051,I-110 S/B (HAF) FROM VERNON AVE.,VERNON AVE.,140,S,N,A,-,Y,NA,NA,110,NA,NA,NA,R,NA,S,N,3,0,1,2,A,-,01,23152,A,N,B,C,A,A,H,-,C,D,0,NA,NA,NA,NA,Y,Y,A,01,0,1,0,0,0,0,0,0,0,-,-,34.00329,-118.28156,LOS ANGELES,LOS ANGELES,-118.28156,34.00329
90276476,2016,2016-09-27,9590,2016-09-08,1932,020046,NA,4,2,7,1942,0,1,1,NA,2,062,I-10 E/B (SANTA MONICA FREEWAY),VERMONT AVE.,500,E,N,A,-,Y,NA,NA,10,NA,NA,NA,NA,NA,E,Y,4,0,2,2,A,-,03,22350,NA,N,C,C,A,A,H,-,C,D,0,NA,NA,NA,NA,Y,NA,A,01,0,0,2,0,0,0,0,0,0,-,-,34.03686,-118.28876,LOS ANGELES,LOS ANGELES,-118.28876064,34.03680618
90276477,2016,2016-09-27,9550,2016-09-19,1418,021410,NA,1,2,6,1920,0,1,1,NA,2,151,INTERSTATE 105 E/B (CENTURY FREEWAY),LAKEWOOD BOULEVARD,200,W,N,A,-,Y,NA,NA,105,NA,NA,NA,NA,NA,E,Y,4,0,1,2,A,-,07,21658,A,N,C,C,A,A,H,-,A,D,0,NA,NA,NA,NA,Y,NA,D,22,0,0,1,0,0,0,0,0,0,-,-,33.9128,-118.14698,LOS ANGELES,DOWNEY,-118.14698158,33.9128345
90276489,2016,2016-09-27,9590,2016-07-17,1505,021190,NA,7,2,7,1942,0,1,1,NA,2,081,I-5 S/B (GSF),4TH STREET,95,S,N,A,-,Y,NA,NA,5,NA,NA,NA,NA,NA,S,Y,3,0,7,5,A,-,03,22350,NA,F,C,C,A,A,H,-,A,D,0,NA,NA,NA,Y,Y,NA,G,25,0,5,2,0,0,0,0,0,0,-,-,34.04323,-118.21782,LOS ANGELES,LOS ANGELES,-118.21732987,34.04290044
90276496,2016,2016-09-27,9545,2016-09-05,2215,020524,NA,1,3,9,1900,0,1,3,NA,1,042,SR-138 W/B,LONGVIEW RD,439,E,N,A,-,Y,NA,NA,138,NA,NA,NA,NA,NA,W,Y,4,0,1,1,A,-,01,23152,A,N,E,I,A,A,H,-,D,D,0,NA,NA,NA,NA,Y,Y,A,01,0,0,1,0,0,0,0,0,0,-,-,34.50672,-117.89515,LOS ANGELES,UNINCORPORATED,-117.89515149,34.50645415
90276497,2016,2016-09-27,9575,2016-09-03,2340,020911,NA,6,3,9,1900,0,2,4,NA,2,024,FAIR OAKS AVENUE,WOODBURY ROAD,0,NA,Y,A,-,N,NA,NA,NA,NA,NA,NA,NA,NA,NA,Y,3,0,3,2,A,-,12,21453,A,F,A,C,A,A,H,-,C,A,0,NA,NA,NA,NA,Y,NA,A,01,0,3,0,0,0,0,0,0,0,-,-,34.18316,-118.15094,LOS ANGELES,UNINCORPORATED,-118.15083003,34.18324009
90276548,2016,2016-09-27,9545,2016-09-18,2120,019414,NA,7,2,9,1900,0,3,5,NA,2,004,PALMDALE BLVD,75TH ST EAST,106,W,N,A,-,N,NA,NA,NA,NA,NA,NA,NA,NA,NA,Y,3,0,3,2,A,-,08,22107,NA,N,A,C,A,A,H,-,D,D,0,NA,NA,NA,NA,Y,NA,A,01,0,1,2,0,0,0,0,0,0,-,-,34.5796,-117.99667,LOS ANGELES,UNINCORPORATED,-117.99633132,34.57964576
90276578,2016,2016-09-27,9575,2016-09-08,1030,020536,NA,4,1,9,1900,0,2,4,NA,2,310,BIG TUJUNGA CYN RD.,MT. GLEASON AVENUE,31680,E,N,A,-,N,NA,NA,NA,NA,NA,NA,NA,NA,NA,Y,3,0,1,1,A,-,08,22107,NA,N,F,A,A,A,H,-,A,D,0,NA,NA,Y,NA,Y,NA,C,02,0,1,0,0,0,0,0,0,1,-,-,34.28394,-118.20822,LOS ANGELES,UNINCORPORATED,-118.22125025,34.28529705
90276584,2016,2016-09-27,9590,2016-09-26,1115,013179,NA,1,1,7,1942,0,1,1,NA,2,061,I-10 W/B (SANTA MONICA FREEWAY),ARLINGTON AVENUE O/C,300,W,N,A,-,Y,NA,NA,10,NA,NA,NA,NA,NA,W,Y,4,0,2,2,A,-,03,22350,NA,N,C,C,A,A,H,-,A,D,0,NA,NA,NA,NA,Y,NA,A,01,0,0,2,0,0,0,0,0,0,-,-,34.03647,-118.31966,LOS ANGELES,LOS ANGELES,-118.3196674,34.03652166
90276589,2016,2016-09-27,9530,2016-09-26,1600,020175,NA,1,2,9,1900,0,3,5,NA,2,002,ROSECRANS AVE. (3100 BLOCK),STANFORD AVE.,0,NA,Y,A,-,N,NA,NA,NA,NA,NA,NA,NA,NA,NA,Y,4,0,1,2,A,-,09,21801,A,N,D,C,A,A,H,-,A,D,0,NA,NA,NA,NA,Y,NA,D,22,0,0,1,0,0,0,0,0,0,-,-,33.5409,-118.1543,LOS ANGELES,UNINCORPORATED,-118.26209009,33.90242004
90276605,2016,2016-09-27,9565,2016-09-15,0500,021303,NA,4,3,9,1900,0,3,5,NA,2,002,EL SEGUNDO BLVD W/B,WESTERN AVE,300,W,N,A,-,N,NA,NA,NA,NA,NA,NA,NA,NA,NA,Y,3,0,2,2,A,-,09,21802,A,N,C,C,A,A,H,-,C,D,0,NA,NA,Y,NA,Y,NA,A,01,0,2,0,0,0,0,0,0,1,-,-,33.91651,-118.31029,LOS ANGELES,UNINCORPORATED,-118.31006691,33.91644
90276607,2016,2016-09-27,9540,2016-09-17,1725,020837,NA,6,2,9,1900,0,1,3,NA,2,146,SR-14 N/B (AVF),ESCONDIDO CANYON RD,5280,S,N,A,-,Y,NA,NA,14,NA,NA,NA,NA,NA,N,N,4,0,5,2,A,-,03,22350,NA,N,C,C,A,A,H,-,A,D,0,NA,NA,NA,NA,Y,NA,A,01,0,0,5,0,0,0,0,0,0,-,-,34.47889,-118.29888,LOS ANGELES,UNINCORPORATED,-118.29889945,34.478933
90276619,2016,2016-09-27,9590,2016-09-15,1825,021031,NA,4,2,7,1942,0,1,2,NA,2,073,US-101 S/B (HOF) TO CAHUENGA BOULEVARD,CAHUENGA BLVD.,500,N,N,A,-,Y,NA,NA,101,NA,NA,NA,R,NA,S,Y,2,0,1,3,A,-,03,22350,NA,N,C,C,A,A,H,-,A,D,0,NA,NA,Y,NA,Y,NA,C,02,1,0,0,0,0,0,0,0,1,-,-,34.10847,-118.33225,LOS ANGELES,LOS ANGELES,-118.33225,34.10847
90276623,2016,2016-09-27,9540,2016-09-17,1421,021308,NA,6,2,7,1942,0,1,1,NA,1,502,I-5 N/B (GOLDEN STATE FREEWAY),SR-14,100,S,N,A,-,Y,NA,NA,NA,NA,NA,NA,NA,NA,NA,Y,4,0,2,4,A,-,07,21658,A,N,D,C,A,A,H,-,A,D,0,NA,NA,NA,NA,Y,NA,A,01,0,0,2,0,0,0,0,0,0,-,-,34.33482,-118.50775,LOS ANGELES,LOS ANGELES,-118.47588006,34.39054011
90276647,2016,2016-09-27,9540,2016-09-19,1335,021308,NA,1,1,9,1900,0,1,1,NA,1,503,I-5 S/B (GOLDEN STATE FREEWAY),CALGROVE BLVD,1056,S,N,A,-,Y,NA,NA,5,NA,NA,NA,NA,NA,S,Y,4,0,1,3,A,-,08,22107,NA,N,C,C,A,A,H,-,A,D,0,NA,NA,NA,Y,Y,NA,F,25,0,0,1,0,0,0,0,0,0,-,-,34.35253,-118.54768,LOS ANGELES,UNINCORPORATED,-118.54771442,34.3524849
90276659,2016,2016-09-27,9575,2016-09-10,0150,021047,NA,6,3,6,1912,0,1,1,NA,2,050,I-5 S/B TO COLORADO BLVD. EXT.,I-5 S/B (GOLDEN STATE FREEWAY),10,W,N,A,-,Y,NA,NA,NA,NA,NA,NA,NA,NA,NA,Y,4,0,1,2,A,-,05,21651,B,F,A,C,A,A,H,-,C,D,0,NA,NA,NA,NA,Y,NA,D,22,0,0,1,0,0,0,0,0,0,-,-,34.14083,-118.27817,LOS ANGELES,BURBANK,NA,NA
9027667,2020,2020-06-04,1900,2020-02-01,0910,642987,0631,6,5,6,1985,0,0,0,NA,0,64T1,SOLEDAD CANYON RD,MISS GRACE DR,0,NA,Y,A,-,N,NA,NA,NA,NA,NA,NA,NA,NA,NA,Y,4,0,1,2,A,-,09,21802,A,N,D,C,A,A,H,-,A,A,0,NA,NA,NA,NA,Y,NA,A,01,0,0,1,0,0,0,0,0,0,-,-,34.423980712890625,-118.43235778808594,LOS ANGELES,SANTA CLARITA,-118.43251037597656,34.4239501953125
90276697,2016,2016-09-27,9590,2016-08-29,0200,021133,NA,1,3,7,1942,0,1,1,NA,2,052,I-110 N/B (HARBOR FREEWAY),22ND STREET PEDESTRIAN O/C,5,N,N,A,-,Y,NA,NA,NA,NA,NA,NA,NA,NA,NA,Y,4,0,1,1,A,-,08,22107,NA,N,E,I,A,A,H,-,C,D,0,NA,NA,NA,NA,Y,NA,A,08,0,0,1,0,0,0,0,0,0,-,-,34.15669,-118.16284,LOS ANGELES,LOS ANGELES,NA,NA
90276706,2016,2016-09-27,9550,2016-09-22,1440,021141,NA,4,2,6,1949,0,1,1,NA,2,651,INTERSTATE 605 N/B,ALONDRA BOULEVARD,1200,N,N,A,-,Y,NA,NA,605,NA,NA,NA,NA,NA,N,Y,4,0,1,4,A,-,03,22350,NA,N,C,C,A,A,H,-,A,D,0,NA,NA,NA,NA,Y,NA,A,01,0,0,1,0,0,0,0,0,0,-,-,33.89098,-118.10454,LOS ANGELES,NORWALK,-118.10445639,33.89098264
9027671,2020,2020-06-04,1900,2020-02-01,1745,639674,0621,6,5,6,1985,0,0,0,NA,0,62T1,RAILROAD AV,15TH ST,10,N,N,A,-,N,NA,NA,NA,NA,NA,NA,NA,NA,NA,Y,4,0,1,2,A,-,04,21703,NA,N,C,C,A,A,H,-,C,D,0,NA,NA,NA,NA,Y,NA,D,22,0,0,1,0,0,0,0,0,0,-,-,34.23231887817383,-118.32740020751952,LOS ANGELES,SANTA CLARITA,-118.5340576171875,34.388282775878906
90276711,2016,2016-09-27,9550,2016-09-22,1255,021261,NA,4,1,9,1900,0,1,3,NA,2,601,SR-60 E/B (POMONA FREEWAY),AZUSA AVE O/C,1600,W,N,A,-,Y,NA,NA,60,NA,NA,NA,NA,NA,E,N,4,0,1,3,A,-,03,22350,NA,F,C,C,A,A,H,-,A,D,0,NA,NA,NA,NA,Y,NA,A,01,0,0,1,0,0,0,0,0,0,-,-,33.99796,-117.93584,LOS ANGELES,UNINCORPORATED,-117.93582186,33.99801889
90276713,2016,2016-09-27,9525,2016-08-23,2220,020042,NA,2,3,9,1900,0,3,5,NA,2,003,NOGALES ST. (400 BLOCK),LA PUENTE RD.,300,S,N,A,-,N,NA,NA,NA,NA,NA,NA,NA,NA,NA,Y,4,0,1,2,A,-,09,21804,A,N,D,C,A,A,H,-,C,D,0,NA,NA,NA,NA,Y,NA,A,01,0,0,1,0,0,0,0,0,0,-,-,NA,NA,LOS ANGELES,UNINCORPORATED,-117.88700101,34.0093519
90276723,2016,2016-09-27,9550,2016-09-21,2120,021100,NA,3,2,6,1949,0,1,1,NA,2,501,INTERSTATE 5 N/B (SANTA ANA FREEWAY),NORWALK BOULEVARD,2300,S,N,A,-,Y,NA,NA,NA,NA,NA,NA,NA,NA,NA,N,4,0,2,2,A,-,07,21658,A,N,B,C,A,A,H,-,C,D,0,NA,NA,NA,NA,Y,NA,-,-,0,0,2,0,0,0,0,0,0,-,-,33.92135,-118.07317,LOS ANGELES,NORWALK,-118.06797241,33.90802241
90276745,2016,2016-09-27,9590,2016-09-02,1000,021346,NA,5,1,7,1942,0,1,1,NA,2,062,I-10 E/B (SMF),GRAND AVENUE,100,E,N,A,-,Y,NA,NA,10,NA,NA,NA,NA,NA,E,N,4,0,2,2,D,-,00,NA,NA,N,C,C,A,A,H,-,A,A,0,NA,NA,NA,NA,Y,NA,-,-,0,0,2,0,0,0,0,0,0,-,-,34.03196,-118.26189,LOS ANGELES,LOS ANGELES,-118.26197053,34.03174629
90276746,2016,2016-09-27,9580,2016-09-16,0600,021092,NA,5,1,7,1942,0,1,1,NA,2,407,I-405 S/B (SAN DIEGO FWY),DEVONSHIRE ST,400,S,N,A,-,Y,NA,NA,405,NA,NA,NA,NA,NA,S,N,4,0,1,3,A,-,03,22350,NA,N,C,C,A,A,H,-,A,D,0,NA,NA,NA,NA,Y,NA,D,22,0,0,1,0,0,0,0,0,0,-,-,34.25385,-118.47261,LOS ANGELES,LOS ANGELES,-118.47239622,34.25384835
90276754,2016,2016-09-27,9545,2016-09-23,1025,018353,NA,5,1,6,1992,0,1,3,NA,2,011,SR-14 N/B,AVE J,1056,S,N,A,-,Y,NA,NA,14,NA,NA,NA,NA,NA,N,Y,4,0,1,1,A,-,08,22107,NA,N,E,I,A,A,H,-,A,D,0,NA,NA,NA,NA,Y,NA,A,01,0,0,1,0,0,0,0,0,0,-,-,34.68651,-118.16824,LOS ANGELES,LANCASTER,-118.16813811,34.68658083
90276762,2016,2016-09-27,9550,2016-09-22,1140,020070,NA,4,1,9,1900,0,2,4,NA,1,021,PAINTER AVENUE,CARMENITA ROAD,12,W,N,A,-,N,NA,NA,NA,NA,NA,NA,NA,NA,NA,N,4,0,1,2,A,-,11,21456,B,F,G,B,B,A,H,-,A,A,0,Y,NA,NA,NA,Y,NA,-,99,0,0,1,0,1,0,0,0,0,-,-,33.94881,-118.04664,LOS ANGELES,UNINCORPORATED,-118.04654913,33.94884435
90276763,2016,2016-09-27,9580,2016-09-16,1603,021241,NA,5,2,7,1942,0,1,1,NA,2,404,I-405 N/B (SAN DIEGO FWY),MULHOLLAND DR,528,N,N,A,-,Y,NA,NA,405,NA,NA,NA,NA,NA,N,N,4,0,1,2,A,-,03,22350,NA,N,C,C,A,A,H,-,A,D,0,NA,NA,NA,NA,Y,NA,A,01,0,0,1,0,0,0,0,0,0,-,-,34.14857,-118.46918,LOS ANGELES,LOS ANGELES,-118.46917342,34.1485665
90276783,2016,2016-09-27,9545,2016-09-23,0735,019006,NA,5,1,9,1900,0,1,3,NA,2,021,SR-14 N/B,PALMDALE BLVD,2112,S,N,A,-,Y,NA,NA,NA,NA,NA,NA,NA,NA,NA,Y,3,0,1,1,A,-,08,22107,NA,N,F,A,A,A,H,-,A,D,0,NA,NA,Y,NA,Y,NA,C,02,0,1,0,0,0,0,0,0,1,-,-,34.57595,-118.13358,LOS ANGELES,UNINCORPORATED,-118.13350631,34.57554006
90276798,2016,2016-09-27,9580,2016-09-16,0723,018448,NA,5,1,7,1942,0,1,3,NA,2,170,SR-170 N/B (HOLLYWOOD FWY.),MAGNOLIA BLVD.,300,S,N,A,-,Y,NA,NA,NA,NA,NA,NA,NA,NA,NA,Y,4,0,2,2,C,-,18,NA,NA,N,C,C,A,A,H,-,A,D,0,NA,NA,NA,NA,Y,NA,-,-,0,0,2,0,0,0,0,0,0,-,-,34.15397,-118.38052,LOS ANGELES,LOS ANGELES,-118.38226214,34.16414659
9027681,2020,2020-05-29,1967,2020-02-15,1555,143,NA,6,5,2,1967,0,0,0,NA,0,SOUTH,WALNUT AV,HILL,124,S,N,A,-,N,NA,NA,NA,NA,NA,NA,NA,NA,NA,Y,4,0,1,2,A,-,08,22107,NA,N,B,E,A,A,H,-,A,D,0,NA,NA,NA,NA,Y,NA,A,07,0,0,1,0,0,0,0,0,0,-,-,NA,NA,LOS ANGELES,SIGNAL HILL,-118.17202758789064,33.796791076660156
9027682,2020,2020-05-29,1925,2020-02-11,1820,22553,149,2,5,6,1925,0,0,0,NA,0,004,CAMINO SAN RAFAEL,EMERALD ISLE DR,1800,NA,N,A,-,N,NA,NA,NA,NA,NA,NA,NA,NA,NA,Y,4,0,2,2,A,-,05,21651,B,N,A,C,A,A,H,-,C,D,0,NA,NA,NA,NA,Y,NA,-,NA,0,0,2,0,0,0,0,0,0,-,-,NA,NA,LOS ANGELES,GLENDALE,-118.21041107177734,34.181331634521484
90276827,2016,2016-09-27,9525,2016-09-10,1130,021355,NA,6,1,5,1926,0,1,1,NA,2,205,I-210 W/B (FOOTHILL FREEWAY),CITRUS AVE,2640,E,N,A,-,Y,NA,NA,NA,NA,NA,NA,NA,NA,NA,N,4,0,2,2,A,-,03,22350,NA,M,C,C,A,A,H,-,A,D,0,NA,NA,NA,NA,Y,NA,A,01,0,0,2,0,0,0,0,0,0,-,-,34.12092,-117.88522,LOS ANGELES,GLENDORA,-117.88145889,34.12106
90276834,2016,2016-09-27,9550,2016-09-18,2110,021129,NA,7,2,9,1900,0,3,5,NA,2,002,CALMADA AVENUE,LANNING DRIVE,0,NA,Y,A,-,N,NA,NA,NA,NA,NA,NA,NA,NA,NA,N,3,0,1,2,A,-,17,21200,NA,F,D,G,A,A,H,-,C,A,0,NA,Y,NA,NA,Y,Y,L,04,0,1,0,0,0,0,1,0,0,-,-,33.95088,-118.03107,LOS ANGELES,UNINCORPORATED,-118.03099001,33.95082003