CASE_ID,ACCIDENT_YEAR,PROC_DATE,JURIS,COLLISION_DATE,COLLISION_TIME,OFFICER_ID,REPORTING_DISTRICT,DAY_OF_WEEK,CHP_SHIFT,POPULATION,CNTY_CITY_LOC,SPECIAL_COND,BEAT_TYPE,CHP_BEAT_TYPE,CITY_DIVISION_LAPD,CHP_BEAT_CLASS,BEAT_NUMBER,PRIMARY_RD,SECONDARY_RD,DISTANCE,DIRECTION,INTERSECTION,WEATHER_1,WEATHER_2,STATE_HWY_IND,CALTRANS_COUNTY,CALTRANS_DISTRICT,STATE_ROUTE,ROUTE_SUFFIX,POSTMILE_PREFIX,POSTMILE,LOCATION_TYPE,RAMP_INTERSECTION,SIDE_OF_HWY,TOW_AWAY,COLLISION_SEVERITY,NUMBER_KILLED,NUMBER_INJURED,PARTY_COUNT,PRIMARY_COLL_FACTOR,PCF_CODE_OF_VIOL,PCF_VIOL_CATEGORY,PCF_VIOLATION,PCF_VIOL_SUBSECTION,HIT_AND_RUN,TYPE_OF_COLLISION,MVIW,PED_ACTION,ROAD_SURFACE,ROAD_COND_1,ROAD_COND_2,LIGHTING,CONTROL_DEVICE,CHP_ROAD_TYPE,PEDESTRIAN_ACCIDENT,BICYCLE_ACCIDENT,MOTORCYCLE_ACCIDENT,TRUCK_ACCIDENT,NOT_PRIVATE_PROPERTY,ALCOHOL_INVOLVED,STWD_VEHTYPE_AT_FAULT,CHP_VEHTYPE_AT_FAULT,COUNT_SEVERE_INJ,COUNT_VISIBLE_INJ,COUNT_COMPLAINT_PAIN,COUNT_PED_KILLED,COUNT_PED_INJURED,COUNT_BICYCLIST_KILLED,COUNT_BICYCLIST_INJURED,COUNT_MC_KILLED,COUNT_MC_INJURED,PRIMARY_RAMP,SECONDARY_RAMP,LATITUDE,LONGITUDE,COUNTY,CITY,POINT_X,POINT_Y
9027685,2020,2020-05-29,1942,2020-02-08,2100,37618,1235,6,5,7,1942,0,0,0,L,0,12A45,S NORMANDIE AV,W 58TH PL,0,NA,Y,A,-,N,NA,NA,NA,NA,NA,NA,NA,NA,NA,Y,3,0,3,2,A,-,09,21802,A,N,D,C,A,A,H,-,C,A,0,NA,NA,NA,NA,Y,NA,A,01,0,1,2,0,0,0,0,0,0,-,-,NA,NA,LOS ANGELES,LOS ANGELES,-118.30020904541016,33.98833084106445
90276856,2016,2016-09-27,9590,2016-08-17,1850,018538,NA,3,2,7,1942,0,1,2,NA,2,071,US-101 S/B (HOF),BENTON WAY,1100,N,N,A,-,Y,NA,NA,101,NA,NA,NA,NA,NA,S,Y,2,0,1,3,D,-,00,NA,NA,N,B,C,A,A,H,-,B,D,0,NA,NA,Y,NA,Y,NA,-,-,1,0,0,0,0,0,0,0,1,-,-,34.07584,-118.27655,LOS ANGELES,LOS ANGELES,-118.27657653,34.07574767
90276865,2016,2016-09-27,9580,2016-09-16,0113,020832,NA,5,3,7,1942,0,1,3,NA,1,271,SR-27 N/B (TOPANGA CYN. BLVD.),OAKWOOD DR,200,S,N,A,-,Y,NA,NA,NA,NA,NA,NA,NA,NA,NA,Y,4,0,2,1,A,-,08,22107,NA,N,E,I,A,A,H,-,D,D,0,NA,NA,NA,NA,Y,Y,A,01,0,0,2,0,0,0,0,0,0,-,-,34.10813,-118.59174,LOS ANGELES,LOS ANGELES,NA,NA
90276878,2016,2016-09-27,9530,2016-09-18,0950,021290,NA,7,1,9,1900,0,3,5,NA,2,006,LOMITA BLVD. (1000 BLOCK),NORMANDIE AVE.,720,E,N,A,-,N,NA,NA,NA,NA,NA,NA,NA,NA,NA,Y,3,0,2,2,A,-,09,21804,A,N,D,C,A,A,H,-,A,D,0,NA,NA,NA,NA,Y,NA,A,07,0,1,1,0,0,0,0,0,0,-,-,33.7978,-118.2949,LOS ANGELES,UNINCORPORATED,-118.29510487,33.79784
9027690,2020,2020-05-29,1925,2020-02-14,1810,27423,4,5,5,6,1925,0,0,0,NA,0,164,LOUISE ST,E FAIRVIEW AV,11,N,N,A,-,N,NA,NA,NA,NA,NA,NA,NA,NA,NA,Y,2,0,1,2,A,-,10,21950,A,F,G,B,B,A,H,-,C,D,0,Y,NA,NA,NA,Y,Y,A,01,1,0,0,0,1,0,0,0,0,-,-,NA,NA,LOS ANGELES,GLENDALE,-118.25269317626952,34.1602897644043
90276926,2016,2016-09-27,9550,2016-09-23,1205,018408,NA,5,1,5,1954,0,1,1,NA,2,650,I-605 N/B,BEVERLY BOULEVARD,1000,N,N,A,-,Y,NA,NA,605,NA,NA,NA,NA,NA,N,Y,4,0,3,3,A,-,03,22350,NA,N,C,C,A,A,H,-,A,D,0,NA,NA,NA,NA,Y,NA,A,01,0,0,3,0,0,0,0,0,0,-,-,34.00848,-118.05853,LOS ANGELES,PICO RIVERA,-118.05856068,34.00851533
9027693,2020,2020-05-29,1967,2020-02-14,1425,143,NA,5,5,2,1967,0,0,0,NA,0,SOUTH,WILLOW,CALIFORNIA AV,118,W,N,A,-,N,NA,NA,NA,NA,NA,NA,NA,NA,NA,N,3,0,2,2,A,-,03,22350,NA,N,C,C,A,A,H,-,A,D,0,NA,NA,NA,NA,Y,NA,A,01,0,1,1,0,0,0,0,0,0,-,-,NA,NA,LOS ANGELES,SIGNAL HILL,-118.18109893798828,33.80438995361328
90276938,2016,2016-09-27,9525,2016-09-18,1505,020346,NA,7,2,3,1921,0,1,1,NA,2,201,I-210 W/B (FOOTHILL FREEWAY),I-605,1000,W,N,A,-,Y,NA,NA,210,NA,NA,NA,NA,NA,W,Y,3,0,2,2,A,-,03,22350,NA,N,C,C,A,A,H,-,A,D,0,NA,NA,NA,NA,Y,NA,A,01,0,1,1,0,0,0,0,0,0,-,-,34.13577,-117.96627,LOS ANGELES,DUARTE,-117.96626974,34.13566399
9027694,2020,2020-05-29,1925,2020-02-12,1430,23811,274,3,5,6,1925,0,0,0,NA,0,002,GARDENA AV,LOS FELIZ,23,W,N,A,-,N,NA,NA,NA,NA,NA,NA,NA,NA,NA,N,3,0,1,1,A,-,08,22107,NA,N,H,I,A,A,H,-,A,A,0,NA,NA,Y,NA,Y,NA,C,02,0,1,0,0,0,0,0,0,1,-,-,NA,NA,LOS ANGELES,GLENDALE,-118.26055145263672,34.127723693847656
90276945,2016,2016-09-27,9550,2016-09-15,1525,021403,NA,4,2,5,1952,0,1,1,NA,2,151,INTERSTATE 105 E/B (CENTURY FREEWAY),FACADE AVE,22,E,N,A,-,Y,NA,NA,105,NA,NA,NA,NA,NA,E,Y,2,0,2,3,A,-,08,22107,NA,N,B,C,A,A,H,-,A,D,0,NA,NA,Y,NA,Y,NA,C,02,1,1,0,0,0,0,0,0,2,-,-,33.91125,-118.1652,LOS ANGELES,PARAMOUNT,-118.16520428,33.91129283
90276972,2016,2016-09-27,9540,2016-09-26,0635,015093,NA,1,1,6,1985,0,1,3,NA,1,145,SR-14 SOUTHBOUND (AVF),VIA PRINCESSA WAY,2112,S,N,A,-,Y,NA,NA,14,NA,NA,NA,NA,NA,S,Y,3,0,1,2,A,-,08,22107,NA,N,B,C,A,A,H,-,B,D,0,NA,NA,Y,NA,Y,NA,A,01,0,1,0,0,0,0,0,0,1,-,-,34.39677,-118.46342,LOS ANGELES,SANTA CLARITA,-118.4638904,34.39749731
90276973,2016,2016-09-27,9550,2016-09-23,0740,018408,NA,5,1,3,1964,0,1,1,NA,2,650,I-605 S/B FROM TELEGRAPH RD.,TELEGRAPH ROAD,120,N,N,A,-,Y,NA,NA,605,NA,NA,NA,R,NA,S,N,4,0,1,2,A,-,06,21755,NA,N,B,C,A,A,H,-,A,D,0,NA,NA,NA,Y,Y,NA,A,01,0,0,1,0,0,0,0,0,0,-,-,33.94926,-118.0926,LOS ANGELES,SANTA FE SPRINGS,-118.0926,33.94926
9027698,2020,2020-06-10,1955,2020-02-05,1221,42606,017,3,5,6,1955,0,0,0,NA,0,004,TOWNE AV,OLIVE ST,0,NA,Y,A,-,N,NA,NA,NA,NA,NA,NA,NA,NA,NA,Y,4,0,1,2,A,-,12,21453,A,N,D,C,A,A,H,-,A,A,0,NA,NA,NA,NA,Y,NA,-,-,0,0,1,0,0,0,0,0,0,-,-,NA,NA,LOS ANGELES,POMONA,-117.74041748046876,34.02986145019531
90276983,2016,2016-09-27,9550,2016-09-23,1350,018408,NA,5,1,3,1964,0,1,1,NA,2,650,I-605 S/B,TELEGRAPH ROAD,1500,N,N,A,-,Y,NA,NA,605,NA,NA,NA,NA,NA,S,N,4,0,1,2,A,-,03,22350,NA,F,C,C,A,A,H,-,A,D,0,NA,NA,NA,NA,Y,NA,-,99,0,0,1,0,0,0,0,0,0,-,-,33.95514,-118.08887,LOS ANGELES,SANTA FE SPRINGS,-118.08888673,33.9551496
90276988,2016,2016-09-27,9550,2016-09-20,0750,020974,NA,2,1,9,1900,0,3,5,NA,2,004,16455 WEDGEWORTH DRIVE,WEDGEWORTH DRIVE,340,N,N,A,-,N,NA,NA,NA,NA,NA,NA,NA,NA,NA,N,4,0,1,2,A,-,21,22106,NA,N,G,B,F,A,H,-,A,D,0,Y,NA,NA,NA,Y,NA,A,07,0,0,1,0,1,0,0,0,0,-,-,33.99835,-117.94604,LOS ANGELES,UNINCORPORATED,-117.94604,33.99835
90277002,2016,2016-09-27,9550,2016-09-23,1130,018408,NA,5,1,3,1964,0,1,1,NA,2,650,I-605 N/B TO TELEGRAPH RD. W/B,TELEGRAPH ROAD,5,N,N,A,-,Y,NA,NA,605,NA,NA,NA,R,NA,N,N,4,0,2,2,A,-,21,22106,NA,N,C,C,A,A,H,-,A,D,0,NA,NA,NA,NA,Y,NA,A,07,0,0,2,0,0,0,0,0,0,-,-,33.94961,-118.0912,LOS ANGELES,SANTA FE SPRINGS,-118.0912,33.94961
9027701,2020,2020-06-22,1942,2020-02-07,1410,43133,1213,5,5,7,1942,0,0,0,L,0,25TL25,WESTERN AV,SLAUSON AV,150,S,N,A,-,N,NA,NA,NA,NA,NA,NA,NA,NA,NA,N,4,0,1,2,A,-,10,21950,NA,N,G,B,D,A,H,-,A,D,0,Y,NA,NA,NA,Y,NA,N,60,0,0,1,0,1,0,0,0,0,-,-,NA,NA,LOS ANGELES,LOS ANGELES,-118.30895233154295,33.988739013671875
90277039,2016,2016-09-27,9525,2016-09-14,1510,018651,NA,3,2,9,1900,0,1,1,NA,2,103,HACIENDA BLVD. (1800 N BLOCK),FRANCISQUITO AVE.,150,N,N,A,-,N,NA,NA,NA,NA,NA,NA,NA,NA,NA,Y,3,0,1,2,A,-,09,21804,A,N,C,C,A,A,H,-,A,D,0,NA,NA,Y,NA,Y,NA,A,01,0,1,0,0,0,0,0,0,1,-,-,34.05079,-117.94351,LOS ANGELES,UNINCORPORATED,-117.94611509,34.04856442
90277042,2016,2016-09-27,9530,2016-09-13,1530,020331,NA,2,2,9,1900,0,3,5,NA,2,003,COMPTON BLVD.,GIBSON AVE.,0,NA,Y,A,-,N,NA,NA,NA,NA,NA,NA,NA,NA,NA,Y,4,0,1,3,A,-,09,21801,A,N,D,C,A,A,H,-,A,D,0,NA,NA,NA,NA,Y,NA,A,07,0,0,1,0,0,0,0,0,0,-,-,33.5347,-118.1119,LOS ANGELES,UNINCORPORATED,-118.18901001,33.89621005
90277047,2016,2016-09-27,9590,2016-09-15,1313,021346,NA,4,1,7,1942,0,1,1,NA,2,010,SR-110 N/B (ASP) TO I-5 N/B (GSF),AVENUE 19,500,S,N,A,-,Y,NA,NA,110,NA,NA,NA,R,NA,N,N,4,0,2,3,A,-,08,22107,NA,N,B,C,A,A,H,-,A,D,0,NA,NA,NA,NA,Y,NA,A,01,0,0,2,0,0,0,0,0,0,-,-,34.07926,-118.22719,LOS ANGELES,LOS ANGELES,-118.22719,34.07926
90277048,2016,2016-09-27,9580,2016-09-15,1620,019611,NA,4,2,3,1994,0,1,2,NA,2,107,US-101 S/B TO LAS VIRGENES RD,LAS VIRGENES CANYON RD,100,N,N,A,-,Y,NA,NA,NA,NA,NA,NA,NA,NA,NA,N,4,0,1,2,A,-,03,22350,NA,M,C,C,A,A,H,-,A,A,0,NA,NA,NA,NA,Y,NA,-,99,0,0,1,0,0,0,0,0,0,-,-,34.1467,-118.6995,LOS ANGELES,AGOURA HILLS,NA,NA
9027705,2020,2020-05-29,1942,2020-02-07,1730,42111,NA,5,5,7,1942,0,0,0,NA,0,12X4W7,LONG ST,64TH ST,5,S,N,A,-,N,NA,NA,NA,NA,NA,NA,NA,NA,NA,N,3,0,1,2,A,-,12,22450,A,N,D,C,A,A,H,-,A,A,0,NA,NA,NA,NA,Y,NA,A,08,0,1,0,0,0,0,0,0,0,-,-,NA,NA,LOS ANGELES,LOS ANGELES,-118.33859252929688,33.98173522949219
90277054,2016,2016-09-27,9530,2016-09-23,1515,021235,NA,5,2,9,1900,0,3,5,NA,2,001,FIRESTONE BLVD.,ZAMORA AVE.,0,NA,Y,A,-,N,NA,NA,NA,NA,NA,NA,NA,NA,NA,N,4,0,1,2,A,-,09,21801,A,F,D,C,A,A,H,-,A,A,0,NA,NA,NA,NA,Y,NA,A,01,0,0,1,0,0,0,0,0,0,-,-,33.9602,-118.2513,LOS ANGELES,UNINCORPORATED,-118.25141011,33.96017003
9027707,2020,2020-05-28,1900,2020-02-13,1423,652552,2222,4,5,3,1994,0,0,0,NA,0,1423,KANAN RD,HILLRISE DR,0,NA,Y,A,-,N,NA,NA,NA,NA,NA,NA,NA,NA,NA,Y,4,0,1,2,A,-,08,22107,NA,N,B,C,A,A,-,-,A,A,0,NA,NA,NA,NA,Y,NA,A,01,0,0,1,0,0,0,0,0,0,-,-,34.15040969848633,-118.75910949707033,LOS ANGELES,AGOURA HILLS,-118.75914001464844,34.15053176879883
9027709,2020,2020-05-29,1942,2020-02-05,1615,42689,1249,3,5,7,1942,0,0,0,L,0,12A39,S FIGUEROA ST,W 68TH ST,0,NA,Y,A,-,N,NA,NA,NA,NA,NA,NA,NA,NA,NA,N,4,0,1,2,A,-,08,22100,A,N,D,C,A,A,H,-,A,A,0,NA,NA,NA,NA,Y,NA,A,01,0,0,1,0,0,0,0,0,0,-,-,NA,NA,LOS ANGELES,LOS ANGELES,-118.28270721435548,33.97829055786133
90277098,2016,2016-09-27,9580,2016-09-17,2240,020876,NA,6,3,7,1942,0,1,2,NA,2,102,US-101 N/B (VENTURA FREEWAY),WHITE OAK AVE,1000,S,N,A,-,Y,NA,NA,101,NA,NA,NA,NA,NA,N,N,4,0,1,2,A,-,07,21658,A,N,B,C,A,A,H,-,A,D,0,NA,NA,NA,NA,Y,NA,A,08,0,0,1,0,0,0,0,0,0,-,-,34.17126,-118.51365,LOS ANGELES,LOS ANGELES,-118.51364998,34.17128334
9027711,2020,2020-05-28,1900,2020-02-12,0854,652552,2224,3,5,3,1994,0,0,0,NA,0,222T2,REYES ADOBE RD,AGOURA RD,0,NA,Y,A,-,N,NA,NA,NA,NA,NA,NA,NA,NA,NA,N,4,0,1,2,A,-,03,22350,NA,N,C,C,A,A,H,-,A,A,0,NA,NA,NA,NA,Y,NA,A,07,0,0,1,0,0,0,0,0,0,-,-,34.14506149291992,-118.7809600830078,LOS ANGELES,AGOURA HILLS,-118.78092193603516,34.1450309753418
90277110,2016,2016-09-27,9550,2016-09-21,1335,019775,NA,3,1,9,1900,0,2,4,NA,1,042,COLIMA ROAD WESTBOUND,FAIRWAY DRIVE,350,W,N,A,-,N,NA,NA,NA,NA,NA,NA,NA,NA,NA,Y,4,0,1,2,A,-,09,21804,A,N,D,C,A,A,H,-,A,D,0,NA,NA,NA,NA,Y,NA,A,08,0,0,1,0,0,0,0,0,0,-,-,33.98673,-117.87266,LOS ANGELES,UNINCORPORATED,-117.87092877,33.98629045
90277116,2016,2016-09-27,9550,2016-09-24,2138,021107,NA,6,2,5,1919,0,1,3,NA,2,091,SR-91 W/B,GRIDLEY ROAD,860,E,N,A,-,Y,NA,NA,91,NA,NA,NA,NA,NA,W,N,4,0,1,2,A,-,03,22350,NA,N,C,C,A,A,H,-,C,D,0,NA,NA,NA,NA,Y,NA,A,01,0,0,1,0,0,0,0,0,0,-,-,33.87654,-118.08857,LOS ANGELES,CERRITOS,-118.08856955,33.87643069
90277123,2016,2016-09-27,9525,2016-09-19,1035,021280,NA,1,1,9,1900,0,2,4,NA,2,022,ARROW HIGHWAY (21300 E BLOCK),S VALLEY CENTER AVE,30,W,N,A,-,N,NA,NA,NA,NA,NA,NA,NA,NA,NA,N,4,0,1,3,A,-,21,22106,NA,N,C,C,A,A,H,-,A,A,0,NA,NA,NA,NA,Y,NA,A,01,0,0,1,0,0,0,0,0,0,-,-,34.10701,-117.83803,LOS ANGELES,UNINCORPORATED,-117.83773885,34.10673111
9027713,2020,2020-05-29,1942,2020-02-06,2045,42011,1203,4,5,7,1942,0,0,0,L,0,12A3,S WESTERN AV,W 48TH ST,0,NA,Y,A,-,N,NA,NA,NA,NA,NA,NA,NA,NA,NA,Y,3,0,1,2,A,-,01,23152,A,N,D,C,A,A,H,-,C,A,0,NA,NA,NA,NA,Y,Y,A,01,0,1,0,0,0,0,0,0,0,-,-,NA,NA,LOS ANGELES,LOS ANGELES,-118.30892944335938,34.00006103515625
90277144,2016,2016-12-12,9575,2016-09-15,0750,020119,NA,4,1,9,1900,0,3,5,NA,2,008,MICHILLINDA AVE.,COLORADO BLVD.,0,NA,Y,A,-,N,NA,NA,NA,NA,NA,NA,NA,NA,NA,N,4,0,1,2,A,-,09,21801,A,N,D,C,A,A,H,-,A,D,0,NA,NA,NA,NA,Y,NA,A,07,0,0,1,0,0,0,0,0,0,-,-,34.1468,-118.06788,LOS ANGELES,UNINCORPORATED,-118.0677901,34.14793002
90277166,2016,2016-09-27,9535,2016-09-24,2141,021148,NA,6,2,1,1973,0,1,1,NA,2,072,I-710 (LONG BEACH FREEWAY) N/B,HOBART YARD RR UP,200,S,N,A,-,Y,NA,NA,710,NA,NA,NA,NA,NA,N,N,4,0,1,2,A,-,03,22350,NA,N,C,C,A,A,D,-,C,A,0,NA,NA,NA,NA,Y,NA,A,01,0,0,1,0,0,0,0,0,0,-,-,34.00339,-118.17354,LOS ANGELES,VERNON,-118.17333959,34.00331703
9027717,2020,2020-05-29,1942,2020-02-09,1830,41072,1209,7,5,7,1942,0,0,0,L,0,12A15,S FLOWER ST,W 45TH ST,0,NA,Y,A,-,N,NA,NA,NA,NA,NA,NA,NA,NA,NA,N,2,0,1,2,A,-,03,22350,NA,F,C,G,A,A,H,-,C,D,0,NA,Y,NA,NA,Y,NA,-,99,1,0,0,0,0,0,1,0,0,-,-,NA,NA,LOS ANGELES,LOS ANGELES,-118.28166961669922,34.00284957885742
90277184,2016,2016-09-27,9550,2016-09-24,1145,021123,NA,6,1,6,1949,0,1,1,NA,2,651,I-605 N/B,CECILIA ST.,750,S,N,A,-,Y,NA,NA,605,NA,NA,NA,NA,NA,N,N,4,0,1,3,A,-,03,22350,NA,N,C,C,A,A,H,-,A,D,0,NA,NA,NA,NA,Y,NA,A,01,0,0,1,0,0,0,0,0,0,-,-,33.92998,-118.1023,LOS ANGELES,NORWALK,-118.10225921,33.92996295
90277199,2016,2016-09-27,9590,2016-09-16,1150,021346,NA,5,1,7,1942,0,1,1,NA,2,081,I-5 SB (GSF),4TH STREET,1000,N,N,A,-,Y,NA,NA,5,NA,NA,NA,NA,NA,S,N,4,0,2,2,A,-,03,22350,NA,N,C,C,A,A,H,-,A,D,0,NA,NA,NA,NA,Y,NA,A,01,0,0,2,0,0,0,0,0,0,-,-,34.04325,-118.21723,LOS ANGELES,LOS ANGELES,-118.21713748,34.04318955
90277205,2016,2016-09-27,9575,2016-09-15,1415,020119,NA,4,2,6,1953,0,1,1,NA,2,064,I-210 E/B (FOOTHILL FREEWAY),LAKE AVE.,20,E,N,A,-,Y,NA,NA,210,NA,NA,NA,NA,NA,E,N,3,0,2,2,A,-,03,22350,NA,N,C,C,A,A,H,-,A,D,0,NA,NA,NA,NA,Y,NA,I,09,0,1,1,0,0,0,0,0,0,-,-,34.1515,-118.13196,LOS ANGELES,PASADENA,-118.13196065,34.15164963
9027721,2020,2020-05-29,1942,2020-02-08,1230,31092,1258,6,5,7,1942,0,0,0,L,0,12A31,BROADWAY,76TH ST,0,NA,Y,A,-,N,NA,NA,NA,NA,NA,NA,NA,NA,NA,N,4,0,1,2,A,-,12,21453,A,N,D,C,A,A,H,-,A,A,0,NA,NA,NA,NA,Y,NA,A,01,0,0,1,0,0,0,0,0,0,-,-,NA,NA,LOS ANGELES,LOS ANGELES,-118.27831268310548,33.97080993652344
90277220,2016,2016-10-11,9550,2016-09-24,0750,021150,NA,6,1,7,1941,0,1,3,NA,2,090,STATE ROUTE 91 W/B (ARTESIA FREEWAY),PARAMOUNT BOULEVARD,1100,W,N,A,-,Y,NA,NA,91,NA,NA,NA,NA,NA,W,N,4,0,1,2,A,-,03,22350,NA,M,C,C,A,A,H,-,A,D,0,NA,NA,NA,NA,Y,NA,A,01,0,0,1,0,0,0,0,0,0,-,-,33.87603,-118.1639,LOS ANGELES,LONG BEACH,-118.16389986,33.87600407
90277222,2016,2016-09-27,9535,2016-09-21,1942,019121,NA,3,2,9,1900,0,2,4,NA,2,014,CESAR E CHAVEZ AVENUE,EASTERN AVENUE,0,NA,Y,A,-,N,NA,NA,NA,NA,NA,NA,NA,NA,NA,Y,4,0,2,3,A,-,12,21453,A,N,D,C,A,A,H,-,C,A,0,NA,NA,NA,NA,Y,NA,A,01,0,0,2,0,0,0,0,0,0,-,-,34.04057,-118.17362,LOS ANGELES,UNINCORPORATED,-118.17362003,34.04056005
90277226,2016,2016-09-27,9575,2016-09-16,0545,020119,NA,5,3,6,1953,0,1,1,NA,2,064,I-210 E/B (FOOTHILL FREEWAY),SAN GABRIEL BLVD.,500,W,N,A,-,Y,NA,NA,210,NA,NA,NA,NA,NA,E,N,4,0,2,2,C,-,18,NA,NA,N,E,J,A,A,H,-,C,D,0,NA,NA,NA,NA,Y,NA,-,-,0,0,2,0,0,0,0,0,0,-,-,34.15229,-118.0978,LOS ANGELES,PASADENA,-118.09780109,34.15238269
9027723,2020,2020-05-28,1900,2020-02-04,1909,648563,2245,2,5,3,1989,0,0,0,NA,0,224,PARKWAY CALABASAS,PARK SORRENTO,0,NA,Y,A,-,N,NA,NA,NA,NA,NA,NA,NA,NA,NA,N,4,0,1,2,A,-,21,22106,NA,N,C,C,A,A,H,-,C,A,0,NA,NA,NA,NA,Y,NA,A,01,0,0,1,0,0,0,0,0,0,-,-,34.151100158691406,-118.64990234375,LOS ANGELES,CALABASAS,-118.64987182617188,34.15100860595703
90277247,2016,2016-09-27,9535,2016-09-20,1200,017595,NA,2,1,4,1907,0,1,1,NA,2,072,I-710 N/B FROM FLORENCE AVE. W/B,FLORENCE AVE,75,N,N,A,-,Y,NA,NA,710,NA,NA,NA,R,NA,N,Y,4,0,1,2,A,-,03,22350,NA,N,C,C,A,A,H,-,A,D,0,NA,NA,NA,NA,Y,NA,-,-,0,0,1,0,0,0,0,0,0,-,-,33.96956,-118.16698,LOS ANGELES,BELL,-118.16698,33.96956
9027725,2020,2020-05-29,1942,2020-02-06,1420,44045,RD120,4,5,7,1942,0,0,0,NA,0,12A67,HOOVER ST,51ST ST,0,NA,Y,A,-,N,NA,NA,NA,NA,NA,NA,NA,NA,NA,Y,3,0,2,2,A,-,03,22350,NA,N,C,C,A,A,H,-,A,A,0,NA,NA,NA,NA,Y,NA,A,08,0,1,1,0,0,0,0,0,0,-,-,NA,NA,LOS ANGELES,LOS ANGELES,-118.28716278076172,33.996429443359375
90277258,2016,2016-09-27,9535,2016-09-20,1605,019135,NA,2,2,5,1901,0,1,1,NA,2,420,I-10 (SAN BERNARDINO FREEWAY) E/B,GARFIELD AVE,50,W,N,A,-,Y,NA,NA,10,NA,NA,NA,NA,NA,E,Y,3,0,1,2,A,-,03,22350,NA,N,C,C,A,A,H,-,A,D,0,NA,NA,NA,NA,Y,Y,A,01,0,1,0,0,0,0,0,0,0,-,-,34.07145,-118.12251,LOS ANGELES,ALHAMBRA,-118.12251016,34.07146245
90277259,2016,2016-09-27,9525,2016-09-20,1945,021392,NA,2,2,9,1900,0,2,4,NA,2,022,ARROW HIGHWAY (100 BLOCK),GLENDORA AVE,95,E,N,A,-,N,NA,NA,NA,NA,NA,NA,NA,NA,NA,N,4,0,1,2,A,-,03,22350,NA,N,C,C,A,A,H,-,C,A,0,NA,NA,NA,NA,Y,NA,A,07,0,0,1,0,0,0,0,0,0,-,-,34.10674,-117.86318,LOS ANGELES,UNINCORPORATED,-117.86349953,34.10662
90277267,2016,2016-09-27,9590,2016-09-17,0858,021346,NA,6,1,7,1942,0,1,1,NA,2,083,I-5 SB (GSF),RIVERSIDE DRIVE,1000,S,N,A,-,Y,NA,NA,5,NA,NA,NA,NA,NA,S,N,4,0,1,2,A,-,03,22350,NA,N,C,C,A,A,H,-,A,D,0,NA,NA,NA,NA,Y,NA,A,08,0,0,1,0,0,0,0,0,0,-,-,34.09376,-118.24248,LOS ANGELES,LOS ANGELES,-118.24240065,34.09383761
90277279,2016,2016-09-27,9550,2016-09-24,0830,021202,NA,6,1,5,1908,0,1,3,NA,2,090,STATE ROUTE 91 W/B (ARTESIA FREEWAY),PARAMOUNT BOULEVARD,1500,E,N,A,-,Y,NA,NA,NA,NA,NA,NA,NA,NA,NA,Y,3,0,2,3,A,-,07,21658,A,N,B,C,A,A,H,-,A,D,0,NA,NA,NA,Y,Y,NA,A,01,0,1,1,0,0,0,0,0,0,-,-,33.87703,-118.155,LOS ANGELES,BELLFLOWER,-118.15567,33.87705
9027729,2020,2020-06-04,1942,2020-02-08,1150,42428,1215,6,5,7,1942,0,0,0,L,0,12X8,VERMONT AV,57TH ST,0,NA,Y,A,-,N,NA,NA,NA,NA,NA,NA,NA,NA,NA,N,4,0,1,2,A,-,09,21802,A,N,D,C,A,A,H,-,A,A,0,NA,NA,NA,NA,Y,NA,A,01,0,0,1,0,0,0,0,0,0,-,-,NA,NA,LOS ANGELES,LOS ANGELES,-118.29148864746094,33.990478515625
90277294,2016,2016-09-27,9575,2016-09-14,0825,021257,NA,3,1,7,1942,0,1,3,NA,2,070,SR-118 W/B (RONALD REGAN FREEWAY),LAUREL CANYON BLVD,1550,E,N,A,-,Y,NA,NA,118,NA,NA,NA,NA,NA,W,Y,4,0,1,2,A,-,03,22350,NA,N,C,C,A,A,H,-,A,D,0,NA,NA,NA,NA,Y,NA,A,01,0,0,1,0,0,0,0,0,0,-,-,34.26859,-118.43429,LOS ANGELES,LOS ANGELES,-118.43440349,34.26883839
9027737,2020,2020-05-29,1942,2020-02-05,1115,42628,1273,3,5,7,1942,0,0,0,L,0,12A73,MANCHESTER,NORMANDIE AV,0,NA,Y,A,-,N,NA,NA,NA,NA,NA,NA,NA,NA,NA,N,4,0,1,2,A,-,09,21801,NA,N,A,C,A,A,H,-,A,A,0,NA,NA,NA,NA,Y,NA,A,01,0,0,1,0,0,0,0,0,0,-,-,NA,NA,LOS ANGELES,LOS ANGELES,-118.3002700805664,33.96001052856445
90277371,2016,2016-09-28,9580,2016-09-17,1500,020402,NA,6,2,7,1942,0,1,2,NA,2,104,US-101 N/B TO DE SOTO AVE,DE SOTO AVE,200,S,N,A,-,Y,NA,NA,101,NA,NA,NA,R,NA,N,Y,4,0,2,2,A,-,03,22350,NA,N,C,C,A,A,H,-,A,D,0,NA,NA,NA,NA,Y,NA,A,07,0,0,2,0,0,0,0,0,0,-,-,34.16826,-118.58665,LOS ANGELES,LOS ANGELES,-118.58665,34.16826