CASE_ID,ACCIDENT_YEAR,PROC_DATE,JURIS,COLLISION_DATE,COLLISION_TIME,OFFICER_ID,REPORTING_DISTRICT,DAY_OF_WEEK,CHP_SHIFT,POPULATION,CNTY_CITY_LOC,SPECIAL_COND,BEAT_TYPE,CHP_BEAT_TYPE,CITY_DIVISION_LAPD,CHP_BEAT_CLASS,BEAT_NUMBER,PRIMARY_RD,SECONDARY_RD,DISTANCE,DIRECTION,INTERSECTION,WEATHER_1,WEATHER_2,STATE_HWY_IND,CALTRANS_COUNTY,CALTRANS_DISTRICT,STATE_ROUTE,ROUTE_SUFFIX,POSTMILE_PREFIX,POSTMILE,LOCATION_TYPE,RAMP_INTERSECTION,SIDE_OF_HWY,TOW_AWAY,COLLISION_SEVERITY,NUMBER_KILLED,NUMBER_INJURED,PARTY_COUNT,PRIMARY_COLL_FACTOR,PCF_CODE_OF_VIOL,PCF_VIOL_CATEGORY,PCF_VIOLATION,PCF_VIOL_SUBSECTION,HIT_AND_RUN,TYPE_OF_COLLISION,MVIW,PED_ACTION,ROAD_SURFACE,ROAD_COND_1,ROAD_COND_2,LIGHTING,CONTROL_DEVICE,CHP_ROAD_TYPE,PEDESTRIAN_ACCIDENT,BICYCLE_ACCIDENT,MOTORCYCLE_ACCIDENT,TRUCK_ACCIDENT,NOT_PRIVATE_PROPERTY,ALCOHOL_INVOLVED,STWD_VEHTYPE_AT_FAULT,CHP_VEHTYPE_AT_FAULT,COUNT_SEVERE_INJ,COUNT_VISIBLE_INJ,COUNT_COMPLAINT_PAIN,COUNT_PED_KILLED,COUNT_PED_INJURED,COUNT_BICYCLIST_KILLED,COUNT_BICYCLIST_INJURED,COUNT_MC_KILLED,COUNT_MC_INJURED,PRIMARY_RAMP,SECONDARY_RAMP,LATITUDE,LONGITUDE,COUNTY,CITY,POINT_X,POINT_Y
90286731,2016,2016-10-07,9550,2016-10-04,1255,020741,NA,2,1,9,1900,0,3,5,NA,2,005,PATHFINDER ROAD,SONGBIRD LN.,0,NA,Y,A,-,N,NA,NA,NA,NA,NA,NA,NA,NA,NA,Y,4,0,1,2,A,-,09,21802,A,N,D,C,A,A,H,-,A,D,0,NA,NA,NA,NA,Y,NA,A,01,0,0,1,0,0,0,0,0,0,-,-,33.97569,-117.88453,LOS ANGELES,UNINCORPORATED,-117.88457002,33.97573003
90286747,2016,2016-10-07,9575,2016-09-27,1750,020172,NA,2,2,6,1912,0,1,3,NA,2,044,SR-134 W/B (VENTURA FREEWAY),PASS AVE.,600,W,N,A,-,Y,NA,NA,134,NA,NA,NA,NA,NA,W,N,4,0,2,2,A,-,03,22350,NA,M,C,C,A,A,H,-,A,D,0,NA,NA,NA,NA,Y,NA,-,99,0,0,2,0,0,0,0,0,0,-,-,34.15384,-118.34876,LOS ANGELES,BURBANK,-118.34875436,34.15380426
90286753,2016,2016-10-07,9525,2016-10-04,1330,018729,NA,2,1,6,1955,0,1,1,NA,2,110,I-10 E/B (SAN BERNARDINO FREEWAY),WHITE AVE,950,W,N,A,-,Y,NA,NA,10,NA,NA,NA,NA,NA,E,Y,4,0,1,3,A,-,03,22350,NA,N,C,C,A,A,H,-,A,D,0,NA,NA,NA,Y,Y,NA,A,01,0,0,1,0,0,0,0,0,0,-,-,34.07069,-117.7627,LOS ANGELES,POMONA,-117.76270099,34.07081069
90286770,2016,2016-10-07,9530,2016-09-18,1056,014654,NA,7,1,7,1941,0,1,1,NA,2,430,I-405 N/B (SAN DIEGO FREEWAY),PALO VERDE AVE.,500,S,N,A,-,Y,NA,NA,NA,NA,NA,NA,NA,NA,NA,Y,3,0,5,4,A,-,03,22350,NA,N,C,C,A,A,H,-,A,D,0,NA,NA,NA,NA,Y,NA,A,07,0,1,4,0,0,0,0,0,0,-,-,NA,NA,LOS ANGELES,LONG BEACH,-118.10668992,33.79612164
90286771,2016,2016-10-07,9590,2016-10-04,0700,016330,NA,2,1,7,1942,0,1,1,NA,2,083,I-5 (GOLDEN STATE FREEWAY),N. BROADWAY,50,S,N,A,-,Y,NA,NA,5,NA,NA,NA,NA,NA,NA,N,4,0,1,3,A,-,03,22350,NA,N,C,C,A,A,H,-,A,D,0,NA,NA,NA,NA,Y,NA,D,22,0,0,1,0,0,0,0,0,0,-,-,34.07271,-118.21931,LOS ANGELES,LOS ANGELES,-118.21930187,34.07271236
90286777,2016,2016-10-07,9580,2016-09-29,1030,016088,NA,4,1,7,1942,0,1,2,NA,2,101,US-101 S/B (HOLLYWOOD FREEWAY),MOORPARK ST,500,N,N,A,-,Y,NA,NA,101,NA,NA,NA,NA,NA,S,N,4,0,2,2,A,-,03,22350,NA,N,C,C,A,A,H,-,A,D,0,NA,NA,NA,NA,Y,NA,A,01,0,0,2,0,0,0,0,0,0,-,-,34.14894,-118.373,LOS ANGELES,LOS ANGELES,-118.37309891,34.14883147
9028678,2019,2020-01-29,1972,2019-11-25,1011,12825,NA,1,5,6,1972,0,0,0,NA,0,NA,TORRANCE BL,ANZA AV,144,E,N,A,-,N,NA,NA,NA,NA,NA,NA,NA,NA,NA,Y,4,0,1,2,A,-,09,21804,A,F,H,I,A,A,H,-,A,D,0,NA,NA,NA,NA,Y,NA,-,NA,0,0,1,0,0,0,0,0,0,-,-,NA,NA,LOS ANGELES,TORRANCE,-118.36190795898438,33.83757019042969
90286781,2016,2016-10-07,9580,2016-09-27,1905,020619,NA,2,2,7,1942,0,1,2,NA,2,102,US-101 N/B (VENTURA FREEWAY),VAN NUYS BLVD,100,N,N,A,-,Y,NA,NA,101,NA,NA,NA,NA,NA,N,Y,3,0,1,2,A,-,03,22350,NA,N,C,C,A,A,H,-,C,D,0,NA,NA,Y,NA,Y,NA,A,07,0,1,0,0,0,0,0,0,1,-,-,34.15791,-118.45164,LOS ANGELES,LOS ANGELES,-118.4516702,34.15769179
90286784,2016,2016-10-07,9525,2016-10-04,1610,016679,NA,2,2,5,1990,0,1,3,NA,2,601,SR-60 W/B (POMONA FREEWAY),GRAND AVE,120,W,N,A,-,Y,NA,NA,NA,NA,NA,NA,NA,NA,NA,Y,4,0,2,2,A,-,03,22350,NA,N,C,C,A,A,H,-,A,D,0,NA,NA,NA,NA,Y,NA,A,01,0,0,2,0,0,0,0,0,0,-,-,34.00651,-117.82202,LOS ANGELES,DIAMOND BAR,-118.28002,33.98509
90286793,2016,2016-10-07,9550,2016-09-29,1230,020533,NA,4,1,5,1976,0,1,1,NA,2,650,I-605 S/B (SAN GABRIEL RIVER FREEWAY),WHITTIER BOULEVARD,1350,S,N,A,-,Y,NA,NA,NA,NA,NA,NA,NA,NA,NA,Y,3,0,2,3,A,-,03,22350,NA,N,C,C,A,A,H,-,A,D,0,NA,NA,NA,Y,Y,NA,G,25,0,1,1,0,0,0,0,0,0,-,-,33.98946,-118.07044,LOS ANGELES,WHITTIER,-118.07022398,33.98986408
90286797,2016,2016-10-07,9550,2016-10-04,1455,018412,NA,2,2,5,1919,0,1,1,NA,2,652,I-605 N/B TO SR-91 W/B,SR-91 FREEWAY,50,S,N,A,-,Y,NA,NA,605,NA,NA,NA,R,NA,N,Y,4,0,3,3,A,-,03,22350,NA,N,C,C,A,A,H,-,A,D,0,NA,NA,NA,NA,Y,NA,D,22,0,0,3,0,0,0,0,0,0,-,-,33.87617,-118.10181,LOS ANGELES,CERRITOS,-118.10181,33.87617
90286805,2016,2016-10-07,9580,2016-09-29,1200,016523,NA,4,1,7,1942,0,1,2,NA,2,103,US-101 S/B (VENTURA FREEWAY),HASKELL AVE,1584,N,N,A,-,Y,NA,NA,101,NA,NA,NA,NA,NA,S,N,4,0,2,2,A,-,03,22350,NA,N,C,C,A,A,H,-,A,D,0,NA,NA,NA,NA,Y,NA,A,07,0,0,2,0,0,0,0,0,0,-,-,34.16525,-118.4805,LOS ANGELES,LOS ANGELES,-118.48049971,34.16522845
90286808,2016,2016-10-07,9580,2016-09-29,0145,019061,NA,4,3,7,1942,0,1,1,NA,2,404,I-405 N/B (SAN DIEGO FWY),BURBANK BLVD,2112,N,N,A,-,Y,NA,NA,405,NA,NA,NA,NA,NA,N,Y,3,0,1,1,A,-,08,22107,NA,N,E,I,A,A,H,-,D,D,0,NA,NA,NA,NA,Y,NA,A,01,0,1,0,0,0,0,0,0,0,-,-,34.17922,-118.46963,LOS ANGELES,LOS ANGELES,-118.46956024,34.17927137
90286811,2016,2016-10-07,9580,2016-09-29,1900,019319,NA,4,2,7,1942,0,1,3,NA,2,117,SR-118 W/B (RONALD REAGAN FWY.),TAMPA AVE,1056,E,N,A,-,Y,NA,NA,118,NA,NA,NA,NA,NA,W,N,4,0,1,2,A,-,03,22350,NA,N,C,C,A,A,H,-,C,D,0,NA,NA,NA,NA,Y,NA,D,22,0,0,1,0,0,0,0,0,0,-,-,34.27346,-118.54984,LOS ANGELES,LOS ANGELES,-118.54982953,34.27342507
90286812,2016,2016-10-07,9535,2016-09-30,1710,019125,NA,5,2,5,1959,0,1,1,NA,2,400,I-10 (SAN BERNARDINO FREEWAY) E/B,SAN GABRIEL BLVD,455,E,N,A,-,Y,NA,NA,10,NA,NA,NA,NA,NA,E,N,4,0,1,3,A,-,03,22350,NA,N,C,C,A,A,H,-,A,D,0,NA,NA,NA,NA,Y,NA,A,07,0,0,1,0,0,0,0,0,0,-,-,34.07188,-118.08807,LOS ANGELES,ROSEMEAD,-118.08806985,34.07186999
90286815,2016,2016-10-07,9580,2016-09-29,1305,019544,NA,4,1,7,1942,0,1,1,NA,2,406,I-405 N/B (SAN DIEGO FWY),ROSCOE BLVD,1056,S,N,A,-,Y,NA,NA,405,NA,NA,NA,NA,NA,N,Y,4,0,1,2,A,-,08,22107,NA,N,E,I,A,A,H,-,A,D,0,NA,NA,NA,NA,Y,NA,A,07,0,0,1,0,0,0,0,0,0,-,-,34.21619,-118.47286,LOS ANGELES,LOS ANGELES,-118.47313897,34.21619273
90286817,2016,2016-10-07,9580,2016-09-29,1920,019544,NA,4,2,7,1942,0,1,3,NA,2,116,SR-118 E/B (RONALD REAGAN FWY.),TAMPA AVE,528,E,N,A,-,Y,NA,NA,118,NA,NA,NA,NA,NA,E,N,4,0,4,2,A,-,03,22350,NA,N,C,C,A,A,H,-,B,D,0,NA,NA,NA,NA,Y,NA,A,01,0,0,4,0,0,0,0,0,0,-,-,34.2725,-118.552,LOS ANGELES,LOS ANGELES,-118.55201765,34.27256998
90286819,2016,2016-10-07,9580,2016-09-29,1055,016413,NA,4,1,7,1942,0,1,2,NA,2,104,US-101 N/B (VENTURA FREEWAY),TAMPA AVE,1056,S,N,A,-,Y,NA,NA,101,NA,NA,NA,NA,NA,N,Y,4,0,4,3,A,-,03,22350,NA,N,C,C,A,A,H,-,A,D,0,NA,NA,NA,NA,Y,NA,A,01,0,0,4,0,0,0,0,0,0,-,-,34.17364,-118.5468,LOS ANGELES,LOS ANGELES,-118.5468015,34.17354826
90286821,2016,2016-10-07,9580,2016-09-29,1810,019715,NA,4,2,7,1942,0,1,2,NA,2,102,US-101 S/B (VENTURA FREEWAY),HASKELL AVE,1056,N,N,A,-,Y,NA,NA,101,NA,NA,NA,NA,NA,S,N,4,0,2,2,A,-,03,22350,NA,N,C,C,A,A,H,-,A,D,0,NA,NA,NA,NA,Y,NA,A,01,0,0,2,0,0,0,0,0,0,-,-,34.1652,-118.4791,LOS ANGELES,LOS ANGELES,-118.47910063,34.16524725
90286824,2016,2016-10-07,9580,2016-09-29,1910,019715,NA,4,2,7,1942,0,1,2,NA,2,102,US-101 N/B (VENTURA FREEWAY),SEPULVEDA BLVD,700,S,N,A,-,Y,NA,NA,101,NA,NA,NA,NA,NA,N,Y,4,0,2,2,A,-,03,22350,NA,N,C,C,A,A,H,-,D,D,0,NA,NA,NA,NA,Y,NA,A,07,0,0,2,0,0,0,0,0,0,-,-,34.1595,-118.4622,LOS ANGELES,LOS ANGELES,-118.4622,34.15950669
90286827,2016,2016-10-07,9580,2016-09-29,1730,020791,NA,4,2,7,1942,0,1,1,NA,2,404,I-405 N/B (SAN DIEGO FWY),BURBANK BLVD,1000,S,N,A,-,Y,NA,NA,405,NA,NA,NA,NA,NA,N,Y,3,0,2,3,A,-,03,22350,NA,N,B,C,A,A,H,-,A,D,0,NA,NA,NA,NA,Y,NA,A,01,0,1,1,0,0,0,0,0,0,-,-,34.16809,-118.46859,LOS ANGELES,LOS ANGELES,-118.46857591,34.16808155
90286829,2016,2016-10-07,9550,2016-10-04,1320,021405,NA,2,1,9,1900,0,2,4,NA,1,022,TELEGRAPH ROAD,COLIMA ROAD,0,NA,Y,A,-,N,NA,NA,NA,NA,NA,NA,NA,NA,NA,Y,3,0,2,3,A,-,12,21453,A,N,D,C,A,A,H,-,A,A,0,NA,NA,NA,NA,Y,NA,A,08,0,1,1,0,0,0,0,0,0,-,-,33.92503,-118.02461,LOS ANGELES,UNINCORPORATED,-118.02450011,33.92502007
90286843,2016,2016-10-07,9550,2016-10-06,0735,020037,NA,4,1,9,1900,0,2,4,NA,1,022,LEFFINGWELL ROAD,LELAND AVENUE,0,NA,Y,A,-,N,NA,NA,NA,NA,NA,NA,NA,NA,NA,Y,4,0,1,2,A,-,09,21802,A,N,D,C,A,A,H,-,A,A,0,NA,NA,NA,NA,Y,NA,A,01,0,0,1,0,0,0,0,0,0,-,-,33.91984,-118.04199,LOS ANGELES,UNINCORPORATED,-118.04199008,33.91994003
9028685,2020,2020-03-18,1900,2020-01-04,1130,640404,1335,6,5,5,1908,0,0,0,NA,0,133H,DOWNEY AV,ARTESIA BL,15,S,N,A,-,N,NA,NA,NA,NA,NA,NA,NA,NA,NA,N,4,0,1,2,A,-,04,21703,NA,N,C,C,A,A,H,-,A,A,0,NA,NA,NA,NA,Y,NA,D,22,0,0,1,0,0,0,0,0,0,-,-,NA,NA,LOS ANGELES,BELLFLOWER,-118.15129089355467,33.87474060058594
90286880,2016,2016-10-07,9550,2016-09-13,1440,021403,NA,2,2,6,1949,0,1,1,NA,2,651,I-605 N/B (SAN GABRIEL RIVER FREEWAY),FIRESTONE BOULEVARD,1320,S,N,B,-,Y,NA,NA,605,NA,NA,NA,NA,NA,N,Y,4,0,1,6,A,-,03,22350,NA,F,C,C,A,A,H,-,A,D,0,NA,NA,NA,NA,Y,NA,A,07,0,0,1,0,0,0,0,0,0,-,-,33.92392,-118.10411,LOS ANGELES,NORWALK,-118.10409839,33.92391693
90286900,2016,2016-10-07,9590,2016-10-04,1105,016230,NA,2,1,7,1942,0,1,2,NA,2,073,US-101 S/B HOF,HIGHLAND AVENUE,40,N,N,A,-,Y,NA,NA,NA,NA,NA,NA,NA,NA,NA,Y,3,0,1,2,A,-,08,22107,NA,N,E,I,A,A,H,-,A,D,0,NA,NA,NA,Y,Y,Y,A,01,0,1,0,0,0,0,0,0,0,-,-,34.11067,-118.35498,LOS ANGELES,LOS ANGELES,NA,NA
90286901,2016,2016-10-07,9590,2016-10-04,2208,020652,NA,2,3,7,1942,0,1,1,NA,2,052,I-110 N/B (HARBOR FREEWAY),1ST ST,30,S,N,A,-,Y,NA,NA,110,NA,NA,NA,NA,NA,N,Y,3,0,1,3,A,-,03,22350,NA,F,C,C,A,A,H,-,C,D,0,NA,NA,NA,NA,Y,NA,-,99,0,1,0,0,0,0,0,0,0,-,-,34.05859,-118.25336,LOS ANGELES,LOS ANGELES,-118.25337785,34.05860845
90286905,2016,2016-10-07,9590,2016-10-06,0645,015982,NA,4,1,7,1942,0,1,2,NA,2,071,US-101 S/B (HOLLYWOOD FREEWAY),GLENDALE BLVD,300,S,N,A,-,Y,NA,NA,101,NA,NA,NA,NA,NA,S,Y,4,0,1,3,A,-,03,22350,NA,N,C,C,A,A,H,-,A,D,0,NA,NA,NA,NA,Y,NA,A,01,0,0,1,0,0,0,0,0,0,-,-,34.06949,-118.26083,LOS ANGELES,LOS ANGELES,-118.26083206,34.06948417
90286911,2016,2016-10-07,9590,2016-10-04,1755,020409,NA,2,2,7,1942,0,1,2,NA,2,072,US-101 NB (HOLLYWOOD FWY),BARHAM BLVD,500,N,N,A,-,Y,NA,NA,101,NA,NA,NA,NA,NA,N,Y,4,0,1,2,A,-,03,22350,NA,N,C,C,A,A,H,-,B,D,0,NA,NA,NA,NA,Y,NA,A,01,0,0,1,0,0,0,0,0,0,-,-,34.13069,-118.34864,LOS ANGELES,LOS ANGELES,-118.34871113,34.13061702
90286925,2016,2016-10-10,9575,2016-09-22,1544,015044,NA,4,2,9,1900,0,2,4,NA,2,022,LINCOLN AVENUE (2200 BLOCK),CROSBY STREET,0,NA,Y,A,-,Y,NA,NA,NA,NA,NA,NA,NA,NA,NA,N,4,0,1,1,A,-,03,22350,NA,N,F,A,A,A,H,-,A,D,0,NA,NA,Y,NA,Y,NA,C,02,0,0,1,0,0,0,0,0,1,-,-,34.185,-118.15967,LOS ANGELES,UNINCORPORATED,-118.1597101,34.18502003
90286937,2016,2016-10-10,9550,2016-10-01,1450,021269,NA,6,2,9,1900,0,2,4,NA,1,051,WALNUT DRIVE,NOGALES STREET,180,E,N,A,-,N,NA,NA,NA,NA,NA,NA,NA,NA,NA,Y,4,0,1,2,A,-,09,21804,A,N,D,C,A,A,H,-,A,D,0,NA,NA,NA,NA,Y,NA,A,08,0,0,1,0,0,0,0,0,0,-,-,33.99618,-118.88768,LOS ANGELES,UNINCORPORATED,-117.88784035,33.99620799
9028696,2019,2020-01-30,1900,2019-11-27,1256,545341,1430,3,5,4,1937,0,0,0,NA,0,143T1,AMAR RD,ORANGE AV,72,W,N,B,C,N,NA,NA,NA,NA,NA,NA,NA,NA,NA,NA,2,0,2,2,A,-,09,21804,A,N,D,C,A,B,H,-,A,D,0,NA,NA,NA,NA,Y,NA,A,01,1,0,1,0,0,0,0,0,0,-,-,34.048988342285156,-117.96816253662108,LOS ANGELES,LA PUENTE,-117.96804809570313,34.04895782470703
90286970,2016,2016-10-10,9550,2016-10-02,1240,020983,NA,7,1,6,1920,0,1,1,NA,2,651,I-605 NORTHBOUND TO I-5,FLORENCE AVENUE,200,S,N,A,-,Y,NA,NA,605,NA,NA,NA,R,NA,N,Y,4,0,1,4,A,-,03,22350,NA,N,C,C,A,A,H,-,A,D,0,NA,NA,NA,NA,Y,NA,A,01,0,0,1,0,0,0,0,0,0,-,-,33.93346,-118.10028,LOS ANGELES,DOWNEY,-118.10028,33.93346
90287004,2016,2016-10-10,9550,2016-10-02,1520,021123,NA,7,2,9,1900,0,3,5,NA,2,006,FAIRWAY DRIVE,SAN JOSE AVE.,0,NA,Y,A,-,N,NA,NA,NA,NA,NA,NA,NA,NA,NA,Y,4,0,1,2,A,-,09,21801,A,N,A,C,A,A,H,-,A,A,0,NA,NA,NA,NA,Y,NA,A,07,0,0,1,0,0,0,0,0,0,-,-,34.00119,-117.87178,LOS ANGELES,UNINCORPORATED,-117.87167013,34.00114003
90287007,2016,2016-10-10,9575,2016-09-27,0805,021257,NA,2,1,6,1925,0,1,1,NA,2,062,I-210 E/B (FOOTHILL FREEWAY),PENNSYLVANIA AVE.,300,E,N,A,-,Y,NA,NA,210,NA,NA,NA,NA,NA,E,Y,4,0,2,3,A,-,03,22350,NA,N,C,C,A,A,H,-,A,D,0,NA,NA,NA,Y,Y,NA,G,25,0,0,2,0,0,0,0,0,0,-,-,34.22136,-118.24558,LOS ANGELES,GLENDALE,-118.24559137,34.22133701
90287029,2016,2016-10-10,9575,2016-09-27,2120,019211,NA,2,2,6,1925,0,1,3,NA,2,090,SR-2 W/B (GLENDALE FREEWAY),MOUNTAIN ST.,1000,E,N,A,-,Y,NA,NA,2,NA,NA,NA,NA,NA,W,N,4,0,1,3,A,-,03,22350,NA,N,C,C,A,A,D,-,C,A,0,NA,NA,NA,NA,Y,NA,A,01,0,0,1,0,0,0,0,0,0,-,-,34.17688,-118.22106,LOS ANGELES,GLENDALE,-118.22108461,34.17688791
90287051,2016,2016-10-10,9575,2016-09-24,1150,020119,NA,6,1,9,1900,0,2,4,NA,2,022,LINCOLN AVE.,WOODBURY RD.,0,NA,Y,A,-,N,NA,NA,NA,NA,NA,NA,NA,NA,NA,Y,3,0,2,2,A,-,09,21801,A,N,D,C,A,A,H,-,A,D,0,NA,NA,NA,NA,Y,NA,A,01,0,2,0,0,0,0,0,0,0,-,-,34.18287,-118.15951,LOS ANGELES,UNINCORPORATED,-118.15970013,34.18299007
9028709,2019,2020-01-31,1942,2019-12-30,1755,42979,0335,1,5,7,1942,0,0,0,C,0,3A62,JEFFERSON BL,3RD AV,0,NA,Y,A,-,N,NA,NA,NA,NA,NA,NA,NA,NA,NA,N,4,0,1,2,D,-,00,NA,NA,N,G,G,A,A,H,-,B,A,0,NA,Y,NA,NA,Y,NA,-,-,0,0,1,0,0,0,1,0,0,-,-,NA,NA,LOS ANGELES,LOS ANGELES,-118.320068359375,34.025550842285156
90287107,2016,2016-10-21,9550,2016-10-06,1920,020932,NA,4,2,9,1900,0,2,4,NA,1,031,NORTHBOUND HACIENDA BOULEVARD,THREE PALMS STREET,775,N,N,A,-,N,NA,NA,NA,NA,NA,NA,NA,NA,NA,Y,4,0,2,3,A,-,01,23152,A,M,C,C,A,A,H,-,C,D,0,NA,NA,NA,NA,Y,Y,A,01,0,0,2,0,0,0,0,0,0,-,-,33.00743,-117.96416,LOS ANGELES,UNINCORPORATED,-117.96425931,34.00732739
90287122,2016,2016-10-10,9590,2016-10-07,0700,021291,NA,5,1,7,1942,0,1,1,NA,2,021,I-10 W/B (SAN BERNARDINO FREEWAY),SOTO STREET,1000,E,N,A,-,Y,NA,NA,10,NA,NA,NA,NA,NA,W,Y,4,0,1,3,A,-,03,22350,NA,N,C,C,A,A,H,-,A,D,0,NA,NA,NA,NA,Y,NA,A,01,0,0,1,0,0,0,0,0,0,-,-,34.05574,-118.19761,LOS ANGELES,LOS ANGELES,-118.19760152,34.05562757
90287137,2016,2016-10-10,9530,2016-09-16,1023,021191,NA,5,1,9,1900,0,3,5,NA,2,002,CENTRAL AVE.,EL SEGUNDO BLVD.,0,NA,Y,A,-,N,NA,NA,NA,NA,NA,NA,NA,NA,NA,N,4,0,2,2,A,-,12,21453,A,N,D,C,A,A,H,-,A,A,0,NA,NA,NA,NA,Y,NA,-,-,0,0,2,0,0,0,0,0,0,-,-,33.91639,-118.25437,LOS ANGELES,UNINCORPORATED,-118.25449011,33.91636011
90287142,2016,2017-09-08,9530,2016-09-24,1720,021191,NA,6,2,7,1942,0,1,1,NA,2,120,I-110 S/B (HARBOR FREEWAY),I-405,300,N,N,A,-,Y,NA,NA,110,NA,NA,NA,NA,NA,S,Y,4,0,1,3,A,-,03,22350,NA,N,C,C,A,A,H,-,A,D,0,NA,NA,NA,NA,Y,NA,A,07,0,0,1,0,0,0,0,0,0,-,-,33.86078,-118.28513,LOS ANGELES,LOS ANGELES,-118.28507984,33.86078996
90287155,2016,2016-10-10,9530,2016-10-01,1400,020315,NA,6,2,7,1941,0,1,1,NA,2,430,I-405 S/B (SAN DIEGO FREEWAY),PALO VERDE AVE.,200,S,N,A,-,Y,NA,NA,405,NA,NA,NA,NA,NA,S,Y,4,0,1,2,A,-,03,22350,NA,N,C,C,A,A,H,-,A,D,0,NA,NA,Y,NA,Y,NA,C,02,0,0,1,0,0,0,0,0,1,-,-,33.79015,-118.09913,LOS ANGELES,LONG BEACH,-118.09909417,33.79019884
90287158,2016,2016-10-10,9530,2016-10-02,1034,021007,NA,7,1,5,1943,0,1,1,NA,2,210,I-105 W/B (GLENN ANDERSON FWY),BULLIS RD.,300,W,N,A,-,Y,NA,NA,NA,NA,NA,NA,NA,NA,NA,Y,4,0,5,4,A,-,03,22350,NA,N,C,C,A,A,H,-,A,D,0,NA,NA,NA,NA,Y,NA,A,01,0,0,5,0,0,0,0,0,0,-,-,33.5519,-118.1211,LOS ANGELES,LYNWOOD,-118.20289136,33.92195616
90287176,2016,2016-10-10,9575,2016-09-28,0831,021257,NA,3,1,7,1942,0,1,1,NA,2,053,I-5 S/B (GOLDEN STATE FREEWAY),PAXTON ST.,50,N,N,A,-,Y,NA,NA,5,NA,NA,NA,NA,NA,S,Y,4,0,1,3,A,-,03,22350,NA,N,C,C,A,A,H,-,A,D,0,NA,NA,NA,NA,Y,NA,A,01,0,0,1,0,0,0,0,0,0,-,-,34.26315,-118.44124,LOS ANGELES,LOS ANGELES,-118.44122755,34.26315789
90287189,2016,2016-10-10,9530,2016-10-07,1112,017860,NA,5,1,7,1941,0,1,1,NA,2,071,I-710 S/B (LONG BEACH FREEWAY),LONG BEACH BLVD.,1500,N,N,A,-,Y,NA,NA,710,NA,NA,NA,NA,NA,S,Y,4,0,1,2,A,-,07,21658,A,F,E,I,A,A,H,-,A,D,0,NA,NA,NA,NA,Y,NA,-,99,0,0,1,0,0,0,0,0,0,-,-,33.8662,-118.1974,LOS ANGELES,LONG BEACH,-118.19725975,33.86611568
90287194,2016,2016-10-10,9530,2016-10-07,0850,020523,NA,5,1,9,1900,0,3,5,NA,2,002,ROSECRANS AVE.,MAIN ST.,0,NA,Y,A,-,N,NA,NA,NA,NA,NA,NA,NA,NA,NA,Y,4,0,2,2,A,-,09,21801,A,N,A,C,A,A,H,-,A,A,0,NA,NA,NA,NA,Y,NA,A,01,0,0,2,0,0,0,0,0,0,-,-,33.9019,-118.274,LOS ANGELES,UNINCORPORATED,-118.27408011,33.90195011
90287208,2016,2016-10-10,9530,2016-10-08,1525,020096,NA,6,2,5,1977,0,1,1,NA,2,410,I-405 N/B (SAN DIEGO FREEWAY),WILMINGTON AVE.,2000,N,N,A,-,Y,NA,NA,NA,NA,NA,NA,NA,NA,NA,Y,4,0,1,2,A,-,03,22350,NA,N,C,C,A,A,H,-,A,D,0,NA,NA,NA,NA,Y,NA,A,01,0,0,1,0,0,0,0,0,0,-,-,33.49338,-118.14567,LOS ANGELES,CARSON,-118.2417,33.82593
90287211,2016,2016-10-10,9575,2016-09-25,1245,021213,NA,7,1,9,1900,0,1,3,NA,2,302,SR-2 (ANGELES CREST HIGHWAY),5000 FT. ELEVATION,4805,E,N,A,-,Y,NA,NA,2,NA,NA,NA,NA,NA,NA,Y,2,0,1,1,A,-,08,22107,NA,N,F,A,A,A,H,-,A,D,0,NA,NA,Y,NA,Y,NA,C,02,1,0,0,0,0,0,0,0,1,-,-,34.27788,-118.00581,LOS ANGELES,UNINCORPORATED,-118.00575508,34.27780129
90287213,2016,2016-10-10,9575,2016-09-25,1445,021213,NA,7,2,9,1900,0,3,5,NA,2,003,UPPER BIG TUJUNGA CANYON RD.,POWER LINES,792,E,N,A,-,N,NA,NA,NA,NA,NA,NA,NA,NA,NA,Y,2,0,2,1,C,-,18,NA,NA,N,H,H,A,A,H,-,A,D,0,NA,NA,Y,NA,Y,NA,-,-,2,0,0,0,0,0,0,0,2,-,-,38.28912,-118.04719,LOS ANGELES,UNINCORPORATED,NA,NA
90287216,2016,2016-10-10,9550,2016-09-30,1900,021261,NA,5,2,9,1900,0,1,3,NA,2,602,SR-60 W/B (POMONA FREEWAY),FULLERTON RD U/C,1700,E,N,A,-,Y,NA,NA,60,NA,NA,NA,NA,NA,W,N,4,0,2,2,A,-,03,22350,NA,N,C,C,A,A,H,-,B,D,0,NA,NA,NA,NA,Y,NA,A,01,0,0,2,0,0,0,0,0,0,-,-,33.99432,-117.89966,LOS ANGELES,UNINCORPORATED,-117.89966011,33.99428149
90287218,2016,2016-10-10,9575,2016-09-24,1315,021213,NA,6,1,9,1900,0,1,3,NA,2,301,SR-2 (ANGELES CREST HIGHWAY),4000 FT ELEV (LADYBUG),0,NA,N,A,-,Y,NA,NA,2,NA,NA,NA,NA,NA,NA,Y,3,0,1,1,A,-,03,22350,NA,N,F,A,A,A,B,-,A,D,0,NA,NA,Y,NA,Y,NA,C,02,0,1,0,0,0,0,0,0,1,-,-,34.2672,-118.11847,LOS ANGELES,UNINCORPORATED,-118.11837452,34.26725767