CASE_ID,ACCIDENT_YEAR,PROC_DATE,JURIS,COLLISION_DATE,COLLISION_TIME,OFFICER_ID,REPORTING_DISTRICT,DAY_OF_WEEK,CHP_SHIFT,POPULATION,CNTY_CITY_LOC,SPECIAL_COND,BEAT_TYPE,CHP_BEAT_TYPE,CITY_DIVISION_LAPD,CHP_BEAT_CLASS,BEAT_NUMBER,PRIMARY_RD,SECONDARY_RD,DISTANCE,DIRECTION,INTERSECTION,WEATHER_1,WEATHER_2,STATE_HWY_IND,CALTRANS_COUNTY,CALTRANS_DISTRICT,STATE_ROUTE,ROUTE_SUFFIX,POSTMILE_PREFIX,POSTMILE,LOCATION_TYPE,RAMP_INTERSECTION,SIDE_OF_HWY,TOW_AWAY,COLLISION_SEVERITY,NUMBER_KILLED,NUMBER_INJURED,PARTY_COUNT,PRIMARY_COLL_FACTOR,PCF_CODE_OF_VIOL,PCF_VIOL_CATEGORY,PCF_VIOLATION,PCF_VIOL_SUBSECTION,HIT_AND_RUN,TYPE_OF_COLLISION,MVIW,PED_ACTION,ROAD_SURFACE,ROAD_COND_1,ROAD_COND_2,LIGHTING,CONTROL_DEVICE,CHP_ROAD_TYPE,PEDESTRIAN_ACCIDENT,BICYCLE_ACCIDENT,MOTORCYCLE_ACCIDENT,TRUCK_ACCIDENT,NOT_PRIVATE_PROPERTY,ALCOHOL_INVOLVED,STWD_VEHTYPE_AT_FAULT,CHP_VEHTYPE_AT_FAULT,COUNT_SEVERE_INJ,COUNT_VISIBLE_INJ,COUNT_COMPLAINT_PAIN,COUNT_PED_KILLED,COUNT_PED_INJURED,COUNT_BICYCLIST_KILLED,COUNT_BICYCLIST_INJURED,COUNT_MC_KILLED,COUNT_MC_INJURED,PRIMARY_RAMP,SECONDARY_RAMP,LATITUDE,LONGITUDE,COUNTY,CITY,POINT_X,POINT_Y
90288777,2016,2016-10-11,9530,2016-10-05,0515,014926,NA,3,3,9,1900,0,3,5,NA,2,001,COMPTON AVE. (7500 BLOCK),75TH ST.,65,S,N,A,-,N,NA,NA,NA,NA,NA,NA,NA,NA,NA,Y,4,0,1,4,A,-,01,23152,A,N,B,C,A,A,H,-,C,D,0,NA,NA,NA,NA,Y,Y,A,07,0,0,1,0,0,0,0,0,0,-,-,33.58193,-118.15234,LOS ANGELES,UNINCORPORATED,-118.24769,33.97235174
90288789,2016,2016-10-11,9545,2016-10-05,1600,016124,NA,3,2,9,1900,0,1,3,NA,1,046,SR-2 W/B (ANGELES CREST HIGHWAY),BIG PINES HWY,18480,W,N,A,-,Y,NA,NA,2,NA,NA,NA,NA,NA,W,Y,2,0,1,1,A,-,03,22350,NA,N,E,I,A,A,H,-,A,D,0,NA,NA,Y,NA,Y,NA,C,02,1,0,0,0,0,0,0,0,1,-,-,34.377,-117.73143,LOS ANGELES,UNINCORPORATED,-117.73152534,34.37710773
90288796,2016,2016-10-11,9565,2016-09-29,0815,021267,NA,4,1,9,1900,0,1,1,NA,2,060,I-405 S/B (SAN DIEGO FREEWAY),CENTURY BLVD,100,S,N,A,-,Y,NA,NA,405,NA,NA,NA,NA,NA,S,Y,4,0,2,4,A,-,03,22350,NA,N,C,C,A,A,H,-,A,D,0,NA,NA,NA,NA,Y,NA,A,01,0,0,2,0,0,0,0,0,0,-,-,33.94337,-118.36859,LOS ANGELES,UNINCORPORATED,-118.36855868,33.94336957
90288808,2016,2016-10-11,9545,2016-10-05,1601,016124,NA,3,2,9,1900,0,1,3,NA,1,046,SR-2 W/B (ANGELES CREST HWY),BIG PINES HWY,18480,W,N,A,-,Y,NA,NA,NA,NA,NA,NA,NA,NA,NA,N,4,0,1,1,A,-,03,22350,NA,N,E,I,A,A,H,-,A,D,0,NA,NA,Y,NA,Y,NA,C,02,0,0,1,0,0,0,0,0,1,-,-,34.76999,-117.73143,LOS ANGELES,UNINCORPORATED,NA,NA
90288814,2016,2016-10-11,9565,2016-09-30,0815,021267,NA,5,1,9,1900,0,1,1,NA,2,012,I-105 W/B (GLENN ANDERSON FREEWAY),WESTERN AVE,250,E,N,A,-,Y,NA,NA,NA,NA,NA,NA,NA,NA,NA,Y,4,0,1,3,A,-,03,22350,NA,N,C,C,A,A,H,-,A,D,0,NA,NA,NA,NA,Y,NA,A,01,0,0,1,0,0,0,0,0,0,-,-,33.55342,-118.18252,LOS ANGELES,UNINCORPORATED,-118.30824405,33.92592612
90288817,2016,2016-10-11,9575,2016-09-13,1230,021340,NA,2,1,9,1900,0,1,3,NA,2,302,SR-2 (ANGELES CREST HIGHWAY),UPPER BIG TUJUNGA CNYN RD.,3168,E,N,C,E,Y,NA,NA,2,NA,NA,NA,NA,NA,NA,Y,4,0,2,2,A,-,05,21460,A,N,B,C,A,B,H,-,A,D,0,NA,NA,NA,NA,Y,NA,-,-,0,0,2,0,0,0,0,0,0,-,-,34.27276,-118.03182,LOS ANGELES,UNINCORPORATED,-118.03181755,34.27276926
9028882,2019,2020-01-24,1942,2019-11-06,0950,43676,LOSAN,3,5,7,1942,0,0,0,NA,0,12A15,VERMONT AV,SLAUSON AV,0,NA,Y,A,-,N,NA,NA,NA,NA,NA,NA,NA,NA,NA,N,4,0,1,2,A,-,10,21950,A,F,G,B,B,A,H,-,A,A,0,Y,NA,NA,NA,Y,NA,-,99,0,0,1,0,1,0,0,0,0,-,-,NA,NA,LOS ANGELES,LOS ANGELES,-118.29147338867188,33.989131927490234
90288830,2016,2016-10-11,9550,2016-10-01,0330,021107,NA,6,3,9,1900,0,1,1,NA,2,650,INTERSTATE 605 SB,PECK ROAD,100,N,N,A,-,Y,NA,NA,605,NA,NA,NA,NA,NA,S,Y,3,0,1,2,A,-,03,22350,NA,N,C,C,A,A,H,-,C,D,0,NA,NA,NA,Y,Y,NA,A,01,0,1,0,0,0,0,0,0,0,-,-,34.02793,-118.03649,LOS ANGELES,UNINCORPORATED,-118.03652368,34.02799168
90288847,2016,2016-10-11,9545,2016-08-14,1450,015021,NA,7,2,9,1900,0,3,5,NA,2,002,SIERRA HIGHWAY,TECHNOLOGY DRIVE,622,S,N,A,-,N,NA,NA,NA,NA,NA,NA,NA,NA,NA,N,4,0,2,2,A,-,04,21703,NA,N,C,C,A,A,H,-,A,A,0,NA,NA,NA,NA,Y,NA,A,01,0,0,2,0,0,0,0,0,0,-,-,NA,NA,LOS ANGELES,UNINCORPORATED,-118.11976476,34.59292666
9028885,2019,2020-01-28,1900,2019-11-29,2136,515235,1434,5,5,4,1937,0,0,0,NA,0,143T2,VALLEY BL,FERRERO LN,0,NA,Y,A,-,N,NA,NA,NA,NA,NA,NA,NA,NA,NA,Y,4,0,3,2,A,-,09,21803,A,N,D,C,A,A,H,-,C,A,0,NA,NA,NA,NA,Y,NA,A,01,0,0,3,0,0,0,0,0,0,-,-,34.01123046875,-117.93805694580078,LOS ANGELES,LA PUENTE,-117.93788146972656,34.01108169555664
90288860,2016,2016-10-11,9565,2016-09-29,1900,021303,NA,4,2,5,1965,0,1,1,NA,2,081,I-10 W/B (SANTA MONICA FWY),11TH ST,100,E,N,A,-,Y,NA,NA,10,NA,NA,NA,NA,NA,W,Y,4,0,1,4,A,-,03,22350,NA,N,C,C,A,A,H,-,C,D,0,NA,NA,NA,NA,Y,NA,A,01,0,0,1,0,0,0,0,0,0,-,-,34.01691,-118.48278,LOS ANGELES,SANTA MONICA,-118.48278393,34.01691535
90288862,2016,2016-10-11,9580,2016-09-29,1410,020619,NA,4,2,7,1942,0,1,2,NA,2,101,US-101 S/B (VENTURA FREEWAY),LAUREL CANYON BLVD,50,S,N,A,-,Y,NA,NA,101,NA,NA,NA,NA,NA,S,Y,4,0,2,3,A,-,03,22350,NA,N,C,C,A,A,H,-,A,A,0,NA,NA,NA,NA,Y,NA,A,01,0,0,2,0,0,0,0,0,0,-,-,34.15426,-118.39602,LOS ANGELES,LOS ANGELES,-118.39602021,34.15434026
90288873,2016,2016-10-11,9565,2016-09-30,2050,020595,NA,5,2,5,1928,0,1,1,NA,2,012,I-105 E/B (CENTURY FWY),PRAIRIE AVE,600,E,N,A,-,Y,NA,NA,105,NA,NA,NA,NA,NA,E,Y,3,0,3,2,A,-,03,22350,NA,N,C,C,A,A,H,-,C,D,0,NA,NA,NA,NA,Y,NA,A,01,0,2,1,0,0,0,0,0,0,-,-,33.92891,-118.34255,LOS ANGELES,HAWTHORNE,-118.34258379,33.92886163
90288877,2016,2016-10-11,9550,2016-10-02,0300,021107,NA,7,3,6,1920,0,1,1,NA,2,500,I-5 N/B,LAKEWOOD BOULEVARD,1600,N,N,A,-,Y,NA,NA,5,NA,NA,NA,NA,NA,N,Y,3,0,1,1,A,-,01,23152,A,N,E,I,A,A,H,-,C,D,0,NA,NA,NA,NA,Y,Y,A,01,0,1,0,0,0,0,0,0,0,-,-,33.96105,-118.11597,LOS ANGELES,DOWNEY,-118.11599351,33.96101745
90288883,2016,2016-10-11,9575,2016-09-29,0725,021342,NA,4,1,7,1942,0,1,1,NA,2,053,I-5 N/B (GOLDEN STATE FREEWAY),SHELDON STREET,1320,N,N,A,-,Y,NA,NA,5,NA,NA,NA,NA,NA,N,N,4,0,1,2,A,-,03,22350,NA,F,C,C,A,A,H,-,A,D,0,NA,NA,NA,NA,Y,NA,-,99,0,0,1,0,0,0,0,0,0,-,-,34.23263,-118.40844,LOS ANGELES,LOS ANGELES,-118.40844068,34.23262839
90288890,2016,2016-10-11,9525,2016-09-25,0055,021156,NA,7,3,6,1955,0,1,1,NA,2,107,I-10 W/B (SAN BERNARDINO FREEWAY),KELLOGG DR.,1056,E,N,A,-,Y,NA,NA,NA,NA,NA,NA,NA,NA,NA,Y,3,0,1,3,D,-,00,NA,NA,N,C,C,A,A,H,-,C,D,0,NA,NA,NA,NA,Y,NA,-,-,0,1,0,0,0,0,0,0,0,-,-,34.35312,-117.48309,LOS ANGELES,POMONA,-117.8086076,34.06441356
90288918,2016,2016-10-11,9580,2016-09-27,1335,020619,NA,2,1,7,1942,0,1,2,NA,2,103,US-101 S/B (VENTURA FREEWAY),VAN NUYS BLVD,0,NA,N,A,-,Y,NA,NA,101,NA,NA,NA,NA,NA,S,Y,3,0,1,1,A,-,01,23152,E,N,E,I,A,A,H,-,A,D,0,NA,NA,NA,NA,Y,NA,A,07,0,1,0,0,0,0,0,0,0,-,-,34.15835,-118.45697,LOS ANGELES,LOS ANGELES,-118.45699565,34.15826972
90288924,2016,2016-10-11,9565,2016-09-11,1830,019859,NA,7,2,9,1900,0,3,5,NA,2,004,106TH ST.,FREEMAN AVE.,350,E,N,A,-,N,NA,NA,NA,NA,NA,NA,NA,NA,NA,Y,3,0,1,2,A,-,01,23152,A,N,A,C,A,A,H,-,A,D,0,NA,NA,NA,NA,Y,Y,A,01,0,1,0,0,0,0,0,0,0,-,-,33.93997,-118.3473,LOS ANGELES,UNINCORPORATED,-118.34713825,33.94000864
90288926,2016,2016-10-11,9525,2016-09-19,0823,012772,NA,1,1,5,1906,0,1,1,NA,2,651,I-605 S/B (SAN GABRIEL RIVER FREEWAY),I-10,1056,N,N,A,-,Y,NA,NA,605,NA,NA,NA,NA,NA,S,Y,4,0,1,2,A,-,07,21658,A,M,B,C,A,A,H,-,A,D,0,NA,NA,NA,Y,Y,NA,F,26,0,0,1,0,0,0,0,0,0,-,-,34.06793,-118.00108,LOS ANGELES,BALDWIN PARK,-118.00071924,34.06793103
90288955,2016,2016-10-11,9545,2016-10-05,0455,018758,NA,3,3,9,1900,0,3,5,NA,2,003,SOLEDAD CANYON RD,ALISO CANYON RD,0,NA,Y,A,-,N,NA,NA,NA,NA,NA,NA,NA,NA,NA,Y,3,0,1,2,A,-,05,21752,D,N,D,C,A,A,H,-,D,D,0,NA,NA,NA,Y,Y,NA,D,22,0,1,0,0,0,0,0,0,0,-,-,34.47564,-118.17125,LOS ANGELES,UNINCORPORATED,-118.1712701,34.47556003
90288979,2016,2016-10-11,9565,2016-10-01,1310,019420,NA,6,1,7,1942,0,1,1,NA,2,064,I-405 S/B,MULHOLLAND DR,300,S,N,A,-,Y,NA,NA,NA,NA,NA,NA,NA,NA,NA,N,4,0,1,2,A,-,03,22350,NA,N,C,C,A,A,H,-,A,D,0,NA,NA,NA,NA,Y,NA,A,01,0,0,1,0,0,0,0,0,0,-,-,34.10634,-118.47995,LOS ANGELES,LOS ANGELES,-118.47632307,34.12562764
90289043,2016,2016-10-11,9550,2016-10-05,0845,019421,NA,3,1,9,1900,0,1,3,NA,2,600,SR-60 E/B,HACIENDA BOULEVARD,190,E,N,A,-,Y,NA,NA,60,NA,NA,NA,NA,NA,E,Y,4,0,2,4,A,-,03,22350,NA,N,C,C,A,A,H,-,A,D,0,NA,NA,NA,NA,Y,NA,A,07,0,0,2,0,0,0,0,0,0,-,-,34.00635,-117.96315,LOS ANGELES,UNINCORPORATED,-117.96312952,34.00641703
90289046,2016,2016-10-11,9590,2016-09-30,1310,017878,NA,5,1,7,1942,0,1,1,NA,2,500,I-110 NB (HARBOR FREEWAY),ADAMS BLVD,450,S,N,A,-,Y,NA,NA,110,NA,NA,NA,NA,NA,N,N,4,0,2,2,A,-,03,22350,NA,N,C,C,A,A,H,-,A,D,0,NA,NA,NA,NA,Y,NA,A,08,0,0,2,0,0,0,0,0,0,-,-,34.02485,-118.27584,LOS ANGELES,LOS ANGELES,-118.27591935,34.02490041
90289071,2016,2016-10-11,9550,2016-10-01,1645,017511,NA,6,2,1,1932,0,1,3,NA,2,600,SR-60 W/B (POMONA FREEWAY),CROSSROADS PARKWAY OVERCROSSING,400,E,N,A,-,Y,NA,NA,60,NA,NA,NA,NA,NA,W,Y,4,0,3,4,A,-,03,22350,NA,N,C,C,A,A,H,-,A,D,0,NA,NA,NA,NA,Y,NA,A,08,0,0,3,0,0,0,0,0,0,-,-,34.033,-118.025,LOS ANGELES,INDUSTRY,-118.024973,34.03305869
90289081,2016,2016-10-11,9580,2016-09-25,0940,014592,NA,7,1,7,1942,0,1,3,NA,2,117,SR-118 E/B (RONALD REAGAN FWY.),BALBOA BLVD,528,E,N,A,-,Y,NA,NA,118,NA,NA,NA,NA,NA,E,Y,4,0,1,1,A,-,08,22107,NA,N,E,I,A,A,H,-,A,D,0,NA,NA,NA,NA,Y,NA,A,01,0,0,1,0,0,0,0,0,0,-,-,34.27767,-118.49957,LOS ANGELES,LOS ANGELES,-118.49955492,34.27775038
90289086,2016,2016-10-11,9550,2016-10-07,0725,015449,NA,5,1,5,1908,0,1,3,NA,2,091,SR-91 W/B (ARTESIA FREEWAY),CLARK AVE.,1320,E,N,A,-,Y,NA,NA,91,NA,NA,NA,NA,NA,W,N,4,0,1,2,A,-,03,22350,NA,N,C,C,A,A,H,-,A,D,0,NA,NA,NA,NA,Y,NA,D,22,0,0,1,0,0,0,0,0,0,-,-,33.87629,-118.12949,LOS ANGELES,BELLFLOWER,-118.12949008,33.87628711
90289090,2016,2016-10-11,9565,2016-10-01,1159,016074,NA,6,1,7,1942,0,1,1,NA,2,062,I-405 N/B (SAN DIEGO FWY),PALMS BLVD,1000,S,N,A,-,Y,NA,NA,405,NA,NA,NA,NA,NA,N,Y,3,0,1,3,A,-,03,22350,NA,F,C,C,A,A,H,-,A,D,0,NA,NA,NA,NA,Y,NA,D,22,0,1,0,0,0,0,0,0,0,-,-,34.01733,-118.42218,LOS ANGELES,LOS ANGELES,-118.42230454,34.01723148
90289116,2016,2016-10-11,9575,2016-09-25,1055,021342,NA,7,1,6,1912,0,1,1,NA,2,051,I-5 N/B (GOLDEN STATE FREEWAY),BURBANK BLVD.,1320,N,N,A,-,Y,NA,NA,5,NA,NA,NA,NA,NA,N,Y,4,0,4,2,A,-,03,22350,NA,N,C,C,A,A,H,-,A,D,0,NA,NA,NA,NA,Y,NA,A,01,0,0,4,0,0,0,0,0,0,-,-,34.20375,-118.34114,LOS ANGELES,BURBANK,-118.34112366,34.20376118
90289125,2016,2016-10-11,9565,2016-10-02,0545,019420,NA,7,3,5,1928,0,2,4,NA,2,023,S. WESTERN AVE,111TH ST,300,N,N,A,-,N,NA,NA,NA,NA,NA,NA,NA,NA,NA,N,4,0,1,2,A,-,07,21658,A,M,B,C,A,A,H,-,C,A,0,NA,NA,NA,NA,Y,NA,-,99,0,0,1,0,0,0,0,0,0,-,-,34.93456,-118.30911,LOS ANGELES,HAWTHORNE,-118.30906,33.93464279
90289126,2016,2016-10-11,9530,2016-10-10,1600,014298,NA,1,2,7,1941,0,1,1,NA,2,430,I-405 N/B (SAN DIEGO FREEWAY),WOODRUFF AVENUE,528,S,N,A,-,Y,NA,NA,NA,NA,NA,NA,NA,NA,NA,Y,4,0,2,4,A,-,07,21658,A,N,B,C,A,A,H,-,A,D,0,NA,NA,NA,NA,Y,NA,A,01,0,0,2,0,0,0,0,0,0,-,-,33.48105,-118.64405,LOS ANGELES,LONG BEACH,-118.11333002,33.80107792
90289144,2016,2016-10-11,9530,2016-10-10,1720,018200,NA,1,2,7,1941,0,1,1,NA,2,420,I-405 S/B (SAN DIEGO FREEWAY),WALNUT AVE.,665,S,N,A,-,Y,NA,NA,NA,NA,NA,NA,NA,NA,NA,Y,4,0,2,2,A,-,03,22350,NA,N,C,C,A,A,H,-,A,D,0,NA,NA,NA,NA,Y,NA,A,07,0,0,2,0,0,0,0,0,0,-,-,33.48508,-118.10115,LOS ANGELES,LONG BEACH,-118.17197,33.81423
90289158,2016,2016-10-11,9575,2016-09-25,0235,020681,NA,7,3,7,1942,0,1,3,NA,2,044,SR-134 W/B (VENTURA FREEWAY),LANKERSHIM BLVD.,293,E,N,A,-,Y,NA,NA,134,NA,NA,NA,NA,NA,W,Y,3,0,2,1,A,-,01,23152,A,N,E,I,A,A,H,-,C,D,0,NA,NA,NA,NA,Y,Y,A,01,0,2,0,0,0,0,0,0,0,-,-,34.15338,-118.36482,LOS ANGELES,LOS ANGELES,-118.3648195,34.15336156
90289224,2016,2016-10-11,9525,2016-10-02,1535,021074,NA,7,2,1,1934,0,1,1,NA,2,204,I-210 E/B (FOOTHILL FREEWAY),I-605,500,E,N,A,-,Y,NA,NA,210,NA,NA,NA,NA,NA,E,Y,3,0,1,2,A,-,07,21658,A,N,B,C,A,A,H,-,A,D,0,NA,NA,NA,NA,Y,NA,D,22,0,1,0,0,0,0,0,0,0,-,-,34.13272,-117.95201,LOS ANGELES,IRWINDALE,-117.95200317,34.13273894
90289234,2016,2016-10-11,9575,2016-09-29,1448,020620,NA,4,2,7,1942,0,1,1,NA,2,060,I-210 W/B (FOOTHILL FREEWAY),OSBORNE STREET,145,E,N,A,-,Y,NA,NA,NA,NA,NA,NA,NA,NA,NA,N,4,0,2,3,A,-,03,22350,NA,N,C,C,A,A,H,-,A,D,0,NA,NA,NA,Y,Y,NA,F,27,0,0,2,0,0,0,0,0,0,-,-,34.27001,-118.37702,LOS ANGELES,LOS ANGELES,NA,NA
90289254,2016,2016-10-11,9575,2016-09-29,0540,020620,NA,4,3,9,1900,0,2,4,NA,2,310,BIG TUJUNGA CANYON RD.,BIG TUJNGA FIRE STATION,295,W,N,A,-,N,NA,NA,NA,NA,NA,NA,NA,NA,NA,Y,4,0,1,1,A,-,08,22107,NA,N,E,I,A,A,H,-,D,D,0,NA,NA,NA,NA,Y,NA,A,08,0,0,1,0,0,0,0,0,0,-,-,34.17243,-118.15473,LOS ANGELES,UNINCORPORATED,-118.22711076,34.2895731
9028930,2019,2020-02-07,1970,2019-11-14,0345,216,1970,4,5,4,1970,0,0,0,NA,0,004,FAIR OAKS AV,BANK ST,170,S,N,A,-,N,NA,NA,NA,NA,NA,NA,NA,NA,NA,Y,3,0,1,3,A,-,01,23152,A,N,A,E,A,A,H,-,C,D,0,NA,NA,NA,NA,Y,Y,A,07,0,1,0,0,0,0,0,0,0,-,-,NA,NA,LOS ANGELES,SOUTH PASADENA,-118.15049743652344,34.109474182128906
90289311,2016,2016-10-11,9525,2016-10-03,0033,021080,NA,1,3,6,1955,0,1,1,NA,2,108,I-10 E/B (SAN BERNARDINO FREEWAY),FAIRPLEX DR.,24,E,N,A,-,Y,NA,NA,10,NA,NA,NA,NA,NA,E,Y,3,0,2,2,A,-,01,23152,E,N,C,C,A,A,H,-,C,D,0,NA,NA,NA,NA,Y,NA,A,01,0,2,0,0,0,0,0,0,0,-,-,34.07269,-117.78754,LOS ANGELES,POMONA,-117.78754279,34.07271774
90289345,2016,2016-10-11,9525,2016-10-03,1420,020346,NA,1,2,4,1946,0,1,1,NA,2,202,I-210 E/B (FOOTHILL FREEWAY),MYRTLE AVE,2000,W,N,A,-,Y,NA,NA,210,NA,NA,NA,NA,NA,E,Y,3,0,1,1,A,-,08,22107,NA,N,E,I,A,A,H,-,A,D,0,NA,NA,NA,NA,Y,NA,A,01,0,1,0,0,0,0,0,0,0,-,-,34.1353,-118.00556,LOS ANGELES,MONROVIA,-118.00556,34.13540588
90289368,2016,2016-10-12,9550,2016-10-09,0030,021100,NA,7,3,5,1919,0,1,3,NA,2,091,STATE ROUTE 91 EASTBOUND,INTERSTATE 605,1353,W,N,A,-,Y,NA,NA,91,NA,NA,NA,NA,NA,E,Y,2,0,3,2,A,-,01,23152,A,N,C,E,A,A,H,-,C,D,0,NA,NA,NA,Y,Y,Y,A,01,2,1,0,0,0,0,0,0,0,-,-,33.87629,-118.10256,LOS ANGELES,CERRITOS,-118.1025603,33.87637459
90289380,2016,2016-10-11,9430,2016-10-04,1945,020255,NA,2,2,9,1900,0,1,1,NA,2,051,I-5 N/B (GOLDEN STATE FWY),GORMAN SCHOOL RD.,8501,S,N,A,-,Y,NA,NA,5,NA,NA,NA,NA,NA,N,Y,4,0,1,1,A,-,08,22107,NA,N,E,I,A,A,H,-,D,D,0,NA,NA,NA,NA,Y,NA,A,01,0,0,1,0,0,0,0,0,0,-,-,34.78599,-118.82613,LOS ANGELES,UNINCORPORATED,-118.82609575,34.78604811
90289409,2016,2016-10-11,9580,2016-10-02,0510,021013,NA,7,3,7,1942,0,1,2,NA,2,104,US-101 N/B (VENTURA FREEWAY),RESEDA BLVD,1000,N,N,A,-,Y,NA,NA,101,NA,NA,NA,NA,NA,N,Y,4,0,1,1,A,-,08,22107,NA,N,E,I,A,A,H,-,D,D,0,NA,NA,NA,NA,Y,NA,A,01,0,0,1,0,0,0,0,0,0,-,-,34.17343,-118.54212,LOS ANGELES,LOS ANGELES,-118.54211932,34.17347158
90289419,2016,2016-10-11,9580,2016-10-03,1510,019715,NA,1,2,7,1942,0,1,2,NA,2,101,US-101 S/B (VENTURA FREEWAY),WOODMAN AVE,500,S,N,A,-,Y,NA,NA,101,NA,NA,NA,NA,NA,S,N,4,0,1,2,A,-,03,22350,NA,N,C,C,A,A,H,-,A,D,0,NA,NA,NA,NA,Y,NA,A,01,0,0,1,0,0,0,0,0,0,-,-,34.1558,-118.4257,LOS ANGELES,LOS ANGELES,-118.42571178,34.15585297
90289420,2016,2016-10-11,9550,2016-10-06,2235,019293,NA,4,3,6,1949,0,1,1,NA,2,651,I-605 S/B,IMPERIAL HIGHWAY,500,S,N,A,-,Y,NA,NA,605,NA,NA,NA,NA,NA,S,Y,4,0,1,1,A,-,08,22107,NA,N,E,I,A,A,H,-,C,D,0,NA,NA,NA,NA,Y,NA,A,01,0,0,1,0,0,0,0,0,0,-,-,33.91353,-118.10519,LOS ANGELES,NORWALK,-118.10495011,33.91351588
90289444,2016,2016-10-11,9525,2016-10-03,1946,021097,NA,1,2,5,1990,0,1,3,NA,2,602,SR-60 E/B (POMONA FREEWAY),BREA CANYON RD.,1320,W,N,A,-,Y,NA,NA,60,NA,NA,NA,NA,NA,E,N,4,0,1,3,A,-,07,21658,A,N,B,C,A,A,H,-,C,D,0,NA,NA,NA,Y,Y,NA,A,01,0,0,1,0,0,0,0,0,0,-,-,33.99904,-117.85279,LOS ANGELES,DIAMOND BAR,-117.852789,33.99903343
90289462,2016,2016-10-11,9525,2016-10-04,0910,013274,NA,2,1,6,1955,0,1,3,NA,2,571,SR-57 S//B TO SR-71 S/B,I-10,500,S,N,A,-,Y,NA,NA,NA,NA,NA,NA,NA,NA,NA,Y,4,0,1,2,A,-,07,21658,A,N,B,C,A,A,H,-,A,D,0,NA,NA,NA,Y,Y,NA,A,01,0,0,1,0,0,0,0,0,0,-,-,34.06471,-117.79727,LOS ANGELES,POMONA,-117.80774642,34.06454437
90289468,2016,2016-10-11,9525,2016-10-04,0950,015445,NA,2,1,6,1975,0,1,1,NA,2,105,I-10 W/B (SAN BERNARDINO FREEWAY),HOLT AVE.,2000,E,N,A,-,Y,NA,NA,10,NA,NA,NA,NA,NA,W,N,3,0,4,2,A,-,03,22350,NA,N,C,C,A,A,H,-,A,D,0,NA,NA,NA,NA,Y,NA,A,01,0,3,1,0,0,0,0,0,0,-,-,34.0682,-117.8589,LOS ANGELES,WEST COVINA,-117.8589026,34.06818035
90289483,2016,2016-10-11,9565,2016-10-04,1340,016945,NA,2,1,7,1942,0,1,1,NA,2,062,I-405 S/B (SAN DIEGO FWY),NATIONAL BLVD,495,N,N,A,-,Y,NA,NA,405,NA,NA,NA,NA,NA,S,Y,4,0,1,3,A,-,03,22350,NA,N,C,C,A,A,H,-,A,D,0,NA,NA,NA,NA,Y,NA,A,01,0,0,1,0,0,0,0,0,0,-,-,34.02798,-118.4309,LOS ANGELES,LOS ANGELES,-118.43101522,34.02788885
90289507,2016,2016-10-12,9525,2016-10-04,1700,021375,NA,2,2,6,1955,0,1,1,NA,2,108,I-10 E/B (SAN BERNARDINO FREEWAY),FAIRPLEX DR.,250,W,N,A,-,Y,NA,NA,10,NA,NA,NA,NA,NA,E,Y,4,0,1,3,A,-,03,22350,NA,N,C,C,A,A,H,-,A,D,0,NA,NA,NA,NA,Y,NA,A,08,0,0,1,0,0,0,0,0,0,-,-,34.07244,-117.78915,LOS ANGELES,POMONA,-117.78916121,34.07249804
90289508,2016,2016-10-12,9565,2016-10-05,0750,016545,NA,3,1,9,1900,0,2,4,NA,1,032,SLAUSON AVE,SHENANDOAH AVE,60,E,N,A,-,N,NA,NA,NA,NA,NA,NA,NA,NA,NA,Y,4,0,1,2,A,-,03,22350,NA,N,C,C,A,A,H,-,A,A,0,NA,NA,NA,NA,Y,NA,A,01,0,0,1,0,0,0,0,0,0,-,-,33.78976,-118.78532,LOS ANGELES,UNINCORPORATED,-118.3774338,33.98853499
90289512,2016,2016-10-12,9565,2016-10-05,1640,020556,NA,3,2,9,1900,0,3,5,NA,2,006,WILSHIRE BOULEVARD,FEDERAL AVENUE,1000,E,N,A,-,N,NA,NA,NA,NA,NA,NA,NA,NA,NA,N,4,0,1,2,A,-,21,22106,NA,N,C,C,A,A,H,-,A,D,0,NA,NA,NA,NA,Y,NA,A,01,0,0,1,0,0,0,0,0,0,-,-,34.08357,-118.47461,LOS ANGELES,UNINCORPORATED,-118.45782621,34.05321379
90289519,2016,2016-10-12,9565,2016-10-05,1650,021303,NA,3,2,9,1900,0,1,1,NA,2,011,I-105 E/B GLEN ANDERSON FWY,INGLEWOOD AVE,860,E,N,A,-,Y,NA,NA,105,NA,NA,NA,NA,NA,E,N,4,0,1,2,A,-,03,22350,NA,N,C,C,A,A,H,-,A,D,0,NA,NA,NA,NA,Y,NA,A,01,0,0,1,0,0,0,0,0,0,-,-,33.93253,-118.35849,LOS ANGELES,UNINCORPORATED,-118.35851602,33.93261591
90289530,2016,2016-10-12,9565,2016-09-30,0750,019420,NA,5,1,7,1942,0,1,1,NA,2,064,I-405 SB,SKIRBALL CENTER DRIVE,600,S,N,A,-,Y,NA,NA,405,NA,NA,NA,NA,NA,S,N,4,0,1,2,A,-,03,22350,NA,N,C,C,A,A,H,-,A,D,0,NA,NA,NA,NA,Y,NA,A,01,0,0,1,0,0,0,0,0,0,-,-,34.11188,-118.48153,LOS ANGELES,LOS ANGELES,-118.48220898,34.11176088