CASE_ID,ACCIDENT_YEAR,PROC_DATE,JURIS,COLLISION_DATE,COLLISION_TIME,OFFICER_ID,REPORTING_DISTRICT,DAY_OF_WEEK,CHP_SHIFT,POPULATION,CNTY_CITY_LOC,SPECIAL_COND,BEAT_TYPE,CHP_BEAT_TYPE,CITY_DIVISION_LAPD,CHP_BEAT_CLASS,BEAT_NUMBER,PRIMARY_RD,SECONDARY_RD,DISTANCE,DIRECTION,INTERSECTION,WEATHER_1,WEATHER_2,STATE_HWY_IND,CALTRANS_COUNTY,CALTRANS_DISTRICT,STATE_ROUTE,ROUTE_SUFFIX,POSTMILE_PREFIX,POSTMILE,LOCATION_TYPE,RAMP_INTERSECTION,SIDE_OF_HWY,TOW_AWAY,COLLISION_SEVERITY,NUMBER_KILLED,NUMBER_INJURED,PARTY_COUNT,PRIMARY_COLL_FACTOR,PCF_CODE_OF_VIOL,PCF_VIOL_CATEGORY,PCF_VIOLATION,PCF_VIOL_SUBSECTION,HIT_AND_RUN,TYPE_OF_COLLISION,MVIW,PED_ACTION,ROAD_SURFACE,ROAD_COND_1,ROAD_COND_2,LIGHTING,CONTROL_DEVICE,CHP_ROAD_TYPE,PEDESTRIAN_ACCIDENT,BICYCLE_ACCIDENT,MOTORCYCLE_ACCIDENT,TRUCK_ACCIDENT,NOT_PRIVATE_PROPERTY,ALCOHOL_INVOLVED,STWD_VEHTYPE_AT_FAULT,CHP_VEHTYPE_AT_FAULT,COUNT_SEVERE_INJ,COUNT_VISIBLE_INJ,COUNT_COMPLAINT_PAIN,COUNT_PED_KILLED,COUNT_PED_INJURED,COUNT_BICYCLIST_KILLED,COUNT_BICYCLIST_INJURED,COUNT_MC_KILLED,COUNT_MC_INJURED,PRIMARY_RAMP,SECONDARY_RAMP,LATITUDE,LONGITUDE,COUNTY,CITY,POINT_X,POINT_Y
90297058,2016,2016-10-20,9565,2016-10-12,2035,020264,NA,3,2,7,1942,0,1,1,NA,2,063,I-405 S/B (SAN DIEGO FWY),OLYMPIC BLVD,850,N,N,A,-,Y,NA,NA,405,NA,NA,NA,NA,NA,S,Y,4,0,1,3,A,-,03,22350,NA,N,C,C,A,A,H,-,C,D,0,NA,NA,NA,NA,Y,NA,A,01,0,0,1,0,0,0,0,0,0,-,-,34.04095,-118.44168,LOS ANGELES,LOS ANGELES,-118.44165093,34.04097506
90297060,2016,2017-02-13,9565,2016-10-12,1600,016545,NA,3,2,9,1900,0,2,4,NA,1,054,ADMIRALTY WAY,BALI WAY,0,NA,Y,A,-,N,NA,NA,NA,NA,NA,NA,NA,NA,NA,N,2,0,1,2,A,-,09,21453,B,N,D,G,A,A,H,-,A,A,0,NA,Y,NA,NA,Y,NA,A,07,1,0,0,0,0,0,1,0,0,-,-,33.76942,-118.7644,LOS ANGELES,UNINCORPORATED,-118.44166011,33.98210011
90297070,2016,2016-10-20,9525,2016-10-16,1015,018761,NA,7,1,4,1905,0,1,1,NA,2,205,I-210 W/B (FOOTHILL FREEWAY),BARRANCA AVE,300,W,N,A,-,Y,NA,NA,210,NA,NA,NA,NA,NA,W,N,4,0,1,1,A,-,08,22107,NA,N,E,I,A,A,H,-,A,D,0,NA,NA,NA,NA,Y,NA,A,01,0,0,1,0,0,0,0,0,0,-,-,34.1211,-117.88281,LOS ANGELES,AZUSA,-117.88280956,34.12104706
90297170,2016,2016-10-20,9550,2016-10-10,0430,021311,NA,1,3,6,1949,0,1,1,NA,2,651,I-605 (SAN GABRIEL RIVER FWY) S/B,I-105 (CENTURY FWY) W/B,250,N,N,A,-,Y,NA,NA,605,NA,NA,NA,NA,NA,S,Y,3,0,1,1,A,-,08,22107,NA,N,F,A,A,A,H,-,C,D,0,NA,NA,Y,NA,Y,NA,C,02,0,1,0,0,0,0,0,0,1,-,-,33.91464,-118.10484,LOS ANGELES,NORWALK,-118.10490431,33.91464116
90297173,2016,2016-10-20,9575,2016-10-01,0455,020711,NA,6,3,7,1942,0,1,1,NA,2,053,I-5 S/B (GOLDEN STATE FREEWAY),OSBORNE STREET,600,N,N,A,-,Y,NA,NA,5,NA,NA,NA,NA,NA,S,Y,3,0,1,2,A,-,07,21658,A,N,B,C,A,A,H,-,C,D,0,NA,NA,NA,Y,Y,NA,A,01,0,1,0,0,0,0,0,0,0,-,-,34.24847,-118.42655,LOS ANGELES,LOS ANGELES,-118.42654326,34.24847714
90297183,2016,2016-10-20,9565,2016-10-12,1950,021163,NA,3,2,7,1942,0,1,1,NA,2,082,I-10 E/B (SANTA MONICA FREEWAY),I-405,300,W,N,A,-,Y,NA,NA,NA,NA,NA,NA,NA,NA,NA,Y,4,0,3,5,A,-,03,22350,NA,N,C,C,A,A,H,-,D,D,0,NA,NA,NA,NA,Y,NA,A,07,0,0,3,0,0,0,0,0,0,-,-,34.14804,-118.26284,LOS ANGELES,LOS ANGELES,-118.43454743,34.03105842
90297193,2016,2016-10-20,9530,2016-10-09,0419,020699,NA,7,3,7,1941,0,1,1,NA,2,420,I-405 N/B TO I-710 N/B,BAKER ST.,605,N,N,A,-,Y,NA,NA,405,NA,NA,NA,R,NA,N,Y,3,0,1,1,A,-,01,23152,A,N,E,I,A,A,H,-,C,D,0,NA,NA,NA,NA,Y,Y,A,01,0,1,0,0,0,0,0,0,0,-,-,33.82484,-118.20107,LOS ANGELES,LONG BEACH,-118.20107,33.82484
90297197,2016,2016-10-20,9565,2016-10-14,0715,016945,NA,5,1,7,1942,0,1,1,NA,2,062,I-405 S/B(SAN DIEGO FWY),I-10,210,N,N,B,-,Y,NA,NA,405,NA,NA,NA,NA,NA,S,N,4,0,1,2,A,-,03,22350,NA,N,C,C,A,A,H,-,A,D,0,NA,NA,NA,NA,Y,NA,A,01,0,0,1,0,0,0,0,0,0,-,-,34.03176,-118.43395,LOS ANGELES,LOS ANGELES,-118.43404949,34.03165344
90297204,2016,2016-10-20,9580,2016-10-17,0025,020876,NA,1,3,9,1900,0,1,3,NA,1,270,SR-27 S/B (TOPANGA CYN. BLVD.),WOODLAND CREST DR,1584,S,N,C,-,Y,NA,NA,27,NA,NA,NA,NA,NA,S,Y,4,0,3,2,A,-,01,23152,A,N,A,C,A,B,H,-,D,D,0,NA,NA,NA,NA,Y,Y,A,07,0,0,3,0,0,0,0,0,0,-,-,34.14173,-118.60357,LOS ANGELES,UNINCORPORATED,-118.60355963,34.14177954
90297222,2016,2016-10-20,9530,2016-10-19,0625,018385,NA,3,1,5,1977,0,1,1,NA,2,120,I-110 N/B (HARBOR FREEWAY),TORRANCE BLVD.,500,N,N,A,-,Y,NA,NA,110,NA,NA,NA,NA,NA,N,Y,4,0,1,2,A,-,03,22350,NA,F,C,C,A,A,H,-,C,D,0,NA,NA,Y,NA,Y,NA,C,02,0,0,1,0,0,0,0,0,1,-,-,33.8415,-118.28595,LOS ANGELES,CARSON,-118.28609903,33.84153578
90297249,2016,2016-10-20,9550,2016-10-14,0640,015449,NA,5,1,9,1900,0,1,1,NA,2,650,I-605 S/B (SAN GABRIEL RIVER FREEWAY),SARAGOSA ST.,600,N,N,B,-,Y,NA,NA,605,NA,NA,NA,NA,NA,S,N,4,0,1,3,A,-,03,22350,NA,N,C,C,A,A,H,-,C,D,0,NA,NA,Y,NA,Y,NA,A,01,0,0,1,0,0,0,0,0,1,-,-,33.98005,-118.07659,LOS ANGELES,UNINCORPORATED,-118.07663176,33.98009313
90297253,2016,2016-10-20,9535,2016-10-13,1545,020794,NA,4,2,6,1922,0,1,1,NA,2,110,I-10 (SAN BERNARDINO FREEWAY) E/B,VALLEY BLVD,1300,E,N,A,-,Y,NA,NA,10,NA,NA,NA,NA,NA,E,Y,4,0,1,3,A,-,03,22350,NA,N,C,C,A,A,H,-,A,D,0,NA,NA,NA,NA,Y,NA,A,01,0,0,1,0,0,0,0,0,0,-,-,34.06788,-118.02241,LOS ANGELES,EL MONTE,-118.02241709,34.06783371
90297270,2016,2016-10-20,9535,2016-10-01,2000,021305,NA,6,2,9,1900,0,3,5,NA,2,002,VERONA ST.,FRASER AVE.,0,NA,Y,A,-,N,NA,NA,NA,NA,NA,NA,NA,NA,NA,Y,4,0,1,2,A,-,12,22450,A,N,D,C,A,A,H,-,C,A,0,NA,NA,NA,NA,Y,NA,A,01,0,0,1,0,0,0,0,0,0,-,-,34.01954,-118.16224,LOS ANGELES,UNINCORPORATED,-118.1622501,34.01954001
90297317,2016,2016-10-20,9550,2016-10-14,1820,018150,NA,5,2,9,1900,0,1,1,NA,2,650,I-605 (N/B),ROSE HILLS ROAD,2000,N,N,A,-,Y,NA,NA,NA,NA,NA,NA,NA,NA,NA,N,4,0,2,2,A,-,03,22350,NA,N,C,C,A,A,H,-,C,D,0,NA,NA,NA,NA,Y,NA,A,01,0,0,2,0,0,0,0,0,0,-,-,34.0215,-118.04665,LOS ANGELES,UNINCORPORATED,NA,NA
90297332,2016,2016-10-20,9580,2016-10-18,0235,020296,NA,2,3,7,1942,0,1,2,NA,2,100,US-101 N/B (VENTURA FREEWAY),LAUREL CANYON BLVD,1250,N,N,A,-,Y,NA,NA,101,NA,NA,NA,NA,NA,N,N,4,0,1,2,A,-,03,22350,NA,M,C,C,A,A,H,-,D,D,0,NA,NA,NA,NA,Y,NA,-,99,0,0,1,0,0,0,0,0,0,-,-,34.15489,-118.3993,LOS ANGELES,LOS ANGELES,-118.39928674,34.15492823
90297335,2016,2016-10-20,9525,2016-10-17,1303,012772,NA,1,1,5,1906,0,1,1,NA,2,103,I-10 W/B (SAN BERNARDINO FREEWAY),FRANCISQUITO AVE,605,W,N,B,-,Y,NA,NA,NA,NA,NA,NA,NA,NA,NA,Y,4,0,1,4,A,-,03,22350,NA,N,C,C,A,A,H,-,A,D,0,NA,NA,NA,NA,Y,NA,A,01,0,0,1,0,0,0,0,0,0,-,-,34.06595,-117.96933,LOS ANGELES,BALDWIN PARK,-117.97624107,34.06844431
90297337,2016,2016-10-20,9535,2016-09-25,1448,019540,NA,7,2,5,1952,0,1,1,NA,2,100,I-105 E/B (CENTURY FREEWAY),GARFIELD AVE,1700,W,N,A,-,Y,NA,NA,105,NA,NA,NA,NA,NA,E,Y,3,0,3,5,A,-,08,22107,NA,N,C,C,A,A,H,-,A,D,0,NA,NA,NA,NA,Y,NA,A,07,0,1,2,0,0,0,0,0,0,-,-,33.91112,-118.17476,LOS ANGELES,PARAMOUNT,-118.17475717,33.91113668
90297346,2016,2016-10-20,9535,2016-09-24,1615,021305,NA,6,2,3,1914,0,1,1,NA,2,501,I-5 (SANTA ANA FREEWAY) S/B,GARFIELD AVE,500,N,N,A,-,Y,NA,NA,5,NA,NA,NA,NA,NA,S,N,4,0,1,2,A,-,07,21658,A,N,B,C,A,A,H,-,A,D,0,NA,NA,NA,NA,Y,NA,A,01,0,0,1,0,0,0,0,0,0,-,-,33.98862,-118.13864,LOS ANGELES,COMMERCE,-118.13863938,33.9886206
90297360,2016,2016-10-20,9565,2016-10-14,0735,020958,NA,5,1,5,1928,0,1,1,NA,2,010,I-105 WESTBOUND (CENTURY FREEWAY),HAWTHORNE BOULEVARD,100,E,N,B,-,Y,NA,NA,105,NA,NA,NA,NA,NA,W,Y,3,0,1,1,A,-,08,22107,NA,N,F,J,A,A,H,-,A,D,0,NA,NA,NA,NA,Y,NA,A,07,0,1,0,0,0,0,0,0,0,-,-,33.9335,-118.35104,LOS ANGELES,HAWTHORNE,-118.35103503,33.93352408
90297411,2016,2016-10-20,9525,2016-10-18,0820,014971,NA,2,1,5,1926,0,1,1,NA,2,205,I-210 W/B (FOOTHILL FREEWAY),BARRANCA AVE,115,E,N,A,-,Y,NA,NA,210,NA,NA,NA,NA,NA,W,N,4,0,1,2,A,-,07,21658,A,N,B,C,A,A,H,-,A,D,0,NA,NA,NA,Y,Y,NA,-,-,0,0,1,0,0,0,0,0,0,-,-,34.12112,-117.88091,LOS ANGELES,GLENDORA,-117.88090924,34.1210669
90297414,2016,2016-10-20,9575,2016-10-07,1923,020918,NA,5,2,7,1942,0,1,1,NA,2,052,I-5 S/B (GOLDEN STATE FREEWAY),ROSCOE BLVD.,100,N,N,A,-,Y,NA,NA,5,NA,NA,NA,NA,NA,S,Y,4,0,1,2,A,-,03,22350,NA,N,C,C,A,A,H,-,C,D,0,NA,NA,NA,NA,Y,NA,A,01,0,0,1,0,0,0,0,0,0,-,-,34.22141,-118.35999,LOS ANGELES,LOS ANGELES,-118.35998598,34.22142992
90297425,2016,2016-10-20,9550,2016-10-14,2155,020948,NA,5,2,1,1932,0,1,3,NA,2,602,SR-60 E/B,FAIRWAY DRIVE,2000,W,N,A,-,Y,NA,NA,60,NA,NA,NA,NA,NA,E,N,4,0,1,3,A,-,03,22350,NA,N,C,C,A,A,H,-,B,D,0,NA,NA,NA,NA,Y,NA,A,01,0,0,1,0,0,0,0,0,0,-,-,33.99518,-117.87676,LOS ANGELES,INDUSTRY,-117.87676197,33.99519301
90297439,2016,2016-10-20,9580,2016-10-15,1330,021241,NA,6,1,7,1942,0,1,1,NA,2,404,I-405 N/B (SAN DIEGO FWY),SEPULVEDA BLVD,528,S,N,A,-,Y,NA,NA,405,NA,NA,NA,NA,NA,N,Y,4,0,3,3,A,-,03,22350,NA,N,C,C,A,A,H,-,A,D,0,NA,NA,NA,Y,Y,NA,F,26,0,0,3,0,0,0,0,0,0,-,-,34.17197,-118.4672,LOS ANGELES,LOS ANGELES,-118.46754556,34.17196148
90297442,2016,2016-10-20,9525,2016-10-18,1514,021417,NA,2,2,1,1934,0,1,1,NA,2,204,I-210 E/B (FOOTHILL FREEWAY),IRWINDALE AVE,600,W,N,A,-,Y,NA,NA,210,NA,NA,NA,NA,NA,E,N,4,0,1,1,A,-,08,22107,NA,N,E,I,A,A,H,-,A,D,0,NA,NA,NA,NA,Y,NA,A,01,0,0,1,0,0,0,0,0,0,-,-,34.1289,-117.9406,LOS ANGELES,IRWINDALE,-117.94062139,34.12877122
90297456,2016,2016-10-20,9580,2016-10-14,1645,021241,NA,5,2,7,1942,0,1,2,NA,2,101,US-101 S/B (VENTURA FREEWAY),WOODMAN AVE,528,S,N,A,-,Y,NA,NA,101,NA,NA,NA,NA,NA,S,Y,4,0,1,3,A,-,03,22350,NA,N,C,C,A,A,H,-,A,D,0,NA,NA,NA,NA,Y,NA,D,22,0,0,1,0,0,0,0,0,0,-,-,34.15555,-118.42987,LOS ANGELES,LOS ANGELES,-118.42987011,34.15552351
90297461,2016,2016-10-20,9525,2016-10-18,1750,021417,NA,2,2,5,1902,0,1,1,NA,2,202,I-210 E/B (FOOTHILL FREEWAY),5TH AVE,100,E,N,A,-,Y,NA,NA,210,NA,NA,NA,NA,NA,E,N,4,0,2,2,A,-,03,22350,NA,N,C,C,A,A,H,-,B,D,0,NA,NA,NA,NA,Y,NA,A,01,0,0,2,0,0,0,0,0,0,-,-,34.1433,-118.0219,LOS ANGELES,ARCADIA,-118.02190324,34.14329322
9029747,2019,2020-01-25,1942,2019-11-27,1715,43578,1681,3,5,7,1942,0,0,0,P,0,16X24,LAUREL CANYON BL,PEDRIA ST,0,NA,Y,A,-,N,NA,NA,NA,NA,NA,NA,NA,NA,NA,N,4,0,1,3,A,-,12,21453,A,F,A,C,A,A,H,-,C,A,0,NA,NA,NA,NA,Y,NA,-,99,0,0,1,0,0,0,0,0,0,-,-,NA,NA,LOS ANGELES,LOS ANGELES,-118.39741,34.22601
90297478,2016,2016-10-20,9525,2016-10-19,1000,012772,NA,3,1,9,1900,0,3,5,NA,2,004,AMAR RD (14000 BLK),AMAR RD.,5,E,N,A,-,N,NA,NA,NA,NA,NA,NA,NA,NA,NA,N,3,0,1,2,A,-,10,21950,A,N,G,B,B,A,H,-,A,A,0,Y,NA,NA,Y,Y,NA,G,25,0,1,0,0,1,0,0,0,0,-,-,34.04454,-117.96276,LOS ANGELES,UNINCORPORATED,-117.99353818,34.06625638
9029748,2020,2020-05-18,1928,2020-01-08,0814,50239,514,3,5,5,1928,0,0,0,NA,0,504,138TH ST,HAWTHORNE BL,0,NA,Y,A,-,N,NA,NA,NA,NA,NA,NA,NA,NA,NA,NA,4,0,2,2,A,-,04,21703,NA,N,C,D,A,A,H,-,A,A,0,NA,NA,NA,NA,Y,NA,I,20,0,0,2,0,0,0,0,0,0,-,-,33.90597915649414,-118.35260772705078,LOS ANGELES,HAWTHORNE,-118.3527603149414,33.906349182128906
90297518,2016,2016-10-20,9580,2016-10-16,0320,020728,NA,7,3,7,1942,0,1,3,NA,2,170,SR-170 N/B (HOLLYWOOD FWY.),WHITSETT AVE,750,N,N,A,-,Y,NA,NA,170,NA,NA,NA,NA,NA,N,Y,4,0,2,2,A,-,03,22350,NA,N,C,C,A,A,H,-,C,D,0,NA,NA,NA,NA,Y,NA,A,01,0,0,2,0,0,0,0,0,0,-,-,34.20852,-118.40646,LOS ANGELES,LOS ANGELES,-118.40646646,34.20851825
90297519,2016,2016-10-20,9580,2016-10-14,0907,018448,NA,5,1,7,1942,0,1,2,NA,2,101,US-101 S/B (VENTURA FREEWAY),VINELAND AVE,100,S,N,A,-,Y,NA,NA,101,NA,NA,NA,NA,NA,S,Y,4,0,3,3,A,-,03,22350,NA,N,C,C,A,A,H,-,A,D,0,NA,NA,NA,NA,Y,NA,A,01,0,0,3,0,0,0,0,0,0,-,-,34.14645,-118.37053,LOS ANGELES,LOS ANGELES,-118.37029799,34.14678109
90297525,2016,2016-10-20,9575,2016-10-07,0505,020945,NA,5,3,7,1942,0,1,1,NA,2,053,I-5 N/B (GOLDEN STATE FREEWAY),TERRA BELLA ST.,700,S,N,A,-,Y,NA,NA,5,NA,NA,NA,NA,NA,N,Y,4,0,1,2,A,-,07,21658,A,N,B,C,A,A,H,-,C,D,0,NA,NA,NA,NA,Y,NA,A,01,0,0,1,0,0,0,0,0,0,-,-,34.25075,-118.42863,LOS ANGELES,LOS ANGELES,-118.42865267,34.25072588
90297526,2016,2016-10-20,9535,2016-10-18,0845,016276,NA,2,1,5,1901,0,1,1,NA,2,421,I-10 (SAN BERNARDINO FREEWAY) W/B,GARFIELD AVE,100,E,N,A,-,Y,NA,NA,10,NA,NA,NA,NA,NA,W,N,4,0,1,2,A,-,03,22350,NA,N,C,C,A,A,H,-,A,D,0,NA,NA,NA,NA,Y,NA,A,01,0,0,1,0,0,0,0,0,0,-,-,34.0718,-118.12287,LOS ANGELES,ALHAMBRA,-118.12287012,34.07180973
90297561,2016,2016-10-20,9525,2016-10-20,0725,012772,NA,4,1,9,1900,0,2,4,NA,2,045,VALLEY BLVD,ORANGE BLOSSOM AVE,0,NA,Y,A,-,N,NA,NA,NA,NA,NA,NA,NA,NA,NA,Y,4,0,1,2,A,-,09,21801,A,N,D,C,A,A,H,-,A,D,0,NA,NA,NA,NA,Y,NA,A,01,0,0,1,0,0,0,0,0,0,-,-,34.04807,-117.99446,LOS ANGELES,UNINCORPORATED,-117.9945,34.04829008
90297562,2016,2016-10-20,9530,2016-10-09,1520,021290,NA,7,2,5,1943,0,1,1,NA,2,210,I-105 E/B (GLENN ANDERSON FWY),LONG BEACH BLVD.,500,E,N,A,-,Y,NA,NA,NA,NA,NA,NA,NA,NA,NA,Y,4,0,2,3,A,-,03,22350,NA,N,C,C,A,A,H,-,A,D,0,NA,NA,NA,NA,Y,Y,A,01,0,0,2,0,0,0,0,0,0,-,-,33.5526,-118.1229,LOS ANGELES,LYNWOOD,-118.20986,33.92466
90297565,2016,2016-10-20,9580,2016-10-03,2115,017371,NA,1,2,7,1942,0,1,2,NA,2,105,US-101 S/B (VENTURA FREEWAY),TAMPA AVE,1584,S,N,A,-,Y,NA,NA,101,NA,NA,NA,NA,NA,S,Y,4,0,2,3,A,-,08,22107,NA,N,B,C,A,A,H,-,D,D,0,NA,NA,NA,NA,Y,NA,A,01,0,0,2,0,0,0,0,0,0,-,-,34.17349,-118.55155,LOS ANGELES,LOS ANGELES,-118.55155089,34.17343434
90297585,2016,2016-10-20,9580,2016-10-10,1020,017228,NA,1,1,7,1942,0,1,2,NA,2,100,US-101 N/B TO VINELAND AVE,VINELAND AVENUE,100,S,N,A,-,Y,NA,NA,101,NA,NA,NA,R,NA,N,Y,4,0,1,1,A,-,08,22107,NA,N,E,I,A,A,H,-,A,D,0,NA,NA,NA,NA,Y,NA,A,01,0,0,1,0,0,0,0,0,0,-,-,34.14661,-118.36931,LOS ANGELES,LOS ANGELES,-118.36931,34.14661
90297604,2016,2016-10-20,9530,2016-10-10,1610,014661,NA,1,2,7,1941,0,1,1,NA,2,430,I-405 S/B (SAN DIEGO FREEWAY),TEMPLE AVE.,80,S,N,A,-,Y,NA,NA,405,NA,NA,NA,NA,NA,S,Y,4,0,1,2,A,-,03,22350,NA,N,C,C,A,A,H,-,A,D,0,NA,NA,NA,NA,Y,NA,A,01,0,0,1,0,0,0,0,0,0,-,-,33.8099,-118.1586,LOS ANGELES,LONG BEACH,-118.15862669,33.80985517
90297622,2016,2016-10-20,9565,2016-10-15,1900,020752,NA,6,2,7,1942,0,1,1,NA,2,063,I-405 S/B (SAN DIEGO FREEWAY),OLYMPIC BLVD,1000,N,N,A,-,Y,NA,NA,405,NA,NA,NA,NA,NA,S,N,4,0,1,2,A,-,03,22350,NA,N,C,C,A,A,H,-,D,D,0,NA,NA,NA,NA,Y,NA,A,01,0,0,1,0,0,0,0,0,0,-,-,34.04175,-118.44233,LOS ANGELES,LOS ANGELES,-118.44232367,34.04175545
9029763,2019,2020-01-25,1942,2019-12-26,0515,42324,1779,4,5,7,1942,0,0,0,Q,0,17A67,NORDHOFF ST,HASKELL AV,0,NA,Y,B,-,N,NA,NA,NA,NA,NA,NA,NA,NA,NA,Y,2,0,2,2,A,-,12,22450,A,N,D,C,A,B,H,-,C,B,0,NA,NA,NA,NA,Y,NA,-,NA,1,0,1,0,0,0,0,0,0,-,-,NA,NA,LOS ANGELES,LOS ANGELES,-118.4763412475586,34.23556900024414
90297631,2016,2016-10-20,9535,2016-09-30,1650,013989,NA,5,2,9,1900,0,1,1,NA,2,650,I-605 N/B (SAN GABRIEL RIVER FWY),VALLEY BLVD.,2000,S,N,A,-,Y,NA,NA,605,NA,NA,NA,NA,NA,N,Y,4,0,2,5,A,-,03,22350,NA,N,C,C,A,A,H,-,A,D,0,NA,NA,NA,NA,Y,NA,A,01,0,0,2,0,0,0,0,0,0,-,-,34.05113,-118.00589,LOS ANGELES,UNINCORPORATED,-118.00589269,34.05113149
90297640,2016,2016-10-20,9535,2016-09-24,2315,021167,NA,6,3,9,1900,0,2,4,NA,2,025,ATLANTIC BLVD. (1300 BLOCK),UNION PACIFIC AVE,100,S,N,A,-,N,NA,NA,NA,NA,NA,NA,NA,NA,NA,Y,3,0,1,2,A,-,11,21954,A,N,G,B,D,A,H,-,C,D,0,Y,NA,NA,NA,Y,NA,N,60,0,1,0,0,1,0,0,0,0,-,-,34.01344,-118.15927,LOS ANGELES,UNINCORPORATED,-118.15927717,34.01385342
90297647,2016,2016-10-20,9535,2016-10-01,1730,021305,NA,6,2,9,1900,0,2,4,NA,2,024,WHITTIER BLVD.,BURGER AVE.,0,NA,Y,A,-,N,NA,NA,NA,NA,NA,NA,NA,NA,NA,Y,4,0,3,2,A,-,09,21802,A,N,D,C,A,A,H,-,A,A,0,NA,NA,NA,NA,Y,NA,A,01,0,0,3,0,0,0,0,0,0,-,-,34.02357,-118.17206,LOS ANGELES,UNINCORPORATED,-118.1721201,34.02353001
90297650,2016,2016-10-20,9535,2016-10-07,1400,021305,NA,5,2,9,1900,0,2,4,NA,2,024,WHITTIER BLVD.,ATLANTIC BLVD.,0,NA,Y,A,-,N,NA,NA,NA,NA,NA,NA,NA,NA,NA,Y,4,0,1,2,A,-,09,21801,A,N,A,C,A,A,H,-,A,A,0,NA,NA,NA,NA,Y,NA,A,01,0,0,1,0,0,0,0,0,0,-,-,34.0204,-118.15729,LOS ANGELES,UNINCORPORATED,-118.15729011,34.02041005
9029767,2019,2020-01-25,1942,2019-12-22,1045,43941,1756,7,5,7,1942,0,0,0,Q,0,17A23,BALBOA,MAYALL ST,110,S,N,A,-,N,NA,NA,NA,NA,NA,NA,NA,NA,NA,Y,3,0,1,2,A,-,03,22350,NA,N,C,E,A,A,H,-,A,D,0,NA,NA,NA,NA,Y,NA,-,NA,0,1,0,0,0,0,0,0,0,-,-,NA,NA,LOS ANGELES,LOS ANGELES,-118.50237274169922,34.25354766845703
90297676,2016,2016-10-20,9565,2016-10-16,1900,020785,NA,7,2,5,1965,0,1,1,NA,2,081,I-10 E/B (SANTA MONICA FREEWAY),17TH ST,200,E,N,A,-,Y,NA,NA,10,NA,NA,NA,NA,NA,E,Y,4,0,1,3,A,-,03,22350,NA,N,C,C,A,A,H,-,B,D,0,NA,NA,Y,NA,Y,NA,A,01,0,0,1,0,0,0,0,0,1,-,-,34.01979,-118.47892,LOS ANGELES,SANTA MONICA,-118.47893428,34.01980776
90297681,2016,2016-10-20,9565,2016-10-17,0345,021011,NA,1,3,7,1942,0,1,1,NA,2,061,I-405 S/B (SAN DIEGO FREEWAY),LA TIJERA BLVD,150,N,N,C,-,Y,NA,NA,405,NA,NA,NA,NA,NA,S,Y,4,0,1,1,A,-,03,22350,NA,N,E,J,A,B,H,-,D,D,0,NA,NA,NA,NA,Y,NA,A,01,0,0,1,0,0,0,0,0,0,-,-,33.972,-118.3785,LOS ANGELES,LOS ANGELES,-118.37850552,33.97198965
90297688,2016,2016-10-21,9565,2016-10-17,0645,021231,NA,1,1,5,1928,0,1,1,NA,2,012,I-105 E/B FROM 120TH ST.,120TH ST,1500,W,N,C,-,Y,NA,NA,105,NA,NA,NA,R,NA,E,Y,4,0,2,1,A,-,03,22350,NA,N,E,I,A,B,H,-,A,D,0,NA,NA,NA,NA,Y,NA,A,01,0,0,2,0,0,0,0,0,0,-,-,33.92461,-118.3296,LOS ANGELES,HAWTHORNE,-118.3296,33.92461
90297693,2016,2016-11-23,9565,2016-10-18,1100,020800,NA,2,1,9,1900,0,1,1,NA,2,012,I-105 W/B (CENTURY FWY),WESTERN AVE,100,W,N,A,-,Y,NA,NA,105,NA,NA,NA,NA,NA,W,Y,4,0,1,1,A,-,08,22107,NA,N,F,A,A,A,H,-,A,D,0,NA,NA,Y,NA,Y,NA,C,02,0,0,1,0,0,0,0,0,1,-,-,33.92571,-118.30974,LOS ANGELES,UNINCORPORATED,-118.30974558,33.92576263
90297701,2016,2016-10-21,9550,2016-10-14,0326,021100,NA,5,3,5,1976,0,1,1,NA,2,650,INTERSTATE 605 S/B,SARAGOSA ST.,550,N,N,A,-,Y,NA,NA,NA,NA,NA,NA,NA,NA,NA,Y,3,0,1,2,A,-,03,22350,NA,N,B,C,A,A,H,-,C,D,0,NA,NA,NA,NA,Y,NA,A,01,0,1,0,0,0,0,0,0,0,-,-,33.97996,-118.07673,LOS ANGELES,WHITTIER,-118.07673776,33.97998609
9029771,2019,2020-01-25,1942,2019-12-16,0100,43732,1679,1,5,7,1942,0,0,0,P,0,16A59,LATUNA CANYON RD,RT 210,7920,W,N,A,-,N,NA,NA,NA,NA,NA,NA,NA,NA,NA,Y,4,0,3,1,A,-,08,22107,NA,N,E,J,A,A,H,-,D,D,0,NA,NA,NA,NA,Y,NA,A,01,0,0,3,0,0,0,0,0,0,-,-,NA,NA,LOS ANGELES,LOS ANGELES,-118.31560516357422,34.23457717895508