CASE_ID,ACCIDENT_YEAR,PROC_DATE,JURIS,COLLISION_DATE,COLLISION_TIME,OFFICER_ID,REPORTING_DISTRICT,DAY_OF_WEEK,CHP_SHIFT,POPULATION,CNTY_CITY_LOC,SPECIAL_COND,BEAT_TYPE,CHP_BEAT_TYPE,CITY_DIVISION_LAPD,CHP_BEAT_CLASS,BEAT_NUMBER,PRIMARY_RD,SECONDARY_RD,DISTANCE,DIRECTION,INTERSECTION,WEATHER_1,WEATHER_2,STATE_HWY_IND,CALTRANS_COUNTY,CALTRANS_DISTRICT,STATE_ROUTE,ROUTE_SUFFIX,POSTMILE_PREFIX,POSTMILE,LOCATION_TYPE,RAMP_INTERSECTION,SIDE_OF_HWY,TOW_AWAY,COLLISION_SEVERITY,NUMBER_KILLED,NUMBER_INJURED,PARTY_COUNT,PRIMARY_COLL_FACTOR,PCF_CODE_OF_VIOL,PCF_VIOL_CATEGORY,PCF_VIOLATION,PCF_VIOL_SUBSECTION,HIT_AND_RUN,TYPE_OF_COLLISION,MVIW,PED_ACTION,ROAD_SURFACE,ROAD_COND_1,ROAD_COND_2,LIGHTING,CONTROL_DEVICE,CHP_ROAD_TYPE,PEDESTRIAN_ACCIDENT,BICYCLE_ACCIDENT,MOTORCYCLE_ACCIDENT,TRUCK_ACCIDENT,NOT_PRIVATE_PROPERTY,ALCOHOL_INVOLVED,STWD_VEHTYPE_AT_FAULT,CHP_VEHTYPE_AT_FAULT,COUNT_SEVERE_INJ,COUNT_VISIBLE_INJ,COUNT_COMPLAINT_PAIN,COUNT_PED_KILLED,COUNT_PED_INJURED,COUNT_BICYCLIST_KILLED,COUNT_BICYCLIST_INJURED,COUNT_MC_KILLED,COUNT_MC_INJURED,PRIMARY_RAMP,SECONDARY_RAMP,LATITUDE,LONGITUDE,COUNTY,CITY,POINT_X,POINT_Y
90297710,2016,2016-10-21,9580,2016-10-13,0140,015831,NA,4,3,7,1942,0,1,3,NA,2,170,SR-170 N/B (HOLLYWOOD FWY.),VANOWEN ST,100,N,N,A,-,Y,NA,NA,170,NA,NA,NA,NA,NA,N,Y,2,0,1,1,A,-,01,23152,A,N,E,J,A,A,H,-,C,D,0,NA,NA,Y,NA,Y,Y,C,02,1,0,0,0,0,0,0,0,1,-,-,34.193600000000004,-118.4024,LOS ANGELES,LOS ANGELES,-118.40229878,34.19361333
90297720,2016,2016-10-27,9550,2016-10-19,2140,020795,NA,3,2,6,1949,0,1,1,NA,2,150,INTERSTATE 105 (GLENN ANDERSON FWY),STUDEBAKER ROAD,40,W,N,A,-,Y,NA,NA,105,NA,NA,NA,NA,NA,NA,Y,4,0,1,3,A,-,01,23152,A,N,C,C,A,A,H,-,C,D,0,NA,NA,NA,NA,Y,Y,A,01,0,0,1,0,0,0,0,0,0,-,-,33.91419,-118.09936,LOS ANGELES,NORWALK,-118.09936017,33.91426472
90297730,2016,2016-10-21,9565,2016-10-20,0850,020958,NA,4,1,6,1933,0,1,1,NA,2,060,I-405 SOUTHBOUND (SAN DIEGO FREEWAY),FLORENCE AVENUE,75,S,N,A,-,Y,NA,NA,NA,NA,NA,NA,NA,NA,NA,N,4,0,2,2,A,-,03,22350,NA,N,C,C,A,A,H,-,A,D,0,NA,NA,NA,NA,Y,NA,A,07,0,0,2,0,0,0,0,0,0,-,-,33.96258,-118.37112,LOS ANGELES,INGLEWOOD,-118.36999487,33.96340949
90297738,2016,2016-10-21,9525,2016-10-06,0455,021392,NA,4,3,5,1990,0,1,3,NA,2,602,SR-60 E/B (POMONA FREEWAY),GRAND AVE,528,W,N,A,-,Y,NA,NA,60,NA,NA,NA,NA,NA,E,Y,3,0,1,2,A,-,07,21658,A,N,C,C,A,A,H,-,D,D,0,NA,NA,NA,Y,Y,NA,A,01,0,1,0,0,0,0,0,0,0,-,-,34.01267,-117.82047,LOS ANGELES,DIAMOND BAR,-117.82055398,34.01275091
90297742,2016,2016-10-21,9565,2016-10-10,0720,021200,NA,1,1,9,1900,0,3,5,NA,2,004,LA CIENEGA BLVD N/B,LENNOX BLVD,300,S,N,A,-,N,NA,NA,NA,NA,NA,NA,NA,NA,NA,Y,4,0,1,2,A,-,03,22350,NA,N,C,C,A,A,H,-,A,A,0,NA,NA,NA,NA,Y,NA,A,01,0,0,1,0,0,0,0,0,0,-,-,33.93741,-118.36991,LOS ANGELES,UNINCORPORATED,-118.37012543,33.93734717
90297754,2016,2016-10-21,9530,2016-10-15,1300,021310,NA,6,1,7,1942,0,1,1,NA,2,110,I-110 N/B (HARBOR FREEWAY),I-105 E/B (GLENN ANDERSON FWY),300,S,N,A,-,Y,NA,NA,NA,NA,NA,NA,NA,NA,NA,Y,3,0,1,2,A,-,03,22350,NA,N,C,C,A,A,H,-,A,D,0,NA,NA,NA,NA,Y,NA,A,01,0,1,0,0,0,0,0,0,0,-,-,33.5539,-118.165,LOS ANGELES,LOS ANGELES,NA,NA
90297762,2016,2016-10-21,9545,2016-10-14,0920,018758,NA,5,1,9,1900,0,3,5,NA,2,004,AVENUE N,70TH ST  E,0,NA,Y,A,-,N,NA,NA,NA,NA,NA,NA,NA,NA,NA,Y,4,0,1,2,A,-,03,22350,NA,N,C,C,A,A,H,-,A,A,0,NA,NA,NA,NA,Y,NA,A,01,0,0,1,0,0,0,0,0,0,-,-,34.63117,-118.00581,LOS ANGELES,UNINCORPORATED,-118.00532012,34.63105006
90297776,2016,2016-10-21,9540,2016-10-12,1205,016362,NA,3,1,9,1900,0,1,3,NA,1,143,SR 14 S/B (ANTELOPE VALLEY FREEWAY),SIERRA HIGHWAY,2640,N,N,A,-,Y,NA,NA,14,NA,NA,NA,NA,NA,S,Y,3,0,1,4,A,-,03,22350,NA,F,B,C,A,A,H,-,A,D,0,NA,NA,NA,NA,Y,NA,D,22,0,1,0,0,0,0,0,0,0,-,-,34.34271,-118.50563,LOS ANGELES,UNINCORPORATED,-118.50558873,34.34269328
90297800,2016,2016-10-21,9525,2016-10-14,0535,015445,NA,5,3,6,1975,0,1,1,NA,2,106,I-10 EASTBOUND TO AZUSA AVE.,AZUSA AVE.,800,W,N,A,-,Y,NA,NA,10,NA,NA,NA,R,NA,E,Y,3,0,2,1,A,-,08,22107,NA,N,E,I,A,A,H,-,C,D,0,NA,NA,NA,NA,Y,NA,A,01,0,1,1,0,0,0,0,0,0,-,-,34.0719,-117.9104,LOS ANGELES,WEST COVINA,-117.9104,34.0719
90297801,2016,2016-10-21,9540,2016-10-13,1635,020733,NA,4,2,6,1985,0,1,3,NA,1,142,SR-14 N/B (ANTELOPE VALLEY FREEWAY),NEWHALL AVE,330,S,N,A,-,Y,NA,NA,14,NA,NA,NA,NA,NA,N,Y,3,0,1,2,A,-,03,22350,NA,N,C,C,A,A,H,-,A,D,0,NA,NA,Y,NA,Y,NA,A,01,0,1,0,0,0,0,0,0,1,-,-,34.36422,-118.50399,LOS ANGELES,SANTA CLARITA,-118.50390024,34.36416945
90297807,2016,2016-10-21,9565,2016-10-12,2040,020264,NA,3,2,7,1942,0,1,1,NA,2,063,I-405 S/B (SAN DIEGO FWY),SANTA MONICA BLVD,1200,S,N,A,-,Y,NA,NA,405,NA,NA,NA,NA,NA,S,Y,4,0,1,3,A,-,03,22350,NA,N,C,C,A,A,H,-,C,D,0,NA,NA,NA,NA,Y,NA,A,07,0,0,1,0,0,0,0,0,0,-,-,34.04418,-118.4446,LOS ANGELES,LOS ANGELES,-118.44449318,34.04427208
90297852,2016,2016-10-21,9575,2016-10-10,0720,020030,NA,1,1,7,1942,0,1,1,NA,2,052,I-5 S/B (GOLDEN STATE FREEWAY),SHELDON ST.,500,S,N,A,-,Y,NA,NA,5,NA,NA,NA,NA,NA,S,Y,4,0,1,3,A,-,03,22350,NA,F,C,C,A,A,H,-,A,D,0,NA,NA,NA,NA,Y,NA,A,01,0,0,1,0,0,0,0,0,0,-,-,34.23093,-118.40105,LOS ANGELES,LOS ANGELES,-118.40103587,34.23101806
90297869,2016,2016-10-21,9525,2016-10-13,1115,014971,NA,4,1,4,1946,0,1,1,NA,2,202,I-210 E/B (FOOTHILL FREEWAY),MYRTLE AVE,3168,W,N,A,-,Y,NA,NA,210,NA,NA,NA,NA,NA,E,Y,4,0,1,2,A,-,08,22107,NA,N,E,I,A,A,H,-,A,D,0,NA,NA,NA,Y,Y,NA,A,01,0,0,1,0,0,0,0,0,0,-,-,34.13643,-118.0105,LOS ANGELES,MONROVIA,-118.01046901,34.13652967
90297887,2016,2016-10-21,9575,2016-10-10,2315,021188,NA,1,3,7,1942,0,1,1,NA,2,052,I-5 S/B (GOLDEN STATE FREEWAY),ROSCOE BLVD.,100,S,N,A,-,Y,NA,NA,5,NA,NA,NA,NA,NA,S,Y,4,0,1,1,A,-,08,22107,NA,N,E,I,A,A,H,-,C,D,0,NA,NA,NA,NA,Y,NA,A,01,0,0,1,0,0,0,0,0,0,-,-,34.22123,-118.35923,LOS ANGELES,LOS ANGELES,-118.35923757,34.22120702
90297937,2016,2016-10-21,9550,2016-10-17,1730,020070,NA,1,2,6,1949,0,1,1,NA,2,150,I-105 E/B TO I-605 S/B,ROSECRANS AVE.,1000,N,N,A,-,Y,NA,NA,NA,NA,NA,NA,NA,NA,NA,N,4,0,1,2,A,-,03,22350,NA,N,C,C,A,A,H,-,A,D,0,NA,NA,NA,NA,Y,NA,D,22,0,0,1,0,0,0,0,0,0,-,-,33.90577,-118.10551,LOS ANGELES,NORWALK,NA,NA
90297966,2016,2016-10-21,9575,2016-10-11,2136,017414,NA,2,2,6,1953,0,1,1,NA,2,064,I-210 W/B (FOOTHILL FREEWAY),WILSON AVE.,100,W,N,A,-,Y,NA,NA,210,NA,NA,NA,NA,NA,W,N,4,0,1,2,A,-,07,21658,A,N,B,C,A,A,H,-,C,D,0,NA,NA,NA,Y,Y,NA,G,25,0,0,1,0,0,0,0,0,0,-,-,34.1521,-118.12906,LOS ANGELES,PASADENA,-118.12905671,34.15198226
90297967,2016,2016-10-21,9525,2016-10-13,2152,020544,NA,4,2,5,1926,0,1,1,NA,2,206,I-210 E/B (FOOTHILL FREEWAY),BONNIE COVE AVE,528,W,N,A,-,Y,NA,NA,210,NA,NA,NA,NA,NA,E,Y,4,0,1,2,A,-,07,21658,A,N,B,C,A,A,H,-,C,D,0,NA,NA,NA,Y,Y,NA,A,01,0,0,1,0,0,0,0,0,0,-,-,34.11727,-117.85711,LOS ANGELES,GLENDORA,-117.85710802,34.11725569
90297980,2016,2016-10-21,9530,2016-10-18,1715,017666,NA,2,2,9,1900,0,3,5,NA,2,004,S. ALAMEDA ST. (17900 BLOCK),E. MANVILLE ST,900,S,N,A,-,N,NA,NA,NA,NA,NA,NA,NA,NA,NA,N,3,0,1,2,A,-,07,21658,A,N,B,C,A,A,H,-,A,D,0,NA,NA,Y,NA,Y,NA,A,01,0,1,0,0,0,0,0,0,1,-,-,33.8673,-118.216,LOS ANGELES,UNINCORPORATED,-118.21599355,33.86811296
90297984,2016,2016-10-21,9525,2016-10-14,0740,018364,NA,5,1,4,1960,0,1,3,NA,2,571,SR-57 S/B-FROM-COVINA BOULEVARD,COVINA BOULEVARD U/C,700,S,N,B,-,Y,NA,NA,57,NA,NA,NA,NA,NA,S,Y,3,0,1,2,A,-,03,22350,NA,N,C,C,A,A,H,-,A,D,0,NA,NA,NA,NA,Y,NA,A,07,0,1,0,0,0,0,0,0,0,-,-,34.09662,-117.8198,LOS ANGELES,SAN DIMAS,-117.81956109,34.09661539
90297998,2016,2016-10-21,9550,2016-10-13,0200,020795,NA,4,3,9,1900,0,2,4,NA,1,021,CARMENITA ROAD,FLORENCE AVENUE,616,S,N,A,-,Y,NA,NA,NA,NA,NA,NA,NA,NA,NA,Y,3,0,1,1,A,-,08,22107,NA,N,E,I,A,A,H,-,C,D,0,NA,NA,Y,NA,Y,NA,C,02,0,1,0,0,0,0,0,0,1,-,-,33.93557,-118.0465,LOS ANGELES,UNINCORPORATED,-118.04658,33.93451124
90298001,2016,2016-10-21,9590,2016-10-14,1945,021133,NA,5,2,7,1942,0,1,1,NA,2,085,I-5 S/B (GOLDEN STATE FREEWAY),FLETCHER DRIVE,1500,N,N,A,-,Y,NA,NA,NA,NA,NA,NA,NA,NA,NA,Y,4,0,1,2,A,-,03,22350,NA,N,C,C,A,A,H,-,C,D,0,NA,NA,NA,NA,Y,NA,A,01,0,0,1,0,0,0,0,0,0,-,-,34.63136,-118.15368,LOS ANGELES,LOS ANGELES,-118.26006535,34.10871867
90298024,2016,2016-10-21,9535,2016-10-10,2020,021363,NA,1,2,9,1900,0,2,4,NA,2,024,WHITTIER BLVD,VANCOUVER AVE,0,NA,Y,A,-,N,NA,NA,NA,NA,NA,NA,NA,NA,NA,N,4,0,1,2,A,-,09,21801,A,N,D,C,A,A,H,-,C,D,0,NA,NA,Y,NA,Y,NA,A,01,0,0,1,0,0,0,0,0,1,-,-,34.02085,-118.15924,LOS ANGELES,UNINCORPORATED,-118.15974006,34.02094002
90298054,2016,2016-10-21,9535,2016-10-14,1724,018188,NA,5,2,9,1900,0,1,1,NA,2,650,I-605 (SAN GABRIEL RIVER FWY) N/B,VALLEY BLVD,1056,S,N,A,-,Y,NA,NA,605,NA,NA,NA,NA,NA,N,Y,4,0,1,2,A,-,03,22350,NA,N,C,C,A,A,H,-,A,D,0,NA,NA,NA,NA,Y,NA,A,01,0,0,1,0,0,0,0,0,0,-,-,34.04803,-118.00757,LOS ANGELES,UNINCORPORATED,-118.00763768,34.0480667
90298068,2016,2016-10-21,9550,2016-10-13,1550,019954,NA,4,2,9,1900,0,2,4,NA,1,051,NOGALES STREET,GALE AVENUE,30,S,N,A,-,N,NA,NA,NA,NA,NA,NA,NA,NA,NA,N,4,0,1,2,D,-,00,NA,NA,N,C,C,A,A,H,-,A,D,0,NA,NA,NA,NA,Y,NA,-,-,0,0,1,0,0,0,0,0,0,-,-,33.99588,-117.88836,LOS ANGELES,UNINCORPORATED,-117.88842963,33.99622815
90298076,2016,2016-10-21,9540,2016-10-12,0915,021389,NA,3,1,9,1900,0,3,5,NA,2,008,VALENCIA BLVD,WILLOWBROOK AVE,0,NA,Y,A,-,N,NA,NA,NA,NA,NA,NA,NA,NA,NA,Y,4,0,1,2,A,-,04,21703,NA,N,C,C,A,A,H,-,A,A,0,NA,NA,NA,NA,Y,NA,A,01,0,0,1,0,0,0,0,0,0,-,-,34.40577,-118.5864,LOS ANGELES,UNINCORPORATED,-118.5861,34.40583
90298080,2016,2016-10-21,9565,2016-10-20,2100,020264,NA,4,2,7,1942,0,1,1,NA,2,010,I-105 W/B (CENTURY FWY),NASH ST,400,E,N,A,-,Y,NA,NA,105,NA,NA,NA,NA,NA,W,Y,4,0,1,3,A,-,03,22350,NA,N,C,C,A,A,H,-,C,D,0,NA,NA,NA,NA,Y,NA,A,01,0,0,1,0,0,0,0,0,0,-,-,33.93119,-118.38609,LOS ANGELES,LOS ANGELES,-118.38608937,33.93124072
90298105,2016,2016-10-21,9540,2016-10-13,0850,018208,NA,4,1,9,1900,0,2,4,NA,1,201,SIERRA HIGHWAY,DAVENPORT RD,3168,N,N,A,-,N,NA,NA,NA,NA,NA,NA,NA,NA,NA,Y,4,0,1,1,A,-,08,22107,NA,N,E,I,A,A,H,-,A,D,0,NA,NA,NA,NA,Y,NA,A,01,0,0,1,0,0,0,0,0,0,-,-,34.4901,-118.387,LOS ANGELES,UNINCORPORATED,-118.38699409,34.49024558
90298117,2016,2016-10-21,9540,2016-10-16,1755,020837,NA,7,2,9,1900,0,2,4,NA,1,102,HASLEY CANYON ROAD,THE OLD ROAD,0,NA,Y,A,-,N,NA,NA,NA,NA,NA,NA,NA,NA,NA,N,4,0,1,2,A,-,07,21658,NA,N,B,C,A,A,H,-,B,D,0,NA,NA,NA,NA,Y,NA,A,07,0,0,1,0,0,0,0,0,0,-,-,34.45614,-118.61752,LOS ANGELES,UNINCORPORATED,-118.61752,34.45614
90298122,2016,2016-10-21,9525,2016-10-20,1310,020058,NA,4,1,9,1900,0,3,5,NA,2,004,ORANGE AVE. (1700 BLOCK),FRANCISQUITO AVE,72,S,N,A,-,N,NA,NA,NA,NA,NA,NA,NA,NA,NA,N,4,0,1,2,A,-,09,21804,A,N,D,C,A,A,H,-,A,D,0,NA,NA,NA,NA,Y,NA,A,07,0,0,1,0,0,0,0,0,0,-,-,34.05716,-117.95916,LOS ANGELES,UNINCORPORATED,-117.95898465,34.05718034
90298131,2016,2016-10-21,9590,2016-10-07,1425,021291,NA,5,2,7,1942,0,1,1,NA,2,082,I-5 N/B (GOLDEN STATE FREEWAY),NEWELL STREET,750,S,N,A,-,Y,NA,NA,5,NA,NA,NA,NA,NA,N,Y,4,0,1,2,A,-,03,22350,NA,N,C,C,A,A,H,-,A,D,0,NA,NA,Y,NA,Y,NA,C,02,0,0,1,0,0,0,0,0,1,-,-,34.09651,-118.24457,LOS ANGELES,LOS ANGELES,-118.24464523,34.09643693
90298133,2016,2016-10-21,9540,2016-10-14,0555,019254,NA,5,3,6,1985,0,1,3,NA,1,145,SR-14 S/B (ANTELOPE VALLEY FREEWAY),GOLDEN VALLEY ROAD,4224,S,N,A,-,Y,NA,NA,14,NA,NA,NA,NA,NA,S,Y,4,0,2,2,A,-,03,22350,NA,N,C,C,A,A,H,-,C,D,0,NA,NA,NA,NA,Y,NA,A,01,0,0,2,0,0,0,0,0,0,-,-,34.38548,-118.48381,LOS ANGELES,SANTA CLARITA,-118.48374363,34.38535807
90298171,2016,2016-10-21,9550,2016-10-14,0325,021100,NA,5,3,5,1976,0,1,1,NA,2,650,INTERSTATE 605 S/B,SARAGOSA ST.,600,N,N,A,-,Y,NA,NA,NA,NA,NA,NA,NA,NA,NA,Y,4,0,1,2,A,-,03,22350,NA,N,C,C,A,A,H,-,C,D,0,NA,NA,NA,NA,Y,NA,A,01,0,0,1,0,0,0,0,0,0,-,-,33.97898,-118.07808,LOS ANGELES,WHITTIER,-118.07663017,33.98008984
90298174,2016,2016-10-21,9540,2016-10-10,1420,020837,NA,1,2,9,1900,0,3,5,NA,2,200,SOLEDAD CYN RD,AGUA DULCE CYN RD,2112,E,N,A,-,N,NA,NA,NA,NA,NA,NA,NA,NA,NA,Y,3,0,1,1,A,-,08,22107,NA,N,E,I,A,A,H,-,A,D,0,NA,NA,NA,NA,Y,NA,A,07,0,1,0,0,0,0,0,0,0,-,-,34.43707,-118.32262,LOS ANGELES,UNINCORPORATED,-118.32989882,34.43727
90298175,2016,2016-10-21,9575,2016-10-11,1930,019211,NA,2,2,7,1942,0,1,3,NA,2,043,SR-134 E/B TO FOREST LAWN DR,FOREST LAWN DR,130,W,N,A,-,Y,NA,NA,134,NA,NA,NA,R,NA,E,Y,4,0,2,3,A,-,03,22350,NA,F,C,C,A,A,H,-,C,D,0,NA,NA,NA,NA,Y,NA,A,01,0,0,2,0,0,0,0,0,0,-,-,34.15439,-118.31246,LOS ANGELES,LOS ANGELES,-118.31246,34.15439
90298180,2016,2016-10-21,9590,2016-10-14,1215,021031,NA,5,1,7,1942,0,1,2,NA,2,072,US-101 N/B (HOLLYWOOD FREEWAY),WILTON PLACE,300,S,N,A,-,Y,NA,NA,101,NA,NA,NA,NA,NA,N,Y,4,0,2,2,A,-,07,21658,A,N,B,C,A,A,H,-,A,D,0,NA,NA,NA,NA,Y,NA,A,07,0,0,2,0,0,0,0,0,0,-,-,34.09644,-118.31314,LOS ANGELES,LOS ANGELES,-118.31309829,34.0964821
90298192,2016,2016-10-21,9575,2016-10-11,0230,020729,NA,2,3,9,1900,0,2,4,NA,2,021,ALTADENA DRIVE,GLENROSE AVENUE,200,E,N,A,-,N,NA,NA,NA,NA,NA,NA,NA,NA,NA,Y,4,0,1,2,A,-,08,22107,NA,N,B,C,A,A,H,-,E,D,0,NA,NA,NA,NA,Y,NA,A,01,0,0,1,0,0,0,0,0,0,-,-,34.19526,-118.14984,LOS ANGELES,UNINCORPORATED,-118.15004396,34.19542318
90298201,2016,2016-10-21,9590,2016-10-15,2035,021072,NA,6,2,7,1942,0,1,2,NA,2,073,US-101 S/B (HOLLYWOOD FREEWAY),MULHOLLAND DRIVE,1200,S,N,B,-,Y,NA,NA,101,NA,NA,NA,NA,NA,S,Y,4,0,5,6,A,-,03,22350,NA,N,C,C,A,A,H,-,D,D,0,NA,NA,NA,Y,Y,NA,A,01,0,0,5,0,0,0,0,0,0,-,-,34.11994,-118.33869,LOS ANGELES,LOS ANGELES,-118.33869851,34.11993435
90298252,2016,2016-10-21,9525,2016-10-16,1233,019966,NA,7,1,1,1934,0,1,1,NA,2,203,I-210 W/B (FOOTHILL FREEWAY),IRWINDALE AVE,400,W,N,A,-,Y,NA,NA,210,NA,NA,NA,NA,NA,W,Y,4,0,1,2,A,-,07,21658,A,N,A,C,A,A,H,-,A,D,0,NA,NA,NA,NA,Y,NA,D,22,0,0,1,0,0,0,0,0,0,-,-,34.12914,-117.93781,LOS ANGELES,IRWINDALE,-117.93779423,34.1289723
90298271,2016,2016-10-21,9590,2016-10-08,1625,020929,NA,6,2,7,1942,0,1,1,NA,2,050,I-110 N/B (HARBOR FREEWAY),83RD STREET,100,N,N,A,-,Y,NA,NA,110,NA,NA,NA,NA,NA,N,Y,3,0,1,2,A,-,07,21658,A,F,B,C,A,A,H,-,A,D,0,NA,NA,Y,NA,Y,NA,-,99,0,1,0,0,0,0,0,0,1,-,-,33.96458,-118.2805,LOS ANGELES,LOS ANGELES,-118.28073104,33.96458007
90298292,2016,2016-10-21,9550,2016-10-15,2010,021202,NA,6,2,3,1964,0,1,1,NA,2,650,INTERSTATE 605 S/B,TELEGRAPH ROAD,1000,N,N,A,-,Y,NA,NA,605,NA,NA,NA,NA,NA,S,Y,3,0,4,3,A,-,03,22350,NA,N,C,C,A,A,H,-,C,D,0,NA,NA,NA,NA,Y,NA,A,07,0,2,2,0,0,0,0,0,0,-,-,33.95264,-118.09038,LOS ANGELES,SANTA FE SPRINGS,-118.09038283,33.95264163
90298293,2016,2016-10-21,9565,2016-10-03,1025,021200,NA,1,1,9,1900,0,1,1,NA,2,012,I-105 W/B,WESTERN AVE,300,W,N,A,-,N,NA,NA,105,NA,NA,NA,NA,NA,W,Y,4,0,1,2,A,-,03,22350,NA,N,C,C,A,A,H,-,A,B,0,NA,NA,NA,NA,Y,NA,A,01,0,0,1,0,0,0,0,0,0,-,-,33.92568,-118.3105,LOS ANGELES,UNINCORPORATED,-118.31050087,33.92568888
90298306,2016,2016-10-21,9525,2016-10-17,1845,020869,NA,1,2,5,1990,0,1,3,NA,2,602,SR-60 E/B (POMONA FREEWAY),GRAND AVE,528,W,N,A,-,Y,NA,NA,60,NA,NA,NA,NA,NA,E,Y,4,0,1,4,A,-,03,22350,NA,N,C,C,A,A,H,-,D,D,0,NA,NA,NA,NA,Y,NA,D,22,0,0,1,0,0,0,0,0,0,-,-,34.00576,-117.82749,LOS ANGELES,DIAMOND BAR,-117.82765668,34.00596075
90298314,2016,2016-10-21,9550,2016-10-15,1638,021261,NA,6,2,6,1949,0,1,1,NA,2,150,I-105 E/B (CENTURY FREEWAY),STUDEBAKER RD,100,W,N,A,-,Y,NA,NA,105,NA,NA,NA,NA,NA,E,N,4,0,1,2,A,-,03,22350,NA,N,C,C,A,A,H,-,A,D,0,NA,NA,NA,NA,Y,NA,A,01,0,0,1,0,0,0,0,0,0,-,-,33.91428,-118.09965,LOS ANGELES,NORWALK,-118.09964996,33.91426406
90298321,2016,2016-10-21,9590,2016-10-14,1650,021317,NA,5,2,7,1942,0,1,1,NA,2,020,SR-60 E/B (POMONA FREEWAY),MARIETTA ST.,95,W,N,A,-,Y,NA,NA,NA,NA,NA,NA,NA,NA,NA,N,4,0,3,3,A,-,03,22350,NA,N,C,C,A,A,H,-,A,D,0,NA,NA,NA,Y,Y,NA,F,26,0,0,3,0,0,0,0,0,0,-,-,34.02929,-118.20723,LOS ANGELES,LOS ANGELES,-118.21311,34.02902
90298357,2016,2016-10-21,9590,2016-10-10,0141,019363,NA,1,3,7,1942,0,1,1,NA,2,021,INTERSTATE 10 W/B (SAN BERNARDINO FWY),CESAR E CHAVEZ AVE,986,E,N,A,-,Y,NA,NA,10,NA,NA,NA,NA,NA,W,Y,3,0,2,1,A,-,08,22107,NA,N,E,J,A,A,H,-,C,D,0,NA,NA,NA,NA,Y,NA,A,01,0,1,1,0,0,0,0,0,0,-,-,34.05577,-118.19801,LOS ANGELES,LOS ANGELES,-118.19799215,34.05559783
90298364,2016,2016-10-21,9590,2016-08-14,1545,021179,NA,7,2,7,1942,0,1,1,NA,2,040,I-5 N/B (SAF) TO I-5 N/B (GSF),GRANDE VISTA AVENUE,100,N,N,A,-,Y,NA,NA,NA,NA,NA,NA,NA,NA,NA,N,4,0,1,2,A,-,03,22350,NA,N,C,C,A,A,H,-,A,D,0,NA,NA,NA,NA,Y,NA,A,01,0,0,1,0,0,0,0,0,0,-,-,34.08018,-118.29165,LOS ANGELES,LOS ANGELES,-118.20157939,34.03407099
90298373,2016,2016-10-21,9580,2016-10-11,1532,019952,NA,2,2,7,1942,0,1,1,NA,2,404,I-405 N/B (SAN DIEGO FWY),VENTURA BLVD,1320,S,N,A,-,Y,NA,NA,405,NA,NA,NA,NA,NA,N,Y,4,0,1,3,A,-,03,22350,NA,N,C,C,A,A,H,-,A,D,0,NA,NA,NA,NA,Y,NA,A,01,0,0,1,0,0,0,0,0,0,-,-,34.14879,-118.46901,LOS ANGELES,LOS ANGELES,-118.46904474,34.14880848
90298385,2016,2016-10-21,9590,2016-09-22,1545,021264,NA,4,2,7,1942,1,4,S,NA,2,901,WASHINGTON BOULEVARD (2400 W. BLOCK),CIMARRON STREET (1900 S. BLOCK),216,W,N,B,-,Y,NA,NA,NA,NA,NA,NA,NA,NA,NA,N,4,0,2,2,A,-,03,22350,NA,N,C,C,A,A,H,-,A,D,0,NA,NA,NA,NA,Y,NA,A,01,0,0,2,0,0,0,0,0,0,-,-,34.03871,-118.3179,LOS ANGELES,LOS ANGELES,-118.31625149,34.0399
90298395,2016,2016-10-21,9580,2016-10-11,1040,017228,NA,2,1,7,1942,0,1,3,NA,2,171,SR-170 S/B (HOLLYWOOD FWY.),RIVERSIDE DRIVE,100,N,N,B,-,Y,NA,NA,170,NA,NA,NA,NA,NA,S,Y,3,0,5,2,A,-,07,21658,NA,N,C,C,A,A,H,-,A,D,0,NA,NA,NA,NA,Y,NA,A,07,0,2,3,0,0,0,0,0,0,-,-,34.15789,-118.37984,LOS ANGELES,LOS ANGELES,-118.37976697,34.15792187
90298403,2016,2016-10-21,9550,2016-10-17,0920,016109,NA,1,1,9,1900,0,1,3,NA,2,600,STATE ROUTE 60 E/B (POMONA FREEWAY),HACIENDA BOULEVARD,1000,W,N,B,C,Y,NA,NA,60,NA,NA,NA,NA,NA,E,Y,4,0,1,3,A,-,03,22350,NA,N,C,C,A,B,H,-,A,D,0,NA,NA,NA,NA,Y,NA,A,08,0,0,1,0,0,0,0,0,0,-,-,33.99823,-117.93736,LOS ANGELES,UNINCORPORATED,-117.93728605,33.99847002
90298425,2016,2016-10-21,9590,2016-10-05,0715,011420,NA,3,1,7,1942,1,4,S,NA,2,901,RIMPAU BL. (1000 BLK. S),OLYMPIC BL. (4600 BLK. W),60,S,N,A,-,N,NA,NA,NA,NA,NA,NA,NA,NA,NA,N,4,0,1,2,A,-,21,22106,NA,N,C,C,A,A,H,-,A,D,0,NA,NA,NA,NA,Y,NA,H,13,0,0,1,0,0,0,0,0,0,-,-,34.05677,-118.33382,LOS ANGELES,LOS ANGELES,-118.33379245,34.05674387
90298431,2016,2016-10-21,9580,2016-10-15,1420,020791,NA,6,2,7,1942,0,1,3,NA,2,114,SR-118 E/B (RONALD REAGAN FWY.),SEPULVEDA BLVD,750,W,N,A,-,Y,NA,NA,118,NA,NA,NA,NA,NA,E,N,4,0,2,2,A,-,03,22350,NA,N,C,C,A,A,H,-,A,D,0,NA,NA,NA,NA,Y,NA,A,08,0,0,2,0,0,0,0,0,0,-,-,34.26594,-118.46157,LOS ANGELES,LOS ANGELES,-118.46157107,34.26577471