CASE_ID,ACCIDENT_YEAR,PROC_DATE,JURIS,COLLISION_DATE,COLLISION_TIME,OFFICER_ID,REPORTING_DISTRICT,DAY_OF_WEEK,CHP_SHIFT,POPULATION,CNTY_CITY_LOC,SPECIAL_COND,BEAT_TYPE,CHP_BEAT_TYPE,CITY_DIVISION_LAPD,CHP_BEAT_CLASS,BEAT_NUMBER,PRIMARY_RD,SECONDARY_RD,DISTANCE,DIRECTION,INTERSECTION,WEATHER_1,WEATHER_2,STATE_HWY_IND,CALTRANS_COUNTY,CALTRANS_DISTRICT,STATE_ROUTE,ROUTE_SUFFIX,POSTMILE_PREFIX,POSTMILE,LOCATION_TYPE,RAMP_INTERSECTION,SIDE_OF_HWY,TOW_AWAY,COLLISION_SEVERITY,NUMBER_KILLED,NUMBER_INJURED,PARTY_COUNT,PRIMARY_COLL_FACTOR,PCF_CODE_OF_VIOL,PCF_VIOL_CATEGORY,PCF_VIOLATION,PCF_VIOL_SUBSECTION,HIT_AND_RUN,TYPE_OF_COLLISION,MVIW,PED_ACTION,ROAD_SURFACE,ROAD_COND_1,ROAD_COND_2,LIGHTING,CONTROL_DEVICE,CHP_ROAD_TYPE,PEDESTRIAN_ACCIDENT,BICYCLE_ACCIDENT,MOTORCYCLE_ACCIDENT,TRUCK_ACCIDENT,NOT_PRIVATE_PROPERTY,ALCOHOL_INVOLVED,STWD_VEHTYPE_AT_FAULT,CHP_VEHTYPE_AT_FAULT,COUNT_SEVERE_INJ,COUNT_VISIBLE_INJ,COUNT_COMPLAINT_PAIN,COUNT_PED_KILLED,COUNT_PED_INJURED,COUNT_BICYCLIST_KILLED,COUNT_BICYCLIST_INJURED,COUNT_MC_KILLED,COUNT_MC_INJURED,PRIMARY_RAMP,SECONDARY_RAMP,LATITUDE,LONGITUDE,COUNTY,CITY,POINT_X,POINT_Y
90306898,2016,2016-10-31,9575,2016-10-14,1440,021006,NA,5,2,6,1953,0,1,1,NA,2,064,I-210 E/B (FOOTHILL FREEWAY),SAN GABRIEL BLVD.,300,W,N,A,-,Y,NA,NA,210,NA,NA,NA,NA,NA,E,N,4,0,1,2,A,-,03,22350,NA,N,C,C,A,A,H,-,A,D,0,NA,NA,NA,NA,Y,NA,D,22,0,0,1,0,0,0,0,0,0,-,-,34.15263,-118.09883,LOS ANGELES,PASADENA,-118.09882695,34.15237063
90306899,2016,2016-10-31,9550,2016-10-22,1020,020755,NA,6,1,9,1900,0,2,4,NA,1,042,PATHFINDER ROAD E/B,ANNADALE AVE.,500,W,N,A,-,N,NA,NA,NA,NA,NA,NA,NA,NA,NA,Y,4,0,2,4,A,-,03,22350,NA,N,C,C,A,A,H,-,A,D,0,NA,NA,NA,NA,Y,NA,A,07,0,0,2,0,0,0,0,0,0,-,-,33.9751,-117.87882,LOS ANGELES,UNINCORPORATED,-117.88092973,33.97573243
90306907,2016,2016-10-31,9540,2016-10-22,1530,020837,NA,6,2,9,1900,0,1,1,NA,2,509,I-5 S/B (GOLDEN STATE FREEWAY),TEMPLIN HWY,7920,S,N,A,-,Y,NA,NA,5,NA,NA,NA,NA,NA,S,Y,3,0,1,1,A,-,08,22107,NA,N,E,I,A,A,H,-,A,D,0,NA,NA,NA,NA,Y,NA,A,01,0,1,0,0,0,0,0,0,0,-,-,34.54303,-118.65222,LOS ANGELES,UNINCORPORATED,-118.65233026,34.54291576
9030693,2019,2020-01-28,1947,2019-11-22,1224,1428,NA,5,5,5,1947,0,0,0,NA,0,00A,NORTH GARFIELD AV,VIA SAN CARLO,0,NA,Y,A,-,N,NA,NA,NA,NA,NA,NA,NA,NA,NA,Y,4,0,1,3,A,-,09,21804,A,N,A,C,A,A,H,-,A,D,0,NA,NA,NA,NA,Y,NA,A,01,0,0,1,0,0,0,0,0,0,-,-,34.025718688964844,-118.13046264648438,LOS ANGELES,MONTEBELLO,-118.13165283203124,34.024818420410156
90306941,2016,2016-10-31,9540,2016-10-23,1140,018037,NA,7,1,9,1900,0,1,1,NA,2,508,I-5 N/B (GOLDEN STATE FREEWAY),I-5 LOWER CROSS-OVER O/C,5016,N,N,B,-,Y,NA,NA,5,NA,NA,NA,NA,NA,N,Y,3,0,1,1,A,-,03,22350,NA,N,E,I,A,A,H,-,A,D,0,NA,NA,NA,Y,Y,NA,G,25,0,1,0,0,0,0,0,0,0,-,-,34.51366,-118.6368,LOS ANGELES,UNINCORPORATED,-118.63687213,34.51361298
90306944,2016,2016-10-31,9545,2016-10-16,1105,018353,NA,7,1,9,1900,0,3,5,NA,2,003,ANGELES FOREST HWY,UPPER BIG TUJUNGA CANYON RD,4752,N,N,A,-,N,NA,NA,NA,NA,NA,NA,NA,NA,NA,Y,2,0,1,1,A,-,08,22107,NA,N,E,I,A,A,H,-,A,D,0,NA,NA,Y,NA,Y,NA,C,02,1,0,0,0,0,0,0,0,1,-,-,34.33703,-118.10888,LOS ANGELES,UNINCORPORATED,-118.11050366,34.33548353
90306964,2016,2016-10-31,9535,2016-10-14,0240,018527,NA,5,3,6,1922,0,1,1,NA,2,400,I-10 E/B TO PECK RD N/B,I-10,40,S,N,A,-,Y,NA,NA,10,NA,NA,NA,R,NA,E,Y,3,0,1,1,A,-,01,23152,A,N,E,I,A,A,H,-,C,D,0,NA,NA,NA,NA,Y,Y,A,01,0,1,0,0,0,0,0,0,0,-,-,34.06765,-118.02814,LOS ANGELES,EL MONTE,-118.02814,34.06765
90307004,2016,2016-10-31,9550,2016-10-18,0530,018187,NA,2,3,9,1900,0,2,4,NA,1,023,MULBERRY DR (EASTBOUND),MILLS AVE,120,E,N,A,-,Y,NA,NA,NA,NA,NA,NA,NA,NA,NA,Y,4,0,1,2,A,-,09,21804,A,N,A,C,A,A,H,-,C,A,0,NA,NA,NA,NA,Y,NA,A,01,0,0,1,0,0,0,0,0,0,-,-,33.94226,-118.02698,LOS ANGELES,UNINCORPORATED,-118.0273517,33.94263524
90307026,2016,2016-10-31,9535,2016-10-17,1500,021305,NA,1,2,5,1969,0,1,1,NA,2,074,I-710 (LONG BEACH FREEWAY) N/B,LOS ANGELES RIVER,10,N,N,A,-,Y,NA,NA,710,NA,NA,NA,NA,NA,N,N,3,0,1,2,A,-,03,22350,NA,N,C,C,A,A,H,-,A,D,0,NA,NA,Y,NA,Y,NA,C,02,0,1,0,0,0,0,0,0,1,-,-,33.93642,-118.17418,LOS ANGELES,SOUTH GATE,-118.17414389,33.93637094
90307047,2016,2016-10-31,9545,2016-10-16,1106,018353,NA,7,1,9,1900,0,3,5,NA,2,003,ANGELES FOREST HWY,UPPER BIG TUJUNGA CANYON RD,4752,N,N,A,-,N,NA,NA,NA,NA,NA,NA,NA,NA,NA,Y,4,0,1,1,A,-,08,22107,NA,N,E,I,A,A,H,-,E,D,0,NA,NA,Y,NA,Y,NA,C,02,0,0,1,0,0,0,0,0,1,-,-,34.33703,-118.10888,LOS ANGELES,UNINCORPORATED,-118.10888,34.33703
9030705,2019,2020-01-28,1942,2019-11-06,0900,39954,1983,3,5,7,1942,0,0,0,NA,0,19A61,ROSCOE BL,SEPULVEDA BL,0,NA,-,A,-,N,NA,NA,NA,NA,NA,NA,NA,NA,NA,N,3,0,1,2,A,-,06,21751,NA,N,H,G,A,A,H,-,A,A,0,NA,Y,NA,NA,Y,Y,L,04,0,1,0,0,0,0,1,0,0,-,-,NA,NA,LOS ANGELES,LOS ANGELES,-118.46774291992188,34.22138977050781
90307057,2016,2016-10-31,9550,2016-10-21,1515,021042,NA,5,2,5,1908,0,1,3,NA,2,090,STATE ROUTE 91 E/B (ARTESIA FREEWAY),LAKEWOOD BOULEVARD,1830,E,N,A,-,Y,NA,NA,91,NA,NA,NA,NA,NA,E,N,4,0,1,3,A,-,03,22350,NA,N,C,C,A,A,H,-,A,D,0,NA,NA,NA,NA,Y,NA,D,22,0,0,1,0,0,0,0,0,0,-,-,33.87709,-118.13673,LOS ANGELES,BELLFLOWER,-118.13673008,33.8770983
90307089,2016,2016-10-31,9575,2016-10-17,0915,017354,NA,1,1,7,1942,0,1,3,NA,2,041,SR-134 W/B (VENTURA FREEWAY),SR-2 (GLENDALE FREEWAY) U/C,2640,E,N,B,-,Y,NA,NA,134,NA,NA,NA,NA,NA,W,N,4,0,1,2,A,-,03,22350,NA,N,C,C,A,B,H,-,A,D,0,NA,NA,NA,NA,Y,NA,D,22,0,0,1,0,0,0,0,0,0,-,-,34.14516,-118.21309,LOS ANGELES,LOS ANGELES,-118.21308855,34.14512622
90307133,2016,2016-10-31,9575,2016-10-18,0800,020182,NA,2,1,7,1942,1,1,1,NA,2,053,I-5 S/B (GOLDEN STATE FREEWAY),VAN NUYS BLVD.,300,N,N,A,-,Y,NA,NA,5,NA,NA,NA,NA,NA,S,Y,4,0,1,3,A,-,03,22350,NA,N,C,C,A,A,H,-,A,D,0,NA,NA,NA,NA,Y,NA,H,15,0,0,1,0,0,0,0,0,0,-,-,34.25731,-118.43603,LOS ANGELES,LOS ANGELES,-118.43596312,34.25738073
90307147,2016,2016-10-31,9540,2016-10-27,0740,018037,NA,4,1,7,1942,0,1,1,NA,2,213,I-210 E/B (FOOTHILL FREEWAY),SAYRE ST. O/C,225,E,N,B,-,Y,NA,NA,210,NA,NA,NA,NA,NA,E,N,4,0,3,3,A,-,03,22350,NA,N,C,C,A,A,H,-,A,D,0,NA,NA,NA,Y,Y,NA,G,25,0,0,3,0,0,0,0,0,0,-,-,34.31046,-118.43223,LOS ANGELES,LOS ANGELES,-118.43220589,34.31049197
90307163,2016,2016-10-31,9525,2016-10-02,1124,021250,NA,7,1,9,1900,0,3,5,NA,2,005,GLENDORA MOUNTAIN RD.,GLENDORA RIDGE MTWY,90,N,N,A,-,N,NA,NA,NA,NA,NA,NA,NA,NA,NA,Y,2,0,1,2,A,-,09,21804,A,N,D,C,A,A,H,-,A,D,0,NA,NA,Y,NA,Y,NA,D,22,1,0,0,0,0,0,0,0,1,-,-,34.11798,-117.84667,LOS ANGELES,UNINCORPORATED,-117.80900174,34.20420271
9030717,2019,2020-01-28,1942,2019-11-09,0010,38727,0265,6,5,7,1942,0,0,0,B,0,2XL14,ALVARADO ST,JAMES M WOOD BL,0,NA,Y,A,-,N,NA,NA,NA,NA,NA,NA,NA,NA,NA,N,3,0,1,2,A,-,03,22350,NA,N,C,C,A,A,H,-,C,A,0,NA,NA,Y,NA,Y,NA,A,01,0,1,0,0,0,0,0,0,1,-,-,NA,NA,LOS ANGELES,LOS ANGELES,-118.2788,34.05337
90307177,2016,2016-10-31,9540,2016-10-27,0800,021389,NA,4,1,7,1942,0,1,1,NA,2,406,I-405 N/B (SAN DIEGO FREEWAY),I-5,150,N,N,A,-,Y,NA,NA,NA,NA,NA,NA,NA,NA,NA,Y,4,0,1,4,A,-,03,22350,NA,N,C,C,A,A,H,-,A,D,0,NA,NA,NA,NA,Y,NA,A,01,0,0,1,0,0,0,0,0,0,-,-,34.29251,-118.46846,LOS ANGELES,LOS ANGELES,-118.46814546,34.29196809
90307188,2016,2016-10-31,9525,2016-10-16,0240,021393,NA,7,3,5,1990,0,1,3,NA,2,574,SR-57 N/B (ORANGE FREEWAY),SR-60,400,S,N,A,-,Y,NA,NA,NA,NA,NA,NA,NA,NA,NA,Y,3,0,1,2,A,-,03,22350,NA,N,C,C,A,A,H,-,D,D,0,NA,NA,NA,NA,Y,Y,A,07,0,1,0,0,0,0,0,0,0,-,-,34.00823,-117.823,LOS ANGELES,DIAMOND BAR,-117.83537576,34.0010837
90307193,2016,2016-10-31,9545,2016-10-20,0745,016936,NA,4,1,9,1900,0,3,5,NA,2,002,30TH STREET WEST,AVENUE O / TOWN CENTER DRIVE,0,NA,Y,A,-,N,NA,NA,NA,NA,NA,NA,NA,NA,NA,Y,4,0,2,2,A,-,09,21801,A,N,D,C,A,A,H,-,A,A,0,NA,NA,NA,NA,Y,NA,A,01,0,0,2,0,0,0,0,0,0,-,-,34.61647,-118.18367,LOS ANGELES,UNINCORPORATED,-118.18367,34.61647
9030722,2019,2020-01-30,1947,2019-10-22,0855,1411,NA,2,5,5,1947,0,0,0,NA,0,00D,MONTEBELLO BL,WASHINGTON BL,0,NA,Y,A,-,N,NA,NA,NA,NA,NA,NA,NA,NA,NA,Y,4,0,1,2,A,-,03,22350,NA,N,C,C,A,-,H,-,A,A,0,NA,NA,NA,NA,Y,NA,A,01,0,0,1,0,0,0,0,0,0,-,-,NA,NA,LOS ANGELES,MONTEBELLO,-118.11620330810548,33.99388122558594
90307223,2016,2016-10-31,9550,2016-10-22,2015,021107,NA,6,2,5,1919,0,1,3,NA,2,091,SR-91 W/B TO I-605 N/B,STUDEBAKER ROAD,500,W,N,A,-,Y,NA,NA,91,NA,NA,NA,R,NA,W,Y,4,0,1,2,A,-,03,22350,NA,N,C,C,A,A,H,-,C,D,0,NA,NA,NA,NA,Y,NA,A,01,0,0,1,0,0,0,0,0,0,-,-,33.87831,-118.10146,LOS ANGELES,CERRITOS,-118.10146,33.87831
90307224,2016,2016-10-31,9590,2016-10-30,2030,021069,NA,7,2,7,1942,0,1,1,NA,2,051,I-110 S/B (HAF) TO MANCHESTER AVENUE,MANCHESTER AVENUE,300,N,N,C,-,Y,NA,NA,110,NA,NA,NA,R,NA,S,Y,3,0,1,1,A,-,08,22107,NA,N,F,A,A,B,H,-,C,D,0,NA,NA,Y,NA,Y,NA,C,02,0,1,0,0,0,0,0,0,1,-,-,33.96179,-118.28142,LOS ANGELES,LOS ANGELES,-118.28142,33.96179
90307226,2016,2016-10-31,9565,2016-10-21,0650,021303,NA,5,1,9,1900,0,1,1,NA,2,012,I-105 W/B (GLEN ANDERSON FWY),NORMANDIE AVE,1200,W,N,A,-,Y,NA,NA,105,NA,NA,NA,NA,NA,W,N,3,0,1,2,A,-,08,22107,NA,N,B,C,A,A,H,-,A,D,0,NA,NA,Y,NA,Y,NA,A,01,0,1,0,0,0,0,0,0,1,-,-,33.92711,-118.30226,LOS ANGELES,UNINCORPORATED,-118.3022872,33.92723314
90307259,2016,2016-10-31,9565,2016-10-14,1205,021200,NA,5,1,9,1900,0,2,4,NA,1,032,LA CIENEGA BLVD,GEORGE HAHN BRIDGE,300,S,N,A,-,N,NA,NA,NA,NA,NA,NA,NA,NA,NA,Y,3,0,1,2,A,-,07,21658,A,N,D,C,A,A,H,-,A,D,0,NA,NA,Y,NA,Y,NA,C,02,0,1,0,0,0,0,0,0,1,-,-,34.01048,-118.37299,LOS ANGELES,UNINCORPORATED,-118.37310815,34.01155631
90307261,2016,2016-10-31,9525,2016-10-07,0430,021393,NA,5,3,9,1900,0,3,5,NA,2,002,BARRANCA AVE. (5300 BLOCK),NEWBURGH ST.,67,S,N,A,-,N,NA,NA,NA,NA,NA,NA,NA,NA,NA,Y,2,0,2,4,A,-,01,23152,A,N,C,E,A,A,H,-,C,D,0,NA,NA,NA,NA,Y,Y,A,01,1,1,0,0,0,0,0,0,0,-,-,34.12944,-117.99218,LOS ANGELES,UNINCORPORATED,-117.88169,34.11052
90307282,2016,2017-05-25,9565,2016-10-15,0105,020573,NA,6,3,4,1918,0,1,1,NA,2,061,I-405 N/B (SAN DIEGO FWY),BALLONA CREEK,300,N,N,A,-,Y,NA,NA,405,NA,NA,NA,NA,NA,N,Y,4,0,1,2,D,-,00,NA,NA,N,B,C,A,A,H,-,C,D,0,NA,NA,NA,NA,Y,NA,-,-,0,0,1,0,0,0,0,0,0,-,-,33.99573,-118.40527,LOS ANGELES,CULVER CITY,-118.40528718,33.99571637
90307283,2016,2016-10-31,9575,2016-10-19,0910,017354,NA,3,1,7,1942,0,1,3,NA,2,043,SR-134 E/B (VENTURA FREEWAY),RIVERSIDE DR. (VICTORY DR.) O/C,2640,E,N,A,-,N,NA,NA,134,NA,NA,NA,NA,NA,E,N,4,0,3,3,A,-,03,22350,NA,N,C,C,A,A,H,-,A,D,0,NA,NA,NA,NA,Y,NA,A,01,0,0,3,0,0,0,0,0,0,-,-,34.1523,-118.28137,LOS ANGELES,LOS ANGELES,-118.28138688,34.15237617
90307297,2016,2016-10-31,9550,2016-10-13,1900,020948,NA,4,2,9,1900,0,2,4,NA,1,022,TELEGRAPH ROAD,FLORENCE AVENUE,0,NA,Y,A,-,N,NA,NA,NA,NA,NA,NA,NA,NA,NA,Y,4,0,3,4,A,-,09,21801,A,F,A,C,A,A,H,-,B,A,0,NA,NA,NA,Y,Y,NA,A,01,0,0,3,0,0,0,0,0,0,-,-,33.93685,-118.04168,LOS ANGELES,UNINCORPORATED,-118.04177011,33.93689002
9030730,2019,2020-01-30,1942,2019-10-11,2120,43653,1794,5,5,7,1942,0,0,0,Q,0,17A81,PARTHENIA ST,RESEDA BL,0,NA,-,A,-,N,NA,NA,NA,NA,NA,NA,NA,NA,NA,Y,3,0,2,2,A,-,12,21453,A,N,A,C,A,A,H,-,C,A,0,NA,NA,NA,NA,Y,NA,A,01,0,2,0,0,0,0,0,0,0,-,-,NA,NA,LOS ANGELES,LOS ANGELES,-118.5360870361328,34.228248596191406
9030731,2019,2020-01-30,1942,2019-10-28,0650,5640,1494,1,5,7,1942,0,0,0,N,0,5M41,IMPERIAL HWY,MAIN ST,100,W,N,A,-,N,NA,NA,NA,NA,NA,NA,NA,NA,NA,Y,4,0,1,5,A,-,03,22350,NA,N,C,C,A,A,H,-,A,D,0,NA,NA,NA,NA,Y,NA,A,01,0,0,1,0,0,0,0,0,0,-,-,NA,NA,LOS ANGELES,LOS ANGELES,-118.41629791259766,33.931461334228516
90307312,2016,2016-10-31,9575,2016-09-22,0915,020182,NA,4,1,6,1925,0,1,3,NA,2,042,SR-134 W/B (VENTURA FREEWAY),DORAN ST. PED O/C,182,W,N,A,-,Y,NA,NA,134,NA,NA,NA,NA,NA,W,Y,4,0,5,5,A,-,07,21658,NA,N,C,C,A,A,H,-,A,D,0,NA,NA,NA,Y,Y,NA,A,07,0,0,5,0,0,0,0,0,0,-,-,34.15518,-118.24023,LOS ANGELES,GLENDALE,-118.24026926,34.1551079
90307327,2016,2016-10-31,9575,2016-10-14,1805,020708,NA,5,2,9,1900,0,2,4,NA,2,020,ALTADENA DRIVE (2600 BLOCK),SANTA ROSA AVENUE,10,W,N,A,-,N,NA,NA,NA,NA,NA,NA,NA,NA,NA,Y,3,0,1,2,A,-,03,22350,NA,N,C,C,A,A,H,-,A,D,0,NA,NA,NA,NA,Y,NA,A,07,0,1,0,0,0,0,0,0,0,-,-,34.19078,-118.13415,LOS ANGELES,UNINCORPORATED,-118.13571089,34.19084965
9030734,2019,2020-01-30,1942,2019-10-03,2150,35161,1701,4,5,7,1942,0,0,0,Q,0,17A99,SESNON BL,CORTER RANCH DR,70,W,N,A,-,N,NA,NA,NA,NA,NA,NA,NA,NA,NA,N,4,0,1,1,A,-,03,22350,NA,N,F,I,A,A,H,-,C,D,0,NA,NA,NA,NA,Y,NA,-,NA,0,0,1,0,0,0,0,0,0,-,-,NA,NA,LOS ANGELES,LOS ANGELES,NA,NA
9030735,2019,2020-01-30,1900,2019-10-12,1730,624101,0973,6,5,4,1979,0,0,0,NA,0,93T3,FOUNTAIN AV,MARTEL AV,0,NA,Y,A,-,N,NA,NA,NA,NA,NA,NA,NA,NA,NA,Y,4,0,3,2,A,-,09,21802,A,N,D,C,A,A,H,-,A,D,0,NA,NA,NA,NA,Y,NA,A,01,0,0,3,0,0,0,0,0,0,-,-,NA,NA,LOS ANGELES,WEST HOLLYWOOD,-118.35066223144533,34.0943717956543
90307353,2016,2016-10-31,9590,2016-10-30,1340,021317,NA,7,1,7,1942,0,1,1,NA,2,064,I-10 E/B (SANTA MONICA FREEWAY),ALAMEDA ST,400,W,N,B,-,Y,NA,NA,10,NA,NA,NA,NA,NA,E,N,4,0,1,2,A,-,00,21568,NA,N,B,C,A,B,H,-,A,D,0,NA,NA,NA,NA,Y,NA,A,07,0,0,1,0,0,0,0,0,0,-,-,34.02432,-118.24216,LOS ANGELES,LOS ANGELES,-118.24204532,34.02368486
9030737,2019,2020-01-30,1942,2019-09-10,1130,43882,1797,2,5,7,1942,0,0,0,Q,0,NA,SAN FERNANDO MISSION BL,BALBOA BL,200,E,N,A,-,N,NA,NA,NA,NA,NA,NA,NA,NA,NA,Y,3,0,1,2,A,-,08,22100,B,N,C,C,A,A,H,-,A,D,0,NA,NA,NA,NA,Y,NA,-,NA,0,1,0,0,0,0,0,0,0,-,-,NA,NA,LOS ANGELES,LOS ANGELES,-118.50154113769533,34.27204895019531
9030738,2019,2020-01-30,1942,2019-10-12,0215,42999,1999,6,5,7,1942,0,0,0,NA,0,19A93,VENTURA CANYON AV,ROSCOE BL,0,NA,Y,A,-,N,NA,NA,NA,NA,NA,NA,NA,NA,NA,Y,4,0,3,2,A,-,09,21801,A,N,A,C,A,A,H,-,C,A,0,NA,NA,NA,NA,Y,NA,-,-,0,0,3,0,0,0,0,0,0,-,-,NA,NA,LOS ANGELES,LOS ANGELES,-118.42881011962892,34.2216682434082
90307382,2016,2016-10-31,9575,2016-10-20,1950,020691,NA,4,2,7,1942,0,1,3,NA,2,044,SR-134 W/B (VENTURA FREEWAY)TO CAHUENGA,CAHUENGA BLVD.,450,E,N,B,-,Y,NA,NA,134,NA,NA,NA,R,NA,W,Y,4,0,2,2,A,-,03,22350,NA,M,C,C,A,A,H,-,C,D,0,NA,NA,NA,NA,Y,NA,-,99,0,0,2,0,0,0,0,0,0,-,-,34.15329,-118.35888,LOS ANGELES,LOS ANGELES,-118.35888,34.15329
90307384,2016,2016-10-31,9535,2016-10-19,1440,019540,NA,3,2,9,1900,0,1,1,NA,2,071,I-710 S/B (LONG BEACH FREEWAY),WHITTIER BLVD,400,S,N,A,B,Y,NA,NA,710,NA,NA,NA,NA,NA,S,Y,4,0,2,3,A,-,03,22350,NA,N,C,C,A,A,H,-,A,D,0,NA,NA,NA,NA,Y,NA,A,07,0,0,2,0,0,0,0,0,0,-,-,34.02283,-118.17297,LOS ANGELES,UNINCORPORATED,-118.17298017,34.02283286
90307391,2016,2016-10-31,9575,2016-10-21,2053,020691,NA,5,2,7,1942,0,1,3,NA,2,043,SR-134 E/B (VENTURA FREEWAY),RIVERSIDE DRIVE (VICTORY BLVD.),350,W,N,B,-,Y,NA,NA,134,NA,NA,NA,NA,NA,E,Y,4,0,1,3,A,-,03,22350,NA,N,C,C,A,A,H,-,C,D,0,NA,NA,NA,NA,Y,NA,A,01,0,0,1,0,0,0,0,0,0,-,-,34.15588,-118.29882,LOS ANGELES,LOS ANGELES,-118.29881873,34.15588779
9030741,2019,2020-01-30,1942,2019-09-27,2010,41128,1771,5,5,7,1942,0,0,0,Q,0,17A81,WINNETKA AV,PLUMMER ST,0,NA,Y,A,-,N,NA,NA,NA,NA,NA,NA,NA,NA,NA,Y,3,0,3,2,A,-,09,21801,A,N,A,C,A,A,H,-,C,A,0,NA,NA,NA,NA,Y,NA,A,01,0,1,2,0,0,0,0,0,0,-,-,NA,NA,LOS ANGELES,LOS ANGELES,-118.57122039794922,34.242740631103516
9030742,2019,2020-01-30,1961,2019-10-06,0135,40863,1924,7,5,3,1961,0,0,0,NA,0,19X12,ASTORIA ST,GENOA ST,0,NA,Y,A,-,N,NA,NA,NA,NA,NA,NA,NA,NA,NA,Y,2,0,1,2,A,-,03,22350,NA,N,A,E,A,A,H,-,C,D,0,NA,NA,NA,NA,Y,NA,A,01,1,0,0,0,0,0,0,0,0,-,-,NA,NA,LOS ANGELES,SAN FERNANDO,-118.45836639404295,34.293731689453125
90307423,2016,2016-10-31,9575,2016-10-18,0610,020182,NA,2,1,7,1942,0,1,1,NA,2,053,I-5 N/B (GOLDEN STATE FREEWAY),VAN NUYS BLVD.,800,N,N,A,-,Y,NA,NA,5,NA,NA,NA,NA,NA,N,Y,4,0,1,2,A,-,03,22350,NA,N,C,C,A,A,H,-,A,D,0,NA,NA,NA,NA,Y,NA,A,01,0,0,1,0,0,0,0,0,0,-,-,34.25892,-118.43709,LOS ANGELES,LOS ANGELES,-118.43717995,34.25882515
90307431,2016,2016-10-31,9550,2016-10-22,0215,020948,NA,6,3,9,1900,0,3,5,NA,2,005,HARBOR BOULEVARD,DUBLIN WAY,0,NA,N,A,-,N,NA,NA,NA,NA,NA,NA,NA,NA,NA,Y,3,0,2,2,A,-,08,22107,NA,F,B,C,A,A,H,-,C,D,0,NA,NA,NA,NA,Y,Y,-,99,0,2,0,0,0,0,0,0,0,-,-,33.96386,-117.91446,LOS ANGELES,UNINCORPORATED,-117.9149001,33.96460007
90307433,2016,2016-10-31,9575,2016-10-21,2000,021340,NA,5,2,7,1942,0,1,1,NA,2,052,I-5 N/B (GOLDEN STATE FREEWAY),LANKERSHIM BLVD S/EDGE,24,N,N,A,-,Y,NA,NA,5,NA,NA,NA,NA,NA,N,Y,4,0,1,2,A,-,03,22350,NA,N,C,C,A,A,H,-,D,D,0,NA,NA,NA,NA,Y,NA,A,07,0,0,1,0,0,0,0,0,0,-,-,34.22673,-118.38729,LOS ANGELES,LOS ANGELES,-118.38730002,34.22665391
90307441,2016,2016-10-31,9535,2016-10-20,1140,012767,NA,4,1,1,1932,0,1,1,NA,2,650,I-605 (SAN GABRIEL RIVER FWY) N/B,SAN JOSE BRIDGE,696,N,N,A,-,Y,NA,NA,605,NA,NA,NA,NA,NA,N,N,4,0,1,2,A,-,03,22350,NA,N,C,C,A,A,H,-,A,D,0,NA,NA,NA,NA,Y,NA,D,22,0,0,1,0,0,0,0,0,0,-,-,34.0384,-118.02116,LOS ANGELES,INDUSTRY,-118.02115032,34.03838254
90307456,2016,2016-10-31,9525,2016-10-08,1023,021250,NA,6,1,4,1905,0,1,1,NA,2,203,I-210 W/B (FOOTHILL FREEWAY),VERNON AVE,2100,E,N,A,-,Y,NA,NA,210,NA,NA,NA,NA,NA,W,Y,4,0,1,2,A,-,03,22350,NA,N,C,C,A,A,A,H,A,D,0,NA,NA,Y,NA,Y,NA,C,02,0,0,1,0,0,0,0,0,1,-,-,34.12351,-117.91336,LOS ANGELES,AZUSA,-117.91321232,34.1236643
90307459,2016,2017-01-19,9540,2016-08-31,1058,018971,NA,3,1,9,1900,0,3,5,NA,2,200,SAND CANYON ROAD (29000 BLOCK),THOMPSON RANCH DRIVE,1415,W,N,A,-,N,NA,NA,NA,NA,NA,NA,NA,NA,NA,Y,1,1,0,1,A,-,03,22350,NA,N,E,I,A,A,H,-,A,D,0,NA,NA,Y,NA,Y,NA,C,02,0,0,0,0,0,0,0,1,0,-,-,34.44214,-118.41907,LOS ANGELES,UNINCORPORATED,-118.4192588,34.44237104
9030746,2019,2020-01-30,1942,2019-10-17,2030,39455,RD198,4,5,7,1942,0,0,0,NA,0,0W3,BRANFORD ST,WOODMAN AV,0,NA,-,A,-,N,NA,NA,NA,NA,NA,NA,NA,NA,NA,N,4,0,1,2,A,-,09,21801,A,N,D,C,A,A,H,-,C,A,0,NA,NA,NA,NA,Y,NA,-,NA,0,0,1,0,0,0,0,0,0,-,-,NA,NA,LOS ANGELES,LOS ANGELES,-118.43296813964844,34.22652053833008
90307471,2016,2016-10-31,9590,2016-10-31,0745,011420,NA,1,1,7,1942,0,1,1,NA,2,060,I-10 E/B (SANTA MONICA FWY),GRAMERCY PL.,350,E,N,B,-,Y,NA,NA,10,NA,NA,NA,NA,NA,E,N,4,0,1,3,A,-,03,22350,NA,N,C,C,A,A,H,-,A,D,0,NA,NA,NA,NA,Y,NA,A,01,0,0,1,0,0,0,0,0,0,-,-,34.0371,-118.31227,LOS ANGELES,LOS ANGELES,-118.31226782,34.03705225
90307473,2016,2016-10-31,9575,2016-10-19,0913,020030,NA,3,1,7,1942,0,1,1,NA,2,052,I-5 S/B (GOLDEN STATE FREEWAY),SUNLAND BLVD,500,S,N,A,-,Y,NA,NA,5,NA,NA,NA,NA,NA,S,N,3,0,1,3,A,-,08,22107,NA,F,B,C,A,A,H,-,A,D,0,NA,NA,Y,NA,Y,NA,-,99,0,1,0,0,0,0,0,0,1,-,-,34.23814,-118.41564,LOS ANGELES,LOS ANGELES,-118.41562555,34.23815549