CASE_ID,ACCIDENT_YEAR,PROC_DATE,JURIS,COLLISION_DATE,COLLISION_TIME,OFFICER_ID,REPORTING_DISTRICT,DAY_OF_WEEK,CHP_SHIFT,POPULATION,CNTY_CITY_LOC,SPECIAL_COND,BEAT_TYPE,CHP_BEAT_TYPE,CITY_DIVISION_LAPD,CHP_BEAT_CLASS,BEAT_NUMBER,PRIMARY_RD,SECONDARY_RD,DISTANCE,DIRECTION,INTERSECTION,WEATHER_1,WEATHER_2,STATE_HWY_IND,CALTRANS_COUNTY,CALTRANS_DISTRICT,STATE_ROUTE,ROUTE_SUFFIX,POSTMILE_PREFIX,POSTMILE,LOCATION_TYPE,RAMP_INTERSECTION,SIDE_OF_HWY,TOW_AWAY,COLLISION_SEVERITY,NUMBER_KILLED,NUMBER_INJURED,PARTY_COUNT,PRIMARY_COLL_FACTOR,PCF_CODE_OF_VIOL,PCF_VIOL_CATEGORY,PCF_VIOLATION,PCF_VIOL_SUBSECTION,HIT_AND_RUN,TYPE_OF_COLLISION,MVIW,PED_ACTION,ROAD_SURFACE,ROAD_COND_1,ROAD_COND_2,LIGHTING,CONTROL_DEVICE,CHP_ROAD_TYPE,PEDESTRIAN_ACCIDENT,BICYCLE_ACCIDENT,MOTORCYCLE_ACCIDENT,TRUCK_ACCIDENT,NOT_PRIVATE_PROPERTY,ALCOHOL_INVOLVED,STWD_VEHTYPE_AT_FAULT,CHP_VEHTYPE_AT_FAULT,COUNT_SEVERE_INJ,COUNT_VISIBLE_INJ,COUNT_COMPLAINT_PAIN,COUNT_PED_KILLED,COUNT_PED_INJURED,COUNT_BICYCLIST_KILLED,COUNT_BICYCLIST_INJURED,COUNT_MC_KILLED,COUNT_MC_INJURED,PRIMARY_RAMP,SECONDARY_RAMP,LATITUDE,LONGITUDE,COUNTY,CITY,POINT_X,POINT_Y
90309385,2016,2016-11-02,9530,2016-10-24,0745,017275,NA,1,1,9,1900,0,3,5,NA,2,001,COMPTON AVE.,73RD ST.,0,NA,Y,C,-,N,NA,NA,NA,NA,NA,NA,NA,NA,NA,Y,4,0,3,2,A,-,09,21801,A,N,D,C,A,B,H,-,A,D,0,NA,NA,NA,NA,Y,NA,D,22,0,0,3,0,0,0,0,0,0,-,-,33.97375,-118.2476,LOS ANGELES,UNINCORPORATED,-118.24768008,33.97391001
90309388,2016,2016-11-02,9545,2016-10-29,0304,020244,NA,6,3,9,1900,0,3,5,NA,2,004,AVENUE M,50TH ST  E,30,E,N,A,-,N,NA,NA,NA,NA,NA,NA,NA,NA,NA,Y,3,0,1,1,A,-,01,23152,A,N,E,I,A,A,H,-,D,A,0,NA,NA,NA,NA,Y,Y,A,01,0,1,0,0,0,0,0,0,0,-,-,34.64599,-118.04073,LOS ANGELES,UNINCORPORATED,-118.04089,34.64602
90309410,2016,2016-11-02,9535,2016-10-28,0635,016021,NA,5,1,9,1900,0,2,4,NA,2,014,CESAR E CHAVEZ AVE,MEDNIK AVE,0,NA,Y,B,-,N,NA,NA,NA,NA,NA,NA,NA,NA,NA,Y,4,0,1,2,A,-,09,21801,A,N,D,C,A,A,H,-,C,A,0,NA,NA,NA,NA,Y,NA,A,01,0,0,1,0,0,0,0,0,0,-,-,34.04059,-118.1618,LOS ANGELES,UNINCORPORATED,-118.16188004,34.04061011
90309411,2016,2016-11-02,9530,2016-10-19,1245,015760,NA,3,1,9,1900,0,3,5,NA,2,001,FLORENCE AVENUE,SOUTH AVENUE,0,NA,Y,A,-,N,NA,NA,NA,NA,NA,NA,NA,NA,NA,N,4,0,3,2,A,-,12,22451,A,F,H,F,A,A,H,-,A,A,0,NA,NA,NA,NA,Y,NA,A,01,0,0,3,0,0,0,0,0,0,-,-,33.9755,-118.23435,LOS ANGELES,UNINCORPORATED,-118.33107009,34.15726006
90309457,2016,2016-11-02,9565,2016-10-24,1350,017574,NA,1,1,7,1942,0,1,1,NA,2,061,I-405 NORTHBOUND,HOWARD HUGHES PARKWAY O/C ONRAMP,1100,N,N,A,-,Y,NA,NA,405,NA,NA,NA,NA,NA,N,Y,4,0,1,4,A,-,08,22107,NA,N,B,C,A,A,H,-,A,D,0,NA,NA,NA,NA,Y,NA,A,01,0,0,1,0,0,0,0,0,0,-,-,33.975,-118.385,LOS ANGELES,LOS ANGELES,-118.38474063,33.97555247
90309460,2016,2016-11-02,9550,2016-10-29,1415,020983,NA,6,2,6,1949,0,1,1,NA,2,651,I-605 NORTHBOUND,FIRESTONE BOULEVARD,400,N,N,A,-,Y,NA,NA,605,NA,NA,NA,NA,NA,N,Y,4,0,1,3,A,-,03,22350,NA,N,B,C,A,A,H,-,A,D,0,NA,NA,NA,NA,Y,NA,A,07,0,0,1,0,0,0,0,0,0,-,-,33.92819,-118.10336,LOS ANGELES,NORWALK,-118.10300942,33.92806006
90309471,2016,2016-11-02,9565,2016-10-30,0440,021011,NA,7,3,9,1900,0,3,5,NA,2,004,LENNOX BLVD.,DALEROSE AVE.,146,W,N,A,-,N,NA,NA,NA,NA,NA,NA,NA,NA,NA,Y,3,0,1,2,A,-,01,23152,A,N,B,E,A,A,H,-,C,D,0,NA,NA,NA,NA,Y,Y,A,01,0,1,0,0,0,0,0,0,0,-,-,33.93823,-118.36085,LOS ANGELES,UNINCORPORATED,-118.36072044,33.93816
90309491,2016,2016-11-02,9565,2016-10-25,1055,016326,NA,2,1,9,1900,0,3,5,NA,2,003,OLYMPIAD DR.,VICTORIA AVE.,0,NA,Y,A,-,N,NA,NA,NA,NA,NA,NA,NA,NA,NA,Y,4,0,1,2,A,-,12,21453,A,N,D,C,A,A,H,-,A,A,0,NA,NA,NA,NA,Y,NA,-,-,0,0,1,0,0,0,0,0,0,-,-,34.00296,-118.33307,LOS ANGELES,UNINCORPORATED,-118.33309007,34.00293009
90309568,2016,2016-11-02,9565,2016-10-25,1920,021011,NA,2,2,7,1942,0,3,5,NA,2,006,I-10 E/B (SANTA MONICA FREEWAY),SAWTELLE BLVD,200,W,N,A,-,N,NA,NA,10,NA,NA,NA,NA,NA,E,N,4,0,1,2,A,-,03,22350,NA,N,C,C,A,A,H,-,D,D,0,NA,NA,NA,NA,Y,NA,A,01,0,0,1,0,0,0,0,0,0,-,-,34.03111,-118.43427,LOS ANGELES,LOS ANGELES,-118.43427096,34.03111688
90309586,2016,2017-03-10,9535,2016-09-05,0435,021148,NA,1,3,5,1943,0,1,1,NA,2,074,I-710 (LONG BEACH FREEWAY) N/B,IMPERIAL HIGHWAY,2283,S,N,A,-,Y,NA,NA,710,NA,NA,NA,NA,NA,N,Y,1,2,0,1,A,-,08,22107,NA,N,E,I,A,A,H,-,C,D,0,NA,NA,NA,NA,Y,NA,A,01,0,0,0,0,0,0,0,0,0,-,-,33.92552,-118.17748,LOS ANGELES,LYNWOOD,-118.1776591,33.92550383
90309621,2016,2016-11-02,9590,2016-10-14,1615,21283,NA,5,2,7,1942,0,1,3,NA,2,094,SR-2 E/B (GLENDALE FREEWAY),COLORADO BLVD,500,S,N,A,-,Y,NA,NA,2,NA,NA,NA,NA,NA,E,N,4,0,1,2,A,-,03,22350,NA,N,C,C,A,A,H,-,A,D,0,NA,NA,NA,NA,Y,NA,A,01,0,0,1,0,0,0,0,0,0,-,-,34.14231,-118.22741,LOS ANGELES,LOS ANGELES,-118.22743324,34.14231666
90309633,2016,2016-11-02,9575,2016-10-24,1310,020393,NA,1,1,6,1953,0,1,1,NA,2,064,I-210 E/B (FOOTHILL FREEWAY),SAN GABRIEL BLVD.,800,W,N,B,-,Y,NA,NA,210,NA,NA,NA,NA,NA,E,Y,4,0,3,2,A,-,07,21658,A,N,C,C,A,A,H,-,A,D,0,NA,NA,NA,NA,Y,NA,A,01,0,0,3,0,0,0,0,0,0,-,-,34.1523,-118.0962,LOS ANGELES,PASADENA,-118.09620135,34.15240171
90309649,2016,2016-11-02,9550,2016-10-29,1315,021244,NA,6,1,9,1900,0,1,1,NA,2,650,INTERSTATE 605 S/B,WHITTIER BOULEVARD,180,S,N,A,-,Y,NA,NA,605,NA,NA,NA,NA,NA,S,Y,4,0,1,3,A,-,03,22350,NA,N,C,C,A,A,H,-,A,D,0,NA,NA,NA,NA,Y,NA,A,01,0,0,1,0,0,0,0,0,0,-,-,33.99168,-118.06975,LOS ANGELES,UNINCORPORATED,-118.06977645,33.9916865
90309662,2016,2016-11-02,9590,2016-11-01,0600,016689,NA,2,1,7,1942,0,1,2,NA,2,071,US-101 S/B (SAF),FIGUEROA SREET,300,S,N,B,-,Y,NA,NA,101,NA,NA,NA,NA,NA,S,Y,4,0,1,1,C,-,18,NA,NA,N,E,J,A,A,H,-,C,D,0,NA,NA,NA,NA,Y,NA,-,-,0,0,1,0,0,0,0,0,0,-,-,34.06016,-118.24671,LOS ANGELES,LOS ANGELES,-118.24674848,34.06012152
90309663,2016,2016-11-02,9565,2016-10-26,1320,020113,NA,3,1,7,1942,0,1,1,NA,2,082,I-10 E/B (SANTA MONICA FWY.),GATEWAY BLVD,500,E,N,A,-,Y,NA,NA,10,NA,NA,NA,NA,NA,E,Y,4,0,1,3,A,-,03,22350,NA,N,C,C,A,A,H,-,A,D,0,NA,NA,NA,NA,Y,NA,A,08,0,0,1,0,0,0,0,0,0,-,-,34.02993,-118.44199,LOS ANGELES,LOS ANGELES,-118.44199458,34.02995153
90309665,2016,2016-11-02,9590,2016-10-12,1225,016856,NA,3,1,7,1942,0,1,2,NA,2,072,US-101 N/B,LANKERSHIM BLVD,500,S,N,A,-,Y,NA,NA,101,NA,NA,NA,NA,NA,N,Y,4,0,1,2,A,-,03,22350,NA,N,C,C,A,A,H,-,A,D,0,NA,NA,NA,NA,Y,NA,A,07,0,0,1,0,0,0,0,0,0,-,-,34.13707,-118.36167,LOS ANGELES,LOS ANGELES,-118.36170041,34.13702625
90309724,2016,2016-11-02,9580,2016-10-24,1112,020619,NA,1,1,7,1942,0,1,2,NA,2,102,US-101 N/B (VENTURA FREEWAY),VAN NUYS BLVD,1000,S,N,A,-,Y,NA,NA,101,NA,NA,NA,NA,NA,N,Y,4,0,1,3,A,-,07,21658,A,N,F,A,A,A,H,-,A,D,0,NA,NA,NA,NA,Y,NA,-,99,0,0,1,0,0,0,0,0,0,-,-,34.1557,-118.43883,LOS ANGELES,LOS ANGELES,-118.43883135,34.15575627
90309728,2016,2016-11-02,9580,2016-10-24,1415,019715,NA,1,2,7,1942,0,1,3,NA,2,171,SR-170 S/B (HOLLYWOOD FWY.),WHITSETT AVE,400,N,N,A,-,Y,NA,NA,170,NA,NA,NA,NA,NA,S,Y,4,0,3,5,A,-,03,22350,NA,N,C,C,A,A,H,-,A,D,0,NA,NA,NA,NA,Y,NA,D,22,0,0,3,0,0,0,0,0,0,-,-,34.2077,-118.4063,LOS ANGELES,LOS ANGELES,-118.40647677,34.20765199
90309731,2016,2016-11-02,9525,2016-10-21,1400,016679,NA,5,2,1,1932,0,1,3,NA,2,602,SR-60 E/B (POMONA FREEWAY),FAIRWAY DR.,120,E,N,A,-,Y,NA,NA,60,NA,NA,NA,NA,NA,E,Y,3,0,1,4,A,-,03,22350,NA,N,C,C,A,A,H,-,A,D,0,NA,NA,NA,NA,Y,NA,A,01,0,1,0,0,0,0,0,0,0,-,-,33.996340000000004,-117.86978,LOS ANGELES,INDUSTRY,-117.86976993,33.99626846
90309740,2016,2016-11-02,9580,2016-10-25,2055,020296,NA,2,2,7,1942,0,1,1,NA,2,406,I-405 N/B (SAN DIEGO FWY),DEVONSHIRE ST,1300,N,N,A,-,Y,NA,NA,405,NA,NA,NA,NA,NA,N,Y,3,0,3,5,A,-,03,22350,NA,N,C,C,A,A,H,-,D,D,0,NA,NA,NA,NA,Y,NA,A,07,0,1,2,0,0,0,0,0,0,-,-,34.25902,-118.47214,LOS ANGELES,LOS ANGELES,-118.47211922,34.25901982
90309745,2016,2016-11-02,9580,2016-10-24,1145,017228,NA,1,1,7,1942,0,1,3,NA,2,170,SR-170 N/B (HOLLYWOOD FWY.),SR-134 W/B,75,S,N,A,-,Y,NA,NA,170,NA,NA,NA,NA,NA,N,Y,4,0,2,2,A,-,03,22350,NA,N,C,C,A,A,H,-,A,D,0,NA,NA,NA,NA,Y,NA,D,22,0,0,2,0,0,0,0,0,0,-,-,34.1536,-118.37685,LOS ANGELES,LOS ANGELES,-118.3767992,34.15364113
90309749,2016,2016-11-02,9580,2016-10-24,1750,017228,NA,1,2,7,1942,0,1,3,NA,2,170,SR-170 N/B (HOLLYWOOD FWY.),STRATHERN STREET,200,S,N,A,-,Y,NA,NA,170,NA,NA,NA,NA,NA,N,N,4,0,1,2,A,-,03,22350,NA,N,C,C,A,A,H,-,B,D,0,NA,NA,NA,NA,Y,NA,A,01,0,0,1,0,0,0,0,0,0,-,-,34.21493,-118.40813,LOS ANGELES,LOS ANGELES,-118.40820627,34.2149092
90309750,2016,2016-11-02,9525,2016-10-23,1235,020552,NA,7,1,5,1990,0,1,3,NA,2,601,SR-60 W/B (POMONA FREEWAY),GRAND AVE,500,W,N,B,-,Y,NA,NA,60,NA,NA,NA,NA,NA,W,Y,4,0,1,3,A,-,03,22350,NA,N,C,C,A,A,H,-,A,D,0,NA,NA,NA,NA,Y,NA,A,07,0,0,1,0,0,0,0,0,0,-,-,34.00851,-117.82547,LOS ANGELES,DIAMOND BAR,-117.82533938,34.00838226
90309754,2016,2016-11-02,9580,2016-10-25,0538,016523,NA,2,3,7,1942,0,1,3,NA,2,117,SR-118 W/B (RONALD REAGAN FWY.),RESEDA BLVD,150,E,N,A,-,Y,NA,NA,118,NA,NA,NA,NA,NA,W,Y,4,0,1,1,A,-,08,22107,NA,N,E,J,A,A,H,-,C,D,0,NA,NA,NA,NA,Y,NA,A,01,0,0,1,0,0,0,0,0,0,-,-,34.27568,-118.53524,LOS ANGELES,LOS ANGELES,-118.53517914,34.27549742
90309781,2016,2016-11-02,9525,2016-10-23,1250,019495,NA,7,1,5,1906,0,1,1,NA,2,103,I-10 W/B (SAN BERNARDINO FREEWAY),BALDWIN PARK BLVD,1584,W,N,A,-,Y,NA,NA,10,NA,NA,NA,NA,NA,W,N,4,0,1,3,A,-,03,22350,NA,N,C,C,A,A,H,-,A,D,0,NA,NA,NA,NA,Y,NA,A,01,0,0,1,0,0,0,0,0,0,-,-,34.066,-117.991,LOS ANGELES,BALDWIN PARK,-117.99104712,34.06639163
90309794,2016,2016-11-02,9525,2016-10-23,1340,021080,NA,7,1,9,1900,0,3,5,NA,2,002,COVINA BLVD (18000 BLOCK),HOLLENBECK AVE.,0,NA,Y,A,-,N,NA,NA,NA,NA,NA,NA,NA,NA,NA,Y,4,0,2,2,A,-,09,21801,A,N,A,C,A,A,H,-,A,A,0,NA,NA,NA,NA,Y,NA,A,01,0,0,2,0,0,0,0,0,0,-,-,34.09978,-117.89892,LOS ANGELES,UNINCORPORATED,-117.89898005,34.09940005
90309812,2016,2016-11-02,9575,2016-10-23,1402,021283,NA,7,2,9,1900,0,2,4,NA,2,084,DUARTE RD.,ROSEMEAD BLVD,0,NA,Y,B,-,N,NA,NA,NA,NA,NA,NA,NA,NA,NA,Y,4,0,1,2,A,-,09,21801,A,N,D,C,A,B,H,-,A,A,0,NA,NA,NA,NA,Y,NA,A,01,0,0,1,0,0,0,0,0,0,-,-,34.12294,-118.07287,LOS ANGELES,UNINCORPORATED,-118.07303003,34.12299003
90309830,2016,2016-11-02,9525,2016-10-23,1405,020869,NA,7,2,6,1975,0,1,1,NA,2,104,I-10 E/B (SAN BERNARDINO FREEWAY),PACIFIC AVE,1056,E,N,B,-,Y,NA,NA,10,NA,NA,NA,NA,NA,E,Y,4,0,2,4,A,-,03,22350,NA,N,C,C,A,A,H,-,A,D,0,NA,NA,NA,NA,Y,NA,A,01,0,0,2,0,0,0,0,0,0,-,-,34.07223,-117.94113,LOS ANGELES,WEST COVINA,-117.94113458,34.07227558
90309848,2016,2016-11-02,9525,2016-10-23,1650,019966,NA,7,2,9,1900,0,3,5,NA,2,004,4TH AVE.,LOMITAS AVE.,0,NA,Y,B,C,N,NA,NA,NA,NA,NA,NA,NA,NA,NA,Y,4,0,2,2,A,-,09,21802,A,N,D,C,A,B,H,-,A,D,0,NA,NA,NA,NA,Y,NA,A,07,0,0,2,0,0,0,0,0,0,-,-,34.03301,-117.99401,LOS ANGELES,UNINCORPORATED,-117.99401,34.03336008
90309853,2016,2016-11-02,9550,2016-10-19,0815,010000,NA,3,1,9,1900,0,2,S,NA,2,020,FIRST STREET,AMBER VALLEY DRIVE,0,NA,Y,A,-,N,NA,NA,NA,NA,NA,NA,NA,NA,NA,Y,4,0,1,2,A,-,12,21453,A,N,D,C,A,A,H,-,A,A,0,NA,NA,NA,NA,Y,NA,D,22,0,0,1,0,0,0,0,0,0,-,-,33.92463,-117.98556,LOS ANGELES,UNINCORPORATED,-117.98552002,33.92463002
90309858,2016,2016-11-02,9530,2016-10-20,0310,021038,NA,4,3,9,1900,0,3,5,NA,2,002,COMPTON BLVD. (700 BLOCK),AVALON BLVD.,440,E,N,A,-,N,NA,NA,NA,NA,NA,NA,NA,NA,NA,Y,4,0,1,2,A,-,08,22107,NA,N,C,C,A,A,H,-,C,D,0,NA,NA,NA,NA,Y,NA,A,07,0,0,1,0,0,0,0,0,0,-,-,33.53429,-118.15493,LOS ANGELES,UNINCORPORATED,-118.26393364,33.8952353
90309879,2016,2016-11-02,9550,2016-10-19,0540,10000,NA,3,3,9,1900,0,1,1,NA,2,650,I-605 N/B TO SR-60 E/B,SR-60,118,S,N,A,-,Y,NA,NA,NA,NA,NA,NA,NA,NA,NA,Y,3,0,1,1,A,-,08,22107,NA,N,E,I,A,A,H,-,C,D,0,NA,NA,NA,NA,Y,NA,A,08,0,1,0,0,0,0,0,0,0,-,-,33.03316,-118.02631,LOS ANGELES,UNINCORPORATED,-118.0274619,34.03366642
90309894,2016,2016-11-02,9550,2016-10-24,2123,021129,NA,1,2,9,1900,0,1,1,NA,2,650,INTERSTATE 605 N/B,INTERSTATE 5 N/B (SANTA ANA FREEWAY),500,N,N,B,-,Y,NA,NA,NA,NA,NA,NA,NA,NA,NA,Y,3,0,2,2,A,-,08,22107,NA,N,D,C,A,A,H,-,C,D,0,NA,NA,NA,NA,Y,NA,A,01,0,2,0,0,0,0,0,0,0,-,-,33.94272,-118.09578,LOS ANGELES,UNINCORPORATED,NA,NA
90309911,2016,2016-11-02,9550,2016-10-30,1345,021269,NA,7,1,9,1900,0,3,5,NA,2,001,MINES BOULEVARD,GLENGARRY AVENUE,0,NA,Y,B,-,N,NA,NA,NA,NA,NA,NA,NA,NA,NA,Y,4,0,1,2,A,-,09,21801,A,N,A,C,A,B,H,-,A,D,0,NA,NA,NA,NA,Y,NA,A,01,0,0,1,0,0,0,0,0,0,-,-,33.98014,-118.06797,LOS ANGELES,UNINCORPORATED,-118.06797002,33.98006007
90309924,2016,2016-11-02,9525,2016-10-23,2015,020611,NA,7,2,4,1913,0,1,1,NA,2,209,SR-210 W/B (FOOTHILL FREEWAY),MONTE VISTA AVE,850,E,N,B,C,Y,NA,NA,210,NA,NA,NA,NA,NA,W,Y,4,0,4,2,A,-,03,22350,NA,N,D,C,A,B,H,-,C,D,0,NA,NA,NA,NA,Y,NA,A,01,0,0,4,0,0,0,0,0,0,-,-,34.12126,-117.69782,LOS ANGELES,CLAREMONT,-117.69775262,34.1210881
90309926,2016,2016-11-02,9550,2016-10-30,0200,021185,NA,7,3,6,1920,0,1,1,NA,2,500,INTERSTATE 5 N/B (SANTA ANA FREEWAY),RIO HONDO RIVER,1700,S,N,A,-,Y,NA,NA,5,NA,NA,NA,NA,NA,N,Y,3,0,1,1,A,-,01,23152,A,M,E,I,A,A,H,-,C,D,0,NA,NA,NA,NA,Y,Y,A,01,0,1,0,0,0,0,0,0,0,-,-,33.970439999999996,-118.12245,LOS ANGELES,DOWNEY,-118.1224665,33.97043512
90309932,2016,2016-11-02,9535,2016-10-26,1727,020818,NA,3,2,6,1922,0,1,1,NA,2,400,I-10 (SAN BERNARDINO FREEWAY) E/B,I-605,355,W,N,A,-,Y,NA,NA,NA,NA,NA,NA,NA,NA,NA,Y,4,0,3,5,A,-,03,22350,NA,N,C,C,A,A,H,-,A,D,0,NA,NA,NA,NA,Y,NA,A,01,0,0,3,0,0,0,0,0,0,-,-,34.06474,-118.0015,LOS ANGELES,EL MONTE,NA,NA
90309946,2016,2016-11-02,9525,2016-10-24,0450,012820,NA,1,3,5,1926,0,1,1,NA,2,207,SR-210 W/B TO SR-57 S/B,AMELIA AVE,528,S,N,B,C,Y,NA,NA,NA,NA,NA,NA,NA,NA,NA,N,4,0,1,1,A,-,03,22350,NA,N,E,I,A,B,H,-,C,D,0,NA,NA,NA,NA,Y,NA,A,01,0,0,1,0,0,0,0,0,0,-,-,NA,NA,LOS ANGELES,GLENDORA,-117.8202,34.12029
90309947,2016,2016-11-02,9550,2016-11-02,0800,020131,NA,3,1,6,1949,0,1,1,NA,2,150,I-105 EB TO I-605 SB,ROSECRANS AVENUE,1500,N,N,A,-,Y,NA,NA,NA,NA,NA,NA,NA,NA,NA,Y,4,0,1,4,A,-,07,21658,NA,N,B,C,A,A,H,-,A,D,0,NA,NA,NA,NA,Y,NA,A,01,0,0,1,0,0,0,0,0,0,-,-,33.909440000000004,-118.10536,LOS ANGELES,NORWALK,NA,NA
90309957,2016,2016-11-02,9530,2016-10-21,0800,021380,NA,5,1,7,1941,0,1,1,NA,2,071,I-710 S/B (LONG BEACH FREEWAY),ATLANTIC AVE.,900,S,N,A,-,Y,NA,NA,710,NA,NA,NA,NA,NA,S,N,4,0,1,3,A,-,03,22350,NA,N,C,C,A,A,H,-,A,D,0,NA,NA,NA,NA,Y,NA,D,22,0,0,1,0,0,0,0,0,0,-,-,33.8815,-118.1917,LOS ANGELES,LONG BEACH,-118.191799,33.88152806
90309975,2016,2016-11-02,9565,2016-10-26,1910,020915,NA,3,2,7,1942,0,1,1,NA,2,060,I-405 S/B TO FLORENCE AVE (OFF-RAMP),FLORENCE AVE,100,N,N,A,-,Y,NA,NA,405,NA,NA,NA,R,NA,S,N,4,0,2,2,A,-,03,22350,NA,N,C,C,A,A,H,-,C,D,0,NA,NA,NA,NA,Y,NA,A,01,0,0,2,0,0,0,0,0,0,-,-,33.9678,-118.37187,LOS ANGELES,LOS ANGELES,-118.37187,33.9678
90309977,2016,2016-11-02,9530,2016-10-22,2210,021059,NA,6,3,5,1977,0,1,3,NA,2,310,SR-91 W/B (ARTESIA FREEWAY),CENTRAL AVE.,200,W,N,A,-,Y,NA,NA,91,NA,NA,NA,NA,NA,W,Y,3,0,2,2,A,-,07,21658,A,N,B,C,A,A,H,-,C,D,0,NA,NA,NA,NA,Y,NA,-,-,0,1,1,0,0,0,0,0,0,-,-,33.87373,-118.25166,LOS ANGELES,CARSON,-118.25166158,33.87370548
90309995,2016,2016-11-02,9535,2016-10-29,1010,017595,NA,6,1,4,1907,0,1,1,NA,2,072,I-710 (LONG BEACH FREEWAY) N/B,ATLANTIC BLVD,1050,S,N,A,-,Y,NA,NA,710,NA,NA,NA,NA,NA,N,Y,3,0,1,1,A,-,03,22350,NA,N,E,I,A,A,H,-,A,D,0,NA,NA,Y,NA,Y,NA,C,02,0,1,0,0,0,0,0,0,1,-,-,33.99378,-118.17623,LOS ANGELES,BELL,-118.17624049,33.99377406
90309997,2016,2016-11-02,9535,2016-10-29,1255,017598,NA,6,1,9,1900,0,1,1,NA,2,070,I-710 (LONG BEACH FREEWAY) N/B,CESAR E CHAVEZ AVE,150,S,N,B,-,Y,NA,NA,710,NA,NA,NA,NA,NA,N,Y,4,0,2,2,A,-,03,22350,NA,N,C,C,A,A,H,-,A,D,0,NA,NA,NA,NA,Y,NA,A,07,0,0,2,0,0,0,0,0,0,-,-,34.03744,-118.16938,LOS ANGELES,UNINCORPORATED,-118.16992879,34.0374428
90310004,2016,2016-11-02,9535,2016-09-27,1522,019540,NA,2,2,9,1900,0,3,5,NA,2,001,MARENGO ST (3300 BLOCK),DITMAN AVE.,230,E,N,A,-,N,NA,NA,NA,NA,NA,NA,NA,NA,NA,Y,2,0,1,1,A,-,03,22350,NA,N,E,I,A,A,H,-,A,D,0,NA,NA,Y,NA,Y,NA,C,02,1,0,0,0,0,0,0,0,1,-,-,34.05498,-118.19014,LOS ANGELES,UNINCORPORATED,-118.18960242,34.05498151
90310005,2016,2016-11-02,9535,2016-10-07,2055,021305,NA,5,2,9,1900,0,3,5,NA,2,002,DOWNEY RD. (700 BLOCK),HUBBARD ST.,10,S,N,A,-,N,NA,NA,NA,NA,NA,NA,NA,NA,NA,Y,4,0,2,2,A,-,01,23152,A,M,C,C,A,A,H,-,C,D,0,NA,NA,NA,NA,Y,Y,A,01,0,0,2,0,0,0,0,0,0,-,-,34.0262,-118.18,LOS ANGELES,UNINCORPORATED,-118.18008975,34.02629258
90310009,2016,2016-11-02,9565,2016-10-26,1620,016945,NA,3,2,7,1942,0,1,1,NA,2,062,I-405 S/B (SAN DIEGO FWY),PALMS BLVD,515,S,N,A,-,Y,NA,NA,405,NA,NA,NA,NA,NA,S,Y,4,0,1,2,A,-,07,21658,A,N,C,C,A,A,H,-,A,D,0,NA,NA,Y,NA,Y,NA,A,07,0,0,1,0,0,0,0,0,1,-,-,34.01762,-118.42277,LOS ANGELES,LOS ANGELES,-118.42284406,34.01756143
90310010,2016,2016-11-02,9535,2016-09-22,1540,021305,NA,4,2,9,1900,0,3,5,NA,2,002,GERHART AVE.,6TH ST.,0,NA,Y,A,-,N,NA,NA,NA,NA,NA,NA,NA,NA,NA,N,4,0,1,2,A,-,09,21802,A,M,D,G,A,A,H,-,A,A,0,NA,Y,NA,NA,Y,NA,A,01,0,0,1,0,0,0,1,0,0,-,-,34.02273,-118.1459,LOS ANGELES,UNINCORPORATED,-118.14595013,34.02278009
90310014,2016,2016-11-11,9565,2016-10-29,1400,015275,NA,6,2,7,1942,0,1,1,NA,2,062,I-405 S/B (SAN DIEGO FREEWAY),EXPOSITION BOULEVARD,528,S,N,B,-,Y,NA,NA,405,NA,NA,NA,NA,NA,S,Y,3,0,5,3,A,-,03,22350,NA,M,C,C,A,A,H,-,A,D,0,NA,NA,NA,NA,Y,NA,A,01,0,5,0,0,0,0,0,0,0,-,-,34.03412,-118.43702,LOS ANGELES,LOS ANGELES,-118.43708606,34.03406144
90310022,2016,2016-12-05,9580,2016-10-21,1850,019715,NA,5,2,7,1942,0,1,3,NA,2,117,SR-118 W/B (RONALD REAGAN FWY.),WILBUR AVE,800,W,N,A,-,Y,NA,NA,118,NA,NA,NA,NA,NA,W,Y,3,0,1,3,A,-,03,22350,NA,N,C,C,A,A,H,-,D,D,0,NA,NA,NA,NA,Y,NA,A,01,0,1,0,0,0,0,0,0,0,-,-,34.2735,-118.5495,LOS ANGELES,LOS ANGELES,-118.54950657,34.27352191
90310023,2016,2016-11-02,9535,2016-10-21,1719,021363,NA,5,2,9,1900,0,1,3,NA,2,621,SR-60 (POMONA FREEWAY) W/B,SAN GABRIEL BLVD,280,E,N,A,-,Y,NA,NA,60,NA,NA,NA,NA,NA,W,Y,2,0,1,3,A,-,03,22350,NA,N,C,C,A,A,H,-,A,D,0,NA,NA,Y,NA,Y,NA,C,02,1,0,0,0,0,0,0,0,1,-,-,34.03982,-118.0804,LOS ANGELES,UNINCORPORATED,-118.08035236,34.0396937
90310030,2016,2016-11-02,9580,2016-10-22,0442,021018,NA,6,3,7,1942,0,1,3,NA,2,171,SR-170 S/B (HOLLYWOOD FWY.),RIVERSIDE DR,340,N,N,A,-,Y,NA,NA,170,NA,NA,NA,NA,NA,S,Y,3,0,1,2,C,-,18,NA,NA,N,C,C,A,A,H,-,D,D,0,NA,NA,NA,NA,Y,NA,-,-,0,1,0,0,0,0,0,0,0,-,-,34.16654,-118.38367,LOS ANGELES,LOS ANGELES,-118.38355532,34.16659015