CASE_ID,ACCIDENT_YEAR,PROC_DATE,JURIS,COLLISION_DATE,COLLISION_TIME,OFFICER_ID,REPORTING_DISTRICT,DAY_OF_WEEK,CHP_SHIFT,POPULATION,CNTY_CITY_LOC,SPECIAL_COND,BEAT_TYPE,CHP_BEAT_TYPE,CITY_DIVISION_LAPD,CHP_BEAT_CLASS,BEAT_NUMBER,PRIMARY_RD,SECONDARY_RD,DISTANCE,DIRECTION,INTERSECTION,WEATHER_1,WEATHER_2,STATE_HWY_IND,CALTRANS_COUNTY,CALTRANS_DISTRICT,STATE_ROUTE,ROUTE_SUFFIX,POSTMILE_PREFIX,POSTMILE,LOCATION_TYPE,RAMP_INTERSECTION,SIDE_OF_HWY,TOW_AWAY,COLLISION_SEVERITY,NUMBER_KILLED,NUMBER_INJURED,PARTY_COUNT,PRIMARY_COLL_FACTOR,PCF_CODE_OF_VIOL,PCF_VIOL_CATEGORY,PCF_VIOLATION,PCF_VIOL_SUBSECTION,HIT_AND_RUN,TYPE_OF_COLLISION,MVIW,PED_ACTION,ROAD_SURFACE,ROAD_COND_1,ROAD_COND_2,LIGHTING,CONTROL_DEVICE,CHP_ROAD_TYPE,PEDESTRIAN_ACCIDENT,BICYCLE_ACCIDENT,MOTORCYCLE_ACCIDENT,TRUCK_ACCIDENT,NOT_PRIVATE_PROPERTY,ALCOHOL_INVOLVED,STWD_VEHTYPE_AT_FAULT,CHP_VEHTYPE_AT_FAULT,COUNT_SEVERE_INJ,COUNT_VISIBLE_INJ,COUNT_COMPLAINT_PAIN,COUNT_PED_KILLED,COUNT_PED_INJURED,COUNT_BICYCLIST_KILLED,COUNT_BICYCLIST_INJURED,COUNT_MC_KILLED,COUNT_MC_INJURED,PRIMARY_RAMP,SECONDARY_RAMP,LATITUDE,LONGITUDE,COUNTY,CITY,POINT_X,POINT_Y
90312648,2016,2016-11-07,9535,2016-11-04,1105,017789,NA,5,1,9,1900,0,2,4,NA,2,024,WHITTIER BLVD.,BURGER AVE,0,NA,Y,A,-,N,NA,NA,NA,NA,NA,NA,NA,NA,NA,Y,3,0,3,2,A,-,09,21801,A,N,D,C,A,A,H,-,A,D,0,NA,NA,NA,NA,Y,NA,A,07,0,1,2,0,0,0,0,0,0,-,-,34.02347,-118.17207,LOS ANGELES,UNINCORPORATED,-118.1721201,34.02353001
90312678,2016,2016-11-07,9525,2016-10-22,0405,021156,NA,6,3,5,1906,0,1,1,NA,2,104,I-10 E/B (SAN BERNARDINO FREEWAY),BALDWIN PARK BLVD,500,W,N,A,-,Y,NA,NA,NA,NA,NA,NA,NA,NA,NA,Y,2,0,1,1,A,-,01,23152,A,N,E,I,A,A,H,-,D,D,0,NA,NA,NA,NA,Y,Y,A,07,1,0,0,0,0,0,0,0,0,-,-,34.4145,-117.59532,LOS ANGELES,BALDWIN PARK,-117.98352716,34.06720676
90312679,2016,2016-11-07,9530,2016-10-13,0615,018278,NA,4,1,9,1900,0,3,5,NA,2,004,SANTA FE AVE,HARCOURT ST,0,NA,Y,A,-,N,NA,NA,NA,NA,NA,NA,NA,NA,NA,Y,3,0,1,2,A,-,09,21801,A,N,D,C,A,A,H,-,A,D,0,NA,NA,NA,NA,Y,NA,A,01,0,1,0,0,0,0,0,0,0,-,-,33.86723,-118.21277,LOS ANGELES,UNINCORPORATED,-118.21270007,33.86720001
90312695,2016,2016-11-21,9525,2016-10-22,0515,021250,NA,6,3,6,1955,0,1,1,NA,2,110,I-10 E/B (SAN BERNARDINO FREEWAY),GAREY AVE.,300,E,N,A,-,Y,NA,NA,NA,NA,NA,NA,NA,NA,NA,Y,4,0,3,2,A,-,03,22350,NA,N,C,C,A,A,H,-,D,D,0,NA,NA,NA,NA,Y,Y,D,22,0,0,3,0,0,0,0,0,0,-,-,34.07612,-117.75005,LOS ANGELES,POMONA,-117.75137861,34.07410491
90312716,2016,2016-11-07,9530,2016-10-23,1141,020096,NA,7,1,6,1972,0,1,1,NA,2,410,I-405 N/B TO ARTESIA BOULEVARD,ARTESIA BOULEVARD,393,N,N,B,-,Y,NA,NA,NA,NA,NA,NA,NA,NA,NA,Y,3,0,1,1,A,-,03,22350,NA,N,F,A,A,A,H,-,A,D,0,NA,NA,Y,NA,Y,NA,C,03,0,1,0,0,0,0,0,0,1,-,-,33.52265,-118.20324,LOS ANGELES,TORRANCE,-118.34277652,33.87380842
90312724,2016,2016-11-07,9525,2016-10-23,0940,021250,NA,7,1,1,1934,0,1,1,NA,2,652,I-605 N/B (SAN GABRIEL RIVER FREEWAY),LOWER AZUSA RD.,1200,N,N,B,-,Y,NA,NA,605,NA,NA,NA,NA,NA,N,Y,4,0,1,2,A,-,07,21658,A,N,B,C,A,A,H,-,A,D,0,NA,NA,NA,NA,Y,NA,A,01,0,0,1,0,0,0,0,0,0,-,-,34.09515,-117.98717,LOS ANGELES,IRWINDALE,-117.98719598,34.09517487
90312744,2016,2016-11-07,9525,2016-10-23,1620,020907,NA,7,2,5,1906,0,1,1,NA,2,651,I-605 S/B FROM LOWER AZUSA RD.,LOWER AZUSA RD.,80,S,N,B,C,Y,NA,NA,NA,NA,NA,NA,NA,NA,NA,Y,4,0,2,1,A,-,03,22350,NA,N,E,I,A,B,H,-,A,D,0,NA,NA,NA,NA,Y,NA,A,01,0,0,2,0,0,0,0,0,0,-,-,34.09153,-117.99273,LOS ANGELES,BALDWIN PARK,-117.99190934,34.09173933
90312758,2016,2016-11-07,9530,2016-10-27,1820,020134,NA,4,2,9,1900,0,3,5,NA,2,002,ALAMEDA ST. (11200 BLOCK),111TH ST.,40,S,N,A,-,Y,NA,NA,NA,NA,NA,NA,NA,NA,NA,N,3,0,1,3,A,-,03,22350,NA,N,C,C,A,A,H,-,B,D,0,NA,NA,NA,Y,Y,NA,F,26,0,1,0,0,0,0,0,0,0,-,-,33.93465,-118.22679,LOS ANGELES,UNINCORPORATED,-118.22600464,33.93474105
90312778,2016,2016-11-11,9525,2016-10-23,2016,020847,NA,7,2,4,1913,0,1,1,NA,2,209,SR-210 W/B (FOOTHILL FREEWAY),BASELINE RD.,100,E,N,C,-,Y,NA,NA,NA,NA,NA,NA,NA,NA,NA,Y,4,0,1,3,A,-,03,22350,NA,N,C,C,A,B,H,-,C,D,0,NA,NA,NA,NA,Y,NA,A,01,0,0,1,0,0,0,0,0,0,-,-,34.07199,-117.41439,LOS ANGELES,CLAREMONT,-117.69650274,34.12175036
90312796,2016,2016-11-07,9540,2016-10-21,1719,020484,NA,5,2,6,1985,0,1,3,NA,1,144,SR-14 N/B (ANTELOPE VALLEY FWY),NEWHALL AVE,850,N,N,A,-,Y,NA,NA,14,NA,NA,NA,NA,NA,N,Y,4,0,1,2,A,-,03,22350,NA,N,C,C,A,A,H,-,B,D,0,NA,NA,NA,NA,Y,NA,A,01,0,0,1,0,0,0,0,0,0,-,-,34.36815,-118.50159,LOS ANGELES,SANTA CLARITA,-118.50168518,34.36820227
90312822,2016,2016-11-07,9525,2016-10-16,0915,019966,NA,7,1,9,1900,0,3,5,NA,2,002,SUNFLOWER AVE. (5000 BLOCK),CALORE ST.,161,N,N,A,-,N,NA,NA,NA,NA,NA,NA,NA,NA,NA,Y,3,0,2,4,A,-,07,21658,A,N,B,C,A,A,H,-,A,D,0,NA,NA,NA,NA,Y,NA,A,01,0,1,1,0,0,0,0,0,0,-,-,34.10528,-117.84636,LOS ANGELES,UNINCORPORATED,-117.84638,34.10526135
90312831,2016,2016-11-07,9575,2016-10-17,1510,020182,NA,1,2,7,1942,0,1,1,NA,2,050,I-5 N/B (GOLDEN STATE FREEWAY),ZOO DR.,400,S,N,A,-,Y,NA,NA,5,NA,NA,NA,NA,NA,N,Y,3,0,4,3,A,-,03,22350,NA,N,C,C,A,A,H,-,A,D,0,NA,NA,NA,NA,Y,NA,A,07,0,2,2,0,0,0,0,0,0,-,-,34.14858,-118.27951,LOS ANGELES,LOS ANGELES,-118.27948021,34.14859164
90312855,2016,2016-11-07,9565,2016-10-31,1940,021171,NA,1,2,7,1942,0,1,1,NA,2,064,I-405 S/B (SAN DIEGO FREEWAY),GETTY CENTER DRIVE,400,N,N,A,-,Y,NA,NA,405,NA,NA,NA,NA,NA,S,N,4,0,1,3,A,-,03,22350,NA,N,C,C,A,A,H,-,C,D,0,NA,NA,NA,Y,Y,NA,F,26,0,0,1,0,0,0,0,0,0,-,-,34.09025,-118.4757,LOS ANGELES,LOS ANGELES,-118.47566152,34.0902554
90312857,2016,2016-11-07,9525,2016-10-28,1230,019495,NA,5,1,9,1900,0,3,5,NA,2,004,AMAR RD. (16000 BLOCK),ECHELON AVE,81,W,N,B,-,N,NA,NA,NA,NA,NA,NA,NA,NA,NA,Y,4,0,1,4,A,-,07,21658,A,N,B,C,A,A,H,-,A,D,0,NA,NA,NA,NA,Y,NA,A,01,0,0,1,0,0,0,0,0,0,-,-,34.036,-117.938,LOS ANGELES,UNINCORPORATED,-117.93485668,34.03618524
90312862,2016,2016-12-12,9565,2016-10-14,1635,021200,NA,5,2,4,1918,0,1,1,NA,2,061,I-405 N/B (SAN DIEGO FREEWAY),CULVER BLVD,150,N,N,A,-,Y,NA,NA,405,NA,NA,NA,NA,NA,N,Y,3,0,2,2,A,-,03,22350,NA,N,C,C,A,A,H,-,B,D,0,NA,NA,NA,NA,Y,NA,A,01,0,1,1,0,0,0,0,0,0,-,-,34.00384,-118.41167,LOS ANGELES,CULVER CITY,-118.41168405,34.00382874
90312867,2016,2016-11-07,9565,2016-10-17,0945,021200,NA,1,1,9,1900,0,2,4,NA,1,032,ANGELES VISTA BLVD,DEANE AVENUE,50,S,N,C,-,N,NA,NA,NA,NA,NA,NA,NA,NA,NA,Y,4,0,1,2,A,-,03,22350,NA,N,B,C,A,B,H,-,A,D,0,NA,NA,NA,NA,Y,NA,A,01,0,0,1,0,0,0,0,0,0,-,-,33.99672,-118.33818,LOS ANGELES,UNINCORPORATED,-118.33815842,33.99665894
90312874,2016,2016-11-07,9535,2016-11-05,0920,017789,NA,6,1,9,1900,0,2,4,NA,2,022,OLYMPIC BLVD. (4800 E. BLOCK),FERRIS AVE,40,W,N,A,-,N,NA,NA,NA,NA,NA,NA,NA,NA,NA,Y,4,0,1,2,A,-,03,22350,NA,N,C,C,A,A,H,-,A,D,0,NA,NA,NA,NA,Y,NA,A,07,0,0,1,0,0,0,0,0,0,-,-,34.0176,-118.16499,LOS ANGELES,UNINCORPORATED,-118.16498767,34.01764701
90312881,2016,2016-11-07,9580,2016-10-29,1705,019544,NA,6,2,7,1942,0,1,3,NA,2,116,SR-118 E/B (RONALD REAGAN FWY.),RUFFNER AVE,710,E,N,A,-,Y,NA,NA,118,NA,NA,NA,NA,NA,E,Y,2,0,1,1,A,-,01,23152,A,N,F,A,A,A,H,-,A,D,0,NA,NA,NA,NA,Y,Y,D,22,1,0,0,0,0,0,0,0,0,-,-,34.27637,-118.49594,LOS ANGELES,LOS ANGELES,-118.4959091,34.27643063
90312893,2016,2016-11-07,9540,2016-10-25,0755,021374,NA,2,1,7,1942,0,1,1,NA,1,501,I-5 S/B (GOLDEN STATE FREEWAY),SAN FERNANDO MISSION BLVD,4224,N,N,A,-,Y,NA,NA,5,NA,NA,NA,NA,NA,S,N,4,0,1,2,A,-,07,21658,A,F,B,C,A,A,H,-,A,D,0,NA,NA,NA,NA,Y,NA,A,01,0,0,1,0,0,0,0,0,0,-,-,34.28601,-118.4614,LOS ANGELES,LOS ANGELES,-118.46138019,34.28604286
90312901,2016,2016-11-07,9540,2016-10-27,0810,021374,NA,4,1,7,1942,0,1,1,NA,1,503,I-5 S/B (GOLDEN STATE FREEWAY),I-210 E/B,2600,N,N,B,-,Y,NA,NA,5,NA,NA,NA,NA,NA,S,Y,4,0,1,4,A,-,03,22350,NA,F,C,C,A,A,H,-,A,D,0,NA,NA,NA,NA,Y,Y,D,22,0,0,1,0,0,0,0,0,0,-,-,34.32215,-118.49866,LOS ANGELES,LOS ANGELES,-118.49862753,34.3222074
90312913,2016,2016-11-07,9540,2016-11-04,1225,019254,NA,5,1,7,1942,0,1,1,NA,1,502,I-5 N/B (GOLDEN STATE FREEWAY),BALBOA BLVD.,1584,N,N,A,-,Y,NA,NA,5,NA,NA,NA,NA,NA,N,Y,4,0,3,2,A,-,03,22350,NA,N,C,C,A,A,H,-,A,D,0,NA,NA,NA,NA,Y,NA,A,07,0,0,3,0,0,0,0,0,0,-,-,34.3238,-118.5006,LOS ANGELES,LOS ANGELES,-118.500694,34.32363235
90312929,2016,2016-11-07,9590,2016-11-04,0625,019008,NA,5,1,7,1942,0,1,2,NA,2,070,US-101 NB (HOLLYWOOD FREEWAY),GLENDALE BLVD,500,S,N,A,-,Y,NA,NA,101,NA,NA,NA,NA,NA,N,N,4,0,1,2,A,-,03,22350,NA,N,C,C,A,A,H,-,C,D,0,NA,NA,NA,NA,Y,NA,A,01,0,0,1,0,0,0,0,0,0,-,-,34.06872,-118.25813,LOS ANGELES,LOS ANGELES,-118.25813589,34.06870327
90312950,2016,2016-11-07,9565,2016-10-30,1140,021231,NA,7,1,9,1900,0,3,5,NA,2,003,STOCKER AVE.,DON MIGUEL DR,50,E,N,B,-,N,NA,NA,NA,NA,NA,NA,NA,NA,NA,Y,4,0,1,2,A,-,03,22350,NA,N,C,C,A,B,H,-,A,A,0,NA,NA,NA,NA,Y,NA,A,01,0,0,1,0,0,0,0,0,0,-,-,34.00485,-118.35042,LOS ANGELES,UNINCORPORATED,-118.35059259,34.00492027
90312952,2016,2016-11-07,9565,2016-11-01,1645,020495,NA,2,2,7,1942,0,1,1,NA,2,064,I-405 N/B (SAN DIEGO FREEWAY),SUNSET BOULEVARD,1200,N,N,A,-,Y,NA,NA,405,NA,NA,NA,NA,NA,N,N,4,0,1,2,A,-,07,21658,A,N,B,C,A,A,H,-,A,D,0,NA,NA,Y,NA,Y,NA,D,22,0,0,1,0,0,0,0,0,1,-,-,34.0899,-118.475,LOS ANGELES,LOS ANGELES,-118.47537202,34.08984781
90312956,2016,2016-11-07,9565,2016-10-25,1022,021231,NA,2,1,9,1900,0,3,5,NA,2,002,BUDLONG AVE.,106TH ST.,0,NA,Y,A,-,N,NA,NA,NA,NA,NA,NA,NA,NA,NA,N,4,0,2,2,A,-,09,21802,A,N,B,C,A,A,H,-,A,A,0,NA,NA,NA,NA,Y,NA,A,08,0,0,2,0,0,0,0,0,0,-,-,33.94002,-118.29627,LOS ANGELES,UNINCORPORATED,-118.29625009,33.94003004
90312991,2016,2016-11-07,9550,2016-10-29,1640,021269,NA,6,2,5,1908,0,1,3,NA,2,091,STATE ROUTE 91 E/B (ARTESIA FREEWAY),WOODRUFF AVENUE,1200,E,N,A,-,Y,NA,NA,91,NA,NA,NA,NA,NA,E,Y,3,0,1,1,A,-,03,22350,NA,N,F,A,A,A,H,-,A,D,0,NA,NA,Y,NA,Y,NA,C,02,0,1,0,0,0,0,0,0,1,-,-,33.87687,-118.11328,LOS ANGELES,BELLFLOWER,-118.11326889,33.87675955
90313015,2016,2016-11-07,9565,2016-10-29,0100,021372,NA,6,3,6,1933,0,1,1,NA,2,060,I-405 N/B COLLECTOR RD TO LA CIENEGA,ARBOR VITAE ST,200,S,N,A,-,Y,NA,NA,405,NA,NA,NA,R,NA,N,Y,4,0,1,1,A,-,08,22107,NA,N,E,I,A,A,H,-,A,D,0,NA,NA,NA,NA,Y,NA,A,01,0,0,1,0,0,0,0,0,0,-,-,33.95228,-118.36879,LOS ANGELES,INGLEWOOD,-118.36879,33.95228
90313034,2016,2016-11-07,9535,2016-11-02,1127,016276,NA,3,1,6,1922,0,1,1,NA,2,400,I-10 (SAN BERNARDINO FREEWAY) E/B,SANTA ANITA AVE,875,W,N,A,-,Y,NA,NA,10,NA,NA,NA,NA,NA,E,N,4,0,1,3,A,-,03,22350,NA,N,C,C,A,A,H,-,A,D,0,NA,NA,NA,NA,Y,NA,A,07,0,0,1,0,0,0,0,0,0,-,-,34.06865,-118.04221,LOS ANGELES,EL MONTE,-118.04220454,34.0686933
90313037,2016,2016-11-07,9550,2016-10-24,0500,021107,NA,1,3,6,1920,0,1,1,NA,2,651,I-605 N/B,FLORENCE AVENUE,2200,S,N,C,-,Y,NA,NA,605,NA,NA,NA,NA,NA,N,Y,3,0,1,2,A,-,03,22350,NA,N,C,C,A,B,H,-,C,D,0,NA,NA,NA,NA,Y,NA,A,01,0,1,0,0,0,0,0,0,0,-,-,33.93122,-118.10168,LOS ANGELES,DOWNEY,-118.10163854,33.93119877
90313046,2016,2016-11-07,9535,2016-10-25,1550,021305,NA,2,2,5,1952,0,1,1,NA,2,105,I-105 (CENTURY FREEWAY) W/B,I-710 (LONG BEACH FREEWAY) N/B,250,E,N,A,-,Y,NA,NA,105,NA,NA,NA,NA,NA,W,Y,3,0,3,4,A,-,03,22350,NA,N,C,C,A,A,H,-,A,D,0,NA,NA,NA,NA,Y,NA,A,01,0,1,2,0,0,0,0,0,0,-,-,33.91261,-118.17907,LOS ANGELES,PARAMOUNT,-118.17903431,33.91271243
90313080,2016,2016-11-07,9565,2016-10-24,2300,021021,NA,1,3,5,1928,0,1,1,NA,2,060,I-405 NB FROM EL SEGUNDO BLVD,EL SEGUNDO BLVD,200,N,N,A,-,Y,NA,NA,405,NA,NA,NA,R,NA,N,N,4,0,1,2,A,-,01,23152,E,F,C,C,A,A,H,-,E,D,0,NA,NA,NA,NA,Y,NA,A,01,0,0,1,0,0,0,0,0,0,-,-,33.9166,-118.3695,LOS ANGELES,HAWTHORNE,-118.3695,33.9166
90313382,2016,2016-11-07,9550,2016-11-06,0525,020983,NA,7,3,5,1976,0,1,1,NA,2,650,I-605 NORTHBOUND,BEVERLY BOULEVARD,2536,N,N,E,-,Y,NA,NA,NA,NA,NA,NA,NA,NA,NA,Y,2,0,2,1,A,-,01,23152,A,N,E,J,A,A,H,-,C,D,0,NA,NA,NA,NA,Y,Y,A,01,1,1,0,0,0,0,0,0,0,-,-,34.01439,-118.05573,LOS ANGELES,WHITTIER,-118.05786757,34.00925636
90313384,2016,2016-11-07,9530,2016-10-27,1110,021252,NA,4,1,9,1900,0,3,5,NA,2,001,FLORENCE AVE. (BLOCK 2200),ROSEBERRY AVE.,72,E,N,A,-,N,NA,NA,NA,NA,NA,NA,NA,NA,NA,N,4,0,2,2,A,-,03,22350,NA,N,C,C,A,A,H,-,A,A,0,NA,NA,NA,NA,Y,NA,A,01,0,0,2,0,0,0,0,0,0,-,-,33.5828,-118.1356,LOS ANGELES,UNINCORPORATED,-118.232313,33.97473
90313416,2016,2016-11-07,9535,2016-10-19,0720,016276,NA,3,1,6,1922,0,1,1,NA,2,111,I-10 (SAN BERNARDINO FREEWAY) W/B,BALDWIN AVE,206,E,N,A,-,Y,NA,NA,10,NA,NA,NA,NA,NA,W,Y,3,0,1,3,A,-,03,22350,NA,N,C,C,A,A,H,-,A,D,0,NA,NA,Y,NA,Y,NA,A,01,0,1,0,0,0,0,0,0,1,-,-,34.07263,-118.05841,LOS ANGELES,EL MONTE,-118.05840946,34.07260561
90313417,2016,2016-11-07,9535,2016-10-15,1552,021167,NA,6,2,9,1900,0,2,4,NA,2,018,3RD ST,EASTERN AVE,0,NA,Y,A,-,N,NA,NA,NA,NA,NA,NA,NA,NA,NA,Y,4,0,1,2,A,-,09,21801,A,N,D,C,A,A,H,-,A,A,0,NA,NA,Y,NA,Y,NA,D,22,0,0,1,0,0,0,0,0,1,-,-,34.03343,-118.17391,LOS ANGELES,UNINCORPORATED,-118.17394005,34.03328005
9031342,2020,2020-03-17,1900,2020-01-19,1700,621338,1333,7,5,5,1908,0,0,0,NA,0,133T1,ALONDRA BL,MCNAB AV,0,NA,Y,A,-,N,NA,NA,NA,NA,NA,NA,NA,NA,NA,Y,3,0,3,2,A,-,12,21453,A,N,B,C,A,A,H,-,A,A,0,NA,NA,NA,NA,Y,NA,A,07,0,1,2,0,0,0,0,0,0,-,-,NA,NA,LOS ANGELES,BELLFLOWER,-118.11302185058594,33.888370513916016
90313430,2016,2016-11-07,9565,2016-10-13,2200,020209,NA,4,3,9,1900,0,3,5,NA,2,006,WILSHIRE BLVD (WESTBOUND),FEDERAL AVE,600,E,N,A,-,Y,NA,NA,NA,NA,NA,NA,NA,NA,NA,Y,4,0,1,1,A,-,01,23152,A,N,E,I,A,A,H,-,C,D,0,NA,NA,NA,NA,Y,Y,A,01,0,0,1,0,0,0,0,0,0,-,-,34.0533,-118.45787,LOS ANGELES,UNINCORPORATED,-118.45845136,34.05226138
90313434,2016,2016-11-07,9535,2016-11-01,1755,020818,NA,2,2,6,1922,0,1,1,NA,2,400,I-10 (SAN BERNARDINO FREEWAY) E/B,I-605,200,W,N,A,-,Y,NA,NA,NA,NA,NA,NA,NA,NA,NA,Y,4,0,1,2,A,-,04,21703,NA,N,C,C,A,A,H,-,B,D,0,NA,NA,NA,NA,Y,NA,A,01,0,0,1,0,0,0,0,0,0,-,-,34.06488,-118.00106,LOS ANGELES,EL MONTE,NA,NA
90313436,2016,2016-11-07,9535,2016-11-04,1445,020818,NA,5,2,4,1962,0,1,1,NA,2,401,I-10 W/B FROM DEL MAR AVE N/B,DEL MAR AVE,430,W,N,A,-,Y,NA,NA,10,NA,NA,NA,R,NA,W,Y,4,0,1,2,A,-,03,22350,NA,N,C,C,A,A,H,-,A,A,0,NA,NA,NA,NA,Y,NA,A,01,0,0,1,0,0,0,0,0,0,-,-,34.07238,-118.10109,LOS ANGELES,SAN GABRIEL,-118.10109,34.07238
90313440,2016,2016-11-07,9565,2016-10-21,1734,021251,NA,5,2,9,1900,0,3,5,NA,2,004,JUDAH AVE.,119TH ST.,120,S,N,A,-,N,NA,NA,NA,NA,NA,NA,NA,NA,NA,Y,3,0,1,2,A,-,08,22107,NA,F,B,C,A,A,H,-,A,D,0,NA,NA,NA,NA,Y,NA,A,01,0,1,0,0,0,0,0,0,0,-,-,33.9252,-118.37656,LOS ANGELES,UNINCORPORATED,-118.37658285,33.92514092
90313448,2016,2016-11-07,9565,2016-10-23,1620,021200,NA,7,2,9,1900,0,2,4,NA,2,024,IMPERIAL HIGHWAY,NORMANDIE AVE,300,W,N,C,-,N,NA,NA,NA,NA,NA,NA,NA,NA,NA,Y,3,0,1,2,A,-,08,22107,NA,F,C,C,A,B,H,-,B,D,0,NA,NA,NA,NA,Y,NA,-,99,0,1,0,0,0,0,0,0,0,-,-,33.93088,-118.30172,LOS ANGELES,UNINCORPORATED,-118.30130704,33.93102617
90313453,2016,2016-11-07,9550,2016-11-02,0830,021386,NA,3,1,6,1949,0,1,1,NA,2,652,INTERSTATE 605 N/B,ALONDRA BOULEVARD,2000,S,N,A,-,Y,NA,NA,NA,NA,NA,NA,NA,NA,NA,N,4,0,1,2,A,-,03,22350,NA,N,C,C,A,A,H,-,A,D,0,NA,NA,NA,NA,Y,NA,A,01,0,0,1,0,0,0,0,0,0,-,-,33.88235,-118.10383,LOS ANGELES,NORWALK,-118.1043,33.88746
9031346,2020,2020-03-17,1900,2020-01-10,1442,622431,1322,5,5,5,1935,0,0,0,NA,0,132T2,SOUTH ST,DOWNEY AV,70,E,N,A,-,N,NA,NA,NA,NA,NA,NA,NA,NA,NA,N,3,0,1,2,A,-,11,21954,A,N,D,B,D,A,H,-,A,D,0,Y,NA,NA,NA,Y,NA,N,60,0,1,0,0,1,0,0,0,0,-,-,NA,NA,LOS ANGELES,LAKEWOOD,-118.15094757080078,33.86022186279297
90313473,2016,2016-11-08,9550,2016-11-05,0135,020709,NA,6,3,9,1900,0,3,5,NA,2,002,"IMPERIAL HIGHWAY, NORTH FRONTAGE ROAD",BREEZEWOOD DRIVE,68,W,N,A,-,N,NA,NA,NA,NA,NA,NA,NA,NA,NA,N,4,0,1,4,A,-,01,23152,A,F,B,E,A,A,H,-,C,D,0,NA,NA,NA,NA,Y,Y,A,01,0,0,1,0,0,0,0,0,0,-,-,33.91748,-117.99091,LOS ANGELES,UNINCORPORATED,-117.99079147,33.91745673
90313480,2016,2016-11-08,9525,2016-10-25,1430,021375,NA,2,2,9,1900,0,1,3,NA,1,024,SR-39 (SAN GABRIEL CANYON RD.),EAST FORK RD.,6000,S,N,A,-,Y,NA,NA,39,NA,NA,NA,NA,NA,NA,Y,3,0,1,1,A,-,17,21662,A,N,F,A,A,A,H,-,A,D,0,NA,NA,Y,NA,Y,NA,C,02,0,1,0,0,0,0,0,0,1,-,-,34.2218,-117.8547,LOS ANGELES,UNINCORPORATED,-117.85471911,34.22185692
90313497,2016,2016-11-08,9525,2016-10-22,1733,021080,NA,6,2,1,1934,0,1,1,NA,2,204,I-210 E/B (FOOTHILL FREEWAY),IRWINDALE AVE,500,E,N,A,-,Y,NA,NA,210,NA,NA,NA,NA,NA,E,Y,3,0,3,3,A,-,03,22350,NA,N,C,C,A,A,H,-,A,D,0,NA,NA,NA,NA,Y,NA,A,01,0,1,2,0,0,0,0,0,0,-,-,34.13067,-117.93106,LOS ANGELES,IRWINDALE,-117.93098641,34.13038994
9031350,2020,2020-03-17,1900,2020-01-13,1800,623020,1332,1,5,5,1952,0,0,0,NA,0,133T2,SOMERSET BL,LAKEWOOD BL,695,W,N,A,-,N,NA,NA,NA,NA,NA,NA,NA,NA,NA,Y,4,0,2,3,A,-,04,21703,NA,N,C,C,A,A,H,-,C,A,0,NA,NA,NA,NA,Y,Y,A,01,0,0,2,0,0,0,0,0,0,-,-,33.896400451660156,-118.14510345458984,LOS ANGELES,PARAMOUNT,-118.14509582519533,33.89649200439453
90313500,2016,2016-11-08,9590,2016-07-25,0409,020672,NA,1,3,7,1942,0,1,3,NA,2,095,SR-2 WESTBOUND (GLENDALE FREEWAY),SAN FERNANDO ROAD,408,E,N,A,-,Y,NA,NA,2,NA,NA,NA,NA,NA,W,Y,1,1,0,2,A,-,07,21658,A,N,B,C,A,A,H,-,C,D,0,NA,NA,NA,NA,Y,NA,A,01,0,0,0,0,0,0,0,0,0,-,-,34.11368,-118.24389,LOS ANGELES,LOS ANGELES,-118.24384836,34.11361378
90313501,2016,2016-11-08,9525,2016-10-21,2345,021362,NA,5,3,6,1955,0,1,3,NA,2,605,SR-60 W/B (POMONA FREEWAY),PHILLIPS RANCH RD,165,E,N,A,-,Y,NA,NA,NA,NA,NA,NA,NA,NA,NA,Y,4,0,3,2,A,-,03,22350,NA,N,C,C,A,A,H,-,D,D,0,NA,NA,NA,NA,Y,NA,A,07,0,0,3,0,0,0,0,0,0,-,-,34.12547,-117.46102,LOS ANGELES,POMONA,-117.7704018,34.02393495
90313515,2016,2016-11-08,9525,2016-10-30,1025,020951,NA,7,1,6,1955,0,1,1,NA,2,109,I-10 W/B (SAN BERNARDINO FREEWAY),TOWNE AVE,400,E,N,B,-,Y,NA,NA,10,NA,NA,NA,NA,NA,W,Y,3,0,1,1,A,-,08,22107,NA,N,E,I,A,A,H,-,A,D,0,NA,NA,NA,NA,Y,NA,A,01,0,1,0,0,0,0,0,0,0,-,-,34.07929,-117.73998,LOS ANGELES,POMONA,-117.73987632,34.07903599
90313519,2016,2016-11-08,9540,2016-11-05,0957,019254,NA,6,1,7,1942,0,1,1,NA,2,210,I-210 W/B (FOOTHILL FREEWAY),ROXFORD STREET,2640,W,N,A,-,Y,NA,NA,210,NA,NA,NA,NA,NA,W,N,4,0,1,2,A,-,03,22350,NA,N,C,C,A,A,H,-,A,D,0,NA,NA,NA,NA,Y,NA,A,07,0,0,1,0,0,0,0,0,0,-,-,34.32373,-118.4672,LOS ANGELES,LOS ANGELES,-118.46719833,34.3236968