CASE_ID,ACCIDENT_YEAR,PROC_DATE,JURIS,COLLISION_DATE,COLLISION_TIME,OFFICER_ID,REPORTING_DISTRICT,DAY_OF_WEEK,CHP_SHIFT,POPULATION,CNTY_CITY_LOC,SPECIAL_COND,BEAT_TYPE,CHP_BEAT_TYPE,CITY_DIVISION_LAPD,CHP_BEAT_CLASS,BEAT_NUMBER,PRIMARY_RD,SECONDARY_RD,DISTANCE,DIRECTION,INTERSECTION,WEATHER_1,WEATHER_2,STATE_HWY_IND,CALTRANS_COUNTY,CALTRANS_DISTRICT,STATE_ROUTE,ROUTE_SUFFIX,POSTMILE_PREFIX,POSTMILE,LOCATION_TYPE,RAMP_INTERSECTION,SIDE_OF_HWY,TOW_AWAY,COLLISION_SEVERITY,NUMBER_KILLED,NUMBER_INJURED,PARTY_COUNT,PRIMARY_COLL_FACTOR,PCF_CODE_OF_VIOL,PCF_VIOL_CATEGORY,PCF_VIOLATION,PCF_VIOL_SUBSECTION,HIT_AND_RUN,TYPE_OF_COLLISION,MVIW,PED_ACTION,ROAD_SURFACE,ROAD_COND_1,ROAD_COND_2,LIGHTING,CONTROL_DEVICE,CHP_ROAD_TYPE,PEDESTRIAN_ACCIDENT,BICYCLE_ACCIDENT,MOTORCYCLE_ACCIDENT,TRUCK_ACCIDENT,NOT_PRIVATE_PROPERTY,ALCOHOL_INVOLVED,STWD_VEHTYPE_AT_FAULT,CHP_VEHTYPE_AT_FAULT,COUNT_SEVERE_INJ,COUNT_VISIBLE_INJ,COUNT_COMPLAINT_PAIN,COUNT_PED_KILLED,COUNT_PED_INJURED,COUNT_BICYCLIST_KILLED,COUNT_BICYCLIST_INJURED,COUNT_MC_KILLED,COUNT_MC_INJURED,PRIMARY_RAMP,SECONDARY_RAMP,LATITUDE,LONGITUDE,COUNTY,CITY,POINT_X,POINT_Y
90315074,2016,2016-11-09,9550,2016-11-08,1805,021129,NA,2,2,5,1919,0,1,1,NA,2,652,INTERSTATE 605 S/B,SOUTH STREET,120,N,N,A,-,Y,NA,NA,605,NA,NA,NA,NA,NA,S,Y,4,0,2,3,A,-,03,22350,NA,N,C,C,A,A,H,-,C,D,0,NA,NA,NA,NA,Y,NA,A,01,0,0,2,0,0,0,0,0,0,-,-,33.85879,-118.09648,LOS ANGELES,CERRITOS,-118.09645967,33.8587952
9031508,2020,2020-02-26,1942,2020-01-14,1135,42379,0506,2,5,7,1942,0,0,0,E,0,0506,CARSON ST,WESTERN AV,20,E,N,A,-,N,NA,NA,NA,NA,NA,NA,NA,NA,NA,N,3,0,1,2,A,-,11,21956,A,N,-,B,D,A,H,-,A,B,0,Y,NA,NA,NA,Y,NA,N,60,0,1,0,0,1,0,0,0,0,-,-,NA,NA,LOS ANGELES,LOS ANGELES,-118.30896759033205,33.83150100708008
90315104,2016,2016-11-09,9525,2016-10-29,1440,021080,NA,6,2,6,1975,0,1,1,NA,2,106,I-10 E/B (SAN BERNARDINO FREEWAY),VINCENT AVE,150,E,N,A,-,Y,NA,NA,NA,NA,NA,NA,NA,NA,NA,N,4,0,2,3,A,-,03,22350,NA,F,C,C,A,A,D,E,A,D,0,NA,NA,NA,NA,Y,NA,-,99,0,0,2,0,0,0,0,0,0,-,-,34.07083,-117.90801,LOS ANGELES,WEST COVINA,-117.92665,34.07224
90315114,2016,2016-11-09,9550,2016-11-04,1055,020824,NA,5,1,9,1900,0,1,1,NA,2,650,INTERSTATE 605 S/B,SLAUSON AVENUE,1000,N,N,A,-,Y,NA,NA,605,NA,NA,NA,NA,NA,S,Y,3,0,1,1,A,-,08,22107,NA,N,E,I,A,A,H,-,A,D,0,NA,NA,NA,NA,Y,NA,A,01,0,1,0,0,0,0,0,0,0,-,-,33.97024,-118.08198,LOS ANGELES,UNINCORPORATED,-118.08187965,33.97018417
90315115,2016,2016-11-09,9525,2016-10-29,1600,021080,NA,6,2,6,1975,0,1,1,NA,2,105,I-10 W/B (SAN BERNARDINO FREEWAY),VINCENT AVE,150,E,N,A,-,Y,NA,NA,10,NA,NA,NA,NA,NA,W,N,3,0,1,2,A,-,03,22350,NA,N,C,C,A,A,D,E,A,D,0,NA,NA,NA,NA,Y,NA,D,22,0,1,0,0,0,0,0,0,0,-,-,34.07245,-117.92279,LOS ANGELES,WEST COVINA,-117.92279043,34.07237706
90315118,2016,2016-11-09,9525,2016-10-28,2001,021080,NA,5,2,4,1946,0,1,1,NA,2,202,I-210 E/B (FOOTHILL FREEWAY),HUNTINGTON DR.,2112,E,N,A,-,Y,NA,NA,210,NA,NA,NA,NA,NA,E,Y,4,0,1,5,A,-,03,22350,NA,N,C,C,A,A,H,-,C,D,0,NA,NA,NA,NA,Y,NA,A,07,0,0,1,0,0,0,0,0,0,-,-,34.13884,-118.01498,LOS ANGELES,MONROVIA,-118.01515729,34.13864986
9031512,2020,2020-03-09,1942,2020-01-14,0550,41858,0501,2,5,7,1942,0,0,0,E,0,5A85,182ND ST,RT 110,200,E,N,A,-,N,NA,NA,NA,NA,NA,NA,NA,NA,NA,Y,4,0,2,3,A,-,08,22107,NA,N,B,C,A,A,G,-,A,D,0,NA,NA,NA,NA,Y,NA,A,01,0,0,2,0,0,0,0,0,0,-,SF,NA,NA,LOS ANGELES,LOS ANGELES,-118.2875518798828,33.86875534057617
90315120,2016,2016-11-09,9575,2016-10-26,1940,021342,NA,3,2,6,1912,0,1,1,NA,2,051,I-5 N/B (GOLDEN STATE FREEWAY),BURBANK BLVD,1200,N,N,A,-,Y,NA,NA,5,NA,NA,NA,NA,NA,N,N,4,0,1,2,A,-,07,21658,A,N,B,C,A,A,D,-,C,D,0,NA,NA,NA,Y,Y,NA,-,-,0,0,1,0,0,0,0,0,0,-,-,34.18676,-118.31998,LOS ANGELES,BURBANK,-118.32000418,34.18670385
90315125,2016,2016-11-09,9530,2016-11-01,1420,021273,NA,2,2,9,1900,0,1,1,NA,2,210,I-105 E/B (GLENN ANDERSON FWY),LONG BEACH BLVD.,1320,W,N,A,-,Y,NA,NA,NA,NA,NA,NA,NA,NA,NA,Y,3,0,1,1,A,-,08,22107,NA,N,E,I,A,A,H,-,A,D,0,NA,NA,NA,NA,Y,NA,A,07,0,1,0,0,0,0,0,0,0,-,-,33.92655,-118.21385,LOS ANGELES,UNINCORPORATED,-118.21385931,33.92644636
90315130,2016,2016-11-09,9525,2016-10-30,1243,021080,NA,7,1,6,1975,0,1,1,NA,2,104,I-10 E/B (SAN BERNARDINO FREEWAY),VINCENT AVE,5280,W,N,B,-,Y,NA,NA,NA,NA,NA,NA,NA,NA,NA,N,4,0,1,2,A,-,03,22350,NA,N,C,C,A,B,H,-,A,D,0,NA,NA,NA,Y,Y,NA,G,26,0,0,1,0,0,0,0,0,0,-,-,34.07014,-117.92742,LOS ANGELES,WEST COVINA,-117.94255,34.07213
90315131,2016,2016-11-09,9590,2016-10-29,0320,021222,NA,6,3,7,1942,0,1,1,NA,2,053,I-110 S/B (HARBOR FREEWAY),EXPOSITION BLVD,450,N,N,A,-,Y,NA,NA,110,NA,NA,NA,NA,NA,S,N,2,0,1,1,C,-,18,NA,NA,N,H,A,A,A,H,-,C,D,0,NA,NA,NA,NA,Y,NA,-,-,1,0,0,0,0,0,0,0,0,-,-,34.02036,-118.27917,LOS ANGELES,LOS ANGELES,-118.27882575,34.02014086
90315141,2016,2016-11-09,9535,2016-10-25,1545,021384,NA,2,2,5,1901,0,1,1,NA,2,420,I-10 (SAN BERNARDINO FREEWAY) E/B,GARFIELD AVE.,476,E,N,A,-,Y,NA,NA,10,NA,NA,NA,NA,NA,E,Y,4,0,1,4,A,-,03,22350,NA,N,C,C,A,A,H,-,A,D,0,NA,NA,NA,Y,Y,NA,A,01,0,0,1,0,0,0,0,0,0,-,-,34.07139,-118.12126,LOS ANGELES,ALHAMBRA,-118.1212611,34.07147858
90315151,2016,2016-11-09,9575,2016-10-27,1640,021006,NA,4,2,7,1942,0,1,1,NA,2,052,I-5 N/B (GOLDEN STATE FREEWAY),LANKERSHIM BLVD.,500,N,N,A,-,Y,NA,NA,5,NA,NA,NA,NA,NA,N,N,4,0,1,4,A,-,03,22350,NA,N,C,C,A,A,H,-,A,D,0,NA,NA,NA,NA,Y,NA,A,01,0,0,1,0,0,0,0,0,0,-,-,34.23059,-118.39765,LOS ANGELES,LOS ANGELES,-118.39763819,34.23066008
90315157,2016,2016-11-09,9525,2016-10-31,1550,020907,NA,1,2,1,1934,0,1,1,NA,2,204,I-210 E/B (FOOTHILL FREEWAY),VERNON AVE,500,W,N,B,-,Y,NA,NA,NA,NA,NA,NA,NA,NA,NA,N,4,0,1,2,A,-,03,22350,NA,N,C,C,A,A,H,-,A,D,0,NA,NA,NA,NA,Y,NA,A,01,0,0,1,0,0,0,0,0,0,-,-,34.12861,-117.92169,LOS ANGELES,IRWINDALE,-117.917228,34.12710131
90315166,2016,2016-11-09,9565,2016-11-03,1730,020958,NA,4,2,9,1900,0,3,5,NA,2,002,120TH STREET,NORMANDIE AVENUE,0,NA,Y,A,-,N,NA,NA,NA,NA,NA,NA,NA,NA,NA,N,4,0,4,2,A,-,09,21801,A,N,D,C,A,A,H,-,B,A,0,NA,NA,NA,NA,Y,NA,A,01,0,0,4,0,0,0,0,0,0,-,-,33.92396,-118.30035,LOS ANGELES,UNINCORPORATED,-118.30036002,33.92396011
90315173,2016,2016-11-09,9530,2016-11-01,1145,019792,NA,2,1,9,1900,0,3,5,NA,2,006,VERMONT AVE. (23500 BLOCK),LINDENCLIFF ST.,250,S,N,A,-,N,NA,NA,NA,NA,NA,NA,NA,NA,NA,Y,4,0,2,2,A,-,09,21804,A,N,D,C,A,A,H,-,A,D,0,NA,NA,NA,NA,Y,NA,A,01,0,0,2,0,0,0,0,0,0,-,-,33.8113,-118.2903,LOS ANGELES,UNINCORPORATED,-118.29039,33.81144435
90315188,2016,2016-11-09,9550,2016-11-02,0805,018187,NA,3,1,6,1949,0,1,1,NA,2,500,I-5 (NORTHBOUND),NORWALK BLVD,750,S,N,A,-,Y,NA,NA,5,NA,NA,NA,NA,NA,NA,N,4,0,1,2,A,-,21,22106,NA,N,C,C,A,A,H,-,A,D,0,NA,NA,NA,NA,Y,NA,A,01,0,0,1,0,0,0,0,0,0,-,-,33.91046,-118.0705,LOS ANGELES,NORWALK,-118.07052398,33.91043079
90315189,2016,2016-11-09,9590,2016-10-14,1645,021264,NA,5,2,7,1942,0,1,2,NA,2,072,US-101 N/B (HOLLYWOOD FREEWAY),HELIOTROPE DRIVE,500,S,N,A,-,Y,NA,NA,101,NA,NA,NA,NA,NA,N,Y,3,0,1,2,A,-,07,21658,A,N,B,C,A,A,H,-,A,D,0,NA,NA,Y,NA,Y,NA,A,08,0,1,0,0,0,0,0,0,1,-,-,34.08151,-118.29429,LOS ANGELES,LOS ANGELES,-118.29429433,34.08150069
90315194,2016,2016-11-09,9525,2016-10-31,1951,019632,NA,1,2,5,1990,0,1,3,NA,2,602,SR-60 E/B (POMONA FREEWAY),GRAND AVE,2500,W,N,A,-,Y,NA,NA,60,NA,NA,NA,NA,NA,E,Y,4,0,3,2,A,-,03,22350,NA,N,C,C,A,A,H,-,A,D,0,NA,NA,NA,NA,Y,NA,A,07,0,0,3,0,0,0,0,0,0,-,-,34.0018,-117.83401,LOS ANGELES,DIAMOND BAR,-117.83407536,34.00202394
90315202,2016,2016-11-09,9590,2016-10-14,2015,021133,NA,5,2,7,1942,0,1,1,NA,2,012,SR-110 N/B (ARROYO SECO PARKWAY),BRIDEWELL STREET,1300,S,N,A,-,Y,NA,NA,NA,NA,NA,NA,NA,NA,NA,Y,3,0,1,1,A,-,08,22107,NA,N,E,I,A,A,H,-,C,D,0,NA,NA,NA,NA,Y,NA,A,01,0,1,0,0,0,0,0,0,0,-,-,34.656,-118.10188,LOS ANGELES,LOS ANGELES,NA,NA
90315204,2016,2016-11-09,9575,2016-10-29,1140,020708,NA,6,1,9,1900,0,1,3,NA,2,300,SR-2 (ANGELES CREST HIGHWAY),ANGELES FOREST HWY,15312,W,N,B,-,Y,NA,NA,2,NA,NA,NA,NA,NA,NA,Y,2,0,1,1,A,-,03,22350,NA,N,F,A,A,A,H,-,A,D,0,NA,NA,Y,NA,Y,NA,C,02,1,0,0,0,0,0,0,0,1,-,-,34.26024,-118.18886,LOS ANGELES,UNINCORPORATED,-118.18886259,34.26024879
90315217,2016,2016-11-09,9535,2016-11-07,0745,017789,NA,1,1,9,1900,0,2,4,NA,2,024,WHITTIER BLVD. (4400 BLOCK),FORD BLVD.,80,W,N,A,-,N,NA,NA,NA,NA,NA,NA,NA,NA,NA,N,4,0,1,2,A,-,21,22106,NA,N,B,C,A,A,H,-,A,D,0,NA,NA,NA,NA,Y,NA,A,01,0,0,1,0,0,0,0,0,0,-,-,34.02332,-118.17138,LOS ANGELES,UNINCORPORATED,-118.17130652,34.02337005
90315228,2016,2016-11-09,9550,2016-10-29,0945,020824,NA,6,1,9,1900,0,3,5,NA,2,005,PATHFINDER ROAD,WELLESLEY DRIVE,0,NA,Y,B,-,N,NA,NA,NA,NA,NA,NA,NA,NA,NA,N,3,0,1,2,A,-,11,21954,A,N,G,B,D,A,H,-,A,A,0,Y,NA,NA,NA,Y,NA,N,60,0,1,0,0,1,0,0,0,0,-,-,33.97456,-117.8919,LOS ANGELES,UNINCORPORATED,-117.89174013,33.97458003
90315229,2016,2016-11-09,9525,2016-11-01,0304,019970,NA,2,3,6,1955,0,1,1,NA,2,108,I-10 E/B (SAN BERNARDINO FREEWAY),FAIRPLEX DR.,1584,W,N,B,-,Y,NA,NA,10,NA,NA,NA,NA,NA,E,Y,3,0,1,2,A,-,01,23152,A,M,C,C,A,A,H,-,C,D,0,NA,NA,NA,Y,Y,Y,A,01,0,1,0,0,0,0,0,0,0,-,-,34.06981,-117.79594,LOS ANGELES,POMONA,-117.79598054,34.06990016
9031523,2020,2020-09-25,1942,2020-01-11,1335,37822,0515,6,5,7,1942,0,0,0,E,0,5A25,PACIFIC COAST HWY,WILMINGTON BL,150,W,N,A,-,Y,LA,7,1,-,-,11.24,H,-,S,N,4,0,2,3,A,-,03,22350,NA,N,C,D,A,A,H,-,A,A,0,NA,NA,NA,NA,Y,NA,A,01,0,0,2,0,0,0,0,0,0,-,-,NA,NA,LOS ANGELES,LOS ANGELES,-118.2756576538086,33.79045486450195
90315250,2016,2016-11-22,9530,2016-11-02,1820,020236,NA,3,2,7,1941,0,1,1,NA,2,430,I-405 N/B (SAN DIEGO FREEWAY),PALO VERDE AVE.,268,N,N,A,-,Y,NA,NA,405,NA,NA,NA,NA,NA,N,N,4,0,2,4,A,-,03,22350,NA,N,C,C,A,A,H,-,C,D,0,NA,NA,NA,NA,Y,NA,A,01,0,0,2,0,0,0,0,0,0,-,-,33.80284,-118.11844,LOS ANGELES,LONG BEACH,-118.11844151,33.80274686
90315259,2016,2016-11-09,9535,2016-11-08,0925,015797,NA,2,1,9,1900,0,2,4,NA,2,014,CESAR E CHAVEZ AVE,MARIANNA AVE,0,NA,Y,A,-,N,NA,NA,NA,NA,NA,NA,NA,NA,NA,Y,4,0,1,2,A,-,09,21801,A,N,D,C,A,A,H,-,A,A,0,NA,NA,NA,NA,Y,NA,A,01,0,0,1,0,0,0,0,0,0,-,-,34.04072,-118.17578,LOS ANGELES,UNINCORPORATED,-118.17576002,34.04056006
90315271,2016,2016-11-09,9530,2016-11-02,1837,020240,NA,3,2,7,1942,0,1,1,NA,2,400,I-405 N/B (SAN DIEGO FREEWAY),NORMANDIE AVE.,1270,S,N,A,-,Y,NA,NA,405,NA,NA,NA,NA,NA,N,N,4,0,1,2,A,-,03,22350,NA,F,C,C,A,A,H,-,D,D,0,NA,NA,NA,NA,Y,NA,-,99,0,0,1,0,0,0,0,0,0,-,-,33.86,-118.2949,LOS ANGELES,LOS ANGELES,-118.29489996,33.85992213
90315273,2016,2016-11-09,9530,2016-10-12,2043,020527,NA,3,2,7,1942,0,2,S,NA,2,904,FLORENCE AVE. (1300 E. BLOCK),PARMELEE AVE. (7000 S. BLOCK),4,E,N,A,-,N,NA,NA,NA,NA,NA,NA,NA,NA,NA,N,3,0,1,2,A,-,03,22350,NA,N,G,B,B,A,H,-,C,A,0,Y,NA,NA,NA,Y,NA,A,01,0,1,0,0,1,0,0,0,0,-,-,33.97472,-118.24979,LOS ANGELES,LOS ANGELES,-118.24987683,33.97475
90315288,2016,2016-11-09,9590,2016-10-15,1050,020929,NA,6,1,7,1942,0,1,2,NA,2,073,US-101 S/B (HOLLYWOOD FREEWAY),BARHAM BOULEVARD,100,S,N,A,-,N,NA,NA,101,NA,NA,NA,NA,NA,S,N,4,0,1,2,A,-,03,22350,NA,N,C,C,A,A,H,-,A,D,0,NA,NA,NA,NA,Y,NA,A,07,0,0,1,0,0,0,0,0,0,-,-,34.11938,-118.33853,LOS ANGELES,LOS ANGELES,-118.33839749,34.1194581
90315291,2016,2016-11-09,9530,2016-11-02,1815,020134,NA,3,2,7,1942,0,1,3,NA,2,310,SR-91 W/B (ARTESIA FREEWAY),I-110,500,E,N,A,-,Y,NA,NA,NA,NA,NA,NA,NA,NA,NA,N,4,0,1,2,A,-,03,22350,NA,N,C,C,A,A,H,-,B,D,0,NA,NA,NA,NA,Y,NA,A,07,0,0,1,0,0,0,0,0,0,-,-,33.37287,-118.28337,LOS ANGELES,LOS ANGELES,-118.2884,33.87289
90315296,2016,2016-11-09,9575,2016-10-29,1230,020708,NA,6,1,9,1900,0,1,3,NA,2,301,SR-2 (ANGELES CREST HIGHWAY),MOUNT WILSON RED BOX RD,2500,W,N,B,-,N,NA,NA,2,NA,NA,NA,NA,NA,NA,Y,3,0,1,1,A,-,03,22350,NA,N,F,A,A,A,H,-,A,D,0,NA,NA,Y,NA,Y,NA,C,02,0,1,0,0,0,0,0,0,1,-,-,34.26404,-118.10841,LOS ANGELES,UNINCORPORATED,-118.10841475,34.26399418
90315309,2016,2016-11-09,9525,2016-11-01,0820,014444,NA,2,1,4,1946,0,1,1,NA,2,201,I-210 W/B (FOOTHILL FREEWAY),MYRTLE AVE,50,W,N,B,-,Y,NA,NA,210,NA,NA,NA,NA,NA,W,N,4,0,1,2,A,-,03,22350,NA,N,C,C,A,A,H,-,A,D,0,NA,NA,NA,NA,Y,NA,A,08,0,0,1,0,0,0,0,0,0,-,-,34.13535,-118.00083,LOS ANGELES,MONROVIA,-118.00083064,34.13556644
90315311,2016,2016-11-09,9530,2016-11-08,0755,014298,NA,2,1,7,1941,0,1,1,NA,2,430,I-405 S/B (SAN DIEGO FREEWAY),CLARKE AVE.,100,S,N,A,-,Y,NA,NA,NA,NA,NA,NA,NA,NA,NA,N,4,0,1,2,A,-,03,22350,NA,N,C,C,A,A,H,-,A,D,0,NA,NA,NA,NA,Y,NA,A,01,0,0,1,0,0,0,0,0,0,-,-,33.48966,-118.80733,LOS ANGELES,LONG BEACH,-118.13394,33.80274
90315322,2016,2016-11-09,9575,2016-10-29,1345,020708,NA,6,1,9,1900,0,1,3,NA,2,303,SR-2 (ANGELES CREST HIGHWAY),UPPER BIG TUJUNGA CYN RD,19536,E,N,B,-,N,NA,NA,NA,NA,NA,NA,NA,NA,NA,Y,2,0,1,1,A,-,03,22350,NA,N,E,A,A,A,H,-,A,D,0,NA,NA,Y,NA,Y,NA,C,02,1,0,0,0,0,0,0,0,1,-,-,34.28928,-118.99576,LOS ANGELES,UNINCORPORATED,-117.99566222,34.29156225
90315329,2016,2016-11-09,9550,2016-11-04,1005,020969,NA,5,1,5,1919,0,1,1,NA,2,652,I-605 N/B TO SR-91 E/B,STUDEBAKER RD.,214,W,N,A,-,Y,NA,NA,605,NA,NA,NA,R,NA,N,Y,3,0,1,1,A,-,03,22350,NA,N,F,I,A,A,H,-,A,D,0,NA,NA,NA,Y,Y,NA,G,25,0,1,0,0,0,0,0,0,0,-,-,33.87582,-118.10068,LOS ANGELES,CERRITOS,-118.10068,33.87582
90315340,2016,2016-11-09,9525,2016-11-01,1515,020346,NA,2,2,4,1946,0,1,1,NA,2,202,I-210 E/B (FOOTHILL FREEWAY),MOUNTAIN AVE,1000,E,N,A,-,Y,NA,NA,NA,NA,NA,NA,NA,NA,NA,Y,4,0,1,4,A,-,03,22350,NA,N,C,C,A,A,H,-,A,D,0,NA,NA,NA,NA,Y,NA,A,08,0,0,1,0,0,0,0,0,0,-,-,34.13543,-117.98091,LOS ANGELES,MONROVIA,-117.98304304,34.13535613
90315365,2016,2016-11-09,9590,2016-11-02,2335,020409,NA,3,3,7,1942,0,1,2,NA,2,071,US-101 S/B (SANTA ANA FREEWAY),MISSION ROAD,800,N,N,A,-,Y,NA,NA,101,NA,NA,NA,NA,NA,S,Y,4,0,5,2,A,-,07,21658,A,N,B,C,A,A,H,-,C,D,0,NA,NA,NA,NA,Y,Y,A,08,0,0,5,0,0,0,0,0,0,-,-,34.05331,-118.23099,LOS ANGELES,LOS ANGELES,-118.23098668,34.05333472
90315379,2016,2016-11-09,9565,2016-11-01,1535,016326,NA,2,2,9,1900,0,1,1,NA,2,012,I-105 E/B,CRENSHAW BLVD,200,E,N,A,-,Y,NA,NA,NA,NA,NA,NA,NA,NA,NA,Y,4,0,1,2,A,-,03,22350,NA,N,C,C,A,A,H,-,A,D,0,NA,NA,NA,NA,Y,NA,A,01,0,0,1,0,0,0,0,0,0,-,-,33.92512,-118.32471,LOS ANGELES,UNINCORPORATED,-118.32592339,33.92506564
90315432,2016,2016-11-09,9565,2016-11-01,0030,020785,NA,2,3,7,1942,0,1,1,NA,2,083,I-10 E/B (SANTA MONICA FREEWAY),OVERLAND AVE,700,E,N,A,-,Y,NA,NA,10,NA,NA,NA,NA,NA,E,Y,3,0,2,1,A,-,08,22107,NA,N,E,I,A,A,H,-,D,D,0,NA,NA,NA,NA,Y,NA,A,01,0,2,0,0,0,0,0,0,0,-,-,34.03039,-118.40974,LOS ANGELES,LOS ANGELES,-118.40977658,34.03022383
90315456,2016,2016-11-09,9565,2016-11-02,1535,018154,NA,3,2,7,1942,0,1,1,NA,2,064,I-405 N/B (SAN DIEGO FWY.),MULHOLLAND DR.,100,S,N,A,-,Y,NA,NA,405,NA,NA,NA,NA,NA,N,Y,4,0,1,3,A,-,03,22350,NA,N,C,C,A,A,H,-,A,D,0,NA,NA,NA,NA,Y,NA,A,01,0,0,1,0,0,0,0,0,0,-,-,34.12554,-118.47612,LOS ANGELES,LOS ANGELES,-118.47608345,34.12551042
90315475,2016,2016-11-09,9550,2016-11-08,1650,020533,NA,2,2,7,1941,0,1,3,NA,2,090,SR-91 E/B (ARTESIA FREEWAY),PARAMOUNT BOULEVARD,900,W,N,A,-,Y,NA,NA,91,NA,NA,NA,NA,NA,E,N,4,0,1,2,A,-,03,22350,NA,N,C,C,A,A,H,-,B,D,0,NA,NA,NA,NA,Y,NA,A,01,0,0,1,0,0,0,0,0,0,-,-,33.87586,-118.16317,LOS ANGELES,LONG BEACH,-118.1631708,33.87600809
9031548,2019,2020-02-18,1942,2019-12-31,1150,42834,2046,2,5,7,1942,0,0,0,NA,0,20A45,CATALINA ST,JAMES M WOOD BL,0,NA,Y,A,-,N,NA,NA,NA,NA,NA,NA,NA,NA,NA,Y,3,0,1,3,A,-,12,21453,A,N,D,C,A,A,H,-,A,A,0,NA,NA,NA,NA,Y,NA,-,-,0,1,0,0,0,0,0,0,0,-,-,NA,NA,LOS ANGELES,LOS ANGELES,-118.29539,34.05594
90315497,2016,2016-11-09,9525,2016-11-02,0555,012820,NA,3,3,9,1900,0,2,4,NA,2,022,GLENDORA AVE,ARROW HIGHWAY,0,NA,Y,A,-,N,NA,NA,NA,NA,NA,NA,NA,NA,NA,Y,2,0,1,2,A,-,09,21801,A,N,D,C,A,A,H,-,C,A,0,NA,NA,Y,NA,Y,NA,D,22,1,0,0,0,0,0,0,0,1,-,-,34.10666,-117.86389,LOS ANGELES,UNINCORPORATED,-117.8638001,34.10668005
90315548,2016,2016-11-09,9530,2016-11-02,0750,019412,NA,3,1,9,1900,0,3,5,NA,2,002,MAIN ST. (13900 BLOCK),139TH ST.,0,NA,Y,A,-,Y,NA,NA,NA,NA,NA,NA,NA,NA,NA,Y,4,0,2,2,A,-,09,21802,A,N,D,C,A,A,H,-,A,D,0,NA,NA,NA,NA,Y,NA,A,01,0,0,2,0,0,0,0,0,0,-,-,33.9059,-118.27402,LOS ANGELES,UNINCORPORATED,-118.2740001,33.90595012
90315559,2016,2016-11-09,9590,2016-10-29,1305,020929,NA,6,1,7,1942,0,1,3,NA,2,095,SR-2 W/B (GLF) TO I-5 S/B (GSF),NEWELL STREET,679,E,N,B,-,Y,NA,NA,2,NA,NA,NA,R,NA,W,Y,4,0,2,2,A,-,03,22350,NA,N,C,C,A,A,H,-,A,D,0,NA,NA,NA,NA,Y,NA,A,01,0,0,2,0,0,0,0,0,0,-,-,34.10159,-118.24954,LOS ANGELES,LOS ANGELES,-118.24954,34.10159
9031556,2020,2020-02-26,1942,2020-01-20,1955,43454,1444,1,5,7,1942,0,0,0,N,0,14A45,WASHINGTON BL,LINCOLN BL,0,NA,Y,A,-,N,NA,NA,NA,NA,NA,NA,NA,NA,NA,N,2,0,1,2,A,-,11,21456,B,N,G,B,B,A,H,-,C,A,0,Y,NA,NA,NA,Y,Y,N,60,1,0,0,0,1,0,0,0,0,-,-,NA,NA,LOS ANGELES,LOS ANGELES,-118.44785308837892,33.99047088623047
90315560,2016,2016-11-09,9550,2016-11-01,1230,020974,NA,2,1,7,1941,0,1,3,NA,2,090,SR-91 W/B,PARAMOUNT BOULEVARD,20,W,N,B,-,Y,NA,NA,91,NA,NA,NA,NA,NA,W,N,4,0,1,2,A,-,03,22350,NA,N,B,C,A,A,H,-,A,D,0,NA,NA,NA,Y,Y,NA,F,26,0,0,1,0,0,0,0,0,0,-,-,33.876220000000004,-118.16029,LOS ANGELES,LONG BEACH,-118.16027449,33.87607524
90315569,2016,2016-11-09,9535,2016-10-28,0625,012767,NA,5,1,5,1906,0,1,1,NA,2,650,I-605 (SAN GABRIEL RIVER FWY) N/B,VALLEY BOULEVARD,3656,S,N,B,-,Y,NA,NA,NA,NA,NA,NA,NA,NA,NA,Y,4,0,1,3,A,-,08,22107,NA,M,B,C,A,A,H,-,B,D,0,NA,NA,NA,Y,Y,NA,F,25,0,0,1,0,0,0,0,0,0,-,-,34.04493,-118.00945,LOS ANGELES,BALDWIN PARK,-118.00923649,34.04523059
9031560,2020,2020-02-26,1942,2020-01-03,1825,36664,1446,5,5,7,1942,0,0,0,N,0,14A49,INGLEWOOD BL,LAMANDA ST,100,S,N,A,-,N,NA,NA,NA,NA,NA,NA,NA,NA,NA,Y,3,0,1,5,A,-,01,23152,A,N,B,C,A,A,H,-,C,A,0,NA,NA,NA,NA,Y,Y,D,22,0,1,0,0,0,0,0,0,0,-,-,NA,NA,LOS ANGELES,LOS ANGELES,-118.42453002929688,34.0006217956543
90315606,2016,2016-11-09,9590,2016-10-29,1205,020929,NA,6,1,7,1942,0,1,1,NA,2,085,I-5 S/B (GOLDEN STATE FREEWAY),FLETCHER DRIVE,275,S,N,A,-,Y,NA,NA,5,NA,NA,NA,NA,NA,S,N,4,0,2,2,A,-,03,22350,NA,N,C,C,A,A,H,-,A,D,0,NA,NA,NA,Y,Y,NA,G,55,0,0,2,0,0,0,0,0,0,-,-,34.10575,-118.25473,LOS ANGELES,LOS ANGELES,-118.25468166,34.10582092
90315608,2016,2016-11-09,9525,2016-11-02,1300,019379,NA,3,1,1,1934,0,1,1,NA,2,204,I-210 E/B (FOOTHILL FREEWAY),I-605 N/B (SAN GABRIEL RIVER FREEWAY),100,E,N,A,-,Y,NA,NA,210,NA,NA,NA,NA,NA,E,Y,3,0,2,3,A,-,03,22350,NA,N,C,C,A,A,H,-,A,D,0,NA,NA,NA,NA,Y,NA,A,01,0,1,1,0,0,0,0,0,0,-,-,34.1334,-117.9565,LOS ANGELES,IRWINDALE,-117.95637185,34.13390743