CASE_ID,ACCIDENT_YEAR,PROC_DATE,JURIS,COLLISION_DATE,COLLISION_TIME,OFFICER_ID,REPORTING_DISTRICT,DAY_OF_WEEK,CHP_SHIFT,POPULATION,CNTY_CITY_LOC,SPECIAL_COND,BEAT_TYPE,CHP_BEAT_TYPE,CITY_DIVISION_LAPD,CHP_BEAT_CLASS,BEAT_NUMBER,PRIMARY_RD,SECONDARY_RD,DISTANCE,DIRECTION,INTERSECTION,WEATHER_1,WEATHER_2,STATE_HWY_IND,CALTRANS_COUNTY,CALTRANS_DISTRICT,STATE_ROUTE,ROUTE_SUFFIX,POSTMILE_PREFIX,POSTMILE,LOCATION_TYPE,RAMP_INTERSECTION,SIDE_OF_HWY,TOW_AWAY,COLLISION_SEVERITY,NUMBER_KILLED,NUMBER_INJURED,PARTY_COUNT,PRIMARY_COLL_FACTOR,PCF_CODE_OF_VIOL,PCF_VIOL_CATEGORY,PCF_VIOLATION,PCF_VIOL_SUBSECTION,HIT_AND_RUN,TYPE_OF_COLLISION,MVIW,PED_ACTION,ROAD_SURFACE,ROAD_COND_1,ROAD_COND_2,LIGHTING,CONTROL_DEVICE,CHP_ROAD_TYPE,PEDESTRIAN_ACCIDENT,BICYCLE_ACCIDENT,MOTORCYCLE_ACCIDENT,TRUCK_ACCIDENT,NOT_PRIVATE_PROPERTY,ALCOHOL_INVOLVED,STWD_VEHTYPE_AT_FAULT,CHP_VEHTYPE_AT_FAULT,COUNT_SEVERE_INJ,COUNT_VISIBLE_INJ,COUNT_COMPLAINT_PAIN,COUNT_PED_KILLED,COUNT_PED_INJURED,COUNT_BICYCLIST_KILLED,COUNT_BICYCLIST_INJURED,COUNT_MC_KILLED,COUNT_MC_INJURED,PRIMARY_RAMP,SECONDARY_RAMP,LATITUDE,LONGITUDE,COUNTY,CITY,POINT_X,POINT_Y
90318052,2016,2016-11-14,9550,2016-11-11,1913,021311,NA,5,2,9,1900,0,1,1,NA,2,650,I-605 (SAN GABRIEL RIVER FREEWAY) S/B,ROSE HILLS ROAD,200,S,N,A,-,Y,NA,NA,NA,NA,NA,NA,NA,NA,NA,Y,4,0,1,2,A,-,01,23152,A,N,B,C,A,A,H,-,C,D,0,NA,NA,NA,NA,Y,Y,A,01,0,0,1,0,0,0,0,0,0,-,-,34.01711,-118.05391,LOS ANGELES,UNINCORPORATED,-118.05339743,34.01763089
90318059,2016,2016-11-14,9540,2016-11-11,0624,019254,NA,5,1,9,1900,0,2,4,NA,1,202,SOLEDAD CANYON ROAD,SOLEDAD CANYON ROAD TO / FROM SR-14 S/B,0,NA,Y,A,-,Y,NA,NA,NA,NA,NA,NA,NA,NA,NA,Y,3,0,1,1,A,-,08,22107,NA,N,E,I,A,A,H,-,A,D,0,NA,NA,Y,NA,Y,NA,C,02,0,1,0,0,0,0,0,0,1,-,-,34.43438,-118.38658,LOS ANGELES,UNINCORPORATED,NA,NA
90318061,2016,2016-11-14,9530,2016-11-06,0140,020935,NA,7,3,9,1900,0,3,5,NA,2,001,FIRESTONE BLVD (2100 BLOCK),IVY ST.,14,W,N,B,-,N,NA,NA,NA,NA,NA,NA,NA,NA,NA,Y,3,0,1,1,A,-,01,23152,A,N,E,I,A,A,H,-,C,A,0,NA,NA,NA,NA,Y,Y,A,01,0,1,0,0,0,0,0,0,0,-,-,33.9602,-118.2341,LOS ANGELES,UNINCORPORATED,-118.2340755,33.96011607
90318078,2016,2016-11-14,9530,2016-10-27,2000,020584,NA,4,2,7,1942,0,1,1,NA,2,110,I-110 S/B (HARBOR FREEWAY),REDONDO BEACH BLVD.,100,S,N,B,-,Y,NA,NA,110,NA,NA,NA,NA,NA,S,Y,4,0,3,2,A,-,08,22107,NA,F,B,C,A,A,H,-,C,D,0,NA,NA,NA,NA,Y,NA,A,01,0,0,3,0,0,0,0,0,0,-,-,33.89221,-118.2859,LOS ANGELES,LOS ANGELES,-118.28577856,33.89221325
9031808,2020,2020-10-19,1942,2020-01-06,2005,43454,1465,1,5,7,1942,0,0,0,N,0,14A40,JEFFERSON BL,RT 405,0,NA,Y,A,-,Y,LA,7,405,-,-,25.77,R,4,N,Y,4,0,1,2,A,-,09,21801,A,N,D,C,A,A,H,-,C,A,0,NA,NA,NA,NA,Y,NA,A,01,0,0,1,0,0,0,0,0,0,-,-,NA,NA,LOS ANGELES,LOS ANGELES,-118.39733123779295,33.98564910888672
90318080,2016,2016-11-14,9530,2016-10-28,1810,021174,NA,5,2,9,1900,0,3,5,NA,2,006,NORMANDIE AVE. (23000 BLOCK),SEPULVEDA BLVD.,85,N,N,A,-,N,NA,NA,NA,NA,NA,NA,NA,NA,NA,Y,2,0,1,1,C,-,18,NA,NA,N,E,I,A,A,H,-,C,D,0,NA,NA,NA,NA,Y,NA,-,-,1,0,0,0,0,0,0,0,0,-,-,33.4848,-118.1752,LOS ANGELES,UNINCORPORATED,-118.2982,33.81340312
9031809,2020,2020-03-27,1942,2020-01-18,1310,36871,0521,6,5,7,1942,0,0,0,E,0,0584,N GAFFEY ST,CAPITOL AV,235,S,N,A,-,N,NA,NA,NA,NA,NA,NA,NA,NA,NA,N,3,0,1,2,A,-,09,21801,NA,N,D,C,A,A,H,-,A,D,0,NA,NA,Y,NA,Y,NA,A,01,0,1,0,0,0,0,0,0,1,-,-,NA,NA,LOS ANGELES,LOS ANGELES,-118.29248046875,33.75849533081055
90318092,2016,2016-11-14,9540,2016-11-04,0930,018513,NA,5,1,9,1900,0,1,1,NA,2,507,I-5 S/B (GOLDEN STATE FREEWAY),SR-126,0,NA,N,A,-,Y,NA,NA,NA,NA,NA,NA,NA,NA,NA,Y,4,0,2,1,A,-,08,22107,NA,N,E,I,A,A,H,-,A,D,0,NA,NA,NA,NA,Y,NA,A,01,0,0,2,0,0,0,0,0,0,-,-,NA,NA,LOS ANGELES,UNINCORPORATED,-118.60578009,34.44324001
90318094,2016,2016-11-14,9550,2016-11-10,2140,021196,NA,4,2,9,1900,0,3,5,NA,2,005,PATHFINDER ROAD,WELLESLY DRIVE,0,NA,Y,A,-,N,NA,NA,NA,NA,NA,NA,NA,NA,NA,Y,3,0,4,3,A,-,09,21801,A,N,A,C,A,A,H,-,C,A,0,NA,NA,NA,NA,Y,NA,A,01,0,3,1,0,0,0,0,0,0,-,-,33.97452,-117.89174,LOS ANGELES,UNINCORPORATED,-117.89174013,33.97458003
90318098,2016,2016-11-14,9550,2016-11-13,1350,015045,NA,7,1,1,1932,0,1,3,NA,2,602,SR-60 E/B TO FULLERTON ROAD,FULLERTON ROAD,528,W,N,A,-,Y,NA,NA,60,NA,NA,NA,R,NA,E,N,4,0,2,2,A,-,03,22350,NA,N,C,C,A,A,H,-,A,D,0,NA,NA,NA,NA,Y,NA,M,59,0,0,2,0,0,0,0,0,0,-,-,33.99449,-117.9074,LOS ANGELES,INDUSTRY,-117.9074,33.99449
90318106,2016,2016-11-14,9550,2016-11-12,1030,020131,NA,6,1,9,1900,0,2,4,NA,1,041,STIMSON AVENUE,GARO STREET,0,NA,Y,A,-,N,NA,NA,NA,NA,NA,NA,NA,NA,NA,Y,4,0,1,2,A,-,12,21453,A,N,D,C,A,A,H,-,A,A,0,NA,NA,NA,NA,Y,NA,A,01,0,0,1,0,0,0,0,0,0,-,-,34.00433,-117.95871,LOS ANGELES,UNINCORPORATED,-117.95870012,34.00435005
90318109,2016,2016-11-14,9530,2016-11-02,1700,021273,NA,3,2,7,1942,0,1,1,NA,2,110,I-110 N/B (HARBOR FREEWAY),120TH ST.,150,S,N,A,-,Y,NA,NA,110,NA,NA,NA,NA,NA,N,Y,4,0,1,3,A,-,07,21658,A,F,B,C,A,A,H,-,A,D,0,NA,NA,NA,NA,Y,NA,A,01,0,0,1,0,0,0,0,0,0,-,-,33.92321,-118.28127,LOS ANGELES,LOS ANGELES,-118.28126524,33.92320926
90318116,2016,2016-11-14,9565,2016-10-27,1735,021251,NA,4,2,5,1928,0,1,1,NA,2,060,I-405 S/B (SAN DIEGO FREEWAY),135TH ST.,50,N,N,B,-,Y,NA,NA,405,NA,NA,NA,NA,NA,S,N,3,0,1,1,A,-,03,22350,NA,N,F,A,A,A,H,-,A,D,0,NA,NA,Y,NA,Y,NA,C,02,0,1,0,0,0,0,0,0,1,-,-,33.90952,-118.37057,LOS ANGELES,HAWTHORNE,-118.37057753,33.90952039
9031812,2020,2020-05-28,1942,2020-01-07,1420,42664,1465,2,5,7,1942,0,0,0,N,0,14A49,JEFFERSON BL,SAN DIEGO FRWY,0,NA,N,A,-,N,NA,NA,NA,NA,NA,NA,NA,NA,NA,Y,4,0,3,2,A,-,12,21453,A,N,D,C,A,A,H,-,A,A,0,NA,NA,NA,NA,Y,NA,-,-,0,0,3,0,0,0,0,0,0,-,-,NA,NA,LOS ANGELES,LOS ANGELES,NA,NA
90318127,2016,2016-11-14,9565,2016-11-09,1318,020239,NA,3,1,7,1942,0,1,1,NA,2,083,I-10 EB FROM OVERLAND AVENUE,OVERLAND AVE,2,E,N,A,-,Y,NA,NA,10,NA,NA,NA,R,NA,E,Y,4,0,2,2,A,-,12,21453,A,N,D,C,A,A,H,-,A,A,0,NA,NA,NA,NA,Y,NA,A,07,0,0,2,0,0,0,0,0,0,-,-,34.03156,-118.41674,LOS ANGELES,LOS ANGELES,-118.41674,34.03156
90318129,2016,2016-11-14,9525,2016-10-30,0435,021074,NA,7,3,9,1900,0,3,5,NA,2,003,WALNUT AVE (1700 BLOCK),ALWOOD ST.,150,N,N,B,-,N,NA,NA,NA,NA,NA,NA,NA,NA,NA,Y,3,0,1,1,A,-,01,23152,A,N,A,I,A,A,H,-,C,D,0,NA,NA,NA,NA,Y,Y,D,22,0,1,0,0,0,0,0,0,0,-,-,34.04951,-117.9343,LOS ANGELES,UNINCORPORATED,-117.93432,34.04977123
9031813,2020,2020-03-19,1942,2020-01-18,0720,38639,0557,6,5,7,1942,0,0,0,E,0,5A55,GAFFEY ST,2ND ST,5,S,N,A,-,N,NA,NA,NA,NA,NA,NA,NA,NA,NA,Y,4,0,2,2,A,-,03,22350,NA,N,C,C,A,A,H,-,A,A,0,NA,NA,NA,NA,Y,NA,A,01,0,0,2,0,0,0,0,0,0,-,-,NA,NA,LOS ANGELES,LOS ANGELES,-118.29232025146484,33.74241638183594
90318135,2016,2016-11-14,9575,2016-11-03,1740,15204,NA,4,2,7,1942,0,1,3,NA,2,070,SR-118 E/B (RONALD REAGAN FREEWAY),BRADLEY AVE U/C,510,W,N,A,-,Y,NA,NA,118,NA,NA,NA,NA,NA,E,Y,3,0,1,2,D,-,00,NA,NA,F,B,C,A,A,H,-,A,D,0,NA,NA,NA,NA,Y,NA,-,-,0,1,0,0,0,0,0,0,0,-,-,34.27433,-118.42592,LOS ANGELES,LOS ANGELES,-118.42599818,34.27442837
90318139,2016,2016-11-14,9530,2016-11-03,0640,021007,NA,4,1,9,1900,0,1,1,NA,2,120,I-110 S/B (HARBOR FREEWAY),190TH ST.,160,S,N,A,-,Y,NA,NA,NA,NA,NA,NA,NA,NA,NA,Y,4,0,1,2,A,-,07,21658,A,N,B,C,A,A,H,-,A,D,0,NA,NA,NA,Y,Y,NA,-,-,0,0,1,0,0,0,0,0,0,-,-,33.51379,-118.17722,LOS ANGELES,UNINCORPORATED,NA,NA
90318148,2016,2016-11-14,9535,2016-11-11,1217,015797,NA,5,1,4,1962,0,1,1,NA,2,401,I-10 W/B (SAN BERNARDINO FWY),SAN GABRIEL BLVD,875,W,N,A,-,Y,NA,NA,10,NA,NA,NA,NA,NA,W,N,4,0,1,3,A,-,03,22350,NA,N,C,C,A,A,H,-,A,D,0,NA,NA,NA,NA,Y,NA,A,01,0,0,1,0,0,0,0,0,0,-,-,34.07248,-118.09369,LOS ANGELES,SAN GABRIEL,-118.0936844,34.07216654
90318151,2016,2016-11-14,9525,2016-10-30,2000,019491,NA,7,2,9,1900,0,3,5,NA,2,002,CIENEGA AVENUE (1400 W. BLOCK),VALLEY CENTER AVENUE (5000 S. BLOCK),0,NA,Y,B,-,N,NA,NA,NA,NA,NA,NA,NA,NA,NA,Y,2,0,4,2,A,-,01,23152,A,N,D,C,A,A,H,-,C,A,0,NA,NA,NA,NA,Y,Y,A,01,2,0,2,0,0,0,0,0,0,-,-,34.10293,-117.83768,LOS ANGELES,UNINCORPORATED,-117.83763013,34.10305005
90318155,2016,2016-11-14,9575,2016-11-11,1700,020708,NA,5,2,6,1925,0,1,3,NA,2,090,SR-2 E/B (GLENDALE FREEWAY),FERN LANE,300,N,N,A,-,Y,NA,NA,2,NA,NA,NA,NA,NA,E,Y,3,0,3,2,A,-,03,22350,NA,N,C,C,A,A,H,-,D,D,0,NA,NA,NA,NA,Y,NA,A,01,0,1,2,0,0,0,0,0,0,-,-,34.18708,-118.21749,LOS ANGELES,GLENDALE,-118.21747088,34.18708244
90318156,2016,2016-11-14,9525,2016-11-07,1425,018164,NA,1,2,9,1900,0,3,5,NA,2,005,STEPHENS RANCH ROAD (6100 BLOCK),VISTA DEL SOL STEET,380,S,N,A,-,N,NA,NA,NA,NA,NA,NA,NA,NA,NA,Y,4,0,1,1,A,-,08,22107,NA,N,E,I,A,A,H,-,A,D,0,NA,NA,NA,NA,Y,NA,A,01,0,0,1,0,0,0,0,0,0,-,-,34.1505,-117.7507,LOS ANGELES,UNINCORPORATED,NA,NA
9031816,2020,2020-03-17,1942,2020-01-13,0640,33169,1457,1,5,7,1942,0,0,0,N,0,14A49,INGLEWOOD BL,BRADDOCK AV,0,NA,Y,A,-,N,NA,NA,NA,NA,NA,NA,NA,NA,NA,Y,4,0,1,2,A,-,09,21801,A,N,D,C,A,A,H,-,A,D,0,NA,NA,NA,NA,Y,NA,A,01,0,0,1,0,0,0,0,0,0,-,-,NA,NA,LOS ANGELES,LOS ANGELES,-118.41448211669922,33.99264907836914
9031817,2020,2020-03-19,1942,2020-01-21,0900,36075,0514,2,5,7,1942,0,0,0,E,0,5A15,ANAHEIM ST,FRIGATE AV,100,E,N,A,-,N,NA,NA,NA,NA,NA,NA,NA,NA,NA,N,4,0,1,2,A,-,09,21801,A,N,D,C,A,A,H,-,A,D,0,NA,NA,NA,NA,Y,NA,A,01,0,0,1,0,0,0,0,0,0,-,-,NA,NA,LOS ANGELES,LOS ANGELES,-118.27783966064452,33.779144287109375
90318171,2016,2016-11-14,9530,2016-11-04,0930,021004,NA,5,1,5,1977,0,1,1,NA,2,410,I-405 N/B (SAN DIEGO FREEWAY),MAIN ST.,331,S,N,A,-,Y,NA,NA,405,NA,NA,NA,NA,NA,N,Y,4,0,1,5,A,-,07,21658,A,N,B,C,A,A,H,-,A,D,0,NA,NA,NA,Y,Y,NA,A,01,0,0,1,0,0,0,0,0,0,-,-,33.85207,-118.27851,LOS ANGELES,CARSON,-118.27850571,33.85207578
90318178,2016,2016-11-14,9575,2016-11-04,1553,020536,NA,5,2,6,1953,0,1,1,NA,2,063,I-210 W/B (FOOTHILL FREEWAY),MOUNTAIN ST.,800,E,N,A,-,Y,NA,NA,210,NA,NA,NA,NA,NA,W,Y,3,0,3,1,A,-,08,22107,NA,N,E,I,A,A,H,-,A,D,0,NA,NA,NA,NA,Y,NA,A,01,0,2,1,0,0,0,0,0,0,-,-,34.15645,-118.15804,LOS ANGELES,PASADENA,-118.15790939,34.15648901
90318184,2016,2016-11-14,9545,2016-11-01,1345,014790,NA,2,1,9,1900,0,3,5,NA,2,004,155TH ST  E,AVENUE M-12,0,NA,Y,A,-,N,NA,NA,NA,NA,NA,NA,NA,NA,NA,Y,3,0,1,2,A,-,12,22450,NA,N,D,C,A,A,H,-,A,A,0,NA,NA,NA,NA,Y,NA,A,01,0,1,0,0,0,0,0,0,0,-,-,34.63476,-117.85412,LOS ANGELES,UNINCORPORATED,-117.85389013,34.63479007
90318189,2016,2016-11-14,9550,2016-11-03,1900,017511,NA,4,2,9,1900,0,2,4,NA,1,052,COLIMA RD W/B,PASO REAL AVE,100,E,N,A,-,N,NA,NA,NA,NA,NA,NA,NA,NA,NA,Y,4,0,1,3,A,-,03,22350,NA,N,C,C,A,A,H,-,C,A,0,NA,NA,NA,NA,Y,NA,A,07,0,0,1,0,0,0,0,0,0,-,-,33.98791,-117.89326,LOS ANGELES,UNINCORPORATED,-117.89322131,33.98774655
90318196,2016,2016-11-14,9580,2016-11-03,0600,014592,NA,4,1,7,1942,0,1,3,NA,2,114,SR-118 E/B (RONALD REAGAN FWY.),FOX ST,500,E,N,A,-,Y,NA,NA,118,NA,NA,NA,NA,NA,E,Y,4,0,1,3,A,-,03,22350,NA,N,C,C,A,A,H,-,A,D,0,NA,NA,NA,NA,Y,NA,A,07,0,0,1,0,0,0,0,0,0,-,-,34.26574,-118.45142,LOS ANGELES,LOS ANGELES,-118.45141929,34.26571309
90318198,2016,2016-11-14,9575,2016-11-10,0727,020702,NA,4,1,7,1942,0,1,1,NA,2,053,I-5 S/B (GOLDEN STATE FREEWAY),VAN NUYS BLVD.,100,N,N,A,-,Y,NA,NA,5,NA,NA,NA,NA,NA,S,N,4,0,1,2,A,-,03,22350,NA,N,C,C,A,A,H,-,A,D,0,NA,NA,NA,NA,Y,NA,A,01,0,0,1,0,0,0,0,0,0,-,-,34.25749,-118.43611,LOS ANGELES,LOS ANGELES,-118.43609522,34.25750563
9031820,2020,2020-05-28,1942,2020-01-17,1755,39035,2034,5,5,7,1942,0,0,0,NA,0,20XL4,SAINT ANDREWS PL,WILSHIRE BL,0,NA,Y,A,-,N,NA,NA,NA,NA,NA,NA,NA,NA,NA,N,4,0,1,2,A,-,10,21950,A,N,G,B,B,A,H,-,C,A,0,Y,NA,NA,NA,Y,NA,A,07,0,0,1,0,1,0,0,0,0,-,-,NA,NA,LOS ANGELES,LOS ANGELES,-118.3115692138672,34.06169128417969
9031821,2020,2020-03-19,1942,2020-01-17,1530,42695,0509,5,5,7,1942,0,0,0,E,0,5A11,WESTERN AV,247TH ST,3,S,N,A,-,N,NA,NA,NA,NA,NA,NA,NA,NA,NA,N,3,0,2,3,A,-,10,21950,C,N,G,J,B,A,H,-,A,A,0,Y,NA,NA,NA,Y,NA,A,01,0,2,0,0,2,0,0,0,0,-,-,NA,NA,LOS ANGELES,LOS ANGELES,-118.30776214599608,33.80095291137695
90318217,2016,2016-11-14,9590,2016-11-05,0845,019008,NA,6,1,7,1942,0,1,2,NA,2,072,US-101 NB (HOLLYWOOD FREEWAY),LANKERSHIM BLVD,500,S,N,A,-,Y,NA,NA,101,NA,NA,NA,NA,NA,N,Y,4,0,1,1,A,-,08,22107,NA,N,E,I,A,A,H,-,A,D,0,NA,NA,NA,NA,Y,NA,A,01,0,0,1,0,0,0,0,0,0,-,-,34.13674,-118.36132,LOS ANGELES,LOS ANGELES,-118.36130976,34.13675473
90318231,2016,2016-11-14,9580,2016-10-27,0005,020296,NA,4,3,7,1942,0,1,3,NA,2,114,SR-118 E/B (RONALD REAGAN FWY.),SEPULVEDA BLVD,700,E,N,A,-,Y,NA,NA,118,NA,NA,NA,NA,NA,E,Y,3,0,2,2,A,-,01,23152,A,N,C,C,A,A,D,-,D,D,0,NA,NA,NA,NA,Y,Y,A,01,0,1,1,0,0,0,0,0,0,-,-,34.26579,-118.46147,LOS ANGELES,LOS ANGELES,-118.4614701,34.26577406
9031824,2020,2020-03-17,1942,2020-01-19,1240,41003,2020,7,5,7,1942,0,0,0,NA,0,20A45,S VERMONT AV,W 6TH ST,250,N,N,A,-,N,NA,NA,NA,NA,NA,NA,NA,NA,NA,N,4,0,1,2,A,-,05,21202,A,N,H,G,A,A,H,-,A,D,0,NA,Y,NA,NA,Y,NA,L,04,0,0,1,0,0,0,1,0,0,-,-,NA,NA,LOS ANGELES,LOS ANGELES,-118.29164886474608,34.064327239990234
90318240,2016,2016-11-14,9580,2016-11-03,0745,016523,NA,4,1,7,1942,0,1,2,NA,2,105,US-101 S/B (VENTURA FREEWAY),WHITE OAK AVE,500,N,N,A,-,Y,NA,NA,101,NA,NA,NA,NA,NA,S,N,4,0,1,3,A,-,07,21658,A,N,C,C,A,A,H,-,A,D,0,NA,NA,NA,Y,Y,NA,A,01,0,0,1,0,0,0,0,0,0,-,-,34.17103,-118.52309,LOS ANGELES,LOS ANGELES,-118.52308998,34.17109238
90318247,2016,2016-11-14,9530,2016-11-11,1915,021106,NA,5,2,9,1900,0,3,5,NA,2,002,MAIN STREET,ROSECRANS AVE.,0,NA,Y,A,-,N,NA,NA,NA,NA,NA,NA,NA,NA,NA,Y,3,0,3,3,A,-,01,23152,A,F,D,C,A,A,H,-,C,A,0,NA,NA,NA,NA,Y,Y,A,01,0,1,2,0,0,0,0,0,0,-,-,33.5469,-118.1626,LOS ANGELES,UNINCORPORATED,-118.27408011,33.90195011
9031825,2020,2020-03-19,1942,2020-01-12,0830,38639,0563,7,5,7,1942,0,0,0,E,0,5A55,MEYLER ST,9TH ST,10,N,N,A,-,N,NA,NA,NA,NA,NA,NA,NA,NA,NA,N,4,0,1,2,A,-,10,21950,A,N,G,B,B,A,H,-,A,A,0,Y,NA,NA,NA,Y,NA,A,01,0,0,1,0,1,0,0,0,0,-,-,NA,NA,LOS ANGELES,LOS ANGELES,-118.29678344726564,33.73609924316406
90318258,2016,2016-11-14,9580,2016-11-03,2055,018297,NA,4,2,9,1900,0,1,3,NA,1,120,SR-1 S/B (PACIFIC COAST HWY.),SR-27 S/B (TOPANGA CYN. BLVD.),1056,S,N,A,-,Y,NA,NA,1,NA,NA,NA,NA,NA,S,Y,4,0,1,2,A,-,21,22106,NA,N,D,C,A,A,H,-,C,D,0,NA,NA,NA,NA,Y,NA,A,01,0,0,1,0,0,0,0,0,0,-,-,34.04001,-118.5759,LOS ANGELES,UNINCORPORATED,-118.57589234,34.03998559
90318262,2016,2016-11-14,9545,2016-11-02,1250,012653,NA,3,1,9,1900,0,3,5,NA,2,004,AVENUE O,152ND ST  E,141,W,N,A,-,N,NA,NA,NA,NA,NA,NA,NA,NA,NA,Y,4,0,1,1,A,-,08,22107,NA,N,F,A,A,A,H,-,A,D,0,NA,NA,NA,NA,Y,NA,A,01,0,0,1,0,0,0,0,0,0,-,-,34.61658,-117.85856,LOS ANGELES,UNINCORPORATED,-117.85845751,34.61654
9031828,2020,2020-03-18,1942,2020-01-16,1010,43885,2029,4,5,7,1942,0,0,0,NA,0,20A39,6TH ST,SHATTO PL,65,W,N,B,-,N,NA,NA,NA,NA,NA,NA,NA,NA,NA,N,4,0,1,2,D,-,00,NA,NA,N,B,G,A,A,H,-,A,D,0,NA,Y,NA,NA,Y,NA,-,-,0,0,1,0,0,0,1,0,0,-,-,NA,NA,LOS ANGELES,LOS ANGELES,-118.29011535644533,34.06370162963867
90318294,2016,2016-11-14,9525,2016-11-04,1900,020907,NA,5,2,9,1900,0,3,5,NA,2,004,JANETDALE ST. (14000 BLOCK),GREENBERRY DR.,20,W,N,A,-,N,NA,NA,NA,NA,NA,NA,NA,NA,NA,N,4,0,1,2,D,-,00,NA,NA,N,C,C,A,A,H,-,C,D,0,NA,NA,NA,NA,Y,NA,-,-,0,0,1,0,0,0,0,0,0,-,-,34.04746,-117.95391,LOS ANGELES,UNINCORPORATED,-117.95377784,34.04743769
90318316,2016,2016-11-14,9525,2016-10-29,1850,020505,NA,6,2,4,1905,0,1,1,NA,2,204,I-210 E/B FROM AZUSA AVE S/B,AZUSA AVE,24,W,N,A,-,Y,NA,NA,210,NA,NA,NA,R,NA,E,Y,3,0,1,2,A,-,11,21950,B,N,G,B,B,A,H,-,C,D,0,Y,NA,NA,NA,Y,NA,A,01,0,1,0,0,1,0,0,0,0,-,-,34.11977,-117.90777,LOS ANGELES,AZUSA,-117.90777,34.11977
9031832,2020,2020-03-18,1942,2020-01-09,1430,43137,2019,4,5,7,1942,0,0,0,NA,0,20A33,BEVERLY BL,COUNCIL,0,NA,Y,A,-,N,NA,NA,NA,NA,NA,NA,NA,NA,NA,N,4,0,1,2,D,-,00,NA,NA,N,D,G,A,A,H,-,A,A,0,NA,Y,NA,NA,Y,NA,-,-,0,0,1,0,0,0,1,0,0,-,-,NA,NA,LOS ANGELES,LOS ANGELES,-118.2868194580078,34.0748291015625
90318328,2016,2016-11-14,9525,2016-10-24,1255,015443,NA,1,1,5,1906,0,1,1,NA,2,103,I-10 W/B (SAN BERNARDINO FREEWAY),I-605 N/B (SAN GABRIEL RIVER FREEWAY),1056,E,N,B,-,Y,NA,NA,10,NA,NA,NA,NA,NA,W,Y,4,0,4,6,A,-,03,22350,NA,N,C,C,A,A,H,-,A,D,0,NA,NA,NA,NA,Y,NA,A,01,0,0,4,0,0,0,0,0,0,-,-,34.06543,-117.99726,LOS ANGELES,BALDWIN PARK,-117.99726927,34.06550826
90318335,2016,2016-11-14,9525,2016-11-03,1515,018164,NA,4,2,5,1990,0,1,3,NA,2,612,SR-60 E/B (POMONA FREEWAY),GRAND AVENUE,80,W,N,A,-,Y,NA,NA,60,NA,NA,NA,NA,NA,E,Y,2,0,1,2,A,-,03,22350,NA,N,C,C,A,A,H,-,A,D,0,NA,NA,Y,NA,Y,NA,C,02,1,0,0,0,0,0,0,0,1,-,-,34.0098,-117.8235,LOS ANGELES,DIAMOND BAR,-117.82350732,34.00980737
90318339,2016,2016-11-14,9580,2016-11-13,1025,013577,NA,7,1,9,1900,0,2,4,NA,1,131,MULHOLLAND HWY,PACIFIC COAST HWY,15840,E,N,A,-,Y,NA,NA,NA,NA,NA,NA,NA,NA,NA,Y,2,0,1,1,A,-,03,22350,NA,N,F,A,A,A,H,-,A,D,0,NA,NA,Y,NA,Y,NA,C,02,1,0,0,0,0,0,0,0,1,-,-,34.08714,-118.91228,LOS ANGELES,UNINCORPORATED,-118.93493,34.04514
90318351,2016,2016-11-14,9565,2016-11-01,2215,020915,NA,2,3,7,1942,0,1,1,NA,2,064,I-405 S/B (SAN DIEGO FWY),BEL AIR CREST RD,500,S,N,A,-,Y,NA,NA,405,NA,NA,NA,NA,NA,S,Y,4,0,1,2,A,-,08,22107,NA,N,E,I,A,A,H,-,D,D,0,NA,NA,NA,NA,Y,NA,A,01,0,0,1,0,0,0,0,0,0,-,-,34.10424,-118.47825,LOS ANGELES,LOS ANGELES,-118.4776649,34.10444382
90318357,2016,2016-11-14,9525,2016-10-31,1401,020505,NA,1,2,9,1900,0,3,5,NA,2,002,COVINA BLVD,HOLLENBECK ST.,0,NA,Y,B,-,N,NA,NA,NA,NA,NA,NA,NA,NA,NA,Y,3,0,2,2,A,-,12,21453,A,N,D,C,A,A,H,-,A,A,0,NA,NA,NA,NA,Y,NA,A,07,0,2,0,0,0,0,0,0,0,-,-,34.09937,-117.89896,LOS ANGELES,UNINCORPORATED,-117.89898005,34.09940005
90318358,2016,2016-11-14,9575,2016-11-04,1355,020182,NA,5,1,7,1942,0,1,3,NA,2,044,SR-134 W/B (VENTURA FREEWAY),LEDGE AVE.,200,E,N,A,-,Y,NA,NA,134,NA,NA,NA,NA,NA,W,Y,4,0,1,3,A,-,03,22350,NA,N,C,C,A,A,H,-,A,D,0,NA,NA,NA,NA,Y,NA,A,07,0,0,1,0,0,0,0,0,0,-,-,34.15306,-118.35659,LOS ANGELES,LOS ANGELES,-118.35658885,34.15308696
9031836,2020,2020-03-18,1942,2020-01-12,2150,43441,2027,7,5,7,1942,0,0,0,NA,0,20A45,VERMONT AV,5TH ST,0,NA,N,A,-,N,NA,NA,NA,NA,NA,NA,NA,NA,NA,N,4,0,1,2,A,-,11,21456,B,N,G,B,B,A,H,-,C,A,0,Y,NA,NA,NA,Y,NA,N,60,0,0,1,0,1,0,0,0,0,-,-,NA,NA,LOS ANGELES,LOS ANGELES,-118.29165649414064,34.06541061401367
9031840,2020,2020-03-18,1942,2020-01-06,1415,38262,2035,1,5,7,1942,0,0,0,NA,0,20A45,IROLO ST,WILSHIRE BL,0,NA,Y,A,-,N,NA,NA,NA,NA,NA,NA,NA,NA,NA,N,4,0,1,2,A,-,-,NA,A,N,G,B,F,A,H,-,A,D,0,Y,NA,NA,NA,Y,NA,A,07,0,0,1,0,1,0,0,0,0,-,-,NA,NA,LOS ANGELES,LOS ANGELES,-118.300363,34.061735