CASE_ID,ACCIDENT_YEAR,PROC_DATE,JURIS,COLLISION_DATE,COLLISION_TIME,OFFICER_ID,REPORTING_DISTRICT,DAY_OF_WEEK,CHP_SHIFT,POPULATION,CNTY_CITY_LOC,SPECIAL_COND,BEAT_TYPE,CHP_BEAT_TYPE,CITY_DIVISION_LAPD,CHP_BEAT_CLASS,BEAT_NUMBER,PRIMARY_RD,SECONDARY_RD,DISTANCE,DIRECTION,INTERSECTION,WEATHER_1,WEATHER_2,STATE_HWY_IND,CALTRANS_COUNTY,CALTRANS_DISTRICT,STATE_ROUTE,ROUTE_SUFFIX,POSTMILE_PREFIX,POSTMILE,LOCATION_TYPE,RAMP_INTERSECTION,SIDE_OF_HWY,TOW_AWAY,COLLISION_SEVERITY,NUMBER_KILLED,NUMBER_INJURED,PARTY_COUNT,PRIMARY_COLL_FACTOR,PCF_CODE_OF_VIOL,PCF_VIOL_CATEGORY,PCF_VIOLATION,PCF_VIOL_SUBSECTION,HIT_AND_RUN,TYPE_OF_COLLISION,MVIW,PED_ACTION,ROAD_SURFACE,ROAD_COND_1,ROAD_COND_2,LIGHTING,CONTROL_DEVICE,CHP_ROAD_TYPE,PEDESTRIAN_ACCIDENT,BICYCLE_ACCIDENT,MOTORCYCLE_ACCIDENT,TRUCK_ACCIDENT,NOT_PRIVATE_PROPERTY,ALCOHOL_INVOLVED,STWD_VEHTYPE_AT_FAULT,CHP_VEHTYPE_AT_FAULT,COUNT_SEVERE_INJ,COUNT_VISIBLE_INJ,COUNT_COMPLAINT_PAIN,COUNT_PED_KILLED,COUNT_PED_INJURED,COUNT_BICYCLIST_KILLED,COUNT_BICYCLIST_INJURED,COUNT_MC_KILLED,COUNT_MC_INJURED,PRIMARY_RAMP,SECONDARY_RAMP,LATITUDE,LONGITUDE,COUNTY,CITY,POINT_X,POINT_Y
90319031,2016,2016-11-14,9525,2016-11-12,1540,014593,NA,6,2,5,1990,0,1,3,NA,2,601,SR-60 W/B (POMONA FREEWAY),GRAND AVE,500,W,N,A,-,Y,NA,NA,60,NA,NA,NA,NA,NA,W,Y,4,0,2,4,A,-,03,22350,NA,N,C,C,A,A,H,-,A,D,0,NA,NA,NA,NA,Y,NA,A,07,0,0,2,0,0,0,0,0,0,-,-,34.00956,-117.82434,LOS ANGELES,DIAMOND BAR,-117.82423748,34.00945345
90319036,2016,2016-11-14,9590,2016-11-10,1410,021031,NA,4,2,7,1942,0,1,1,NA,2,053,I-110 S/B (HARBOR FREEWAY),2ND STREET,100,N,N,A,-,Y,NA,NA,110,NA,NA,NA,NA,NA,S,N,4,0,1,2,A,-,03,22350,NA,N,C,C,A,A,H,-,A,D,0,NA,NA,NA,NA,Y,NA,A,01,0,0,1,0,0,0,0,0,0,-,-,34.05762,-118.25442,LOS ANGELES,LOS ANGELES,-118.25451077,34.0577135
9031907,2020,2020-03-11,1942,2020-01-11,0905,41376,1488,6,5,7,1942,0,0,0,N,0,14A67,W MANCHESTER AV,AIRPORT BL,0,NA,Y,A,-,N,NA,NA,NA,NA,NA,NA,NA,NA,NA,Y,3,0,2,2,A,-,09,21801,A,N,D,C,A,A,H,-,A,A,0,NA,NA,NA,NA,Y,NA,A,01,0,2,0,0,0,0,0,0,0,-,-,NA,NA,LOS ANGELES,LOS ANGELES,-118.3855438232422,33.959808349609375
90319115,2016,2016-11-14,9525,2016-11-12,1830,020847,NA,6,2,6,1975,0,1,1,NA,2,103,I-10 W/B (SAN BERNARDINO FREEWAY),PUENTE AVE,100,E,N,A,-,Y,NA,NA,10,NA,NA,NA,NA,NA,W,N,4,0,1,2,A,-,03,22350,NA,N,C,C,A,A,D,E,C,D,0,NA,NA,NA,NA,Y,NA,A,01,0,0,1,0,0,0,0,0,0,-,-,34.07093,-117.95817,LOS ANGELES,WEST COVINA,-117.95814436,34.07067633
90319138,2016,2016-11-14,9525,2016-11-12,2230,020611,NA,6,3,1,1934,0,1,1,NA,2,652,I-605 N/B (SAN GABRIEL RIVER FREEWAY),ARROW HIGHWAY,1500,N,N,A,-,Y,NA,NA,605,NA,NA,NA,NA,NA,N,Y,4,0,1,3,A,-,03,22350,NA,N,B,C,A,A,H,-,C,D,0,NA,NA,NA,NA,Y,NA,A,01,0,0,1,0,0,0,0,0,0,-,-,34.11823,-117.9728,LOS ANGELES,IRWINDALE,-117.97287813,34.11836004
90319147,2016,2016-11-14,9525,2016-11-14,0515,018366,NA,1,3,6,1975,0,1,1,NA,2,103,I-10 W/B (SAN BERNARDINO FREEWAY),PACIFIC AVE,1584,W,N,A,-,Y,NA,NA,10,NA,NA,NA,NA,NA,W,Y,4,0,1,2,A,-,04,21703,NA,N,C,C,A,A,E,-,C,D,0,NA,NA,NA,NA,Y,NA,D,22,0,0,1,0,0,0,0,0,0,-,-,34.0712,-117.95096,LOS ANGELES,WEST COVINA,-117.95098175,34.07142896
9031915,2020,2020-03-12,1942,2020-01-12,1635,43744,RD141,7,5,7,1942,0,0,0,NA,0,14FB6,PACIFIC AV,PALOMA CT,0,NA,Y,A,-,N,NA,NA,NA,NA,NA,NA,NA,NA,NA,N,3,0,1,2,C,-,18,NA,NA,N,B,C,A,A,H,-,A,D,0,NA,NA,Y,NA,Y,NA,-,-,0,1,0,0,0,0,0,0,1,-,-,NA,NA,LOS ANGELES,LOS ANGELES,-118.47728729248048,33.9940185546875
90319157,2016,2016-11-14,9525,2016-11-13,1710,021156,NA,7,2,9,1900,0,3,5,NA,2,004,BARRYDALE ST,MEEKER AVE,0,NA,Y,A,-,N,NA,NA,NA,NA,NA,NA,NA,NA,NA,N,4,0,1,2,A,-,09,21801,A,N,D,C,A,A,H,-,C,D,0,NA,NA,NA,NA,Y,NA,A,01,0,0,1,0,0,0,0,0,0,-,-,34.05725,-117.96481,LOS ANGELES,UNINCORPORATED,-117.96490008,34.05725002
90319166,2016,2016-11-14,9525,2016-11-13,1845,019379,NA,7,2,5,1926,0,1,1,NA,2,206,I-210 E/B (FOOTHILL FREEWAY),SUNFLOWER AVE,200,W,N,A,-,Y,NA,NA,210,NA,NA,NA,NA,NA,E,Y,4,0,3,2,A,-,03,22350,NA,N,C,C,A,A,H,-,D,D,0,NA,NA,NA,NA,Y,NA,A,01,0,0,3,0,0,0,0,0,0,-,-,34.11741,-117.85118,LOS ANGELES,GLENDORA,-117.85118,34.11752789
90319184,2016,2016-11-14,9525,2016-11-13,2105,019188,NA,7,2,5,1906,0,1,1,NA,2,103,I-10 W/B (SAN BERNARDINO FREEWAY),PUENTE AVE,1000,W,N,A,-,Y,NA,NA,10,NA,NA,NA,NA,NA,W,Y,4,0,1,2,A,-,07,21658,A,N,B,C,A,A,D,E,D,D,0,NA,NA,Y,NA,Y,NA,-,-,0,0,1,0,0,0,0,0,1,-,-,34.06995,-117.96522,LOS ANGELES,BALDWIN PARK,-117.96520116,34.06979547
90319188,2016,2016-11-14,9525,2016-11-04,1050,020216,NA,5,1,9,1900,0,1,3,NA,1,024,SR-39 (SAN GABRIEL CANYON RD.),SAN GABRIEL DAM ENTRANCE,7920,N,N,A,-,Y,NA,NA,NA,NA,NA,NA,NA,NA,NA,Y,4,0,1,1,A,-,03,22350,NA,N,F,A,A,A,H,-,A,D,0,NA,NA,Y,NA,Y,NA,C,02,0,0,1,0,0,0,0,0,1,-,-,34.25157,-117.86428,LOS ANGELES,UNINCORPORATED,NA,NA
9031919,2020,2020-03-12,1942,2020-01-07,1935,43256,1436,2,5,7,1942,0,0,0,N,0,14X16,PALMS BL,SAWTELLE BL,0,NA,Y,A,-,N,NA,NA,NA,NA,NA,NA,NA,NA,NA,N,3,0,1,2,A,-,09,21801,NA,N,D,C,A,A,H,-,C,A,0,NA,NA,NA,NA,Y,NA,A,01,0,1,0,0,0,0,0,0,0,-,-,NA,NA,LOS ANGELES,LOS ANGELES,-118.42513275146484,34.0183219909668
90319196,2016,2016-11-14,9565,2016-11-11,1339,021267,NA,5,1,7,1942,0,1,1,NA,2,010,I-105 WB (GLENN ANDERSON FREEWWAY),SEPULVEDA BLVD,100,E,N,A,-,Y,NA,NA,NA,NA,NA,NA,NA,NA,NA,Y,4,0,2,2,A,-,03,22350,NA,N,C,C,A,A,H,-,A,D,0,NA,NA,NA,NA,Y,NA,A,01,0,0,2,0,0,0,0,0,0,-,-,33.55532,-118.23324,LOS ANGELES,LOS ANGELES,NA,NA
90319201,2016,2016-11-23,9565,2016-11-01,1300,021267,NA,2,1,9,1900,0,3,5,NA,2,002,120TH ST W/B,HARVARD BLVD,0,NA,Y,A,-,N,NA,NA,NA,NA,NA,NA,NA,NA,NA,Y,4,0,7,2,A,-,03,22350,NA,N,C,C,A,A,H,-,A,D,0,NA,NA,NA,NA,Y,NA,A,01,0,0,7,0,0,0,0,0,0,-,-,33.55264,-118.18242,LOS ANGELES,UNINCORPORATED,-118.30674013,33.9240301
90319221,2016,2016-11-14,9565,2016-10-31,0915,021200,NA,1,1,5,1928,0,1,1,NA,2,012,I-105 WESTBOUND (CENTURY FREEWAY),VAN NESS AVENUE,300,W,N,B,-,Y,NA,NA,105,NA,NA,NA,NA,NA,W,Y,3,0,1,2,A,-,07,21658,A,N,C,C,A,A,H,-,A,D,0,NA,NA,Y,NA,Y,NA,C,02,0,1,0,0,0,0,0,0,1,-,-,33.92563,-118.31989,LOS ANGELES,HAWTHORNE,-118.31988983,33.925654
90319229,2016,2016-11-14,9580,2016-11-01,0640,017386,NA,2,1,7,1942,0,1,3,NA,2,114,SR-118 E/B (RONALD REAGAN FWY.),LAUREL CANYON BLVD,2112,W,N,A,-,Y,NA,NA,NA,NA,NA,NA,NA,NA,NA,N,4,0,1,2,A,-,03,22350,NA,N,C,C,A,A,H,-,A,D,0,NA,NA,NA,NA,Y,NA,A,01,0,0,1,0,0,0,0,0,0,-,-,34.2668,-118.45087,LOS ANGELES,LOS ANGELES,-118.44744054,34.26594372
90319232,2016,2016-11-14,9580,2016-11-01,0830,017386,NA,2,1,7,1942,0,1,1,NA,2,405,I-405 S/B (SAN DIEGO FWY),BURBANK BLVD,2640,N,N,A,-,Y,NA,NA,405,NA,NA,NA,NA,NA,S,N,4,0,1,2,A,-,03,22350,NA,N,C,C,A,A,H,-,A,D,0,NA,NA,NA,NA,Y,NA,A,08,0,0,1,0,0,0,0,0,0,-,-,34.17885,-118.46954,LOS ANGELES,LOS ANGELES,-118.46952676,34.17885976
90319252,2016,2016-11-14,9590,2016-11-13,1530,020773,NA,7,2,7,1942,0,1,1,NA,2,065,I-10 W/B (SANTA MONICA FREEWAY),CENTRAL AVE.,200,E,N,A,-,Y,NA,NA,10,NA,NA,NA,NA,NA,W,N,4,0,1,2,A,-,01,23152,A,F,C,C,A,A,H,-,A,D,0,NA,NA,NA,NA,Y,Y,A,01,0,0,1,0,0,0,0,0,0,-,-,34.02517,-118.24765,LOS ANGELES,LOS ANGELES,-118.24765363,34.02516333
90319254,2016,2017-03-20,9550,2016-10-17,1750,021269,NA,1,2,9,1900,0,2,4,NA,1,042,COLIMA ROAD,PARK LAWN ROAD,0,NA,Y,A,-,N,NA,NA,NA,NA,NA,NA,NA,NA,NA,Y,4,0,1,3,A,-,09,21801,A,F,D,C,A,A,H,-,A,D,0,NA,NA,NA,NA,Y,NA,A,01,0,0,1,0,0,0,0,0,0,-,-,33.99106,-117.93793,LOS ANGELES,UNINCORPORATED,-117.93797006,33.99103003
90319261,2016,2016-11-14,9550,2016-11-06,0115,021110,NA,7,3,9,1900,0,3,5,NA,2,001,LYNALAN AVENUE,MINES BOULEVARD,0,NA,Y,A,-,N,NA,NA,NA,NA,NA,NA,NA,NA,NA,Y,3,0,1,2,A,-,01,23152,A,M,E,I,A,A,H,-,C,D,0,NA,NA,NA,NA,Y,Y,A,01,0,1,0,0,0,0,0,0,0,-,-,33.9743,-118.05996,LOS ANGELES,UNINCORPORATED,-118.06001006,33.97421004
90319278,2016,2016-11-15,9550,2016-11-04,1625,017511,NA,5,2,9,1900,0,1,3,NA,2,600,SR-60 E/B TO HACIENDA BLVD,HACIENDA BLVD,1000,W,N,A,-,Y,NA,NA,60,NA,NA,NA,R,NA,E,Y,4,0,3,2,A,-,03,22350,NA,N,C,C,A,A,H,-,A,D,0,NA,NA,NA,NA,Y,NA,A,01,0,0,3,0,0,0,0,0,0,-,-,34.00774,-117.96801,LOS ANGELES,UNINCORPORATED,-117.96801,34.00774
90319279,2016,2016-11-15,9550,2016-11-14,0738,015045,NA,1,1,5,1919,0,1,3,NA,2,092,SR-91 W/B (ARTESIA FREEWAY),SHOEMAKER AVENUE,528,E,N,A,-,Y,NA,NA,91,NA,NA,NA,NA,NA,W,N,4,0,1,2,A,-,03,22350,NA,N,C,C,A,A,H,-,A,D,0,NA,NA,NA,NA,Y,NA,A,01,0,0,1,0,0,0,0,0,0,-,-,33.86943,-118.05436,LOS ANGELES,CERRITOS,-118.05444735,33.8693003
90319282,2016,2016-11-15,9550,2016-11-06,0330,021311,NA,7,3,9,1900,0,1,1,NA,2,501,I-5 (SANTA ANA FWY) N/B,VALLEY VIEW AVENUE,1800,S,N,A,-,Y,NA,NA,NA,NA,NA,NA,NA,NA,NA,N,3,0,1,2,A,-,11,21954,A,N,G,B,E,A,H,-,D,D,0,Y,NA,NA,NA,Y,Y,N,60,0,1,0,0,1,0,0,0,0,-,-,33.88126,-118.02352,LOS ANGELES,UNINCORPORATED,-118.02402973,33.88156527
9031929,2020,2020-11-03,1938,2020-01-09,1431,1084,AREAS,4,5,4,1938,0,0,0,NA,0,003,FRUIT ST,RT 210,0,NA,Y,B,-,Y,LA,7,210,-,R,48.218,R,4,E,Y,4,0,1,2,A,-,03,22350,NA,N,C,C,A,A,H,-,A,A,0,NA,NA,NA,NA,Y,NA,A,01,0,0,1,0,0,0,0,0,0,-,EO,NA,NA,LOS ANGELES,LA VERNE,-117.75926208496094,34.11943817138672
90319290,2016,2016-11-15,9575,2016-11-14,1748,021188,NA,1,2,7,1942,0,1,3,NA,2,043,SR-134 W/B (VENTURA FREEWAY),LA RIVER,300,W,N,A,-,Y,NA,NA,134,NA,NA,NA,NA,NA,W,N,3,0,1,2,A,-,07,21658,A,N,E,A,A,A,H,-,C,D,0,NA,NA,Y,NA,Y,NA,A,01,0,1,0,0,0,0,0,0,1,-,-,34.1528,-118.28051,LOS ANGELES,LOS ANGELES,-118.28051217,34.15282758
90319291,2016,2016-11-15,9590,2016-09-30,2315,020443,NA,5,3,7,1942,0,1,3,NA,2,031,SR-60 W/B (POMONA FREEWAY),LOS ANGELES RIVER,400,E,N,A,-,Y,NA,NA,60,NA,NA,NA,NA,NA,W,N,4,0,2,3,A,-,03,22350,NA,N,C,C,A,A,H,-,C,D,0,NA,NA,NA,NA,Y,NA,A,01,0,0,2,0,0,0,0,0,0,-,-,34.02951,-118.22329,LOS ANGELES,LOS ANGELES,-118.22328989,34.02951594
90319295,2016,2016-11-15,9530,2016-10-28,1320,021290,NA,5,1,9,1900,0,3,5,NA,2,002,ALAMEDA ST. (12400 BLOCK),124TH ST.,10,S,N,B,-,N,NA,NA,NA,NA,NA,NA,NA,NA,NA,N,2,0,1,2,A,-,03,22350,NA,N,C,C,A,A,H,-,A,D,0,NA,NA,NA,NA,Y,NA,A,01,1,0,0,0,0,0,0,0,0,-,-,33.91965,-118.2241,LOS ANGELES,UNINCORPORATED,-118.22413582,33.9197328
90319298,2016,2016-11-15,9590,2016-10-01,1635,020773,NA,6,2,7,1942,0,1,3,NA,2,031,SR-60 W/B (POMONA FREEWAY),US-101 (SAF),250,E,N,A,-,Y,NA,NA,60,NA,NA,NA,NA,NA,W,Y,4,0,1,2,A,-,08,22107,NA,F,B,C,A,A,H,-,A,D,0,NA,NA,NA,NA,Y,NA,D,22,0,0,1,0,0,0,0,0,0,-,-,34.02981,-118.21501,LOS ANGELES,LOS ANGELES,-118.21501006,34.02980243
90319300,2016,2016-11-15,9530,2016-11-03,0115,021325,NA,4,3,5,1915,0,1,3,NA,2,310,SR-91 W/B (ARTESIA FREEWAY),WILMINGTON AVE.,1584,E,N,A,-,Y,NA,NA,91,NA,NA,NA,NA,NA,W,Y,4,0,1,2,A,-,07,21658,A,N,B,C,A,A,H,-,C,D,0,NA,NA,NA,NA,Y,NA,A,07,0,0,1,0,0,0,0,0,0,-,-,33.87338,-118.20701,LOS ANGELES,COMPTON,-118.20697163,33.87354849
90319305,2016,2016-11-15,9525,2016-11-11,0845,015980,NA,5,1,5,1990,0,1,3,NA,2,601,SR-60 W/B (POMONA FREEWAY),GRAND AVE,528,W,N,A,-,Y,NA,NA,60,NA,NA,NA,NA,NA,W,Y,4,0,1,2,A,-,03,22350,NA,N,C,C,A,A,H,-,A,D,0,NA,NA,NA,Y,Y,NA,G,25,0,0,1,0,0,0,0,0,0,-,-,34.0096,-117.82418,LOS ANGELES,DIAMOND BAR,-117.82413442,34.00955263
90319324,2016,2016-11-15,9575,2016-11-08,1545,017354,NA,2,2,7,1942,0,1,3,NA,2,043,SR-134 E/B (VENTURA FREEWAY),LOS ANGELES RIVER U/C,2640,W,N,A,-,Y,NA,NA,134,NA,NA,NA,NA,NA,E,Y,4,0,1,3,A,-,03,22350,NA,N,C,C,A,A,H,-,A,A,0,NA,NA,NA,Y,Y,NA,G,25,0,0,1,0,0,0,0,0,0,-,-,34.15255,-118.28571,LOS ANGELES,LOS ANGELES,-118.28568852,34.15260708
90319326,2016,2016-11-15,9525,2016-10-28,1830,020907,NA,5,2,9,1900,0,3,5,NA,2,004,5TH AVE. (700 BLOCK),DON JULIAN RD.,10,S,N,B,-,N,NA,NA,NA,NA,NA,NA,NA,NA,NA,N,4,0,1,2,A,-,03,22350,NA,N,C,C,A,A,H,-,C,A,0,NA,NA,NA,NA,Y,NA,A,01,0,0,1,0,0,0,0,0,0,-,-,34.03386,-117.98759,LOS ANGELES,UNINCORPORATED,-117.98760024,34.03386837
90319327,2016,2016-11-15,9590,2016-11-13,1605,021291,NA,7,2,7,1942,0,1,1,NA,2,081,I-5 S/B (GOLDEN STATE FREEWAY),7TH STREET,200,S,N,A,-,Y,NA,NA,NA,NA,NA,NA,NA,NA,NA,N,4,0,1,2,A,-,03,22350,NA,N,C,C,A,A,H,-,A,D,0,NA,NA,Y,NA,Y,NA,C,02,0,0,1,0,0,0,0,0,1,-,-,34.03361,-118.22204,LOS ANGELES,LOS ANGELES,-118.22139622,34.03358489
9031933,2019,2020-02-11,1942,2019-12-30,1925,42157,1497,1,5,7,1942,0,0,0,N,0,14A67,CENTURY BL,INTERNATIONAL RD,0,NA,Y,A,-,N,NA,NA,NA,NA,NA,NA,NA,NA,NA,N,4,0,3,2,A,-,03,22350,NA,F,C,E,A,A,H,-,C,D,0,NA,NA,NA,NA,Y,NA,-,99,0,0,3,0,0,0,0,0,0,-,-,NA,NA,LOS ANGELES,LOS ANGELES,-118.381591796875,33.94496154785156
90319335,2016,2016-11-15,9575,2016-11-07,1010,020182,NA,1,1,6,1925,0,1,3,NA,2,042,SR-134 W/B (VENTURA FREEWAY),PACIFIC AVE.,20,W,N,A,-,Y,NA,NA,134,NA,NA,NA,NA,NA,W,Y,4,0,2,3,A,-,03,22350,NA,N,C,C,A,A,H,-,A,D,0,NA,NA,NA,NA,Y,NA,A,01,0,0,2,0,0,0,0,0,0,-,-,34.15634,-118.26462,LOS ANGELES,GLENDALE,-118.26461045,34.15626694
90319343,2016,2016-11-15,9575,2016-10-25,0715,017354,NA,2,1,7,1942,1,4,S,NA,2,901,RIVERSIDE DR. (10100 BLOCK),MARIOTA AVE.,67,W,N,A,-,N,NA,NA,NA,NA,NA,NA,NA,NA,NA,Y,4,0,1,2,A,-,08,22107,NA,N,C,E,A,A,H,-,A,A,0,NA,NA,NA,NA,Y,NA,A,07,0,0,1,0,0,0,0,0,0,-,-,34.15224,-118.35076,LOS ANGELES,LOS ANGELES,-118.35088103,34.15221
90319348,2016,2016-11-15,9525,2016-11-05,2155,021229,NA,6,2,4,1916,0,1,1,NA,2,106,I-10 E/B (SAN BERNARDINO FREEWAY),HOLT AVE,1056,E,N,A,-,Y,NA,NA,10,NA,NA,NA,NA,NA,E,N,4,0,1,2,A,-,07,21658,A,F,B,C,A,A,D,E,C,D,0,NA,NA,NA,Y,Y,NA,G,25,0,0,1,0,0,0,0,0,0,-,-,34.06832,-117.861,LOS ANGELES,COVINA,-117.86096131,34.06843183
90319375,2016,2016-11-15,9565,2016-11-14,1230,015275,NA,1,1,7,1942,0,1,1,NA,2,063,I-405 S/B (SAN DIEGO FREEWAY),OLYMPIC BOULEVARD,528,N,N,A,-,Y,NA,NA,405,NA,NA,NA,NA,NA,S,Y,4,0,1,4,A,-,03,22350,NA,N,C,C,A,A,H,-,A,D,0,NA,NA,NA,NA,Y,NA,A,07,0,0,1,0,0,0,0,0,0,-,-,34.039790000000004,-118.44075,LOS ANGELES,LOS ANGELES,-118.44068077,34.03984968
90319391,2016,2016-11-15,9530,2016-11-12,1440,015063,NA,6,2,7,1941,0,1,1,NA,2,072,INTERSTATE 710 NORTHBOUND,WILLOW STREET,500,S,N,A,-,Y,NA,NA,710,NA,NA,NA,NA,NA,N,N,4,0,1,3,A,-,03,22350,NA,N,C,C,A,A,H,-,A,D,0,NA,NA,NA,NA,Y,NA,A,07,0,0,1,0,0,0,0,0,0,-,-,33.8008,-118.2068,LOS ANGELES,LONG BEACH,-118.20691541,33.80078684
90319474,2016,2016-11-15,9550,2016-11-14,0800,020131,NA,1,1,9,1900,0,3,5,NA,2,003,LOS ROBLES AVENUE,DEERHAVEN DRIVE,0,NA,Y,A,-,N,NA,NA,NA,NA,NA,NA,NA,NA,NA,N,3,0,1,2,D,-,00,NA,NA,N,G,B,B,A,H,-,A,A,0,Y,NA,NA,NA,Y,NA,-,-,0,1,0,0,1,0,0,0,0,-,-,34.00675,-117.97621,LOS ANGELES,UNINCORPORATED,-117.97629007,34.00675007
90319500,2016,2016-11-15,9590,2016-11-10,0700,021317,NA,4,1,7,1942,0,1,3,NA,2,031,I-10 W/B (SAN BERNARDINO FREEWAY),SOTO ST,900,E,N,A,-,Y,NA,NA,10,NA,NA,NA,NA,NA,W,N,3,0,1,2,A,-,03,22350,NA,N,C,C,A,A,H,-,A,D,0,NA,NA,NA,NA,Y,NA,A,01,0,1,0,0,0,0,0,0,0,-,-,34.05499,-118.20266,LOS ANGELES,LOS ANGELES,-118.20255388,34.05468355
90319519,2016,2016-11-15,9530,2016-11-13,1105,015615,NA,7,1,7,1941,0,1,1,NA,2,072,I-710 N/B (LONG BEACH FREEWAY),WARDLOW AVE.,200,S,N,A,-,Y,NA,NA,710,NA,NA,NA,NA,NA,N,Y,4,0,2,2,A,-,03,22350,NA,N,C,C,A,A,H,-,A,D,0,NA,NA,NA,NA,Y,NA,A,01,0,0,2,0,0,0,0,0,0,-,-,33.82151,-118.20654,LOS ANGELES,LONG BEACH,-118.20687412,33.8215263
90319528,2016,2016-11-15,9530,2016-11-14,0738,017046,NA,1,1,6,1972,0,1,1,NA,2,400,I-405 N/B (SAN DIEGO FREEWAY),CRENSHAW BLVD.,200,S,N,A,-,Y,NA,NA,405,NA,NA,NA,NA,NA,N,N,4,0,1,2,A,-,03,22350,NA,N,C,C,A,A,H,-,A,D,0,NA,NA,NA,NA,Y,NA,A,07,0,0,1,0,0,0,0,0,0,-,-,33.86453,-118.32566,LOS ANGELES,TORRANCE,-118.325679,33.86446736
90319548,2016,2016-11-15,9590,2016-09-08,0205,021317,NA,4,3,7,1942,0,1,1,NA,2,011,I-110 S/B (ASP) TO US-101 N/B (HOF),SUNSET BLVD,294,S,N,A,-,Y,NA,NA,NA,NA,NA,NA,NA,NA,NA,Y,3,0,1,1,A,-,01,23152,A,N,E,I,A,A,H,-,C,D,0,NA,NA,NA,NA,Y,Y,A,01,0,1,0,0,0,0,0,0,0,-,-,34.06409,-118.27556,LOS ANGELES,LOS ANGELES,-118.24829104,34.06317856
90319553,2016,2016-11-15,9530,2016-10-16,2000,021059,NA,7,2,9,1900,0,3,5,NA,2,002,WILLOWBROOK AVE.,130TH ST.,100,S,N,A,-,N,NA,NA,NA,NA,NA,NA,NA,NA,NA,N,4,0,1,2,A,-,03,22350,NA,F,C,C,A,A,H,-,C,D,0,NA,NA,NA,NA,Y,NA,-,99,0,0,1,0,0,0,0,0,0,-,-,33.91412,-118.23065,LOS ANGELES,UNINCORPORATED,-118.23060528,33.91412981
90319564,2016,2016-11-15,9565,2016-11-13,2030,020785,NA,7,2,7,1942,0,1,1,NA,2,064,I-405 S/B (SAN DIEGO FREEWAY),BEL AIR CREST RD,500,N,N,A,-,Y,NA,NA,405,NA,NA,NA,NA,NA,S,Y,4,0,1,2,A,-,03,22350,NA,N,C,C,A,A,H,-,D,D,0,NA,NA,NA,NA,Y,NA,A,01,0,0,1,0,0,0,0,0,0,-,-,34.11217,-118.48239,LOS ANGELES,LOS ANGELES,-118.4822552,34.11217613
90319602,2016,2016-11-15,9575,2016-11-03,0600,015935,NA,4,1,9,1900,0,2,4,NA,2,310,W/B BIG TUJUNGA CANYON ROAD,VOGL FLATS ROAD,2640,E,N,A,-,N,NA,NA,NA,NA,NA,NA,NA,NA,NA,Y,4,0,1,1,A,-,03,22350,NA,N,E,I,A,A,H,-,B,D,0,NA,NA,NA,NA,Y,NA,A,01,0,0,1,0,0,0,0,0,0,-,-,34.29284,-118.28473,LOS ANGELES,UNINCORPORATED,-118.219929,34.284877
90319644,2016,2016-11-15,9580,2016-11-14,0530,018588,NA,1,3,7,1942,0,1,2,NA,2,102,US-101 N/B (VENTURA FREEWAY),BALBOA BLVD,500,S,N,A,-,Y,NA,NA,101,NA,NA,NA,NA,NA,N,N,4,0,1,2,A,-,07,21658,A,F,B,C,A,A,H,-,D,D,0,NA,NA,NA,NA,Y,NA,-,99,0,0,1,0,0,0,0,0,0,-,-,34.16887,-118.49659,LOS ANGELES,LOS ANGELES,-118.49707006,34.16814131
90319687,2016,2016-11-15,9590,2016-10-25,1645,016692,NA,2,2,7,1942,0,1,2,NA,2,071,US-101 S/B (HOLLYWOOD FWY.),EDGEWARD RD. O/C,125,S,N,A,-,Y,NA,NA,NA,NA,NA,NA,NA,NA,NA,N,4,0,1,3,A,-,03,22350,NA,N,C,C,A,A,H,-,A,D,0,NA,NA,NA,NA,Y,NA,A,01,0,0,1,0,0,0,0,0,0,-,-,34.35967,-118.15136,LOS ANGELES,LOS ANGELES,NA,NA
90319695,2016,2016-11-15,9590,2016-11-11,1740,021179,NA,5,2,7,1942,0,1,2,NA,2,070,US-101 N/B (HOLLYWOOD FREEWAY),SILVER LAKE BOULEVARD,300,S,N,A,-,Y,NA,NA,NA,NA,NA,NA,NA,NA,NA,N,4,0,2,2,A,-,03,22350,NA,N,C,C,A,A,H,-,C,D,0,NA,NA,NA,NA,Y,NA,A,01,0,0,2,0,0,0,0,0,0,-,-,34.07566,-118.27985,LOS ANGELES,LOS ANGELES,-118.28068539,34.07705578
90319760,2016,2016-11-15,9550,2016-11-08,0725,020151,NA,2,1,6,1949,0,1,1,NA,2,150,I-105 E/B TO I-605 N/B,I-605,50,E,N,A,-,Y,NA,NA,105,NA,NA,NA,R,NA,E,Y,3,0,1,2,A,-,06,21755,A,N,B,C,A,A,H,-,A,D,0,NA,NA,Y,NA,Y,NA,C,02,0,1,0,0,0,0,0,0,1,-,-,33.91587,-118.10436,LOS ANGELES,NORWALK,-118.10436,33.91587
90319761,2016,2016-11-15,9530,2016-11-14,0755,019694,NA,1,1,7,1941,0,1,1,NA,2,072,I-710 N/B (LONG BEACH FREEWAY),PACIFIC COAST HWY.,250,S,N,A,-,Y,NA,NA,NA,NA,NA,NA,NA,NA,NA,Y,3,0,1,2,D,-,00,NA,NA,N,B,C,A,A,H,-,A,D,0,NA,NA,Y,NA,Y,NA,-,-,0,1,0,0,0,0,0,0,1,-,-,33.47184,-118.12277,LOS ANGELES,LONG BEACH,-118.20776395,33.78922461