CASE_ID,ACCIDENT_YEAR,PROC_DATE,JURIS,COLLISION_DATE,COLLISION_TIME,OFFICER_ID,REPORTING_DISTRICT,DAY_OF_WEEK,CHP_SHIFT,POPULATION,CNTY_CITY_LOC,SPECIAL_COND,BEAT_TYPE,CHP_BEAT_TYPE,CITY_DIVISION_LAPD,CHP_BEAT_CLASS,BEAT_NUMBER,PRIMARY_RD,SECONDARY_RD,DISTANCE,DIRECTION,INTERSECTION,WEATHER_1,WEATHER_2,STATE_HWY_IND,CALTRANS_COUNTY,CALTRANS_DISTRICT,STATE_ROUTE,ROUTE_SUFFIX,POSTMILE_PREFIX,POSTMILE,LOCATION_TYPE,RAMP_INTERSECTION,SIDE_OF_HWY,TOW_AWAY,COLLISION_SEVERITY,NUMBER_KILLED,NUMBER_INJURED,PARTY_COUNT,PRIMARY_COLL_FACTOR,PCF_CODE_OF_VIOL,PCF_VIOL_CATEGORY,PCF_VIOLATION,PCF_VIOL_SUBSECTION,HIT_AND_RUN,TYPE_OF_COLLISION,MVIW,PED_ACTION,ROAD_SURFACE,ROAD_COND_1,ROAD_COND_2,LIGHTING,CONTROL_DEVICE,CHP_ROAD_TYPE,PEDESTRIAN_ACCIDENT,BICYCLE_ACCIDENT,MOTORCYCLE_ACCIDENT,TRUCK_ACCIDENT,NOT_PRIVATE_PROPERTY,ALCOHOL_INVOLVED,STWD_VEHTYPE_AT_FAULT,CHP_VEHTYPE_AT_FAULT,COUNT_SEVERE_INJ,COUNT_VISIBLE_INJ,COUNT_COMPLAINT_PAIN,COUNT_PED_KILLED,COUNT_PED_INJURED,COUNT_BICYCLIST_KILLED,COUNT_BICYCLIST_INJURED,COUNT_MC_KILLED,COUNT_MC_INJURED,PRIMARY_RAMP,SECONDARY_RAMP,LATITUDE,LONGITUDE,COUNTY,CITY,POINT_X,POINT_Y
9032177,2019,2020-02-04,1976,2019-12-19,1440,370,NA,4,5,5,1976,0,0,0,NA,0,NA,LAMBERT RD,LAUREL AV,74,W,N,A,-,N,NA,NA,NA,NA,NA,NA,NA,NA,NA,N,4,0,2,2,A,-,03,22350,NA,N,C,C,A,A,H,-,A,D,0,NA,NA,NA,NA,Y,NA,A,01,0,0,2,0,0,0,0,0,0,-,-,NA,NA,LOS ANGELES,WHITTIER,-118.03468322753906,33.95586013793945
90321774,2016,2016-11-17,9575,2016-11-07,1415,020182,NA,1,2,6,1912,0,1,3,NA,2,044,SR-134 W/B (VENTURA FREEWAY),BOB HOPE DR.,345,W,N,A,-,Y,NA,NA,134,NA,NA,NA,NA,NA,W,Y,4,0,1,6,A,-,03,22350,NA,N,C,C,A,A,H,-,A,D,0,NA,NA,NA,NA,Y,NA,A,01,0,0,1,0,0,0,0,0,0,-,-,34.15264,-118.332,LOS ANGELES,BURBANK,-118.33199587,34.15261166
9032181,2019,2020-08-28,1976,2019-12-27,1702,410,NA,5,5,5,1976,0,0,0,NA,0,004,SANTA GERTRUDES AV,LAMBERT RD,11,N,N,A,-,N,NA,NA,NA,NA,NA,NA,NA,NA,NA,N,3,0,1,2,A,-,03,22350,NA,F,C,C,A,A,H,-,A,A,0,NA,NA,NA,NA,Y,NA,A,01,0,1,0,0,0,0,0,0,0,-,-,NA,NA,LOS ANGELES,WHITTIER,-117.99311065673828,33.933319091796875
90321831,2016,2016-11-17,9575,2016-11-15,1520,020030,NA,2,2,7,1942,0,1,1,NA,2,053,I-5 N/B TO OSBORNE ST.,OSBORNE ST.,150,S,N,A,-,Y,NA,NA,5,NA,NA,NA,R,NA,N,Y,4,0,2,2,A,-,03,22350,NA,N,C,C,A,A,H,-,A,D,0,NA,NA,NA,NA,Y,NA,A,01,0,0,2,0,0,0,0,0,0,-,-,34.24471,-118.42073,LOS ANGELES,LOS ANGELES,-118.42073,34.24471
90321838,2016,2016-11-17,9580,2016-11-07,1750,020728,NA,1,2,7,1942,0,1,2,NA,2,105,US-101 S/B (VENTURA FREEWAY),TAMPA AVE.,60,S,N,A,-,Y,NA,NA,101,NA,NA,NA,NA,NA,S,Y,4,0,1,3,A,-,07,21658,A,N,C,C,A,A,H,-,C,D,0,NA,NA,NA,NA,Y,NA,A,01,0,0,1,0,0,0,0,0,0,-,-,34.17344,-118.55141,LOS ANGELES,LOS ANGELES,-118.55141013,34.17343209
90321859,2016,2016-11-17,9580,2016-11-07,1710,016550,NA,1,2,9,1900,0,2,4,NA,1,127,MALIBU CANYON RD,PIUMA RD,1700,S,N,A,-,N,NA,NA,NA,NA,NA,NA,NA,NA,NA,Y,4,0,1,3,A,-,05,21460,A,N,B,C,A,A,H,-,B,D,0,NA,NA,NA,NA,Y,NA,A,01,0,0,1,0,0,0,0,0,0,-,-,34.07792,-118.70227,LOS ANGELES,UNINCORPORATED,-118.70228166,34.07786621
90321861,2016,2016-11-17,9580,2016-11-07,1000,017228,NA,1,1,7,1942,0,1,3,NA,2,171,SR-170 S/B (HOLLYWOOD FWY.),VICTORY BOULEVARD,200,N,N,A,-,Y,NA,NA,170,NA,NA,NA,NA,NA,S,N,4,0,3,2,A,-,03,22350,NA,N,C,C,A,A,H,-,A,D,0,NA,NA,NA,NA,Y,NA,A,01,0,0,3,0,0,0,0,0,0,-,-,34.18885,-118.40204,LOS ANGELES,LOS ANGELES,-118.40190592,34.18886772
90321913,2016,2016-11-17,9575,2016-11-08,0800,020182,NA,2,1,9,1900,0,2,4,NA,2,024,WOODBURY RD.,LINCOLN AVE.,0,NA,Y,A,-,N,NA,NA,NA,NA,NA,NA,NA,NA,NA,N,3,0,1,2,A,-,09,21801,A,F,D,G,A,A,H,-,A,A,0,NA,Y,NA,NA,Y,NA,-,99,0,1,0,0,0,0,1,0,0,-,-,34.18309,-118.15966,LOS ANGELES,UNINCORPORATED,-118.15970013,34.18299007
90321918,2016,2016-11-17,9535,2016-10-19,1201,017302,NA,3,1,5,1915,0,1,1,NA,2,075,I-710 (LONG BEACH FREEWAY) S/B,COMPTON BLVD,450,N,N,A,-,Y,NA,NA,NA,NA,NA,NA,NA,NA,NA,Y,4,0,1,4,A,-,07,21658,A,N,B,C,A,A,H,-,A,D,0,NA,NA,NA,NA,Y,NA,A,01,0,0,1,0,0,0,0,0,0,-,-,34.53465,-118.11161,LOS ANGELES,COMPTON,-118.1874865,33.89745448
90321959,2016,2016-11-17,9545,2016-11-08,0513,012653,NA,2,3,9,1900,0,1,3,NA,1,042,SR-138,87TH ST. EAST.,0,NA,Y,A,-,Y,NA,NA,138,NA,NA,NA,NA,NA,NA,Y,2,0,5,2,A,-,12,21453,A,N,D,C,A,A,H,-,C,A,0,NA,NA,NA,NA,Y,NA,A,01,1,0,4,0,0,0,0,0,0,-,-,34.52085,-117.97511,LOS ANGELES,UNINCORPORATED,-117.97511216,34.52113418
90321978,2016,2016-11-17,9550,2016-11-14,1415,020533,NA,1,2,9,1900,0,1,1,NA,2,650,I-605 S/B (SAN GABRIEL RIVER FREEWAY),SARAGOSA STREET,275,N,N,A,-,Y,NA,NA,605,NA,NA,NA,NA,NA,S,N,4,0,1,4,A,-,03,22350,NA,F,C,C,A,A,H,-,A,D,0,NA,NA,NA,NA,Y,NA,-,99,0,0,1,0,0,0,0,0,0,-,-,33.97945,-118.07723,LOS ANGELES,UNINCORPORATED,-118.07725916,33.97947832
90321986,2016,2016-11-17,9550,2016-11-14,0750,015449,NA,1,1,6,1920,0,1,1,NA,2,500,I-5 N/B (SANTA ANA FREEWAY),PARAMOUNT BLVD.,1000,S,N,A,-,Y,NA,NA,5,NA,NA,NA,NA,NA,N,Y,4,0,1,4,A,-,03,22350,NA,N,C,C,A,A,H,-,A,D,0,NA,NA,NA,NA,Y,NA,D,22,0,0,1,0,0,0,0,0,0,-,-,33.96234,-118.11767,LOS ANGELES,DOWNEY,-118.11772286,33.96226684
90321995,2016,2016-11-17,9540,2016-11-16,1830,019853,NA,3,2,9,1900,0,1,3,NA,1,142,SR-14 N/B (ANTELOPE VALLEY FWY.),NEWHALL AVE,1500,S,N,A,-,Y,NA,NA,NA,NA,NA,NA,NA,NA,NA,N,4,0,1,2,A,-,04,21703,NA,N,C,C,A,A,H,-,C,D,0,NA,NA,NA,NA,Y,NA,A,01,0,0,1,0,0,0,0,0,0,-,-,34.36175,-118.50519,LOS ANGELES,UNINCORPORATED,-118.50553837,34.36135545
90321996,2016,2016-11-17,9550,2016-11-15,0800,015329,NA,2,1,5,1908,0,1,3,NA,2,091,STATE ROUTE 91 W/B (ARTESIA FREEWAY),ARDMORE AVE.,50,E,N,A,-,Y,NA,NA,91,NA,NA,NA,NA,NA,W,Y,3,0,1,1,A,-,03,22350,NA,N,E,A,A,A,H,-,A,D,0,NA,NA,Y,NA,Y,NA,C,02,0,1,0,0,0,0,0,0,1,-,-,33.87632,-118.12887,LOS ANGELES,BELLFLOWER,-118.12887005,33.87627565
90322045,2016,2016-11-17,9575,2016-11-16,0830,020030,NA,3,1,6,1912,0,1,1,NA,2,051,I-5 N/B (GOLDEN STATE FREEWAY),COHASSET ST.,500,S,N,A,-,Y,NA,NA,5,NA,NA,NA,NA,NA,N,Y,4,0,1,3,A,-,03,22350,NA,N,C,C,A,A,H,-,A,D,0,NA,NA,NA,Y,Y,NA,A,07,0,0,1,0,0,0,0,0,0,-,-,34.20483,-118.34168,LOS ANGELES,BURBANK,-118.34179819,34.20474942
90322092,2016,2016-11-17,9590,2016-11-16,0241,020663,NA,3,3,7,1942,0,1,2,NA,2,070,US-101 N/B (HOLLYWOOD FREEWAY),VERMONT AVE.,1500,S,N,A,-,Y,NA,NA,101,NA,NA,NA,NA,NA,N,N,4,0,1,4,A,-,07,21658,A,F,B,C,A,A,H,-,C,D,0,NA,NA,NA,NA,Y,NA,-,99,0,0,1,0,0,0,0,0,0,-,-,34.08091,-118.29162,LOS ANGELES,LOS ANGELES,-118.29192751,34.080333
90322101,2016,2016-11-17,9530,2016-11-12,0930,016606,NA,6,1,9,1900,0,3,5,NA,2,007,CRENSHAW BLVD.,HIDDEN LN.,0,NA,Y,A,-,N,NA,NA,NA,NA,NA,NA,NA,NA,NA,Y,4,0,1,2,A,-,09,21800,B,N,D,C,A,A,D,-,A,D,0,NA,NA,NA,NA,Y,NA,A,07,0,0,1,0,0,0,0,0,0,-,-,33.78616,-118.34381,LOS ANGELES,UNINCORPORATED,-118.34387,33.78626002
90322131,2016,2016-11-17,9565,2016-11-09,1858,020264,NA,3,2,7,1942,0,1,3,NA,2,070,SR-90 W/B (MARINA FWY),INGLEWOOD BLVD,450,E,N,A,-,Y,NA,NA,90,NA,NA,NA,NA,NA,W,Y,4,0,5,2,A,-,03,22350,NA,N,C,C,A,A,H,-,C,D,0,NA,NA,NA,NA,Y,NA,A,01,0,0,5,0,0,0,0,0,0,-,-,33.98823,-118.40832,LOS ANGELES,LOS ANGELES,-118.40831873,33.98822139
90322138,2016,2016-11-17,9430,2016-11-12,0745,016050,NA,6,1,9,1900,0,3,5,NA,2,001,RALPHS RANCH RD.,GORMAN POST RD.,1056,N,N,A,-,N,NA,NA,NA,NA,NA,NA,NA,NA,NA,Y,4,0,1,1,A,-,03,22350,NA,N,E,J,A,A,H,-,A,D,0,NA,NA,NA,NA,Y,NA,D,22,0,0,1,0,0,0,0,0,0,-,-,34.79638,-118.86539,LOS ANGELES,UNINCORPORATED,-118.85531992,34.79438487
90322146,2016,2016-11-17,9530,2016-11-16,0235,020080,NA,3,3,7,1941,0,1,1,NA,2,071,I-710 NB TO SR-91 EB,ARTESIA BLVD.,689,S,N,A,-,Y,NA,NA,710,NA,NA,NA,R,NA,N,Y,3,0,2,2,A,-,03,22350,NA,N,D,C,A,A,H,-,C,D,0,NA,NA,NA,NA,Y,NA,A,01,0,1,1,0,0,0,0,0,0,-,-,33.87238,-118.19364,LOS ANGELES,LONG BEACH,-118.19364,33.87238
90322195,2016,2016-11-17,9550,2016-11-14,0810,018531,NA,1,1,9,1900,0,2,4,NA,1,023,MULBERRY DR.,RUFUS AVE,0,NA,Y,A,-,N,NA,NA,NA,NA,NA,NA,NA,NA,NA,Y,4,0,1,2,A,-,09,21802,A,N,D,C,A,A,H,-,A,A,0,NA,NA,NA,NA,Y,NA,A,01,0,0,1,0,0,0,0,0,0,-,-,33.94474,-118.03002,LOS ANGELES,UNINCORPORATED,-118.03017008,33.94462008
90322201,2016,2016-11-17,9580,2016-11-09,1840,020728,NA,3,2,7,1942,0,1,2,NA,2,100,US-101 N/B TO VINELAND AVE.,VINELAND AVE,450,S,N,A,-,Y,NA,NA,101,NA,NA,NA,R,NA,N,Y,4,0,1,1,A,-,08,22107,NA,N,E,I,A,A,H,-,C,D,0,NA,NA,NA,NA,Y,NA,A,01,0,0,1,0,0,0,0,0,0,-,-,34.14624,-118.36921,LOS ANGELES,LOS ANGELES,-118.36921,34.14624
90322230,2016,2016-11-17,9580,2016-11-08,1840,019952,NA,2,2,7,1942,0,1,2,NA,2,102,US-101 N/B (VENTURA FREEWAY),VAN NUYS BLVD,300,S,N,A,-,Y,NA,NA,101,NA,NA,NA,NA,NA,N,N,4,0,1,2,A,-,07,21658,A,N,B,C,A,A,H,-,D,D,0,NA,NA,NA,NA,Y,NA,A,01,0,0,1,0,0,0,0,0,0,-,-,34.15663,-118.4475,LOS ANGELES,LOS ANGELES,-118.44751082,34.15660602
90322244,2016,2016-11-17,9580,2016-11-09,1220,016523,NA,3,1,7,1942,0,1,1,NA,2,405,I-405 S/B (SAN DIEGO FWY),BURBANK BLVD,200,N,N,A,-,Y,NA,NA,405,NA,NA,NA,NA,NA,S,Y,2,0,1,2,A,-,07,21658,A,N,B,C,A,A,H,-,A,D,0,NA,NA,Y,NA,Y,NA,A,01,1,0,0,0,0,0,0,0,1,-,-,34.17563,-118.468,LOS ANGELES,LOS ANGELES,-118.46801258,34.17562702
90322249,2016,2016-11-17,9590,2016-11-16,1555,013179,NA,3,2,7,1942,0,1,1,NA,2,051,I-110 S/B (HARBOR FREEWAY),VERNON AVENUE O/C,100,S,N,A,-,Y,NA,NA,110,NA,NA,NA,NA,NA,S,Y,4,0,1,2,A,-,03,22350,NA,N,C,C,A,A,H,-,A,D,0,NA,NA,NA,NA,Y,NA,A,01,0,0,1,0,0,0,0,0,0,-,-,34.00336,-118.28138,LOS ANGELES,LOS ANGELES,-118.28120887,34.00335931
90322251,2016,2016-11-17,9580,2016-11-09,0955,016523,NA,3,1,7,1942,0,1,1,NA,2,407,I-405 S/B (SAN DIEGO FWY),PLUMMER ST,100,N,N,A,-,Y,NA,NA,405,NA,NA,NA,NA,NA,S,Y,3,0,2,4,A,-,03,22350,NA,N,C,C,A,A,H,-,A,D,0,NA,NA,NA,NA,Y,NA,A,01,0,1,1,0,0,0,0,0,0,-,-,34.2436,-118.47309,LOS ANGELES,LOS ANGELES,-118.47310189,34.24360013
90322253,2016,2016-11-17,9525,2016-11-09,1900,020346,NA,3,2,6,1955,0,1,1,NA,2,108,I-10 E/B (SAN BERNARDINO FREEWAY),KELLOGG DR.,300,W,N,A,-,Y,NA,NA,10,NA,NA,NA,NA,NA,E,Y,4,0,1,3,A,-,03,22350,NA,N,C,C,A,A,D,E,C,D,0,NA,NA,NA,NA,Y,NA,A,01,0,0,1,0,0,0,0,0,0,-,-,34.06368,-117.81284,LOS ANGELES,POMONA,-117.81284253,34.06373676
90322264,2016,2016-11-17,9580,2016-11-09,1550,018322,NA,3,2,7,1942,0,1,3,NA,2,116,SR-118 E/B (RONALD REAGAN FWY.),PORTER RANCH RD,1056,W,N,A,-,Y,NA,NA,118,NA,NA,NA,NA,NA,E,N,4,0,1,3,A,-,03,22350,NA,N,C,C,A,A,H,-,A,D,0,NA,NA,NA,NA,Y,NA,A,07,0,0,1,0,0,0,0,0,0,-,-,34.27338,-118.57221,LOS ANGELES,LOS ANGELES,-118.57220949,34.2734173
90322268,2016,2016-11-17,9550,2016-11-15,0925,020025,NA,2,1,9,1900,0,1,3,NA,2,601,STATE ROUTE 60 W/B (POMONA FREEWAY),AZUSA AVENUE,4000,W,N,A,-,Y,NA,NA,NA,NA,NA,NA,NA,NA,NA,N,4,0,1,2,A,-,03,22350,NA,N,C,C,A,A,H,-,A,D,0,NA,NA,NA,NA,Y,NA,A,01,0,0,1,0,0,0,0,0,0,-,-,33.00084,-117.94397,LOS ANGELES,UNINCORPORATED,-117.9436415,34.00064456
90322273,2016,2016-11-17,9550,2016-11-15,1720,018854,NA,2,2,9,1900,0,2,4,NA,1,023,MULBERRY DRIVE,MINA AVE.,0,NA,Y,B,-,N,NA,NA,NA,NA,NA,NA,NA,NA,NA,Y,4,0,3,2,A,-,09,21801,A,N,D,C,A,A,H,-,C,D,0,NA,NA,NA,NA,Y,NA,D,22,0,0,3,0,0,0,0,0,0,-,-,33.94608,-118.03208,LOS ANGELES,UNINCORPORATED,-118.03220013,33.94602003
90322283,2016,2016-11-17,9550,2016-11-15,0740,018187,NA,2,1,9,1900,0,2,4,NA,1,021,CARMENITA RD (SOUTHBOUND),TRUMBALL ST,18,N,N,A,-,Y,NA,NA,NA,NA,NA,NA,NA,NA,NA,N,4,0,1,2,A,-,03,22350,NA,N,C,C,A,A,H,-,A,A,0,NA,NA,NA,NA,Y,NA,D,22,0,0,1,0,0,0,0,0,0,-,-,33.94398,-118.04671,LOS ANGELES,UNINCORPORATED,-118.04674,33.9441
90322292,2016,2016-11-17,9550,2016-11-15,0615,020131,NA,2,1,6,1920,0,1,1,NA,2,150,I-105 W/B,DUNROBIN AVE.,30,E,N,A,-,Y,NA,NA,105,NA,NA,NA,NA,NA,W,Y,4,0,1,2,A,-,07,21658,NA,N,B,C,A,A,H,-,B,D,0,NA,NA,Y,NA,Y,NA,A,01,0,0,1,0,0,0,0,0,1,-,-,33.91357,-118.12068,LOS ANGELES,DOWNEY,-118.12068472,33.91364239
90322293,2016,2016-12-07,9550,2016-11-09,2010,021410,NA,3,2,9,1900,0,2,4,NA,1,052,COLIMA ROAD,FAIRWAY DRIVE,1000,W,N,A,-,N,NA,NA,NA,NA,NA,NA,NA,NA,NA,N,3,0,1,2,A,-,11,21950,B,N,G,B,D,A,H,-,C,D,0,Y,NA,NA,NA,Y,NA,N,60,0,1,0,0,1,0,0,0,0,-,-,33.98622,-117.81233,LOS ANGELES,UNINCORPORATED,-117.8730354,33.98627162
90322299,2016,2016-11-17,9580,2016-11-09,1735,020728,NA,3,2,7,1942,0,1,3,NA,2,171,SR-170 S/B TO MAGNOLIA BLVD.,MAGNOLIA BLVD,120,N,N,A,-,Y,NA,NA,170,NA,NA,NA,R,NA,S,Y,4,0,2,2,A,-,03,22350,NA,N,C,C,A,A,H,-,C,D,0,NA,NA,NA,NA,Y,NA,A,01,0,0,2,0,0,0,0,0,0,-,-,34.16597,-118.38359,LOS ANGELES,LOS ANGELES,-118.38359,34.16597
90322361,2016,2016-11-17,9590,2016-10-30,0330,021086,NA,7,3,7,1942,0,1,2,NA,2,070,US-101 N/B (HOF) TO VERMONT AVENUE,VERMONT AVENUE,35,S,N,A,-,Y,NA,NA,101,NA,NA,NA,R,NA,N,N,4,0,1,3,A,-,01,23152,A,F,C,C,A,A,H,-,D,A,0,NA,NA,NA,NA,Y,Y,A,01,0,0,1,0,0,0,0,0,0,-,-,34.08057,-118.29152,LOS ANGELES,LOS ANGELES,-118.29152,34.08057
90322380,2016,2016-11-17,9525,2016-11-17,1205,012772,NA,4,1,9,1900,0,2,4,NA,2,045,VALLEY BLVD ( 15000 BLK),9TH AVE,299,E,N,A,-,N,NA,NA,NA,NA,NA,NA,NA,NA,NA,Y,3,0,1,3,A,-,07,21658,A,N,C,E,A,A,H,-,A,D,0,NA,NA,NA,NA,Y,NA,D,22,0,1,0,0,0,0,0,0,0,-,-,34.02939,-117.96713,LOS ANGELES,UNINCORPORATED,-117.96705187,34.02946919
90322384,2016,2016-11-17,9590,2016-10-29,0200,021236,NA,6,3,7,1942,0,1,2,NA,2,072,US-101 N/B (HOF) TO SUNSET BOULEVARD,SUNSET BLVD O/C,322,N,N,A,-,Y,NA,NA,101,NA,NA,NA,R,NA,N,Y,3,0,2,1,A,-,01,23152,A,N,E,I,A,A,H,-,C,D,0,NA,NA,NA,NA,Y,Y,A,01,0,2,0,0,0,0,0,0,0,-,-,34.09909,-118.31441,LOS ANGELES,LOS ANGELES,-118.31441,34.09909
90322394,2016,2016-11-17,9550,2016-11-13,0141,021403,NA,7,3,6,1920,0,1,1,NA,2,500,INTERSTATE 5 N/B (SANTA ANA FREEWAY),LAKEWOOD BOULEVARD,1345,N,N,A,-,Y,NA,NA,5,NA,NA,NA,NA,NA,N,Y,3,0,4,3,A,-,01,23152,A,N,C,C,A,A,H,-,C,D,0,NA,NA,NA,NA,Y,Y,A,01,0,2,2,0,0,0,0,0,0,-,-,33.95939,-118.11367,LOS ANGELES,DOWNEY,-118.11369419,33.95935651
90322410,2016,2017-01-23,9590,2016-10-30,1836,021236,NA,7,2,7,1942,0,1,2,NA,2,073,US-101 S/B (HOLLYWOOD FREEWAY),PILGRIMAGE BRIDGE,800,N,N,A,-,Y,NA,NA,101,NA,NA,NA,NA,NA,S,Y,3,0,2,3,A,-,01,23152,A,N,C,C,A,A,H,-,A,D,0,NA,NA,NA,NA,Y,Y,A,07,0,1,1,0,0,0,0,0,0,-,-,34.11668,-118.33728,LOS ANGELES,LOS ANGELES,-118.33724117,34.11668953
90322431,2016,2016-11-17,9580,2016-11-10,0645,018448,NA,4,1,7,1942,0,1,2,NA,2,100,US-101 N/B (VENTURA FREEWAY),WHITSETT AVE,200,S,N,A,-,Y,NA,NA,101,NA,NA,NA,NA,NA,N,Y,4,0,1,3,A,-,03,22350,NA,N,C,C,A,A,H,-,A,D,0,NA,NA,NA,NA,Y,NA,A,01,0,0,1,0,0,0,0,0,0,-,-,34.15719,-118.41363,LOS ANGELES,LOS ANGELES,-118.41363148,34.15683128
90322434,2016,2016-11-17,9580,2016-11-10,0918,018448,NA,4,1,7,1942,0,1,3,NA,2,171,SR-170 S/B TO LAUREL CANYON BLVD.,LAUREL CANYON BLVD,10,N,N,A,-,Y,NA,NA,170,NA,NA,NA,R,NA,S,N,4,0,1,2,A,-,03,22350,NA,F,C,C,A,A,H,-,A,D,0,NA,NA,NA,NA,Y,NA,-,99,0,0,1,0,0,0,0,0,0,-,-,34.18171,-118.39785,LOS ANGELES,LOS ANGELES,-118.39785,34.18171
90322435,2016,2016-11-17,9590,2016-11-15,1730,021245,NA,2,2,7,1942,0,1,3,NA,2,031,SR-60 W/B (POF),WHITTIER BLVD.,300,W,N,A,-,Y,NA,NA,60,NA,NA,NA,NA,NA,W,Y,3,0,6,2,A,-,08,22107,NA,N,C,C,A,A,H,-,B,D,0,NA,NA,NA,NA,Y,NA,D,22,0,3,3,0,0,0,0,0,0,-,-,34.02876,-118.20471,LOS ANGELES,LOS ANGELES,-118.20471368,34.0287855
9032244,2019,2020-01-25,1900,2019-11-19,2055,622431,1332,2,5,5,1908,0,0,0,NA,0,133T2,RT 19,ROSECRANS AV,0,NA,Y,A,-,N,NA,NA,NA,NA,NA,NA,NA,NA,NA,N,3,0,1,2,D,-,00,NA,NA,N,D,B,B,A,H,-,C,A,0,Y,NA,NA,NA,Y,NA,-,-,0,1,0,0,1,0,0,0,0,-,-,NA,NA,LOS ANGELES,BELLFLOWER,-118.14282,33.90379
90322454,2016,2016-11-17,9535,2016-10-15,0210,020825,NA,6,3,5,1948,0,1,1,NA,2,420,I-10 E/B TO I-710 S/B,RAMONA BOULEVARD,63,N,N,A,-,Y,NA,NA,10,NA,NA,NA,R,NA,E,Y,3,0,1,1,A,-,01,23152,A,N,E,I,A,A,H,-,C,D,0,NA,NA,NA,NA,Y,Y,D,22,0,1,0,0,0,0,0,0,0,-,-,34.06012,-118.16575,LOS ANGELES,MONTEREY PARK,-118.16575,34.06012
90322456,2016,2016-11-17,9535,2016-11-08,0605,12952,NA,2,1,9,1900,0,1,3,NA,2,601,SR-60 W/B (POMONA FRWY),ROWAN AV O/C,75,W,N,A,-,Y,NA,NA,60,NA,NA,NA,NA,NA,W,Y,4,0,1,3,A,-,03,22350,NA,N,C,C,A,A,H,-,B,D,0,NA,NA,NA,NA,Y,NA,A,01,0,0,1,0,0,0,0,0,0,-,-,34.03184,-118.18771,LOS ANGELES,UNINCORPORATED,-118.18770999,34.03183901
90322458,2016,2016-11-17,9535,2016-11-10,0738,015636,NA,4,1,5,1943,0,1,1,NA,2,075,I-710 (LONG BEACH FREEWAY) S/B,MARTIN LUTHER KING JR BLVD,650,N,N,A,-,Y,NA,NA,710,NA,NA,NA,NA,NA,S,Y,4,0,1,3,A,-,03,22350,NA,N,B,C,A,A,H,-,A,D,0,NA,NA,Y,NA,Y,NA,C,02,0,0,1,0,0,0,0,0,1,-,-,33.92084,-118.17849,LOS ANGELES,LYNWOOD,-118.17852689,33.92084727
90322465,2016,2016-11-17,9535,2016-10-30,1423,021384,NA,7,2,5,1969,0,1,1,NA,2,075,I-710 (LONG BEACH FREEWAY) N/B,IMPERIAL HWY,2000,N,N,B,-,Y,NA,NA,710,NA,NA,NA,NA,NA,N,Y,4,0,1,3,A,-,02,22400,A,M,C,C,A,A,H,-,A,D,0,NA,NA,NA,NA,Y,NA,A,07,0,0,1,0,0,0,0,0,0,-,-,33.935810000000004,-118.17513,LOS ANGELES,SOUTH GATE,-118.17507978,33.93573593
90322470,2016,2016-11-17,9535,2016-11-13,1055,019778,NA,7,1,3,1914,0,1,1,NA,2,500,I-5 (SANTA ANA FREEWAY) N/B,WASHINGTON BLVD,1000,S,N,A,-,Y,NA,NA,5,NA,NA,NA,NA,NA,N,N,4,0,1,2,C,-,18,NA,NA,N,E,I,A,A,H,-,A,D,0,NA,NA,NA,NA,Y,NA,-,-,0,0,1,0,0,0,0,0,0,-,-,33.99273,-118.14226,LOS ANGELES,COMMERCE,-118.14232305,33.99266926
9032252,2019,2020-01-25,1924,2019-11-17,1321,80460,15,7,5,5,1924,0,0,0,NA,0,001,PURCHE AV,ROSECRANS AV,0,NA,Y,A,-,N,NA,NA,NA,NA,NA,NA,NA,NA,NA,Y,4,0,1,3,A,-,12,21453,A,N,D,C,A,A,H,-,A,A,0,NA,NA,NA,NA,Y,NA,A,01,0,0,1,0,0,0,0,0,0,-,-,33.901920318603516,-118.32061767578124,LOS ANGELES,GARDENA,-118.32066345214844,33.901920318603516
9032329,2019,2020-01-28,1900,2019-11-24,1334,605584,0811,7,5,4,1960,0,0,0,NA,0,87K1,ARROW HWY,RENNEU AV,0,NA,Y,A,-,N,NA,NA,NA,NA,NA,NA,NA,NA,NA,N,3,0,1,1,A,-,08,22107,NA,N,E,J,A,A,-,-,A,A,0,NA,NA,Y,NA,Y,NA,C,02,0,1,0,0,0,0,0,0,1,-,-,NA,NA,LOS ANGELES,SAN DIMAS,NA,NA
9032333,2019,2020-01-27,1910,2019-11-26,1826,04223,NA,2,5,4,1910,0,0,0,NA,0,009,S ROBERTSON BLVD,OLYMPIC BL,0,NA,Y,A,-,N,NA,NA,NA,NA,NA,NA,NA,NA,NA,Y,4,0,1,2,A,-,08,22107,NA,N,B,E,A,A,H,-,C,A,0,NA,NA,NA,NA,Y,Y,A,01,0,0,1,0,0,0,0,0,0,-,-,NA,NA,LOS ANGELES,BEVERLY HILLS,-118.38363647460938,34.05936813354492
9032336,2019,2020-02-06,1941,2019-12-28,1425,11003,NA,6,5,7,1941,0,0,0,NA,0,NA,ATLANTIC AV,VILLA PARK,0,N,N,A,-,N,NA,NA,NA,NA,NA,NA,NA,NA,NA,Y,4,0,4,3,A,-,03,22350,NA,N,C,C,A,A,D,E,A,A,0,NA,NA,NA,NA,Y,NA,A,NA,0,0,4,0,0,0,0,0,0,-,-,NA,NA,LOS ANGELES,LONG BEACH,-118.18578338623048,33.871150970458984
9032340,2019,2020-02-06,1941,2019-12-26,1530,11339,NA,4,5,7,1941,0,0,0,NA,0,NA,ATLANTIC AV,SOUTH ST,0,NA,Y,A,-,N,NA,NA,NA,NA,NA,NA,NA,NA,NA,N,4,0,1,2,A,-,09,21801,A,N,D,C,A,A,H,-,A,A,0,NA,NA,NA,NA,Y,NA,A,NA,0,0,1,0,0,0,0,0,0,-,-,NA,NA,LOS ANGELES,LONG BEACH,-118.18504333496094,33.86008071899414