CASE_ID,ACCIDENT_YEAR,PROC_DATE,JURIS,COLLISION_DATE,COLLISION_TIME,OFFICER_ID,REPORTING_DISTRICT,DAY_OF_WEEK,CHP_SHIFT,POPULATION,CNTY_CITY_LOC,SPECIAL_COND,BEAT_TYPE,CHP_BEAT_TYPE,CITY_DIVISION_LAPD,CHP_BEAT_CLASS,BEAT_NUMBER,PRIMARY_RD,SECONDARY_RD,DISTANCE,DIRECTION,INTERSECTION,WEATHER_1,WEATHER_2,STATE_HWY_IND,CALTRANS_COUNTY,CALTRANS_DISTRICT,STATE_ROUTE,ROUTE_SUFFIX,POSTMILE_PREFIX,POSTMILE,LOCATION_TYPE,RAMP_INTERSECTION,SIDE_OF_HWY,TOW_AWAY,COLLISION_SEVERITY,NUMBER_KILLED,NUMBER_INJURED,PARTY_COUNT,PRIMARY_COLL_FACTOR,PCF_CODE_OF_VIOL,PCF_VIOL_CATEGORY,PCF_VIOLATION,PCF_VIOL_SUBSECTION,HIT_AND_RUN,TYPE_OF_COLLISION,MVIW,PED_ACTION,ROAD_SURFACE,ROAD_COND_1,ROAD_COND_2,LIGHTING,CONTROL_DEVICE,CHP_ROAD_TYPE,PEDESTRIAN_ACCIDENT,BICYCLE_ACCIDENT,MOTORCYCLE_ACCIDENT,TRUCK_ACCIDENT,NOT_PRIVATE_PROPERTY,ALCOHOL_INVOLVED,STWD_VEHTYPE_AT_FAULT,CHP_VEHTYPE_AT_FAULT,COUNT_SEVERE_INJ,COUNT_VISIBLE_INJ,COUNT_COMPLAINT_PAIN,COUNT_PED_KILLED,COUNT_PED_INJURED,COUNT_BICYCLIST_KILLED,COUNT_BICYCLIST_INJURED,COUNT_MC_KILLED,COUNT_MC_INJURED,PRIMARY_RAMP,SECONDARY_RAMP,LATITUDE,LONGITUDE,COUNTY,CITY,POINT_X,POINT_Y
9032604,2020,2020-03-12,1942,2020-01-02,1740,40165,1544,4,5,7,1942,0,0,0,O,0,15A43,MAGNOLIA BL,LAURELGROVE AV,18,E,N,A,-,N,NA,NA,NA,NA,NA,NA,NA,NA,NA,Y,3,0,1,2,A,-,05,21460,A,N,A,C,A,A,H,-,A,A,0,NA,NA,NA,NA,Y,NA,A,01,0,1,0,0,0,0,0,0,0,-,-,NA,NA,LOS ANGELES,LOS ANGELES,-118.40086364746094,34.164878845214844
90326041,2016,2016-12-06,9530,2016-11-14,1125,019694,NA,1,1,7,1941,0,1,1,NA,2,071,I-710 S/B (LONG BEACH FREEWAY),ATLANTIC AVE.,1220,S,N,A,-,Y,NA,NA,NA,NA,NA,NA,NA,NA,NA,Y,2,0,1,4,A,-,03,22350,NA,N,C,C,A,A,H,-,A,D,0,NA,NA,NA,Y,Y,NA,G,25,1,0,0,0,0,0,0,0,0,-,-,33.52532,-118.11306,LOS ANGELES,LONG BEACH,-118.19176153,33.88162235
90326044,2016,2016-11-21,9580,2016-11-18,1225,014592,NA,5,1,7,1942,0,1,1,NA,2,404,I-405 N/B (SAN DIEGO FWY),SEPULVEDA BLVD,1000,S,N,A,-,Y,NA,NA,405,NA,NA,NA,NA,NA,N,Y,4,0,2,2,A,-,08,22107,NA,N,B,C,A,A,H,-,A,D,0,NA,NA,NA,NA,Y,NA,A,07,0,0,2,0,0,0,0,0,0,-,-,34.14615,-118.47044,LOS ANGELES,LOS ANGELES,-118.47044489,34.14615232
9032605,2019,2020-02-05,1942,2019-12-10,2130,32372,1621,2,5,7,1942,0,0,0,P,0,16A11,VAN NUYS BL,LAUREL CANYON BL,220,W,N,A,-,N,NA,NA,NA,NA,NA,NA,NA,NA,NA,Y,4,0,1,2,A,-,03,22350,NA,F,C,C,A,A,H,-,C,D,0,NA,NA,NA,NA,Y,NA,-,99,0,0,1,0,0,0,0,0,0,-,-,NA,NA,LOS ANGELES,LOS ANGELES,-118.4326629638672,34.25840759277344
90326057,2016,2016-11-21,9525,2016-11-15,0755,012772,NA,2,1,9,1900,0,3,5,NA,2,003,SANDALWOOD AVE (140 BLK),HEMPHILL ST,91,S,N,A,-,N,NA,NA,NA,NA,NA,NA,NA,NA,NA,N,3,0,2,2,A,-,08,22107,NA,N,C,G,A,A,H,-,A,D,0,NA,Y,Y,NA,Y,NA,L,04,0,1,1,0,0,0,1,0,1,-,-,34.01901,-117.91646,LOS ANGELES,UNINCORPORATED,-117.9164161,34.0189737
9032606,2019,2020-02-05,1942,2019-12-29,1135,42118,1801,7,5,7,1942,0,0,0,R,0,18A1,ORCHARD AV,W 88TH ST,0,NA,Y,A,-,N,NA,NA,NA,NA,NA,NA,NA,NA,NA,Y,4,0,1,2,A,-,09,21802,A,N,D,C,A,A,H,-,A,A,0,NA,NA,NA,NA,Y,NA,A,01,0,0,1,0,0,0,0,0,0,-,-,NA,NA,LOS ANGELES,LOS ANGELES,-118.28816986083984,33.957950592041016
90326070,2016,2016-11-21,9525,2016-11-05,0635,020552,NA,6,1,6,1975,0,1,1,NA,2,105,I-10 W/B (SAN BERNARDINO FREEWAY),BARRANCA ST.,100,W,N,A,-,Y,NA,NA,10,NA,NA,NA,NA,NA,W,N,3,0,1,2,A,-,03,22350,NA,N,F,A,A,A,D,E,B,D,0,NA,NA,Y,NA,Y,NA,C,02,0,1,0,0,0,0,0,0,1,-,-,34.07216,-117.88345,LOS ANGELES,WEST COVINA,-117.88345148,34.07201483
90326079,2016,2016-11-21,9525,2016-11-08,0100,020636,NA,2,3,9,1900,0,3,5,NA,2,003,POCONO ST (17000 BLOCK),MULVANE ST.,528,W,N,A,-,N,NA,NA,NA,NA,NA,NA,NA,NA,NA,Y,3,0,1,2,A,-,01,23152,A,N,B,E,A,A,H,-,C,D,0,NA,NA,NA,NA,Y,Y,A,01,0,1,0,0,0,0,0,0,0,-,-,34.0243,-117.9184,LOS ANGELES,UNINCORPORATED,-117.9184327,34.03417705
9032608,2020,2020-03-12,1942,2020-01-02,1100,31931,1563,4,5,7,1942,0,0,0,O,0,15A85,MOORPARK ST,COLFAX AV,0,NA,Y,A,-,N,NA,NA,NA,NA,NA,NA,NA,NA,NA,Y,4,0,2,2,A,-,09,21801,A,N,A,C,A,A,H,-,A,A,0,NA,NA,NA,NA,Y,NA,A,01,0,0,2,0,0,0,0,0,0,-,-,NA,NA,LOS ANGELES,LOS ANGELES,-118.38773345947266,34.150360107421875
90326085,2016,2016-11-21,9525,2016-11-05,0410,020823,NA,6,3,9,1900,0,3,5,NA,2,001,MYRTLE AVE (2300 BLOCK),CAMINO REAL AVE.,42,N,N,A,-,N,NA,NA,NA,NA,NA,NA,NA,NA,NA,Y,3,0,3,2,A,-,01,23153,A,N,A,C,A,A,H,-,C,D,0,NA,NA,NA,NA,Y,Y,A,01,0,2,1,0,0,0,0,0,0,-,-,34.12187,-117.99946,LOS ANGELES,UNINCORPORATED,-118.00144821,34.12195495
9032609,2019,2020-02-05,1942,2019-12-08,1415,NA,1657,7,5,7,1942,0,0,0,P,0,16A59,FOOTHILL BL,COMMERCE AV,80,W,N,B,-,N,NA,NA,NA,NA,NA,NA,NA,NA,NA,N,4,0,2,3,A,-,03,22350,NA,F,C,C,A,B,H,-,A,A,0,NA,NA,NA,NA,Y,NA,-,99,0,0,2,0,0,0,0,0,0,-,-,NA,NA,LOS ANGELES,LOS ANGELES,-118.28885650634766,34.24872970581055
90326096,2016,2016-11-21,9565,2016-11-14,1840,020785,NA,1,2,7,1942,0,1,1,NA,2,064,I-405 S/B (SAN DIEGO FREEWAY),BEL AIR CREST RD,100,S,N,A,-,Y,NA,NA,NA,NA,NA,NA,NA,NA,NA,Y,2,0,1,3,A,-,08,22107,NA,N,B,C,A,A,H,-,D,D,0,NA,NA,Y,NA,Y,NA,C,02,1,0,0,0,0,0,0,0,1,-,-,34.10938,-118.47885,LOS ANGELES,LOS ANGELES,-118.48167436,34.11029011
9032610,2019,2020-02-04,1942,2019-12-27,0715,35393,1841,5,5,7,1942,0,0,0,R,0,25TL21,IMPERIAL HWY,VERMONT AV,100,E,N,A,-,N,NA,NA,NA,NA,NA,NA,NA,NA,NA,Y,4,0,1,3,A,-,07,21658,A,N,B,C,A,A,H,-,A,D,0,NA,NA,NA,NA,Y,NA,A,08,0,0,1,0,0,0,0,0,0,-,-,NA,NA,LOS ANGELES,LOS ANGELES,-118.2912826538086,33.93098068237305
90326115,2016,2016-11-21,9525,2016-11-12,1740,021138,NA,6,2,9,1900,0,3,5,NA,2,003,VALINDA AVE,BURTREE ST,0,NA,Y,A,-,N,NA,NA,NA,NA,NA,NA,NA,NA,NA,Y,2,0,2,2,A,-,01,23152,A,N,D,C,A,A,H,-,C,A,0,NA,NA,NA,NA,Y,Y,A,01,2,0,0,0,0,0,0,0,0,-,-,34.04047,-117.92655,LOS ANGELES,UNINCORPORATED,-117.92658012,34.0402901
90326119,2016,2016-11-21,9575,2016-11-18,1521,021254,NA,5,2,6,1925,0,1,1,NA,2,050,I-5 S/B (GOLDEN STATE FREEWAY),WESTERN AVE,800,S,N,A,-,Y,NA,NA,5,NA,NA,NA,NA,NA,S,N,4,0,1,2,A,-,03,22350,NA,N,C,C,A,A,H,-,A,D,0,NA,NA,NA,NA,Y,NA,D,22,0,0,1,0,0,0,0,0,0,-,-,34.16141,-118.29348,LOS ANGELES,GLENDALE,-118.29347968,34.1614102
9032612,2020,2020-03-19,1942,2020-01-01,0140,42736,4215,3,5,7,1942,0,0,0,NA,0,1599,CAHUENGA,BENNETT DR,180,E,N,A,-,N,NA,NA,NA,NA,NA,NA,NA,NA,NA,Y,3,0,3,2,A,-,12,21453,A,N,A,C,A,A,H,-,C,A,0,NA,NA,NA,NA,Y,NA,-,-,0,1,2,0,0,0,0,0,0,-,-,NA,NA,LOS ANGELES,LOS ANGELES,-118.34857177734376,34.12939453125
90326129,2016,2016-11-21,9525,2016-11-10,2305,021156,NA,4,3,9,1900,0,3,5,NA,2,003,AZUSA AVE,TEMPLE AVE,0,NA,Y,A,-,N,NA,NA,NA,NA,NA,NA,NA,NA,NA,Y,4,0,1,1,A,-,01,23152,A,N,E,I,A,A,H,-,C,D,0,NA,NA,NA,NA,Y,Y,A,01,0,0,1,0,0,0,0,0,0,-,-,34.02482,-117.9177,LOS ANGELES,UNINCORPORATED,-117.91770003,34.02468011
90326134,2016,2016-11-21,9540,2016-11-17,2015,020484,NA,4,2,9,1900,0,3,5,NA,2,300,WITHERSPOON PARKWAY,COMMERCE CENTER DR,182,N,N,A,-,N,NA,NA,NA,NA,NA,NA,NA,NA,NA,N,4,0,1,1,A,-,08,22107,NA,N,E,I,A,A,H,-,C,D,0,NA,NA,NA,NA,Y,NA,A,01,0,0,1,0,0,0,0,0,0,-,-,34.44548,-118.62728,LOS ANGELES,UNINCORPORATED,-118.62635,34.44543
9032614,2019,2020-02-05,1942,2019-12-28,1025,42118,1805,6,5,7,1942,0,0,0,R,0,18A3,E 92ND ST,AVALON BL,0,NA,Y,A,-,N,NA,NA,NA,NA,NA,NA,NA,NA,NA,N,3,0,2,3,A,-,21,22106,NA,N,G,B,B,A,H,-,A,A,0,Y,NA,NA,NA,Y,NA,A,08,0,2,0,0,2,0,0,0,0,-,-,NA,NA,LOS ANGELES,LOS ANGELES,-118.2651596069336,33.95288848876953
90326158,2016,2017-07-24,9575,2016-11-08,0606,021257,NA,2,1,7,1942,0,1,1,NA,2,053,I-5 N/B (GOLDEN STATE FREEWAY),TERRA BELLA ST.,500,N,N,A,-,Y,NA,NA,5,NA,NA,NA,NA,NA,N,Y,3,0,3,3,D,-,00,NA,NA,N,B,C,A,A,H,-,A,D,0,NA,NA,NA,NA,Y,NA,-,-,0,1,2,0,0,0,0,0,0,-,-,34.25294,-118.43077,LOS ANGELES,LOS ANGELES,-118.4308596,34.25284697
9032616,2020,2020-03-12,1942,2020-01-03,1700,38687,0904,5,5,7,1942,0,0,0,I,0,9A5,VAN NUYS BL,KESWICK ST,120,N,N,A,-,N,NA,NA,NA,NA,NA,NA,NA,NA,NA,N,3,0,1,2,A,-,08,22107,NA,N,B,C,A,A,H,-,A,A,0,NA,NA,Y,NA,Y,NA,A,01,0,1,0,0,0,0,0,0,1,-,-,NA,NA,LOS ANGELES,LOS ANGELES,-118.44876861572266,34.21059799194336
90326168,2016,2016-11-21,9565,2016-11-05,1755,021134,NA,6,2,7,1942,0,1,1,NA,2,060,I-405 S/B (SAN DIEGO FWY),LA TIJERA BLVD,900,S,N,A,-,Y,NA,NA,405,NA,NA,NA,NA,NA,S,Y,4,0,1,2,A,-,03,22350,NA,N,C,C,A,A,H,-,B,D,0,NA,NA,NA,NA,Y,NA,A,01,0,0,1,0,0,0,0,0,0,-,-,33.97008,-118.37488,LOS ANGELES,LOS ANGELES,-118.37486488,33.97010984
90326177,2016,2016-11-21,9565,2016-10-27,1835,020573,NA,4,2,9,1900,0,3,5,NA,2,002,89TH ST,VERMONT AVE.,100,W,N,A,-,N,NA,NA,NA,NA,NA,NA,NA,NA,NA,N,3,0,1,2,A,-,08,22107,NA,F,G,B,E,A,H,-,C,D,0,Y,NA,NA,NA,Y,NA,A,01,0,1,0,0,1,0,0,0,0,-,-,33.95686,-118.29235,LOS ANGELES,UNINCORPORATED,-118.29218911,33.95684163
9032618,2019,2020-02-05,1942,2019-12-27,1500,39177,1822,5,5,7,1942,0,0,0,R,0,25TL26,CENTURY BL,FIGUEROA ST,200,W,N,A,-,N,NA,NA,NA,NA,NA,NA,NA,NA,NA,Y,4,0,1,2,A,-,03,22350,NA,N,C,C,A,A,H,-,A,D,0,NA,NA,NA,NA,Y,NA,A,01,0,0,1,0,0,0,0,0,0,-,-,NA,NA,LOS ANGELES,LOS ANGELES,-118.28330993652344,33.94552993774414
90326188,2016,2016-11-21,9535,2016-11-17,1430,021052,NA,4,2,5,1901,0,1,1,NA,2,420,I-10 E/B (SAN BERNARDINO FREEWAY),GARFIELD AVE.,400,E,N,A,-,Y,NA,NA,10,NA,NA,NA,NA,NA,E,N,4,0,1,2,A,-,03,22350,NA,N,C,C,A,A,H,-,A,D,0,NA,NA,NA,NA,Y,NA,A,01,0,0,1,0,0,0,0,0,0,-,-,34.0715,-118.1204,LOS ANGELES,ALHAMBRA,-118.12039987,34.07148924
90326193,2016,2016-11-21,9535,2016-11-08,1120,12952,NA,2,1,9,1900,0,2,4,NA,2,014,CESAR E. CHAVEZ AV.,DANGLER AV.,0,NA,Y,A,-,N,NA,NA,NA,NA,NA,NA,NA,NA,NA,N,4,0,1,2,A,-,09,21801,A,N,D,C,A,A,H,-,A,A,0,NA,NA,NA,NA,Y,NA,D,22,0,0,1,0,0,0,0,0,0,-,-,34.04058,-118.16482,LOS ANGELES,UNINCORPORATED,-118.16485008,34.04060002
9032620,2020,2020-03-12,1942,2020-01-03,2125,33504,1555,5,5,7,1942,0,0,0,O,0,15A67,VINELAND AV,HARTSOOK ST,0,NA,Y,A,-,N,NA,NA,NA,NA,NA,NA,NA,NA,NA,Y,4,0,1,2,A,-,01,23152,G,N,B,C,A,A,H,-,C,D,0,NA,NA,Y,NA,Y,Y,A,01,0,0,1,0,0,0,0,0,1,-,-,NA,NA,LOS ANGELES,LOS ANGELES,-118.37029266357422,34.16353988647461
90326201,2016,2016-11-21,9535,2016-11-07,1415,021169,NA,1,2,9,1900,0,2,4,NA,2,024,WHITTIER BOULEVARD (4000 BLOCK),GAGE AVE,40,E,N,A,-,N,NA,NA,NA,NA,NA,NA,NA,NA,NA,Y,2,0,1,2,A,-,09,21801,A,N,D,C,A,A,H,-,A,D,0,NA,NA,Y,NA,Y,NA,A,01,1,0,0,0,0,0,0,0,1,-,-,34.02396,-118.18474,LOS ANGELES,UNINCORPORATED,-118.18485826,34.02393
90326215,2016,2016-11-21,9575,2016-11-17,1040,018537,NA,4,1,6,1953,0,1,1,NA,2,063,I-210 E/B (FOOTHILL FREEWAY),MOUNTAIN STREET,100,E,N,A,B,Y,NA,NA,210,NA,NA,NA,NA,NA,E,Y,3,0,1,2,A,-,03,22350,NA,N,C,C,A,A,H,-,A,D,0,NA,NA,NA,NA,Y,NA,A,01,0,1,0,0,0,0,0,0,0,-,-,34.16116,-118.15873,LOS ANGELES,PASADENA,-118.15865998,34.16115252
9032622,2019,2020-02-05,1942,2019-12-06,2110,42694,1844,5,5,7,1942,0,0,0,R,0,18A3,AVALON BL,111TH PL,0,NA,Y,C,-,N,NA,NA,NA,NA,NA,NA,NA,NA,NA,Y,3,0,4,3,A,-,03,22350,NA,N,C,D,A,B,H,-,C,A,0,NA,NA,NA,NA,Y,NA,A,01,0,1,3,0,0,0,0,0,0,-,-,NA,NA,LOS ANGELES,LOS ANGELES,-118.26519012451172,33.933921813964844
90326221,2016,2016-11-21,9535,2016-11-03,0630,018221,NA,4,1,9,1900,0,1,1,NA,2,420,I-10 (SAN BERNARDINO FREEWAY) E/B,HERBERT AVE.,500,W,N,A,-,Y,NA,NA,10,NA,NA,NA,NA,NA,E,Y,4,0,1,2,A,-,01,23152,A,M,B,C,A,A,H,-,D,D,0,NA,NA,NA,NA,Y,Y,A,01,0,0,1,0,0,0,0,0,0,-,-,34.05565,-118.18495,LOS ANGELES,UNINCORPORATED,-118.18489666,34.05543347
9032625,2019,2020-02-05,1942,2019-12-27,1730,43539,1517,5,5,7,1942,0,0,0,O,0,15A38,TUJUNGA AV,VANOWEN ST,20,N,N,-,-,N,NA,NA,NA,NA,NA,NA,NA,NA,NA,N,4,0,1,2,A,-,08,22107,NA,F,C,C,A,A,H,-,C,A,0,NA,NA,NA,NA,Y,NA,-,99,0,0,1,0,0,0,0,0,0,-,-,NA,NA,LOS ANGELES,LOS ANGELES,-118.37902069091795,34.19400405883789
9032626,2019,2020-02-05,1942,2019-12-03,1140,40724,1824,2,5,7,1942,0,0,0,R,0,18A49,CENTURY BL,CENTRAL AV,0,NA,Y,A,-,N,NA,NA,NA,NA,NA,NA,NA,NA,NA,N,4,0,1,2,A,-,05,21650,NA,F,E,G,A,A,H,-,A,A,0,NA,Y,NA,NA,Y,NA,L,04,0,0,1,0,0,0,1,0,0,-,-,NA,NA,LOS ANGELES,LOS ANGELES,-118.25408172607422,33.94565963745117
9032627,2020,2020-03-11,1942,2020-01-04,1635,42916,1029,6,5,7,1942,0,0,0,J,0,10X44,SHERMAN WY,WOODLEY,150,E,N,A,-,N,NA,NA,NA,NA,NA,NA,NA,NA,NA,N,4,0,1,2,A,-,08,22107,NA,N,A,C,A,A,H,-,A,D,0,NA,NA,NA,NA,Y,NA,A,01,0,0,1,0,0,0,0,0,0,-,-,NA,NA,LOS ANGELES,LOS ANGELES,-118.48319244384766,34.20111846923828
9032629,2019,2020-02-26,1942,2019-12-23,1925,36542,0941,1,5,7,1942,0,0,0,I,0,17A24W,VAN NUYS BL,OXNARD ST,10,S,N,A,-,N,NA,NA,NA,NA,NA,NA,NA,NA,NA,Y,4,0,2,2,A,-,12,21453,A,N,D,C,A,A,H,-,C,A,0,NA,NA,NA,NA,Y,NA,A,01,0,0,2,0,0,0,0,0,0,-,-,NA,NA,LOS ANGELES,LOS ANGELES,-118.44873809814452,34.17937088012695
9032630,2019,2020-02-05,1942,2019-12-09,0030,43875,1804,1,5,7,1942,0,0,0,R,0,NA,CENTRAL AV,MANCHESTER AV,20,S,N,A,-,N,NA,NA,NA,NA,NA,NA,NA,NA,NA,Y,4,0,1,2,A,-,01,23152,A,N,A,C,A,A,H,-,C,D,0,NA,NA,NA,NA,Y,Y,A,01,0,0,1,0,0,0,0,0,0,-,-,NA,NA,LOS ANGELES,LOS ANGELES,-118.25641632080078,33.960105895996094
9032631,2020,2020-03-11,1942,2020-01-05,0155,43687,1025,7,5,7,1942,0,0,0,J,0,10A47W,SHERMAN WY,RESEDA,0,W,N,A,-,N,NA,NA,NA,NA,NA,NA,NA,NA,NA,Y,3,0,1,1,A,-,08,22107,NA,N,E,J,A,A,H,-,C,-,0,NA,NA,NA,NA,Y,NA,A,01,0,1,0,0,0,0,0,0,0,-,-,NA,NA,LOS ANGELES,LOS ANGELES,-118.53604125976564,34.20117950439453
9032633,2019,2020-02-05,1942,2019-11-27,0535,43644,1529,3,5,7,1942,0,0,0,O,0,15A27,VICTORY BL,CLEON AV,10,W,N,A,-,N,NA,NA,NA,NA,NA,NA,NA,NA,NA,Y,4,0,2,2,A,-,12,22450,NA,F,A,C,A,A,H,-,C,D,0,NA,NA,NA,NA,Y,NA,-,99,0,0,2,0,0,0,0,0,0,-,-,NA,NA,LOS ANGELES,LOS ANGELES,-118.36819458007813,34.18671798706055
90326338,2016,2016-11-21,9535,2016-07-23,0925,018221,NA,6,1,5,1959,0,1,1,NA,2,111,I-10 WB HOT LANES,SAN GABRIEL BLVD,335,W,N,A,-,Y,NA,NA,10,NA,NA,NA,NA,NA,W,Y,3,0,9,6,A,-,03,22350,NA,N,B,C,A,A,H,-,A,D,0,NA,NA,NA,NA,Y,NA,A,07,0,1,8,0,0,0,0,0,0,-,-,34.07208,-118.09211,LOS ANGELES,ROSEMEAD,-118.0921114,34.07218956
9032634,2019,2020-02-05,1942,2019-12-02,1630,43037,1836,1,5,7,1942,0,0,0,R,0,1844,IMPERIAL HWY,SAN PEDRO,0,NA,Y,A,-,N,NA,NA,NA,NA,NA,NA,NA,NA,NA,Y,4,0,2,2,A,-,09,21801,A,N,A,C,A,A,H,-,A,A,0,NA,NA,NA,NA,Y,NA,A,01,0,0,2,0,0,0,0,0,0,-,-,NA,NA,LOS ANGELES,LOS ANGELES,-118.26954650878906,33.93120193481445
90326346,2016,2016-11-21,9535,2016-11-09,0745,013259,NA,3,1,9,1900,0,1,1,NA,2,651,I-605 S/N (SAN GABRIEL RIVER FREEWAY),GOLF COURSE PED U/C,875,S,N,A,-,Y,NA,NA,605,NA,NA,NA,NA,NA,NA,Y,4,0,1,3,A,-,07,21658,A,N,B,C,A,A,H,-,A,D,0,NA,NA,NA,Y,Y,NA,G,27,0,0,1,0,0,0,0,0,0,-,-,34.03834,-118.02135,LOS ANGELES,UNINCORPORATED,-118.02132107,34.03828784
9032635,2020,2020-03-11,1942,2020-01-03,1430,36599,1047,5,5,7,1942,0,0,0,J,0,10A17,OXNARD ST,WHITE OAK AV,0,NA,Y,A,-,N,NA,NA,NA,NA,NA,NA,NA,NA,NA,Y,4,0,1,4,A,-,12,21453,A,N,D,C,A,A,H,-,A,A,0,NA,NA,NA,NA,Y,NA,A,01,0,0,1,0,0,0,0,0,0,-,-,NA,NA,LOS ANGELES,LOS ANGELES,-118.51850128173828,34.18014144897461
90326358,2016,2016-12-01,9580,2016-11-06,1050,020619,NA,7,1,7,1942,0,1,2,NA,2,103,US-101 S/B (VENTURA FREEWAY),HAYVENHURST AVE,1500,S,N,A,-,Y,NA,NA,101,NA,NA,NA,NA,NA,S,Y,4,0,8,4,A,-,03,22350,NA,N,C,C,A,A,H,-,A,D,0,NA,NA,NA,NA,Y,NA,A,07,0,0,8,0,0,0,0,0,0,-,-,34.16501,-118.48577,LOS ANGELES,LOS ANGELES,-118.48577198,34.16515761
9032637,2019,2020-02-05,1942,2019-12-18,1735,43539,1505,3,5,7,1942,0,0,0,O,0,15A38,TUJUNGA AV,WYANDOTTE ST,30,N,N,A,-,N,NA,NA,NA,NA,NA,NA,NA,NA,NA,N,3,0,1,2,A,-,00,21954,NA,N,G,B,D,A,H,-,C,D,0,Y,NA,NA,NA,Y,NA,-,99,0,1,0,0,1,0,0,0,0,-,-,NA,NA,LOS ANGELES,LOS ANGELES,-118.3790283203125,34.203102111816406
90326373,2016,2016-11-21,9535,2016-11-08,2050,013989,NA,2,2,5,1948,0,1,S,NA,2,900,SR-60 (POMONA FREEWAY) W/B,ATLANTIC BLVD.,1500,E,N,A,-,Y,NA,NA,60,NA,NA,NA,NA,NA,W,Y,3,0,1,1,A,-,08,22107,NA,N,E,I,A,A,H,-,C,D,0,NA,NA,NA,NA,Y,NA,A,01,0,1,0,0,0,0,0,0,0,-,-,34.0334,-118.1458,LOS ANGELES,MONTEREY PARK,-118.14578148,34.03346677
90326376,2016,2016-11-21,9550,2016-11-12,1158,015045,NA,6,1,1,1932,0,1,3,NA,2,602,SR-60 W/B (POMONA FREEWAY),NOGALES STREET,1000,W,N,A,-,Y,NA,NA,60,NA,NA,NA,NA,NA,W,Y,3,0,2,3,A,-,03,22350,NA,N,C,C,A,A,H,-,A,D,0,NA,NA,NA,NA,Y,NA,A,01,0,1,1,0,0,0,0,0,0,-,-,33.99429,-117.89511,LOS ANGELES,INDUSTRY,-117.89510997,33.99427554
9032638,2019,2020-02-05,1942,2019-12-02,1815,43037,1841,1,5,7,1942,0,0,0,R,0,1844,FIGUEROA ST,W 112TH ST,50,S,N,A,-,N,NA,NA,NA,NA,NA,NA,NA,NA,NA,N,3,0,2,3,A,-,11,21954,A,N,G,B,D,A,H,-,D,D,0,Y,NA,NA,NA,Y,NA,N,60,0,2,0,0,2,0,0,0,0,-,-,NA,NA,LOS ANGELES,LOS ANGELES,-118.28261566162108,33.93277359008789
90326380,2016,2016-11-21,9550,2016-11-13,1635,020070,NA,7,2,6,1920,0,1,1,NA,2,151,I-105 EASTBOUND,LAURELDALE AVE.,285,W,N,A,-,Y,NA,NA,105,NA,NA,NA,NA,NA,E,Y,2,0,3,1,A,-,01,23152,A,N,F,A,A,A,H,-,B,D,0,NA,NA,NA,NA,Y,Y,A,07,1,2,0,0,0,0,0,0,0,-,-,33.91272,-118.14863,LOS ANGELES,DOWNEY,-118.1486323,33.91275778
90326384,2016,2016-11-21,9535,2016-11-09,1800,020794,NA,3,2,6,1922,0,1,1,NA,2,400,I-10 (SAN BERNARDINO FREEWAY) E/B,RIO HONDO RIVER,50,E,N,A,-,Y,NA,NA,10,NA,NA,NA,NA,NA,E,N,4,0,2,2,A,-,03,22350,NA,N,C,C,A,A,H,-,C,D,0,NA,NA,NA,NA,Y,NA,A,01,0,0,2,0,0,0,0,0,0,-,-,34.07088,-118.04918,LOS ANGELES,EL MONTE,-118.04916165,34.07092229
9032639,2020,2020-03-11,1942,2020-01-04,1430,40972,1001,6,5,7,1942,0,0,0,J,0,10A3,INGOMAR ST,TAMPA AV,2,E,N,A,-,N,NA,NA,NA,NA,NA,NA,NA,NA,NA,N,4,0,1,2,A,-,05,21202,A,N,D,G,A,A,H,-,A,A,0,NA,Y,NA,NA,Y,NA,L,04,0,0,1,0,0,0,1,0,0,-,-,NA,NA,LOS ANGELES,LOS ANGELES,-118.5535125732422,34.21202087402344
90326394,2016,2016-11-21,9535,2016-11-10,1800,020943,NA,4,2,5,1906,0,1,1,NA,2,651,I-605 S/B (SAN GABRIEL RIVER FWY),VALLEY BLVD.,2000,S,N,A,-,Y,NA,NA,NA,NA,NA,NA,NA,NA,NA,N,3,0,1,3,A,-,08,22107,NA,N,F,A,A,A,H,-,C,D,0,NA,NA,Y,NA,Y,NA,A,07,0,1,0,0,0,0,0,0,1,-,-,34.04926,-118.00701,LOS ANGELES,BALDWIN PARK,-118.00713685,34.04947134
90326420,2016,2016-11-21,9535,2016-10-12,2250,021148,NA,3,3,9,1900,0,3,5,NA,2,002,HANOVER AVE,ALLEYWAY NORTH OF OLYMPIC,0,NA,Y,A,-,N,NA,NA,NA,NA,NA,NA,NA,NA,NA,Y,3,0,2,2,A,-,01,23152,F,N,D,C,A,A,H,-,C,D,0,NA,NA,NA,NA,Y,Y,A,01,0,1,1,0,0,0,0,0,0,-,-,34.01304,-118.13829,LOS ANGELES,UNINCORPORATED,-118.13829,34.01304
90326422,2016,2016-11-21,9580,2016-11-09,1500,020400,NA,3,2,7,1942,0,1,1,NA,2,404,I-405 N/B (SAN DIEGO FWY),VENTURA BLVD,1584,S,N,A,-,Y,NA,NA,405,NA,NA,NA,NA,NA,N,Y,4,0,1,2,A,-,03,22350,NA,M,C,C,A,A,H,-,A,D,0,NA,NA,NA,NA,Y,Y,A,01,0,0,1,0,0,0,0,0,0,-,-,34.14954,-118.46864,LOS ANGELES,LOS ANGELES,-118.4686596,34.14954927