CASE_ID,ACCIDENT_YEAR,PROC_DATE,JURIS,COLLISION_DATE,COLLISION_TIME,OFFICER_ID,REPORTING_DISTRICT,DAY_OF_WEEK,CHP_SHIFT,POPULATION,CNTY_CITY_LOC,SPECIAL_COND,BEAT_TYPE,CHP_BEAT_TYPE,CITY_DIVISION_LAPD,CHP_BEAT_CLASS,BEAT_NUMBER,PRIMARY_RD,SECONDARY_RD,DISTANCE,DIRECTION,INTERSECTION,WEATHER_1,WEATHER_2,STATE_HWY_IND,CALTRANS_COUNTY,CALTRANS_DISTRICT,STATE_ROUTE,ROUTE_SUFFIX,POSTMILE_PREFIX,POSTMILE,LOCATION_TYPE,RAMP_INTERSECTION,SIDE_OF_HWY,TOW_AWAY,COLLISION_SEVERITY,NUMBER_KILLED,NUMBER_INJURED,PARTY_COUNT,PRIMARY_COLL_FACTOR,PCF_CODE_OF_VIOL,PCF_VIOL_CATEGORY,PCF_VIOLATION,PCF_VIOL_SUBSECTION,HIT_AND_RUN,TYPE_OF_COLLISION,MVIW,PED_ACTION,ROAD_SURFACE,ROAD_COND_1,ROAD_COND_2,LIGHTING,CONTROL_DEVICE,CHP_ROAD_TYPE,PEDESTRIAN_ACCIDENT,BICYCLE_ACCIDENT,MOTORCYCLE_ACCIDENT,TRUCK_ACCIDENT,NOT_PRIVATE_PROPERTY,ALCOHOL_INVOLVED,STWD_VEHTYPE_AT_FAULT,CHP_VEHTYPE_AT_FAULT,COUNT_SEVERE_INJ,COUNT_VISIBLE_INJ,COUNT_COMPLAINT_PAIN,COUNT_PED_KILLED,COUNT_PED_INJURED,COUNT_BICYCLIST_KILLED,COUNT_BICYCLIST_INJURED,COUNT_MC_KILLED,COUNT_MC_INJURED,PRIMARY_RAMP,SECONDARY_RAMP,LATITUDE,LONGITUDE,COUNTY,CITY,POINT_X,POINT_Y
90338820,2016,2016-12-07,9525,2016-11-28,0647,014637,NA,1,1,4,1913,0,1,1,NA,2,219,SR-210 W/B (FOOTHILL FREEWAY),TOWNE AVE,750,E,N,A,-,Y,NA,NA,210,NA,NA,NA,NA,NA,W,Y,2,0,1,2,A,-,03,22350,NA,N,C,C,A,A,H,-,A,D,0,NA,NA,Y,NA,Y,NA,C,02,1,0,0,0,0,0,0,0,1,-,-,34.1204,-117.7339,LOS ANGELES,CLAREMONT,-117.73389703,34.12050643
90338829,2016,2016-12-07,9550,2016-11-29,1400,015449,NA,2,2,9,1900,0,3,5,NA,2,002,LA MIRADA BOULEVARD,HORNELL DRIVE,60,S,N,A,-,N,NA,NA,NA,NA,NA,NA,NA,NA,NA,N,4,0,1,2,A,-,03,22350,NA,N,C,C,A,A,H,-,A,A,0,NA,NA,NA,NA,Y,NA,A,07,0,0,1,0,0,0,0,0,0,-,-,33.9303,-118.01174,LOS ANGELES,UNINCORPORATED,-118.01203,33.93053
90338849,2016,2016-12-07,9535,2016-11-27,0710,018221,NA,7,1,4,1907,0,1,1,NA,2,072,I-710 (LONG BEACH FREEWAY) N/B,ATLANTIC BLVD.,850,S,N,C,-,Y,NA,NA,710,NA,NA,NA,NA,NA,N,Y,4,0,2,2,A,-,08,22107,NA,N,B,C,A,B,H,-,A,D,0,NA,NA,NA,NA,Y,NA,A,08,0,0,2,0,0,0,0,0,0,-,-,33.99581,-118.1771,LOS ANGELES,BELL,-118.17685422,33.99582093
90338851,2016,2016-12-07,9525,2016-11-30,1725,015980,NA,3,2,5,1990,0,1,3,NA,2,584,SR-57 N/B (ORANGE FREEWAY),DIAMOND BAR BLVD,1056,N,N,A,-,Y,NA,NA,57,NA,NA,NA,NA,NA,N,Y,4,0,1,2,A,-,07,21658,A,N,B,C,A,A,H,-,C,D,0,NA,NA,Y,NA,Y,NA,A,01,0,0,1,0,0,0,0,0,1,-,-,33.97198,-117.84611,LOS ANGELES,DIAMOND BAR,-117.84599935,33.97189121
90338853,2016,2016-12-07,9530,2016-11-24,0300,020140,NA,4,3,6,1972,0,1,1,NA,2,400,I-405 N/B (SAN DIEGO FREEWAY),ARTESIA BLVD.,1056,S,N,A,-,Y,NA,NA,405,NA,NA,NA,NA,NA,N,Y,2,0,2,2,A,-,01,23152,A,N,C,C,A,A,H,-,C,D,0,NA,NA,NA,NA,Y,NA,A,01,1,1,0,0,0,0,0,0,0,-,-,33.86969,-118.33963,LOS ANGELES,TORRANCE,-118.33960913,33.86971083
90338872,2016,2016-12-27,9550,2016-11-29,0615,015449,NA,2,1,7,1941,0,1,3,NA,2,090,SR-91 E/B (ARTESIA FREEWAY),PARAMOUNT BLVD.,1200,E,N,A,-,Y,NA,NA,91,NA,NA,NA,NA,NA,E,Y,4,0,3,4,A,-,03,22350,NA,N,C,C,A,A,H,-,B,D,0,NA,NA,NA,NA,Y,NA,A,07,0,0,3,0,0,0,0,0,0,-,-,33.87688,-118.15594,LOS ANGELES,LONG BEACH,-118.15594379,33.8769116
90338890,2016,2016-12-07,9550,2016-11-29,1130,019421,NA,2,1,9,1900,0,2,4,NA,1,052,COLIMA ROAD,BANIDA AVENUE,0,NA,Y,A,-,N,NA,NA,NA,NA,NA,NA,NA,NA,NA,Y,4,0,1,2,A,-,12,21453,A,N,D,C,A,A,H,-,A,D,0,NA,NA,NA,NA,Y,NA,A,01,0,0,1,0,0,0,0,0,0,-,-,33.9871,-117.8821,LOS ANGELES,UNINCORPORATED,-117.88152005,33.98706011
9033890,2020,2020-03-18,1920,2020-01-11,1741,13321,1920,6,5,6,1920,0,0,0,NA,0,006,LAKEWOOD BL,CLETA ST,108,S,N,A,-,N,NA,NA,NA,NA,NA,NA,NA,NA,NA,N,4,0,3,2,A,-,03,22350,NA,N,C,C,A,A,H,-,C,A,0,NA,NA,NA,NA,Y,NA,D,22,0,0,3,0,0,0,0,0,0,-,-,NA,NA,LOS ANGELES,DOWNEY,-118.12792205810548,33.93061447143555
90338925,2016,2016-12-07,9565,2016-12-01,1435,020800,NA,4,2,7,1942,0,1,1,NA,2,064,I-405 S/B (SAN DIEGO FWY),SANTA MONICA BLVD,400,N,N,A,-,Y,NA,NA,405,NA,NA,NA,NA,NA,S,N,4,0,1,3,A,-,03,22350,NA,N,C,C,A,A,H,-,A,D,0,NA,NA,NA,NA,Y,NA,E,22,0,0,1,0,0,0,0,0,0,-,-,34.04854,-118.44784,LOS ANGELES,LOS ANGELES,-118.44802412,34.04839947
90338930,2016,2016-12-07,9540,2016-12-03,1530,021308,NA,6,2,6,1985,0,1,3,NA,1,142,SR-14 N/B (ANTELOPE VALLEY FREEWAY),NEWHALL AVE,528,N,N,A,-,Y,NA,NA,14,NA,NA,NA,NA,NA,N,Y,4,0,1,1,A,-,08,22107,NA,N,E,I,A,A,H,-,A,D,0,NA,NA,NA,NA,Y,NA,A,01,0,0,1,0,0,0,0,0,0,-,-,34.35948,-118.5063,LOS ANGELES,SANTA CLARITA,-118.50617814,34.35945101
90338942,2016,2016-12-07,9565,2016-12-01,1500,017713,NA,4,2,9,1900,0,2,4,NA,2,022,NORMANDIE AVE.,112TH ST.,50,N,N,A,-,N,NA,NA,NA,NA,NA,NA,NA,NA,NA,N,4,0,2,3,A,-,03,22350,NA,N,C,C,A,A,H,-,A,D,0,NA,NA,NA,NA,Y,NA,A,01,0,0,2,0,0,0,0,0,0,-,-,33.93291,-118.30028,LOS ANGELES,UNINCORPORATED,-118.30031274,33.93293711
90338954,2016,2016-12-07,9550,2016-11-29,0845,019939,NA,2,1,9,1900,0,1,3,NA,2,601,STATE ROUTE 60 E/B (POMONA FREEWAY),AZUSA AVENUE,1000,W,N,A,-,Y,NA,NA,60,NA,NA,NA,NA,NA,E,Y,3,0,1,3,A,-,03,22350,NA,F,C,C,A,A,H,-,A,D,0,NA,NA,NA,NA,Y,NA,-,99,0,1,0,0,0,0,0,0,0,-,-,33.99943,-117.93999,LOS ANGELES,UNINCORPORATED,-117.94002702,33.99930893
90338960,2016,2016-12-07,9540,2016-12-05,1553,021308,NA,1,2,9,1900,0,1,3,NA,2,147,SR-14 S/B (ANTELOPE VALLEY FREEWAY),AGUA DULCE CYN RD,1584,N,N,A,-,Y,NA,NA,14,NA,NA,NA,NA,NA,S,Y,4,0,1,1,A,-,08,22107,NA,N,F,A,A,A,H,-,A,D,0,NA,NA,NA,NA,Y,NA,A,01,0,0,1,0,0,0,0,0,0,-,-,34.4738,-118.30988,LOS ANGELES,UNINCORPORATED,-118.30983895,34.47371306
9033898,2019,2020-02-11,1942,2019-12-18,0611,41747,1801,3,5,7,1942,0,0,0,R,0,18A1,88TH ST WEST,S VERMONT AV,125,E,N,A,-,N,NA,NA,NA,NA,NA,NA,NA,NA,NA,N,2,0,1,2,A,-,11,21954,A,N,G,B,D,A,H,-,C,A,0,Y,NA,NA,NA,Y,Y,N,60,1,0,0,0,1,0,0,0,0,-,-,NA,NA,LOS ANGELES,LOS ANGELES,-118.29120635986328,33.95793914794922
90338989,2016,2016-12-07,9540,2016-12-04,0938,018037,NA,7,1,6,1985,0,1,3,NA,1,144,SR-14 N/B (ANTELOPE VALLEY FREEWAY),CEDAR VALLEY WAY O/C,130,S,N,A,-,Y,NA,NA,14,NA,NA,NA,NA,NA,N,Y,4,0,1,1,A,-,08,22107,NA,N,E,J,A,A,H,-,E,D,0,NA,NA,NA,NA,Y,NA,A,01,0,0,1,0,0,0,0,0,0,-,-,34.39927,-118.46048,LOS ANGELES,SANTA CLARITA,-118.4605137,34.39933343
9033902,2020,2020-03-18,1942,2020-01-15,1030,43804,1805,3,5,7,1942,0,0,0,R,0,18A63,AVALON,89TH ST,0,NA,Y,A,-,N,NA,NA,NA,NA,NA,NA,NA,NA,NA,Y,4,0,2,2,A,-,22,23123,5,N,-,C,A,A,H,-,A,D,0,NA,NA,NA,Y,Y,NA,A,01,0,0,2,0,0,0,0,0,0,-,-,NA,NA,LOS ANGELES,LOS ANGELES,-118.26513671875,33.955589294433594
90339020,2016,2016-12-07,9565,2016-11-24,1705,016326,NA,4,2,9,1900,0,2,4,NA,1,032,SLAUSON AVE.,SHENANDOAH AVE,20,E,N,A,-,N,NA,NA,NA,NA,NA,NA,NA,NA,NA,Y,4,0,1,3,A,-,03,22350,NA,N,C,C,A,A,H,-,A,A,0,NA,NA,NA,NA,Y,NA,A,01,0,0,1,0,0,0,0,0,0,-,-,33.98875,-118.37748,LOS ANGELES,UNINCORPORATED,-118.37755793,33.98857166
90339029,2016,2016-12-07,9530,2016-11-29,2200,020140,NA,2,3,9,1900,0,3,5,NA,2,005,CRENSHAW BLVD.,144TH ST.,0,NA,Y,A,-,N,NA,NA,NA,NA,NA,NA,NA,NA,NA,Y,3,0,1,2,A,-,21,22106,NA,N,D,C,A,A,H,-,C,D,0,NA,NA,Y,NA,Y,NA,A,07,0,1,0,0,0,0,0,0,1,-,-,33.90087,-118.32657,LOS ANGELES,UNINCORPORATED,-118.32654012,33.90081002
90339034,2016,2016-12-07,9550,2016-11-29,1505,019939,NA,2,2,9,1900,0,2,4,NA,1,031,TURNBULL CANYON ROAD,PALM AVENUE,0,NA,Y,A,-,N,NA,NA,NA,NA,NA,NA,NA,NA,NA,N,3,0,1,2,A,-,03,22350,NA,N,A,B,D,A,H,-,A,D,0,Y,NA,NA,NA,Y,NA,A,07,0,1,0,0,1,0,0,0,0,-,-,34.01163,-117.97783,LOS ANGELES,UNINCORPORATED,-117.97781005,34.0115401
90339037,2016,2016-12-07,9580,2016-11-22,1445,019715,NA,2,2,7,1942,0,1,1,NA,2,404,I-405 N/B (SAN DIEGO FWY),LA RIVER CHANNEL,400,N,N,A,-,Y,NA,NA,405,NA,NA,NA,NA,NA,N,Y,3,0,1,2,A,-,07,21658,A,N,B,C,A,A,H,-,A,D,0,NA,NA,Y,Y,Y,NA,-,-,0,1,0,0,0,0,0,0,1,-,-,34.1642,-118.4694,LOS ANGELES,LOS ANGELES,-118.46948196,34.16419805
90339043,2016,2016-12-07,9550,2016-11-29,1535,019421,NA,2,2,9,1900,0,3,5,NA,2,003,COLIMA RD.,AVALO DR.,0,NA,Y,A,-,N,NA,NA,NA,NA,NA,NA,NA,NA,NA,N,3,0,1,2,A,-,10,21950,A,N,G,B,B,A,H,-,A,A,0,Y,NA,NA,NA,Y,NA,A,01,0,1,0,0,1,0,0,0,0,-,-,33.98077,-117.97709,LOS ANGELES,UNINCORPORATED,-117.97708003,33.98078012
9033906,2020,2020-03-18,1942,2020-01-21,0545,42238,1822,2,5,7,1942,0,0,0,R,0,31BRT3,CENTURY BL,BROADWAY,83,E,N,A,-,N,NA,NA,NA,NA,NA,NA,NA,NA,NA,N,4,0,3,3,A,-,03,22350,NA,N,A,C,A,B,H,-,C,A,0,NA,NA,NA,NA,Y,NA,D,22,0,0,3,0,0,0,0,0,0,-,-,NA,NA,LOS ANGELES,LOS ANGELES,-118.27811431884766,33.94554901123047
90339069,2016,2017-02-14,9540,2016-11-01,1305,017076,NA,2,1,9,1900,0,2,4,NA,2,072,LAKE HUGHES ROAD,WARM SPRINGS ROAD,8976,W,N,A,-,Y,NA,NA,NA,NA,NA,NA,NA,NA,NA,Y,1,1,0,1,A,-,08,22107,NA,N,E,I,A,A,H,-,A,D,0,NA,NA,Y,NA,Y,NA,C,02,0,0,0,0,0,0,0,1,0,-,-,34.59335,-118.56272,LOS ANGELES,UNINCORPORATED,-118.56176891,34.59176732
90339092,2016,2016-12-07,9525,2016-11-29,0513,021392,NA,2,3,5,1990,0,1,3,NA,2,603,SR-60 W/B (POMONA FREEWAY),GRAND AVE,500,E,N,A,-,Y,NA,NA,60,NA,NA,NA,NA,NA,W,N,4,0,2,4,A,-,03,22350,NA,M,C,C,A,A,H,-,B,D,0,NA,NA,NA,NA,Y,NA,-,99,0,0,2,0,0,0,0,0,0,-,-,34.01164,-117.82216,LOS ANGELES,DIAMOND BAR,-117.82209538,34.01157505
90339115,2016,2016-12-07,9550,2016-11-29,0200,020014,NA,2,3,9,1900,0,3,5,NA,2,002,IMPERIAL HIGHWAY,LEFFINGWELL ROAD,401,E,N,B,-,N,NA,NA,NA,NA,NA,NA,NA,NA,NA,Y,3,0,3,2,A,-,09,21804,A,N,D,C,A,A,H,-,C,D,0,NA,NA,NA,NA,Y,NA,A,01,0,1,2,0,0,0,0,0,0,-,-,33.91689,-118.04872,LOS ANGELES,UNINCORPORATED,-118.0488315,33.91691396
90339120,2016,2016-12-07,9525,2016-12-01,0905,015445,NA,4,1,6,1975,0,1,1,NA,2,106,I-10 E/B (SAN BERNARDINO FREEWAY),HOLT AVE.,3000,E,N,B,-,Y,NA,NA,NA,NA,NA,NA,NA,NA,NA,Y,4,0,3,3,A,-,03,22350,NA,N,C,C,A,A,D,E,A,D,0,NA,NA,NA,NA,Y,NA,A,01,0,0,3,0,0,0,0,0,0,-,-,34.0683,-117.851,LOS ANGELES,WEST COVINA,-117.85543152,34.06810642
90339148,2016,2016-12-07,9550,2016-11-29,1235,020533,NA,2,1,6,1949,0,1,1,NA,2,651,I-605 N/B (SAN GABRIEL RIVER FREEWAY),FIRESTONE BOULEVARD,215,N,N,A,-,Y,NA,NA,605,NA,NA,NA,NA,NA,N,Y,4,0,1,3,A,-,03,22350,NA,N,C,C,A,A,H,-,A,D,0,NA,NA,NA,NA,Y,NA,A,01,0,0,1,0,0,0,0,0,0,-,-,33.9255,-118.10388,LOS ANGELES,NORWALK,-118.10377973,33.9254712
90339163,2016,2016-12-07,9580,2016-11-23,0755,017386,NA,3,1,7,1942,0,1,1,NA,2,407,I-405 S/B (SAN DIEGO FWY),NORDHOFF ST,2640,N,N,A,-,Y,NA,NA,405,NA,NA,NA,NA,NA,S,N,4,0,3,3,A,-,03,22350,NA,N,C,C,A,A,H,-,A,D,0,NA,NA,NA,NA,Y,NA,A,01,0,0,3,0,0,0,0,0,0,-,-,34.24476,-118.47312,LOS ANGELES,LOS ANGELES,-118.47308942,34.24475967
90339168,2016,2016-12-07,9550,2016-11-29,1255,021037,NA,2,1,5,1919,0,1,1,NA,2,653,I-605 SOUTHBOUND TO SPRING ST.,SPRING ST.,115,N,N,A,-,Y,NA,NA,NA,NA,NA,NA,NA,NA,NA,Y,4,0,1,1,A,-,08,22107,NA,N,E,J,A,A,H,-,A,D,0,NA,NA,NA,NA,Y,NA,A,01,0,0,1,0,0,0,0,0,0,-,-,33.81083,-118.08301,LOS ANGELES,CERRITOS,-118.08155932,33.810719
90339203,2016,2016-12-07,9580,2016-11-24,0215,019776,NA,4,3,3,1994,0,1,2,NA,2,109,US-101 S/B (VENTURA FREEWAY),PALO COMADO CANYON RD,2112,N,N,A,-,Y,NA,NA,101,NA,NA,NA,NA,NA,S,Y,3,0,2,2,C,-,18,NA,NA,N,C,C,A,A,H,-,D,D,0,NA,NA,NA,NA,Y,NA,-,-,0,1,1,0,0,0,0,0,0,-,-,34.14384,-118.7485,LOS ANGELES,AGOURA HILLS,-118.74849712,34.14385376
90339211,2016,2016-12-07,9580,2016-11-24,0001,021018,NA,4,3,7,1942,0,1,1,NA,2,404,I-405 N/B (SAN DIEGO FWY),VICTORY BLVD,800,S,N,A,-,Y,NA,NA,405,NA,NA,NA,NA,NA,N,Y,4,0,1,2,A,-,07,21658,A,N,B,C,A,A,H,-,D,D,0,NA,NA,NA,NA,Y,NA,-,-,0,0,1,0,0,0,0,0,0,-,-,34.18589,-118.47387,LOS ANGELES,LOS ANGELES,-118.47389269,34.18588457
90339229,2016,2016-12-07,9545,2016-11-27,1225,018862,NA,7,1,9,1900,0,3,5,NA,1,005,PALMDALE BOULEVARD,150TH ST  E,50,W,N,B,-,N,NA,NA,NA,NA,NA,NA,NA,NA,NA,N,3,0,4,2,A,-,03,22350,NA,M,C,C,A,A,F,-,A,D,0,NA,NA,NA,NA,Y,NA,A,01,0,1,3,0,0,0,0,0,0,-,-,34.57994,-117.86221,LOS ANGELES,UNINCORPORATED,-117.86237571,34.57995117
90339245,2016,2016-12-07,9580,2016-11-25,2305,020451,NA,5,3,7,1942,0,1,2,NA,2,103,US-101 S/B (VENTURA FREEWAY),HAYVENHURST AVE,75,N,N,A,-,Y,NA,NA,101,NA,NA,NA,NA,NA,S,Y,3,0,1,3,A,-,08,22107,NA,N,E,I,A,A,H,-,D,D,0,NA,NA,NA,NA,Y,NA,A,07,0,1,0,0,0,0,0,0,0,-,-,34.16551,-118.49266,LOS ANGELES,LOS ANGELES,-118.49268587,34.16541567
90339317,2016,2016-12-07,9545,2016-11-28,2005,015589,NA,1,2,9,1900,0,1,3,NA,2,031,SR-14 S/B TO SIERRA HIGHWAY,SIERRA HWY,1056,S,N,A,-,Y,NA,NA,NA,NA,NA,NA,NA,NA,NA,Y,3,0,1,1,A,-,01,23152,E,N,E,I,A,A,H,-,A,D,0,NA,NA,NA,NA,Y,NA,A,01,0,1,0,0,0,0,0,0,0,-,-,34.84639,-118.142,LOS ANGELES,UNINCORPORATED,-118.50902493,34.33642098
90339328,2016,2016-12-07,9590,2016-11-20,0840,021317,NA,7,1,7,1942,0,1,1,NA,2,052,I-110 N/B (HARBOR FREEWAY),9TH ST.,550,S,N,C,-,Y,NA,NA,110,NA,NA,NA,NA,NA,N,N,3,0,1,1,A,-,08,22107,NA,N,E,I,A,B,H,-,A,D,0,NA,NA,NA,NA,Y,NA,A,07,0,1,0,0,0,0,0,0,0,-,-,34.04691,-118.26776,LOS ANGELES,LOS ANGELES,-118.26785603,34.04706716
90339348,2016,2016-12-07,9525,2016-11-30,1730,016679,NA,3,2,4,1913,0,1,1,NA,2,210,SR-210 E/B (FOOTHILL FREEWAY),BASELINE RD.,1584,W,N,A,-,Y,NA,NA,210,NA,NA,NA,NA,NA,E,Y,4,0,2,3,A,-,03,22350,NA,N,C,C,A,A,H,-,C,D,0,NA,NA,NA,NA,Y,NA,A,07,0,0,2,0,0,0,0,0,0,-,-,34.11991,-117.70134,LOS ANGELES,CLAREMONT,-117.70134791,34.1199824
90339371,2016,2016-12-07,9525,2016-12-02,0805,020693,NA,5,1,9,1900,0,2,4,NA,2,022,ARROW HIGHWAY (800 BLOCK),LARK ELLEN AVE,20,E,N,A,-,N,NA,NA,NA,NA,NA,NA,NA,NA,NA,Y,4,0,1,2,A,-,03,22350,NA,N,C,C,A,A,H,-,A,D,0,NA,NA,NA,NA,Y,NA,A,07,0,0,1,0,0,0,0,0,0,-,-,34.10707,-117.91644,LOS ANGELES,UNINCORPORATED,-117.91697,34.10689
90339381,2016,2016-12-07,9580,2016-11-19,0225,020451,NA,6,3,7,1942,0,1,3,NA,2,115,SR-118 W/B (RONALD REAGAN FWY.),FOX ST,375,E,N,A,-,Y,NA,NA,118,NA,NA,NA,NA,NA,W,Y,4,0,2,2,A,-,01,23152,A,N,B,C,A,A,H,-,D,D,0,NA,NA,NA,NA,Y,Y,A,01,0,0,2,0,0,0,0,0,0,-,-,34.26598,-118.45204,LOS ANGELES,LOS ANGELES,-118.45204117,34.26600647
90339388,2016,2016-12-07,9535,2016-12-02,0940,015797,NA,5,1,4,1962,0,1,1,NA,2,400,I-10 E/B (SAN BERNARDINO FWY),SANGABRIEL BLVD.,500,W,N,A,-,Y,NA,NA,10,NA,NA,NA,NA,NA,E,Y,4,0,2,2,A,-,08,22107,NA,N,B,C,A,A,H,-,A,D,0,NA,NA,NA,NA,Y,NA,A,07,0,0,2,0,0,0,0,0,0,-,-,34.07207,-118.09432,LOS ANGELES,SAN GABRIEL,-118.0943193,34.07181915
90339397,2016,2016-12-07,9565,2016-11-16,0548,021383,NA,3,3,9,1900,0,1,3,NA,2,051,MINDANAO WAY,LINCOLN BLVD,0,NA,Y,E,-,N,NA,NA,NA,NA,NA,NA,NA,NA,NA,Y,3,0,1,2,A,-,09,21801,A,N,D,C,A,A,H,-,A,A,0,NA,NA,NA,NA,Y,NA,D,22,0,1,0,0,0,0,0,0,0,-,-,33.98059,-118.43903,LOS ANGELES,UNINCORPORATED,-118.43913003,33.98048003
90339407,2016,2016-12-07,9565,2016-12-03,1810,020752,NA,6,2,9,1900,0,3,5,NA,2,003,NORTHRIDGE DRIVE,INADALE AVE.,0,NA,Y,A,-,N,NA,NA,NA,NA,NA,NA,NA,NA,NA,Y,3,0,2,2,A,-,09,21802,A,N,D,C,A,A,H,-,C,A,0,NA,NA,NA,NA,Y,NA,A,01,0,1,1,0,0,0,0,0,0,-,-,33.99705,-118.35219,LOS ANGELES,UNINCORPORATED,-118.35220005,33.99698011
90339413,2016,2016-12-07,9535,2016-12-07,0530,019121,NA,3,3,6,1922,0,1,1,NA,2,401,I-10 (SAN BERNARDINO FREEWAY) W/B,SANTA ANITA AVENUE,30,W,N,A,-,Y,NA,NA,10,NA,NA,NA,NA,NA,W,Y,4,0,2,2,A,-,03,22350,NA,N,C,C,A,A,H,-,C,D,0,NA,NA,NA,NA,Y,NA,D,22,0,0,2,0,0,0,0,0,0,-,-,34.06895,-118.04254,LOS ANGELES,EL MONTE,-118.04254536,34.06891616
90339418,2016,2016-12-07,9535,2016-12-04,1140,014987,NA,7,1,5,1947,0,1,3,NA,2,621,SR-60 (POMONA FREEWAY) W/B,PARAMOUNT BLVD,225,E,N,A,-,Y,NA,NA,60,NA,NA,NA,NA,NA,W,Y,4,0,2,3,A,-,03,22350,NA,N,C,C,A,A,H,-,A,D,0,NA,NA,NA,NA,Y,NA,A,01,0,0,2,0,0,0,0,0,0,-,-,34.0361,-118.0931,LOS ANGELES,MONTEBELLO,-118.09310234,34.03610999
90339434,2016,2016-12-07,9525,2016-12-02,1507,019632,NA,5,2,1,1932,0,1,3,NA,2,602,SR-60 E/B (POMONA FREEWAY),FAIRWAY DR.,2640,E,N,A,-,Y,NA,NA,60,NA,NA,NA,NA,NA,E,Y,4,0,1,2,A,-,03,22350,NA,N,C,C,A,A,H,-,A,D,0,NA,NA,NA,NA,Y,NA,A,01,0,0,1,0,0,0,0,0,0,-,-,33.99767,-117.86058,LOS ANGELES,INDUSTRY,-117.86059432,33.99775935
90339458,2016,2016-12-07,9580,2016-11-25,0305,021015,NA,5,3,7,1942,0,1,1,NA,2,405,I-405 S/B (SAN DIEGO FWY),SHERMAN WAY,1000,S,N,A,-,Y,NA,NA,405,NA,NA,NA,NA,NA,S,Y,3,0,1,1,A,-,01,23152,A,N,E,I,A,A,H,-,C,D,0,NA,NA,NA,NA,Y,Y,A,01,0,1,0,0,0,0,0,0,0,-,-,34.19803,-118.47423,LOS ANGELES,LOS ANGELES,-118.47424112,34.19803235
90339467,2016,2016-12-07,9590,2016-11-24,1855,021132,NA,4,2,7,1942,0,1,1,NA,2,053,I-110 S/B (HAF),FIRST STREET,100,S,N,A,-,Y,NA,NA,110,NA,NA,NA,NA,NA,S,N,4,0,2,2,A,-,03,22350,NA,N,C,C,A,A,H,-,C,D,0,NA,NA,NA,NA,Y,NA,A,01,0,0,2,0,0,0,0,0,0,-,-,34.05828,-118.2539,LOS ANGELES,LOS ANGELES,-118.25391281,34.05829326
90339496,2016,2016-12-07,9535,2016-10-10,1155,017302,NA,1,1,5,1959,0,1,1,NA,2,401,I-10 (SAN BERNARDINO FREEWAY) W/B,ROSEMEAD BLVD,315,E,N,A,-,Y,NA,NA,10,NA,NA,NA,NA,NA,W,N,4,0,1,3,A,-,03,22350,NA,N,C,C,A,A,H,-,A,D,0,NA,NA,NA,NA,Y,NA,D,22,0,0,1,0,0,0,0,0,0,-,-,34.07259,-118.06798,LOS ANGELES,ROSEMEAD,-118.06797778,34.07245089
90339508,2016,2017-02-07,9550,2016-11-29,0905,018187,NA,2,1,3,1964,0,1,1,NA,2,501,I-5 (SOUTHBOUND),SHOEMAKER AVE,45,N,N,A,-,Y,NA,NA,5,NA,NA,NA,NA,NA,NA,Y,4,0,1,2,D,-,00,NA,NA,N,C,C,A,A,H,-,A,D,0,NA,NA,Y,NA,Y,NA,-,-,0,0,1,0,0,0,0,0,1,-,-,33.89867,-118.05595,LOS ANGELES,SANTA FE SPRINGS,-118.05596736,33.89863804
90339511,2016,2016-12-07,9565,2016-12-01,1150,021267,NA,4,1,7,1942,0,1,1,NA,2,063,I-405 S/B (SAN DIEGO FREEWAY),OLYMPIC BLVD,500,N,N,A,-,Y,NA,NA,405,NA,NA,NA,NA,NA,S,N,4,0,1,2,A,-,03,22350,NA,N,C,C,A,A,H,-,A,D,0,NA,NA,NA,NA,Y,NA,A,07,0,0,1,0,0,0,0,0,0,-,-,34.03988,-118.44058,LOS ANGELES,LOS ANGELES,-118.4406528,34.03981724
90339530,2016,2016-12-07,9590,2016-11-15,1630,015985,NA,2,2,7,1942,0,1,1,NA,2,085,I-5 S/B (GOLDEN STATE FREEWAY),LOS FELIZ BLVD,792,N,N,A,-,Y,NA,NA,5,NA,NA,NA,NA,NA,S,Y,4,0,1,2,A,-,03,22350,NA,N,C,C,A,A,H,-,A,D,0,NA,NA,NA,Y,Y,NA,A,01,0,0,1,0,0,0,0,0,0,-,-,34.12011,-118.27122,LOS ANGELES,LOS ANGELES,-118.27112786000001,34.12015889
90339558,2016,2016-12-07,9590,2016-11-26,1730,021201,NA,6,2,7,1942,0,1,2,NA,2,071,US-101 S/B (SANTA ANA FREEWAY),ALAMEDA ST.,200,S,N,A,-,Y,NA,NA,101,NA,NA,NA,NA,NA,S,Y,4,0,1,4,A,-,03,22350,NA,N,C,C,A,A,H,-,C,D,0,NA,NA,NA,NA,Y,NA,A,01,0,0,1,0,0,0,0,0,0,-,-,34.05384,-118.23731,LOS ANGELES,LOS ANGELES,-118.23730012,34.05387002
90339573,2016,2016-12-07,9590,2016-11-20,0335,021040,NA,7,3,7,1942,0,1,1,NA,2,012,SR-110 N/B (ASP),MARMION WAY,200,S,N,A,-,Y,NA,NA,110,NA,NA,NA,NA,NA,N,N,4,0,1,2,A,-,03,22350,NA,N,C,C,A,A,H,-,C,D,0,NA,NA,NA,NA,Y,NA,-,99,0,0,1,0,0,0,0,0,0,-,-,34.11106,-118.18095,LOS ANGELES,LOS ANGELES,-118.18094967,34.11109335