CASE_ID,ACCIDENT_YEAR,PROC_DATE,JURIS,COLLISION_DATE,COLLISION_TIME,OFFICER_ID,REPORTING_DISTRICT,DAY_OF_WEEK,CHP_SHIFT,POPULATION,CNTY_CITY_LOC,SPECIAL_COND,BEAT_TYPE,CHP_BEAT_TYPE,CITY_DIVISION_LAPD,CHP_BEAT_CLASS,BEAT_NUMBER,PRIMARY_RD,SECONDARY_RD,DISTANCE,DIRECTION,INTERSECTION,WEATHER_1,WEATHER_2,STATE_HWY_IND,CALTRANS_COUNTY,CALTRANS_DISTRICT,STATE_ROUTE,ROUTE_SUFFIX,POSTMILE_PREFIX,POSTMILE,LOCATION_TYPE,RAMP_INTERSECTION,SIDE_OF_HWY,TOW_AWAY,COLLISION_SEVERITY,NUMBER_KILLED,NUMBER_INJURED,PARTY_COUNT,PRIMARY_COLL_FACTOR,PCF_CODE_OF_VIOL,PCF_VIOL_CATEGORY,PCF_VIOLATION,PCF_VIOL_SUBSECTION,HIT_AND_RUN,TYPE_OF_COLLISION,MVIW,PED_ACTION,ROAD_SURFACE,ROAD_COND_1,ROAD_COND_2,LIGHTING,CONTROL_DEVICE,CHP_ROAD_TYPE,PEDESTRIAN_ACCIDENT,BICYCLE_ACCIDENT,MOTORCYCLE_ACCIDENT,TRUCK_ACCIDENT,NOT_PRIVATE_PROPERTY,ALCOHOL_INVOLVED,STWD_VEHTYPE_AT_FAULT,CHP_VEHTYPE_AT_FAULT,COUNT_SEVERE_INJ,COUNT_VISIBLE_INJ,COUNT_COMPLAINT_PAIN,COUNT_PED_KILLED,COUNT_PED_INJURED,COUNT_BICYCLIST_KILLED,COUNT_BICYCLIST_INJURED,COUNT_MC_KILLED,COUNT_MC_INJURED,PRIMARY_RAMP,SECONDARY_RAMP,LATITUDE,LONGITUDE,COUNTY,CITY,POINT_X,POINT_Y
9034127,2019,2020-01-30,1942,2019-12-01,1735,43577,1503,7,5,7,1942,0,0,0,O,0,15A44,SHERMAN WY,SHERMAN WY12312,0,NA,N,A,-,N,NA,NA,NA,NA,NA,NA,NA,NA,NA,N,3,0,1,2,A,-,09,21804,A,N,H,G,A,A,H,-,C,D,0,NA,Y,NA,NA,Y,NA,-,NA,0,1,0,0,0,0,1,0,0,-,-,NA,NA,LOS ANGELES,LOS ANGELES,NA,NA
90341295,2016,2016-12-09,9530,2016-11-29,0850,021325,NA,2,1,4,1939,0,1,1,NA,2,400,I-405 S/B (SAN DIEGO FREEWAY),INGLEWOOD AVE,60,S,N,A,-,Y,NA,NA,405,NA,NA,NA,NA,NA,S,Y,4,0,1,4,A,-,03,22350,NA,N,C,C,A,A,H,-,A,D,0,NA,NA,NA,NA,Y,NA,A,01,0,0,1,0,0,0,0,0,0,-,-,33.89066,-118.36105,LOS ANGELES,LAWNDALE,-118.36106789,33.89063528
90341300,2016,2016-12-09,9545,2016-12-03,1600,018420,NA,6,2,9,1900,0,1,3,NA,1,042,SR-138 E/B,LARGO VISTA RD,8448,W,N,A,-,Y,NA,NA,138,NA,NA,NA,NA,NA,E,Y,4,0,1,2,A,-,03,22350,NA,N,B,C,A,A,H,-,A,D,0,NA,NA,NA,Y,Y,NA,A,07,0,0,1,0,0,0,0,0,0,-,-,34.49861,-117.79284,LOS ANGELES,UNINCORPORATED,-117.79283996,34.49862362
90341317,2016,2016-12-09,9575,2016-11-30,1945,020918,NA,3,2,7,1942,0,1,3,NA,2,043,SR-134 E/B (VENTURA FREEWAY),RIVERSIDE DR(VICTORY BLVD),2112,W,N,A,-,Y,NA,NA,NA,NA,NA,NA,NA,NA,NA,N,4,0,1,2,D,-,00,NA,NA,N,C,C,A,A,H,-,C,D,0,NA,NA,NA,NA,Y,NA,-,-,0,0,1,0,0,0,0,0,0,-,-,34.1563,-118.15524,LOS ANGELES,LOS ANGELES,-118.37562,34.15297
90341320,2016,2016-12-09,9550,2016-12-02,0856,021311,NA,5,1,9,1900,0,1,3,NA,2,090,SR-91 (ARTESIA FREEWAY) W/B,PARAMOUNT BOULEVARD,800,E,N,A,-,Y,NA,NA,NA,NA,NA,NA,NA,NA,NA,Y,4,0,1,2,A,-,03,22350,NA,N,C,C,A,A,H,-,A,D,0,NA,NA,NA,NA,Y,NA,A,01,0,0,1,0,0,0,0,0,0,-,-,33.87681,-118.15716,LOS ANGELES,UNINCORPORATED,-118.15743981,33.87675478
90341339,2016,2016-12-09,9590,2016-11-19,1428,021264,NA,6,2,7,1942,0,1,3,NA,2,095,SR-2 W/B (GLENDALE FREEWAY),AVENUE 36,100,W,N,B,-,Y,NA,NA,NA,NA,NA,NA,NA,NA,NA,Y,4,0,3,3,A,-,03,22350,NA,N,C,C,A,A,H,-,A,D,0,NA,NA,NA,NA,Y,NA,A,08,0,0,3,0,0,0,0,0,0,-,-,34.06867,-118.21582,LOS ANGELES,LOS ANGELES,-118.23531158,34.11787731
90341396,2016,2016-12-09,9590,2016-11-29,1014,015985,NA,2,1,7,1942,0,1,1,NA,2,085,I-5 S/B (GOLDEN STATE FREEWAY),LOS FELIZ BLVD,680,S,N,A,-,Y,NA,NA,5,NA,NA,NA,NA,NA,S,Y,4,0,2,5,A,-,03,22350,NA,N,C,C,A,A,H,-,A,D,0,NA,NA,NA,NA,Y,NA,A,01,0,0,2,0,0,0,0,0,0,-,-,34.11746,-118.26986,LOS ANGELES,LOS ANGELES,-118.26973239,34.11752765
90341406,2016,2016-12-09,9590,2016-11-29,1115,013179,NA,2,1,7,1942,0,1,1,NA,2,065,I-10 W/B (SANTA MONICA FREEWAY),SANTA FE AVENUE U/C,400,E,N,A,-,Y,NA,NA,NA,NA,NA,NA,NA,NA,NA,Y,4,0,2,2,A,-,03,22350,NA,N,C,C,A,A,H,-,A,D,0,NA,NA,NA,NA,Y,NA,A,01,0,0,2,0,0,0,0,0,0,-,-,34.03714,-118.22043,LOS ANGELES,LOS ANGELES,-118.22870901,34.02881657
90341412,2016,2016-12-09,9590,2016-11-29,1620,016856,NA,2,2,7,1942,0,1,1,NA,2,011,I-110 S/B (ARROYO SECO PARKWAY),YORK BLVD,100,N,N,A,-,Y,NA,NA,110,NA,NA,NA,NA,NA,S,Y,3,0,1,2,A,-,03,22350,NA,N,C,C,A,A,H,-,A,D,0,NA,NA,NA,NA,Y,NA,A,01,0,1,0,0,0,0,0,0,0,-,-,34.11361,-118.17674,LOS ANGELES,LOS ANGELES,-118.17663176,34.11332926
90341420,2016,2016-12-09,9550,2016-12-03,1215,021042,NA,6,1,5,1919,0,1,3,NA,2,092,STATE ROUTE 91 E/B (ARTESIA FREEWAY),BLOOMFIELD AVENUE,200,W,N,A,-,Y,NA,NA,91,NA,NA,NA,NA,NA,E,Y,4,0,1,3,A,-,07,21658,A,N,C,C,A,A,H,-,A,D,0,NA,NA,NA,NA,Y,NA,A,08,0,0,1,0,0,0,0,0,0,-,-,33.87577,-118.06508,LOS ANGELES,CERRITOS,-118.06506112,33.87582822
90341427,2016,2016-12-09,9575,2016-11-30,1425,016741,NA,3,2,6,1925,0,1,1,NA,2,062,I-210 E/B (FOOTHILL FREEWAY),RAMSDELL AVE,50,E,N,A,-,Y,NA,NA,NA,NA,NA,NA,NA,NA,NA,N,4,0,1,2,A,-,03,22350,NA,N,C,C,A,A,H,-,A,D,0,NA,NA,NA,NA,Y,NA,A,01,0,0,1,0,0,0,0,0,0,-,-,34.13141,-118.14384,LOS ANGELES,GLENDALE,-118.24420952,34.220638
90341432,2016,2016-12-09,9590,2016-11-30,1425,011420,NA,3,2,7,1942,0,1,1,NA,2,060,I-10 E/B (SANTA MONICA FWY),MARVIN AVE.,200,W,N,A,-,Y,NA,NA,10,NA,NA,NA,NA,NA,E,Y,4,0,1,3,A,-,07,21658,A,N,B,C,A,A,H,-,A,D,0,NA,NA,Y,NA,Y,NA,C,02,0,0,1,0,0,0,0,0,1,-,-,34.03415,-118.36431,LOS ANGELES,LOS ANGELES,-118.36432909,34.03406007
90341473,2016,2016-12-09,9590,2016-11-30,1545,013179,NA,3,2,7,1942,0,1,1,NA,2,061,I-10 W/B (SANTA MONICA FREEWAY),CRENSHAW BLVD. O/C,100,W,N,A,-,Y,NA,NA,10,NA,NA,NA,NA,NA,W,Y,4,0,1,3,A,-,03,22350,NA,N,C,C,A,A,H,-,A,D,0,NA,NA,NA,NA,Y,NA,A,08,0,0,1,0,0,0,0,0,0,-,-,34.03515,-118.33595,LOS ANGELES,LOS ANGELES,-118.33594549,34.03505471
90341492,2016,2016-12-09,9575,2016-12-01,1425,017354,NA,4,2,6,1953,0,1,3,NA,2,040,SR-134 W/B (VENTURA FREEWAY),SAN RAFAEL AVE. O/C,800,E,N,A,-,Y,NA,NA,134,NA,NA,NA,NA,NA,W,Y,4,0,1,4,A,-,03,22350,NA,N,C,C,A,A,H,-,A,D,0,NA,NA,NA,Y,Y,NA,A,01,0,0,1,0,0,0,0,0,0,-,-,34.1443,-118.16908,LOS ANGELES,PASADENA,-118.16901667,34.14419013
90341499,2016,2016-12-09,9550,2016-12-03,1000,021263,NA,6,1,3,1964,0,1,1,NA,2,650,INTERSTATE 605 SOUTHBOUND,TELEGRAPH ROAD,500,S,N,A,-,Y,NA,NA,605,NA,NA,NA,NA,NA,S,Y,3,0,1,4,A,-,03,22350,NA,N,C,C,A,A,H,-,A,D,0,NA,NA,NA,NA,Y,NA,A,01,0,1,0,0,0,0,0,0,0,-,-,33.94811,-118.09298,LOS ANGELES,SANTA FE SPRINGS,-118.09301746,33.94813237
90341551,2016,2016-12-09,9590,2016-12-02,0910,019008,NA,5,1,7,1942,0,1,2,NA,2,072,US-101 NB (HOLLYWOOD FREEWAY),SANTA MONICA BLVD,1000,S,N,A,G,Y,NA,NA,101,NA,NA,NA,NA,NA,N,N,4,0,1,3,A,-,03,22350,NA,N,C,C,A,A,H,-,A,D,0,NA,NA,NA,NA,Y,NA,A,01,0,0,1,0,0,0,0,0,0,-,-,34.08853,-118.30477,LOS ANGELES,LOS ANGELES,-118.30488641,34.08844
90341570,2016,2016-12-09,9590,2016-12-02,0920,019008,NA,5,1,7,1942,0,1,2,NA,2,072,US-101 NB (HOLLYWOOD FREEWAY),SUNSET BLVD,500,N,N,A,G,Y,NA,NA,101,NA,NA,NA,NA,NA,N,N,4,0,1,2,A,-,07,21658,A,F,B,C,A,A,H,-,A,D,0,NA,NA,NA,NA,Y,NA,A,01,0,0,1,0,0,0,0,0,0,-,-,34.09947,-118.31516,LOS ANGELES,LOS ANGELES,-118.31519318,34.09945065
90341581,2016,2016-12-09,9590,2016-12-02,0940,019008,NA,5,1,7,1942,0,1,2,NA,2,072,US-101 NB (HOLLYWOOD FREEWAY),CAHUENGA BLVD,500,S,N,A,G,Y,NA,NA,101,NA,NA,NA,NA,NA,N,N,4,0,1,2,A,-,03,22350,NA,F,C,C,A,A,H,-,A,D,0,NA,NA,NA,NA,Y,NA,A,01,0,0,1,0,0,0,0,0,0,-,-,34.10658,-118.32828,LOS ANGELES,LOS ANGELES,-118.32829302,34.1065582
90341595,2016,2016-12-09,9590,2016-12-02,1430,020929,NA,5,2,7,1942,0,1,1,NA,2,085,I-5 S/B (GOLDEN STATE FREEWAY),LOS FELIZ BOULEVARD,200,S,N,A,G,Y,NA,NA,5,NA,NA,NA,NA,NA,S,N,4,0,1,2,A,-,03,22350,NA,N,C,C,A,A,H,-,A,D,0,NA,NA,NA,NA,Y,NA,D,22,0,0,1,0,0,0,0,0,0,-,-,34.1171,-118.26948,LOS ANGELES,LOS ANGELES,-118.26949965,34.1170895
90341628,2016,2016-12-09,9575,2016-11-27,1430,020620,NA,7,2,9,1900,0,2,4,NA,2,020,ALTADENA DR. (700 BLOCK),EL MOLINO AVE.,220,W,N,B,-,N,NA,NA,NA,NA,NA,NA,NA,NA,NA,N,4,0,1,1,A,-,08,22107,NA,N,E,I,A,B,H,-,A,D,0,NA,NA,NA,NA,Y,NA,A,01,0,0,1,0,0,0,0,0,0,-,-,34.1901,-118.13326,LOS ANGELES,UNINCORPORATED,-118.13329798,34.19003608
90341635,2016,2016-12-09,9575,2016-11-27,0725,020620,NA,7,1,7,1942,0,1,3,NA,2,041,SR-134 E/B TO FIGUEROA STREET,FIGUEROA ST.,230,E,N,B,C,Y,NA,NA,134,NA,NA,NA,R,NA,E,Y,3,0,1,1,A,-,03,22350,NA,N,E,I,A,B,H,-,A,D,0,NA,NA,NA,NA,Y,Y,A,01,0,1,0,0,0,0,0,0,0,-,-,34.14219,-118.18501,LOS ANGELES,LOS ANGELES,-118.18501,34.14219
90341649,2016,2016-12-09,9575,2016-12-01,2145,020526,NA,4,2,6,1953,0,1,3,NA,2,040,SR-134 E/B (VENTURA FREEWAY),SAN RAFAEL AVE,100,W,N,A,-,Y,NA,NA,134,NA,NA,NA,NA,NA,E,Y,3,0,3,3,A,-,03,22350,NA,N,C,C,A,A,H,-,C,D,0,NA,NA,NA,NA,Y,NA,A,07,0,1,2,0,0,0,0,0,0,-,-,34.14312,-118.17086,LOS ANGELES,PASADENA,-118.1708879,34.14319183
90341663,2016,2016-12-12,9580,2016-12-08,0528,018448,NA,4,3,7,1942,0,1,3,NA,2,171,SR-170 S/B (HOLLYWOOD FWY.),RIVERSIDE DR,322,N,N,A,-,Y,NA,NA,170,NA,NA,NA,NA,NA,S,Y,2,0,6,6,A,-,03,22350,NA,F,C,C,A,A,H,-,D,D,0,NA,NA,NA,NA,Y,NA,A,07,1,1,4,0,0,0,0,0,0,-,-,34.161,-118.38101,LOS ANGELES,LOS ANGELES,-118.38111284,34.16095511
90341753,2016,2016-12-12,9575,2016-11-26,1414,021283,NA,6,2,7,1942,0,1,1,NA,2,052,I-5 S/B (GOLDEN STATE FREEWAY),SUNLAND BLVD.,500,N,N,C,E,Y,NA,NA,5,NA,NA,NA,NA,NA,S,Y,3,0,1,1,A,-,08,22107,NA,N,E,I,A,B,H,-,A,D,0,NA,NA,NA,NA,Y,NA,A,01,0,1,0,0,0,0,0,0,0,-,-,34.22316,-118.37156,LOS ANGELES,LOS ANGELES,-118.37156973,34.22314495
90341761,2016,2016-12-12,9575,2016-11-26,0437,021344,NA,6,3,9,1900,0,2,4,NA,2,021,ALTADENA DRIVE (1600 BLOCK),NEW YORK DRIVE (2600 BLOCK),169,N,N,A,-,N,NA,NA,NA,NA,NA,NA,NA,NA,NA,Y,3,0,1,1,A,-,01,23152,A,N,E,I,A,A,H,-,C,D,0,NA,NA,NA,NA,Y,Y,A,01,0,1,0,0,0,0,0,0,0,-,-,34.17518,-118.09825,LOS ANGELES,UNINCORPORATED,-118.09817628,34.1750432
90341763,2016,2016-12-12,9575,2016-12-03,0946,021254,NA,6,1,6,1953,0,1,1,NA,2,063,I-210 E/B (FOOTHILL FREEWAY),ORANGE GROVE BLVD,600,W,N,A,-,Y,NA,NA,210,NA,NA,NA,NA,NA,E,N,4,0,1,2,A,-,03,22350,NA,N,C,C,A,A,H,-,A,D,0,NA,NA,NA,NA,Y,NA,A,01,0,0,1,0,0,0,0,0,0,-,-,34.15614,-118.15817,LOS ANGELES,PASADENA,-118.15811531,34.15616374
90341779,2016,2016-12-12,9550,2016-12-02,1755,021054,NA,5,2,9,1900,0,1,3,NA,2,601,STATE ROUTE 60 W/B (POMONA FREEWAY),AZUSA AVENUE,300,W,N,A,-,Y,NA,NA,60,NA,NA,NA,NA,NA,W,N,4,0,1,4,A,-,03,22350,NA,N,C,C,A,A,H,-,C,D,0,NA,NA,NA,NA,Y,NA,A,07,0,0,1,0,0,0,0,0,0,-,-,33.99856,-117.93734,LOS ANGELES,UNINCORPORATED,-117.93729429,33.99871014
90341783,2016,2016-12-12,9550,2016-12-10,0330,021110,NA,6,3,6,1920,0,1,1,NA,2,651,INTERSTATE 605 NB,FIRESTONE BOULEVARD,10,N,N,A,-,Y,NA,NA,NA,NA,NA,NA,NA,NA,NA,Y,3,0,2,2,A,-,01,23152,A,N,C,C,A,A,H,-,C,D,0,NA,NA,NA,NA,Y,Y,A,01,0,2,0,0,0,0,0,0,0,-,-,33.92493,-118.10389,LOS ANGELES,DOWNEY,-118.10400401,33.92461696
90341792,2016,2016-12-12,9530,2016-11-21,0140,021076,NA,1,3,7,1942,0,1,1,NA,2,110,I-110 N/B (HARBOR FREEWAY),EL SEGUNDO BLVD.,360,S,N,B,C,Y,NA,NA,110,NA,NA,NA,NA,NA,N,Y,4,0,1,2,A,-,03,22350,NA,N,C,C,A,B,H,-,D,D,0,NA,NA,Y,NA,Y,NA,A,01,0,0,1,0,0,0,0,0,1,-,-,33.91641,-118.28593,LOS ANGELES,LOS ANGELES,-118.28577029,33.91633898
90341800,2016,2016-12-12,9530,2016-11-29,1930,020307,NA,2,2,9,1900,0,3,5,NA,2,001,COMPTON AVE.,90TH ST.,0,NA,Y,A,-,N,NA,NA,NA,NA,NA,NA,NA,NA,NA,N,4,0,2,2,A,-,09,21802,A,N,D,C,A,A,H,-,C,D,0,NA,NA,NA,NA,Y,NA,A,07,0,0,2,0,0,0,0,0,0,-,-,33.95513,-118.24744,LOS ANGELES,UNINCORPORATED,-118.24744005,33.95521005
90341809,2016,2016-12-12,9530,2016-11-16,1655,018270,NA,3,2,5,1977,0,1,1,NA,2,410,I-405 N/B (SAN DIEGO FREEWAY),MAIN ST.,450,S,N,A,-,Y,NA,NA,405,NA,NA,NA,NA,NA,N,Y,4,0,2,2,A,-,03,22350,NA,N,C,C,A,A,H,-,B,D,0,NA,NA,NA,NA,Y,NA,-,99,0,0,2,0,0,0,0,0,0,-,-,33.85257,-118.27917,LOS ANGELES,CARSON,-118.27917541,33.85256177
90341817,2016,2016-12-12,9575,2016-12-02,1455,021254,NA,5,2,7,1942,0,1,1,NA,2,053,I-5 S/B (GOLDEN STATE FREEWAY),OSBORNE STREET,500,S,N,A,-,Y,NA,NA,5,NA,NA,NA,NA,NA,S,Y,3,0,2,2,A,-,03,22350,NA,N,C,C,A,A,H,-,A,D,0,NA,NA,NA,NA,Y,NA,A,01,0,1,1,0,0,0,0,0,0,-,-,34.23903,-118.41619,LOS ANGELES,LOS ANGELES,-118.41636279,34.23884759
90341824,2016,2016-12-12,9575,2016-12-02,1530,021006,NA,5,2,7,1942,0,1,1,NA,2,053,I-5 N/B (GOLDEN STATE FREEWAY),VAN NUYS BLVD.,100,N,N,A,-,Y,NA,NA,5,NA,NA,NA,NA,NA,N,Y,4,0,1,2,A,-,03,22350,NA,N,C,C,A,A,H,-,A,D,0,NA,NA,NA,NA,Y,NA,A,01,0,0,1,0,0,0,0,0,0,-,-,34.25768,-118.43587,LOS ANGELES,LOS ANGELES,-118.43591853,34.25762883
90341831,2016,2016-12-12,9575,2016-12-03,1520,021006,NA,6,2,9,1900,0,1,3,NA,2,300,SR-2 (ANGELES CREST HIGHWAY),ANGELES NATIONAL FOREST BOUNDARY,634,E,N,A,-,Y,NA,NA,2,NA,NA,NA,NA,NA,NA,Y,3,0,1,1,A,-,03,22350,NA,N,F,A,A,A,H,-,A,D,0,NA,NA,Y,NA,Y,NA,C,02,0,1,0,0,0,0,0,0,1,-,-,34.22551,-118.1879,LOS ANGELES,UNINCORPORATED,-118.18787824,34.22552827
90341835,2016,2016-12-12,9530,2016-11-30,1345,021325,NA,3,1,6,1972,0,1,1,NA,2,400,I-405 S/B (SAN DIEGO FREEWAY),WESTERN AVE.,1584,N,N,A,-,Y,NA,NA,405,NA,NA,NA,NA,NA,S,N,4,0,3,3,A,-,03,22350,NA,N,C,C,A,A,H,-,A,D,0,NA,NA,NA,NA,Y,NA,A,01,0,0,3,0,0,0,0,0,0,-,-,33.86062,-118.31365,LOS ANGELES,TORRANCE,-118.31365027,33.86061901
90341859,2016,2016-12-12,9530,2016-12-04,1400,020427,NA,7,2,9,1900,0,3,5,NA,2,003,ATLANTIC AVE. (15300 BLOCK),ROSE ST.,250,S,N,A,-,N,NA,NA,NA,NA,NA,NA,NA,NA,NA,N,4,0,1,2,A,-,08,22107,NA,N,C,E,A,A,H,-,A,D,0,NA,Y,NA,NA,Y,NA,L,04,0,0,1,0,0,0,1,0,0,-,-,33.8941,-118.193,LOS ANGELES,UNINCORPORATED,-118.19323974,33.89355572
90341865,2016,2016-12-12,9530,2016-12-04,1240,020938,NA,7,1,9,1900,0,3,5,NA,2,002,130TH ST.,ALAMEDA ST.,0,NA,Y,A,-,N,NA,NA,NA,NA,NA,NA,NA,NA,NA,Y,4,0,1,2,A,-,09,21802,A,N,D,C,A,A,H,-,A,A,0,NA,NA,NA,NA,Y,NA,A,07,0,0,1,0,0,0,0,0,0,-,-,33.9141,-118.2231,LOS ANGELES,UNINCORPORATED,-118.22328009,33.91438009
90341871,2016,2016-12-12,9530,2016-12-05,0317,020699,NA,1,3,5,1977,0,1,3,NA,2,310,SR-91 E/B (ARTESIA FREEWAY),CENTRAL AVE.,350,W,N,A,-,Y,NA,NA,91,NA,NA,NA,NA,NA,E,Y,4,0,2,1,A,-,08,22107,NA,N,E,I,A,A,H,-,C,D,0,NA,NA,NA,NA,Y,NA,A,01,0,0,2,0,0,0,0,0,0,-,-,33.87343,-118.25134,LOS ANGELES,CARSON,-118.25133632,33.87348392
90341882,2016,2016-12-15,9530,2016-12-05,0720,021273,NA,1,1,5,1943,0,1,1,NA,2,210,I-105 W/B (GLENN ANDERSON FWY),ATLANTIC AVE.,500,W,N,B,-,Y,NA,NA,105,NA,NA,NA,NA,NA,W,Y,4,0,2,4,A,-,03,22350,NA,N,C,C,A,A,H,-,A,D,0,NA,NA,NA,NA,Y,NA,A,01,0,0,2,0,0,0,0,0,0,-,-,33.91676,-118.19115,LOS ANGELES,LYNWOOD,-118.19111899,33.91683802
90341889,2016,2016-12-12,9530,2016-12-07,1215,020930,NA,3,1,9,1900,0,3,5,NA,2,001,ALAMEDA ST.,76TH ST.,0,NA,Y,A,-,N,NA,NA,NA,NA,NA,NA,NA,NA,NA,Y,4,0,2,2,A,-,09,21801,A,N,D,C,A,A,H,-,A,D,0,NA,NA,NA,NA,Y,NA,A,01,0,0,2,0,0,0,0,0,0,-,-,33.9719,-118.2342,LOS ANGELES,UNINCORPORATED,-118.23423,33.97192001
9034189,2019,2020-01-22,1942,2019-09-10,2120,41760,0557,2,5,7,1942,0,0,0,E,0,5A55,1ST ST,CABRILLO AV,150,E,N,A,-,N,NA,NA,NA,NA,NA,NA,NA,NA,NA,N,4,0,1,2,A,-,03,22350,NA,N,C,C,A,A,H,-,C,D,0,NA,NA,NA,NA,Y,NA,A,01,0,0,1,0,0,0,0,0,0,-,-,NA,NA,LOS ANGELES,LOS ANGELES,-118.29404449462892,33.743324279785156
90341896,2016,2016-12-12,9530,2016-12-08,1045,020427,NA,4,1,5,1977,0,1,1,NA,2,410,I-405 N/B (SAN DIEGO FREEWAY),WILMINGTON AVE.,60,S,N,A,-,Y,NA,NA,405,NA,NA,NA,NA,NA,N,Y,4,0,3,4,A,-,03,22350,NA,N,C,C,A,A,H,-,A,D,0,NA,NA,NA,NA,Y,NA,A,01,0,0,3,0,0,0,0,0,0,-,-,33.832,-118.2561,LOS ANGELES,CARSON,-118.25607428000001,33.83202515
90341901,2016,2016-12-12,9530,2016-12-09,1045,020137,NA,5,1,7,1941,0,1,1,NA,2,420,I-405 N/B TO ATLANTIC AVE.,ATLANTIC AVE.,36,S,N,B,-,Y,NA,NA,405,NA,NA,NA,R,NA,N,N,4,0,2,2,A,-,03,22350,NA,N,C,C,A,A,H,-,A,D,0,NA,NA,NA,NA,Y,NA,A,01,0,0,2,0,0,0,0,0,0,-,-,33.81658,-118.18491,LOS ANGELES,LONG BEACH,-118.18491,33.81658
90341905,2016,2016-12-12,9530,2016-12-09,1700,020566,NA,5,2,7,1942,0,1,1,NA,2,110,I-110 N/B (HARBOR FREEWAY),SR-91,528,S,N,A,-,Y,NA,NA,110,NA,NA,NA,NA,NA,N,N,4,0,1,2,A,-,03,22350,NA,N,C,C,A,A,H,-,D,D,0,NA,NA,NA,NA,Y,NA,A,01,0,0,1,0,0,0,0,0,0,-,-,33.87119,-118.28497,LOS ANGELES,LOS ANGELES,-118.2848193,33.87119026
90341909,2016,2016-12-12,9530,2016-12-10,1730,017860,NA,6,2,7,1941,0,1,1,NA,2,420,I-405 S/B (SAN DIEGO FREEWAY),SANTA FE AVE.,742,S,N,A,-,Y,NA,NA,405,NA,NA,NA,NA,NA,S,Y,4,0,1,2,A,-,03,22350,NA,N,C,C,A,A,H,-,A,D,0,NA,NA,Y,NA,Y,NA,C,02,0,0,1,0,0,0,0,0,1,-,-,33.82588,-118.21313,LOS ANGELES,LONG BEACH,-118.213121,33.82584329
90341912,2016,2016-12-12,9575,2016-12-02,0753,021257,NA,5,1,7,1942,0,1,1,NA,2,053,I-5 S/B (GOLDEN STATE FREEWAY),OSBORNE ST.,75,N,N,A,-,Y,NA,NA,5,NA,NA,NA,NA,NA,S,Y,4,0,1,3,A,-,03,22350,NA,N,C,C,A,A,H,-,A,D,0,NA,NA,NA,NA,Y,NA,A,01,0,0,1,0,0,0,0,0,0,-,-,34.24588,-118.42381,LOS ANGELES,LOS ANGELES,-118.42380401,34.24588633
90341918,2016,2016-12-12,9575,2016-12-03,1818,021144,NA,6,2,9,1900,0,1,1,NA,2,062,I-210 E/B (FOOTHILL FREEWAY),LA CRESCENTA AVE.,10,W,N,A,-,Y,NA,NA,210,NA,NA,NA,NA,NA,E,Y,4,0,1,2,A,-,03,22350,NA,N,C,C,A,A,H,-,D,D,0,NA,NA,NA,NA,Y,NA,A,01,0,0,1,0,0,0,0,0,0,-,-,34.21855,-118.24022,LOS ANGELES,UNINCORPORATED,-118.24019899,34.21859169
90341940,2016,2016-12-12,9540,2016-11-21,2030,017076,NA,1,2,9,1900,0,1,1,NA,2,512,I-5 N/B (GOLDEN STATE FREEWAY),GORMAN CREEK AQUEDUCT,3168,S,N,A,-,Y,NA,NA,5,NA,NA,NA,NA,NA,N,Y,2,0,1,1,A,-,01,23152,E,N,H,A,A,A,H,-,D,D,0,NA,NA,NA,NA,Y,NA,A,01,1,0,0,0,0,0,0,0,0,-,-,34.73733,-118.79708,LOS ANGELES,UNINCORPORATED,-118.79723534,34.73735701
90341948,2016,2016-12-12,9540,2016-12-05,1830,019853,NA,1,2,9,1900,0,2,4,NA,2,012,PICO CANYON ROAD (24900 BLOCK),CONSTITUTION AVE,200,E,N,A,-,Y,NA,NA,NA,NA,NA,NA,NA,NA,NA,Y,4,0,1,2,A,-,09,21801,NA,F,E,C,A,A,H,-,C,D,0,NA,NA,NA,NA,Y,NA,-,99,0,0,1,0,0,0,0,0,0,-,-,34.38182,-118.57447,LOS ANGELES,UNINCORPORATED,-118.57483836,34.38189988
90341956,2016,2016-12-12,9540,2016-12-05,0730,021361,NA,1,1,9,1900,0,1,1,NA,1,503,I-5 S/B (GOLDEN STATE FREEWAY),WELDON CANYON RD,2640,S,N,A,-,Y,NA,NA,5,NA,NA,NA,NA,NA,S,Y,4,0,2,3,A,-,03,22350,NA,N,C,C,A,A,H,-,A,D,0,NA,NA,NA,NA,Y,NA,A,01,0,0,2,0,0,0,0,0,0,-,-,34.33865,-118.51628,LOS ANGELES,UNINCORPORATED,-118.51629846,34.33861275
90341972,2016,2016-12-12,9545,2016-11-21,2100,018033,NA,1,2,9,1900,0,3,5,NA,2,003,MOUNT EMMA RD,ANGELES FOREST HWY,7972,E,N,A,-,N,NA,NA,NA,NA,NA,NA,NA,NA,NA,Y,4,0,1,1,A,-,01,23152,A,N,F,I,A,A,H,-,D,D,0,NA,NA,NA,NA,Y,Y,A,01,0,0,1,0,0,0,0,0,0,-,-,34.48511,-118.26708000000001,LOS ANGELES,UNINCORPORATED,-118.08599978,34.46203087