CASE_ID,ACCIDENT_YEAR,PROC_DATE,JURIS,COLLISION_DATE,COLLISION_TIME,OFFICER_ID,REPORTING_DISTRICT,DAY_OF_WEEK,CHP_SHIFT,POPULATION,CNTY_CITY_LOC,SPECIAL_COND,BEAT_TYPE,CHP_BEAT_TYPE,CITY_DIVISION_LAPD,CHP_BEAT_CLASS,BEAT_NUMBER,PRIMARY_RD,SECONDARY_RD,DISTANCE,DIRECTION,INTERSECTION,WEATHER_1,WEATHER_2,STATE_HWY_IND,CALTRANS_COUNTY,CALTRANS_DISTRICT,STATE_ROUTE,ROUTE_SUFFIX,POSTMILE_PREFIX,POSTMILE,LOCATION_TYPE,RAMP_INTERSECTION,SIDE_OF_HWY,TOW_AWAY,COLLISION_SEVERITY,NUMBER_KILLED,NUMBER_INJURED,PARTY_COUNT,PRIMARY_COLL_FACTOR,PCF_CODE_OF_VIOL,PCF_VIOL_CATEGORY,PCF_VIOLATION,PCF_VIOL_SUBSECTION,HIT_AND_RUN,TYPE_OF_COLLISION,MVIW,PED_ACTION,ROAD_SURFACE,ROAD_COND_1,ROAD_COND_2,LIGHTING,CONTROL_DEVICE,CHP_ROAD_TYPE,PEDESTRIAN_ACCIDENT,BICYCLE_ACCIDENT,MOTORCYCLE_ACCIDENT,TRUCK_ACCIDENT,NOT_PRIVATE_PROPERTY,ALCOHOL_INVOLVED,STWD_VEHTYPE_AT_FAULT,CHP_VEHTYPE_AT_FAULT,COUNT_SEVERE_INJ,COUNT_VISIBLE_INJ,COUNT_COMPLAINT_PAIN,COUNT_PED_KILLED,COUNT_PED_INJURED,COUNT_BICYCLIST_KILLED,COUNT_BICYCLIST_INJURED,COUNT_MC_KILLED,COUNT_MC_INJURED,PRIMARY_RAMP,SECONDARY_RAMP,LATITUDE,LONGITUDE,COUNTY,CITY,POINT_X,POINT_Y
90345625,2016,2016-12-15,9575,2016-12-07,1415,016741,NA,3,2,6,1953,0,1,1,NA,2,064,I-210 W/B (FOOTHILL FREEWAY),EL MOLINO AVE,540,E,N,A,-,Y,NA,NA,NA,NA,NA,NA,NA,NA,NA,Y,4,0,1,2,A,-,03,22350,NA,N,C,C,A,A,H,-,A,D,0,NA,NA,NA,Y,Y,NA,G,25,0,0,1,0,0,0,0,0,0,-,-,34.9705,-118.81029,LOS ANGELES,PASADENA,-118.13513899,34.15201043
90345630,2016,2016-12-15,9565,2016-12-09,1401,020468,NA,5,2,7,1942,0,1,1,NA,2,063,I-405 S/B (SAN DIEGO FREEWAY),MONTANA AVE,1200,S,N,B,-,Y,NA,NA,405,NA,NA,NA,NA,NA,S,Y,4,0,1,4,A,-,03,22350,NA,N,C,C,A,A,H,-,A,D,0,NA,NA,NA,NA,Y,NA,A,01,0,0,1,0,0,0,0,0,0,-,-,34.06423,-118.45946000000001,LOS ANGELES,LOS ANGELES,-118.45937947,34.06429961
90345645,2016,2016-12-15,9530,2016-12-04,0045,020935,NA,7,3,5,1915,0,1,3,NA,2,310,SR-91 E/B (ARTESIA FREEWAY),CENTRAL AVE.,500,E,N,A,-,Y,NA,NA,91,NA,NA,NA,NA,NA,E,N,4,0,1,2,A,-,03,22350,NA,M,C,C,A,A,H,-,C,D,0,NA,NA,NA,NA,Y,NA,-,99,0,0,1,0,0,0,0,0,0,-,-,33.8733,-118.2448,LOS ANGELES,COMPTON,-118.24480203,33.87337137
90345677,2016,2016-12-15,9530,2016-12-05,2240,020307,NA,1,3,9,1900,0,3,5,NA,2,001,NADEAU ST.,ALAMEDA ST.,0,NA,Y,A,-,N,NA,NA,NA,NA,NA,NA,NA,NA,NA,Y,4,0,1,3,A,-,12,21453,A,M,D,C,A,A,H,-,C,A,0,NA,NA,NA,NA,Y,NA,A,01,0,0,1,0,0,0,0,0,0,-,-,33.96744,-118.23323,LOS ANGELES,UNINCORPORATED,-118.23322003,33.96745012
9034570,2019,2020-02-08,1910,2019-12-29,1124,04335,NA,7,5,4,1910,0,0,0,NA,0,007,CIVIC CENTER DR,FOOTHILL RD,270,W,N,A,-,N,NA,NA,NA,NA,NA,NA,NA,NA,NA,N,4,0,2,3,A,-,21,22106,NA,N,G,B,D,A,H,-,A,D,0,Y,NA,NA,NA,Y,NA,A,07,0,0,2,0,2,0,0,0,0,-,-,34.07482147216797,-118.39840698242188,LOS ANGELES,BEVERLY HILLS,-118.39678192138672,34.0759162902832
90345720,2016,2016-12-15,9535,2016-12-03,1330,020851,NA,6,1,6,1922,0,1,1,NA,2,401,I-10 (SAN BERNARDINO FREEWAY) W/B,SANTA ANITA AVE.,2000,W,N,A,-,Y,NA,NA,10,NA,NA,NA,NA,NA,W,Y,3,0,1,1,A,-,03,22350,NA,N,F,A,A,A,H,-,A,D,0,NA,NA,Y,NA,Y,NA,C,02,0,1,0,0,0,0,0,0,1,-,-,34.07064,-118.04792,LOS ANGELES,EL MONTE,-118.04790953,34.07066458
90345723,2016,2016-12-15,9550,2016-11-29,0840,015449,NA,2,1,9,1900,0,3,5,NA,2,002,OVAL DRIVE,ARMLEY AVENUE,0,NA,Y,A,-,N,NA,NA,NA,NA,NA,NA,NA,NA,NA,N,3,0,1,2,A,-,10,21950,A,F,G,B,B,A,H,-,A,D,0,Y,NA,NA,NA,Y,NA,A,01,0,1,0,0,1,0,0,0,0,-,-,33.94449,-118.02629,LOS ANGELES,UNINCORPORATED,-118.02633001,33.94443001
9034574,2019,2020-03-04,1910,2019-12-18,1317,04335,NA,3,5,4,1910,0,0,0,NA,0,005,N LINDER DR,CHARLEVILLE BL,110,N,N,A,-,N,NA,NA,NA,NA,NA,NA,NA,NA,NA,N,4,0,1,4,A,-,03,22350,NA,N,B,E,A,A,H,-,A,D,0,NA,NA,NA,NA,Y,NA,A,01,0,0,1,0,0,0,0,0,0,-,-,34.0654411315918,-118.40779113769533,LOS ANGELES,BEVERLY HILLS,-118.40782928466795,34.065311431884766
90345758,2016,2016-12-15,9550,2016-12-02,1325,020974,NA,5,1,5,1935,0,1,1,NA,2,653,I-605 S/B TO DEL AMO BOULEVARD,DEL AMO BOULEVARD,45,N,N,A,-,Y,NA,NA,605,NA,NA,NA,R,NA,S,N,4,0,1,2,A,-,03,22350,NA,N,C,C,A,A,H,-,A,D,0,NA,NA,NA,NA,Y,NA,A,01,0,0,1,0,0,0,0,0,0,-,-,33.84602,-118.09423,LOS ANGELES,LAKEWOOD,-118.09423,33.84602
9034578,2019,2020-02-08,1942,2019-12-16,1605,42650,375,1,5,7,1942,0,0,0,NA,0,3A58,38TH PL,GRAMMERCY PL,500,E,N,A,-,N,NA,NA,NA,NA,NA,NA,NA,NA,NA,N,4,0,2,2,A,-,09,21804,A,N,B,C,A,A,H,-,A,D,0,NA,NA,NA,NA,Y,NA,-,-,0,0,2,0,0,0,0,0,0,-,-,NA,NA,LOS ANGELES,LOS ANGELES,-118.31162261962892,34.016441345214844
90345784,2016,2016-12-15,9530,2016-12-08,1815,020140,NA,4,2,9,1900,0,3,5,NA,2,005,MANHATTAN BEACH BLVD. (3600 BLOCK),CERISE AVE.,528,W,N,A,-,Y,NA,NA,NA,NA,NA,NA,NA,NA,NA,N,3,0,1,2,A,-,11,21954,A,N,G,B,D,A,H,-,C,D,0,Y,NA,NA,NA,Y,NA,N,60,0,1,0,0,1,0,0,0,0,-,-,33.88737,-118.3355,LOS ANGELES,UNINCORPORATED,-118.33520641,33.88738
90345789,2016,2016-12-15,9550,2016-12-03,0900,020974,NA,6,1,5,1919,0,1,3,NA,2,092,SR-91 E/B,NORWALK BOULEVARD,650,E,N,A,-,Y,NA,NA,91,NA,NA,NA,NA,NA,E,N,4,0,1,2,A,-,21,22106,NA,N,C,C,A,A,H,-,A,D,0,NA,NA,NA,NA,Y,NA,A,01,0,0,1,0,0,0,0,0,0,-,-,33.87628,-118.06879,LOS ANGELES,CERRITOS,-118.06878116,33.87649507
90345818,2016,2016-12-15,9565,2016-12-03,1330,021251,NA,6,1,9,1900,0,3,5,NA,2,002,134TH ST.,LEMOLI AVE.,0,NA,Y,A,-,N,NA,NA,NA,NA,NA,NA,NA,NA,NA,Y,4,0,1,2,A,-,09,21802,A,N,D,C,A,A,H,-,A,A,0,NA,NA,NA,NA,Y,NA,D,22,0,0,1,0,0,0,0,0,0,-,-,33.91075,-118.33083,LOS ANGELES,UNINCORPORATED,-118.33085013,33.91074003
9034585,2019,2020-02-05,1942,2019-12-18,1825,41104,LAPD,3,5,7,1942,0,0,0,NA,0,9X84,VENTURA BL,ARCH DR,0,NA,N,A,-,N,NA,NA,NA,NA,NA,NA,NA,NA,NA,Y,4,0,1,2,A,-,08,22102,NA,N,D,C,A,A,H,-,C,D,0,NA,NA,NA,NA,Y,NA,A,01,0,0,1,0,0,0,0,0,0,-,-,NA,NA,LOS ANGELES,LOS ANGELES,-118.37413024902344,34.14189910888672
90345949,2016,2016-12-15,9590,2016-09-16,1530,021190,NA,5,2,7,1942,0,1,1,NA,2,063,I-10 W/B (SANTA MONICA FREEWAY),ALAMEDA STREET,400,W,N,A,-,Y,NA,NA,10,NA,NA,NA,NA,NA,W,Y,4,0,3,2,A,-,03,22350,NA,M,C,C,A,A,H,-,A,D,0,NA,NA,NA,NA,Y,NA,A,01,0,0,3,0,0,0,0,0,0,-,-,34.02435,-118.24008,LOS ANGELES,LOS ANGELES,-118.24011037,34.024424
90346037,2016,2016-12-15,9590,2016-12-12,1845,020409,NA,1,2,7,1942,0,1,2,NA,2,071,US-101 S/B (HOLLYWOOD FREEWAY),BONNIE BRAE STREET,200,S,N,A,-,Y,NA,NA,101,NA,NA,NA,NA,NA,S,N,4,0,4,2,A,-,03,22350,NA,N,C,C,A,A,H,-,C,D,0,NA,NA,NA,NA,Y,NA,A,01,0,0,4,0,0,0,0,0,0,-,-,34.0707,-118.26427,LOS ANGELES,LOS ANGELES,-118.26424488,34.07075714
90346049,2016,2016-12-15,9535,2016-12-10,0551,017954,NA,6,3,9,1900,0,2,4,NA,2,021,EASTERN AVE.,EAGLE ST.,0,NA,Y,A,-,N,NA,NA,NA,NA,NA,NA,NA,NA,NA,Y,2,0,3,2,A,-,01,23152,A,N,D,C,A,A,H,-,C,A,0,NA,NA,NA,NA,Y,Y,A,01,1,2,0,0,0,0,0,0,0,-,-,34.03021,-118.17403,LOS ANGELES,UNINCORPORATED,-118.17402007,34.03019011
90346077,2016,2016-12-15,9590,2016-09-24,1520,018997,NA,6,2,7,1942,0,1,1,NA,2,060,I-10 E/B (SANTA MONICA FREEWAY),10TH AVE,220,W,N,A,-,Y,NA,NA,10,NA,NA,NA,NA,NA,E,Y,3,0,2,4,C,-,18,NA,NA,N,C,C,A,A,H,-,A,D,0,NA,NA,NA,NA,Y,NA,-,-,0,1,1,0,0,0,0,0,0,-,-,34.03517,-118.32827,LOS ANGELES,LOS ANGELES,-118.3282743,34.03523535
90346087,2016,2016-12-15,9535,2016-10-02,1940,021154,NA,7,2,9,1900,0,1,3,NA,2,066,SR-164 (ROSEMEAD BLVD 1300 BLOCK),SR-60 (POMONA FREEWAY),200,N,N,A,-,N,NA,NA,164,NA,NA,NA,NA,NA,NA,Y,4,0,2,2,A,-,03,22350,NA,M,C,C,A,A,H,-,D,D,0,NA,NA,NA,NA,Y,NA,A,01,0,0,2,0,0,0,0,0,0,-,-,34.045,-118.06435,LOS ANGELES,UNINCORPORATED,-118.06438016,34.045
90346094,2016,2016-12-15,9550,2016-12-06,0830,021449,NA,2,1,5,1919,0,1,1,NA,2,652,I-605 N/B,SOUTH STREET,200,N,N,B,-,Y,NA,NA,605,NA,NA,NA,NA,NA,N,Y,3,0,3,3,A,-,03,22350,NA,N,C,C,A,A,H,-,A,D,0,NA,NA,NA,Y,Y,NA,D,22,0,3,0,0,0,0,0,0,0,-,-,33.85906,-118.09613,LOS ANGELES,CERRITOS,-118.09617179,33.85904892
90346124,2016,2016-12-15,9535,2016-10-16,1825,021154,NA,7,2,3,1914,0,1,1,NA,2,072,I-710 (LONG BEACH FREEWAY) N/B,WASHINGTON BLVD,145,S,N,A,-,Y,NA,NA,710,NA,NA,NA,NA,NA,N,Y,3,0,1,3,A,-,03,22350,NA,N,B,C,A,A,H,-,D,D,0,NA,NA,NA,NA,Y,NA,D,22,0,1,0,0,0,0,0,0,0,-,-,34.00429,-118.17296,LOS ANGELES,COMMERCE,-118.1729788,34.00429553
9034617,2019,2020-02-05,1942,2019-12-17,1545,41613,9396,2,5,7,1942,0,0,0,NA,0,NA,HOOVER ST,43RD PL,0,NA,Y,A,-,N,NA,NA,NA,NA,NA,NA,NA,NA,NA,Y,4,0,1,2,A,-,12,22450,A,N,H,C,A,A,H,-,A,D,0,NA,NA,NA,NA,Y,NA,A,01,0,0,1,0,0,0,0,0,0,-,-,NA,NA,LOS ANGELES,LOS ANGELES,-118.28717041015624,34.00461196899414
90346216,2016,2016-12-15,9535,2016-11-10,0630,018221,NA,4,1,9,1900,0,1,3,NA,2,601,SR-60 (POMONA FREEWAY) W/B,INDIANA ST.,600,E,N,A,-,Y,NA,NA,60,NA,NA,NA,NA,NA,W,Y,4,0,1,2,A,-,03,22350,NA,N,C,C,A,A,H,-,A,D,0,NA,NA,Y,NA,Y,NA,C,02,0,0,1,0,0,0,0,0,1,-,-,34.03159,-118.19021,LOS ANGELES,UNINCORPORATED,-118.19023666,34.03178393
90346254,2016,2016-12-15,9535,2016-10-17,0500,018527,NA,1,3,9,1900,0,1,1,NA,2,651,I-605 S/B (SAN GABRIEL RIVER FWY),SR-60,5280,N,N,B,C,Y,NA,NA,605,NA,NA,NA,NA,NA,S,Y,2,0,1,3,A,-,03,22350,NA,F,B,C,A,B,H,-,C,D,0,NA,NA,NA,NA,Y,NA,A,01,1,0,0,0,0,0,0,0,0,-,-,34.04159,-118.01367,LOS ANGELES,UNINCORPORATED,-118.01367825,34.04160882
90346260,2016,2016-12-15,9590,2016-11-23,1150,016641,NA,3,1,7,1942,0,1,2,NA,2,073,US-101 S/B (HOLLYWOOD FREEWAY),FOUNTAIN AVE.,100,N,N,A,-,Y,NA,NA,101,NA,NA,NA,NA,NA,S,N,4,0,1,3,A,-,03,22350,NA,F,C,C,A,A,H,-,A,D,0,NA,NA,NA,NA,Y,NA,A,01,0,0,1,0,0,0,0,0,0,-,-,34.09489,-118.31124,LOS ANGELES,LOS ANGELES,-118.31123809,34.09489301
90346304,2016,2016-12-16,9580,2016-12-05,0550,015926,NA,1,3,7,1942,0,1,2,NA,2,105,US-101 S/B (VENTURA FREEWAY),LINDLEY AVE,598,N,N,A,-,Y,NA,NA,101,NA,NA,NA,NA,NA,S,Y,4,0,2,2,A,-,08,22107,NA,N,B,C,A,A,H,-,D,D,0,NA,NA,NA,NA,Y,NA,A,01,0,0,2,0,0,0,0,0,0,-,-,34.17119,-118.52882,LOS ANGELES,LOS ANGELES,-118.52882322,34.17111774
90346306,2016,2016-12-16,9580,2016-12-05,0550,016523,NA,1,3,7,1942,0,1,1,NA,2,407,I-405 S/B (SAN DIEGO FWY),DEVONSHIRE ST,50,N,N,A,-,Y,NA,NA,405,NA,NA,NA,NA,NA,S,N,4,0,1,2,A,-,07,21658,A,M,C,C,A,A,H,-,C,D,0,NA,NA,NA,NA,Y,NA,-,99,0,0,1,0,0,0,0,0,0,-,-,34.25824,-118.47229,LOS ANGELES,LOS ANGELES,-118.47235815,34.25824063
90346309,2016,2016-12-16,9580,2016-12-05,1510,019715,NA,1,2,7,1942,0,1,3,NA,2,116,SR-118 E/B (RONALD REAGAN FWY.),WILBUR AVE,200,E,N,A,-,Y,NA,NA,118,NA,NA,NA,NA,NA,E,N,4,0,1,3,A,-,03,22350,NA,N,C,C,A,A,H,-,A,D,0,NA,NA,NA,NA,Y,NA,D,22,0,0,1,0,0,0,0,0,0,-,-,34.2741,-118.5462,LOS ANGELES,LOS ANGELES,-118.54619847,34.27408945
90346313,2016,2017-01-04,9580,2016-12-05,1900,020400,NA,1,2,7,1942,0,1,2,NA,2,100,US-101 N/B (HOLLYWOOD FWY),VINELAND AVE,350,S,N,B,-,Y,NA,NA,101,NA,NA,NA,NA,NA,N,Y,4,0,1,5,A,-,03,22350,NA,N,C,C,A,A,H,-,C,D,0,NA,NA,NA,NA,Y,NA,A,01,0,0,1,0,0,0,0,0,0,-,-,34.14626,-118.36916,LOS ANGELES,LOS ANGELES,-118.36919777,34.14621838
90346314,2016,2017-02-07,9580,2016-12-05,1730,020400,NA,1,2,7,1942,0,1,2,NA,2,100,US-101 N/B (HOLLYWOOD FWY),VINELAND AVE,500,S,N,A,-,Y,NA,NA,101,NA,NA,NA,NA,NA,N,Y,4,0,2,3,A,-,03,22350,NA,N,C,C,A,A,H,-,C,D,0,NA,NA,NA,NA,Y,NA,A,01,0,0,2,0,0,0,0,0,0,-,-,34.14626,-118.36916,LOS ANGELES,LOS ANGELES,-118.36919777,34.14621838
90346315,2016,2016-12-16,9580,2016-12-05,0010,020876,NA,1,3,7,1942,0,1,2,NA,2,102,US-101 N/B (VENTURA FREEWAY),VAN NUYS BLVD,200,S,N,A,-,Y,NA,NA,101,NA,NA,NA,NA,NA,N,Y,4,0,2,2,A,-,08,22107,NA,N,B,C,A,A,H,-,D,D,0,NA,NA,NA,NA,Y,NA,A,01,0,0,2,0,0,0,0,0,0,-,-,34.1567,-118.44738,LOS ANGELES,LOS ANGELES,-118.44743736,34.15657287
90346320,2016,2016-12-16,9580,2016-11-30,1359,019715,NA,3,1,7,1942,0,1,1,NA,2,404,I-405 N/B FROM VICTORY BLVD.,VICTORY BLVD,600,N,N,A,-,Y,NA,NA,405,NA,NA,NA,R,NA,N,Y,3,0,1,1,D,-,00,NA,NA,N,E,I,A,A,H,-,A,D,0,NA,NA,NA,NA,Y,NA,-,-,0,1,0,0,0,0,0,0,0,-,-,34.1887,-118.4739,LOS ANGELES,LOS ANGELES,-118.4739,34.1887
90346360,2016,2016-12-16,9565,2016-12-14,1210,016326,NA,3,1,9,1900,0,3,5,NA,2,003,48TH ST,VICTORIA AVE.,0,NA,Y,A,-,N,NA,NA,NA,NA,NA,NA,NA,NA,NA,N,4,0,1,2,A,-,09,21802,A,N,D,C,A,A,H,-,A,A,0,NA,NA,NA,NA,Y,NA,A,01,0,0,1,0,0,0,0,0,0,-,-,34,-118.33205,LOS ANGELES,UNINCORPORATED,-118.33203012,34.00001005
90346377,2016,2016-12-16,9540,2016-12-02,0825,018513,NA,5,1,7,1942,0,1,1,NA,1,503,I-5 S/B (GOLDEN STATE FREEWAY),SAN FERNANDO RD.,400,N,N,A,-,Y,NA,NA,5,NA,NA,NA,NA,NA,S,N,4,0,1,2,A,-,03,22350,NA,N,C,C,A,A,H,-,A,D,0,NA,NA,NA,NA,Y,NA,E,22,0,0,1,0,0,0,0,0,0,-,-,34.32466,-118.5032,LOS ANGELES,LOS ANGELES,-118.50298483,34.32489823
90346380,2016,2016-12-16,9545,2016-11-23,1700,018033,NA,3,2,9,1900,0,3,5,NA,2,003,ANGELES FOREST HWY,PACIFICO MOUNTAIN RD,38,N,N,A,-,Y,NA,NA,NA,NA,NA,NA,NA,NA,NA,Y,2,0,6,2,A,-,01,23153,A,N,A,C,A,A,H,-,D,D,0,NA,NA,NA,NA,Y,Y,D,22,5,0,1,0,0,0,0,0,0,-,-,34.39153,-118.08092,LOS ANGELES,UNINCORPORATED,NA,NA
9034639,2019,2020-02-10,1947,2019-12-15,2221,1406,NA,7,5,5,1947,0,0,0,NA,0,00F,PARAMOUNT BL,ARROYO DR,0,NA,Y,A,-,N,NA,NA,NA,NA,NA,NA,NA,NA,NA,N,4,0,2,2,A,-,08,22107,NA,N,A,C,A,A,H,-,C,A,0,NA,NA,NA,NA,Y,NA,-,-,0,0,2,0,0,0,0,0,0,-,-,34.041561126708984,-118.0918197631836,LOS ANGELES,MONTEBELLO,-118.09192657470705,34.04159164428711
90346391,2016,2016-12-16,9540,2016-12-12,0830,013893,NA,1,1,9,1900,0,2,4,NA,1,201,SIERRA HIGHWAY (14000 BLOCK),DAVENPORT RD,2640,N,N,B,-,N,NA,NA,NA,NA,NA,NA,NA,NA,NA,Y,3,0,1,1,A,-,08,22107,NA,N,E,I,A,A,H,-,A,D,0,NA,NA,NA,NA,Y,NA,A,01,0,1,0,0,0,0,0,0,0,-,-,34.48929,-118.38682,LOS ANGELES,UNINCORPORATED,-118.38705854,34.4888115
90346409,2016,2016-12-16,9530,2016-12-01,0800,021290,NA,4,1,7,1942,0,1,1,NA,2,200,I-105 W/B (GLENN ANDERSON FWY),AVALON BLVD.,330,W,N,A,-,Y,NA,NA,105,NA,NA,NA,NA,NA,W,Y,4,0,1,2,A,-,07,21658,A,N,C,C,A,A,H,-,A,D,0,NA,NA,Y,NA,Y,NA,A,01,0,0,1,0,0,0,0,0,1,-,-,33.92761,-118.26634,LOS ANGELES,LOS ANGELES,-118.26634,33.92765084
9034641,2019,2020-02-24,1947,2019-12-04,1352,1428,NA,3,5,5,1947,0,0,0,NA,0,00C,E BEVERLY BL,N 1ST ST,0,NA,Y,B,-,N,NA,NA,NA,NA,NA,NA,NA,NA,NA,Y,4,0,3,2,A,-,09,21804,A,N,A,C,A,B,H,-,A,D,0,NA,NA,NA,NA,Y,NA,A,07,0,0,3,0,0,0,0,0,0,-,-,34.01565170288086,-118.09857940673828,LOS ANGELES,MONTEBELLO,-118.0985870361328,34.015628814697266
90346414,2016,2016-12-16,9545,2016-12-13,0540,015351,NA,2,3,9,1900,0,1,3,NA,2,031,SR-14 S/B,CROWN VALLEY RD,1056,S,N,E,-,Y,NA,NA,14,NA,NA,NA,NA,NA,S,Y,4,0,3,3,A,-,03,22350,NA,N,C,C,A,A,H,-,C,D,0,NA,NA,NA,NA,Y,NA,A,01,0,0,3,0,0,0,0,0,0,-,-,34.4916,-118.20127,LOS ANGELES,UNINCORPORATED,-118.20125846,34.49149743
90346447,2016,2016-12-16,9535,2016-12-07,1227,019121,NA,3,1,5,1959,0,1,1,NA,2,400,I-10 (SAN BERNARDINO FREEWAY) E/B,SAN GABRIEL BOULEVARD,200,E,N,A,-,Y,NA,NA,10,NA,NA,NA,NA,NA,E,Y,4,0,1,2,A,-,03,22350,NA,N,C,C,A,A,H,-,A,D,0,NA,NA,NA,NA,Y,NA,A,01,0,0,1,0,0,0,0,0,0,-,-,34.07194,-118.08929,LOS ANGELES,ROSEMEAD,-118.0892889,34.07185205
9034645,2019,2020-02-24,1947,2019-12-14,0431,1428,NA,6,5,5,1947,0,0,0,NA,0,00A,NORTH GARFIELD AV,VIA SAN DELARRO ST,0,NA,Y,B,C,N,NA,NA,NA,NA,NA,NA,NA,NA,NA,Y,3,0,1,4,A,-,08,22107,NA,N,H,E,A,B,H,-,C,D,0,NA,NA,NA,NA,Y,Y,A,01,0,1,0,0,0,0,0,0,0,-,-,34.02553176879883,-118.12934112548828,LOS ANGELES,MONTEBELLO,-118.1304931640625,34.025718688964844
90346456,2016,2016-12-16,9530,2016-12-13,0705,014701,NA,2,1,7,1941,0,1,1,NA,2,072,I-710 N/B (LONG BEACH FREEWAY),I-405 N/B (SAN DIEGO FREEWAY),1584,N,N,B,-,Y,NA,NA,710,NA,NA,NA,NA,NA,N,N,4,0,1,3,A,-,07,21658,A,N,B,C,A,A,H,-,A,D,0,NA,NA,NA,NA,Y,NA,A,01,0,0,1,0,0,0,0,0,0,-,-,33.842,-118.207,LOS ANGELES,LONG BEACH,-118.20659022,33.84188195
90346462,2016,2016-12-16,9530,2016-11-20,0120,021106,NA,7,3,7,1941,0,1,3,NA,2,320,SR-91 E/B TO I-710 S/B,I-710,420,W,N,A,-,Y,NA,NA,NA,NA,NA,NA,NA,NA,NA,Y,4,0,1,1,A,-,01,23152,A,N,E,I,A,A,H,-,C,D,0,NA,NA,NA,NA,Y,Y,A,07,0,0,1,0,0,0,0,0,0,-,-,33.5219,-118.1139,LOS ANGELES,LONG BEACH,-118.19361,33.87514
90346484,2016,2016-12-16,9535,2016-12-08,1905,017586,NA,4,2,5,1943,0,1,1,NA,2,074,I-710 (LONG BEACH FREEWAY) N/B,I-105 (CENTURY FREEWAY) W/B,1000,N,N,A,-,Y,NA,NA,710,NA,NA,NA,NA,NA,N,Y,4,0,1,2,A,-,07,21658,A,N,B,C,A,A,H,-,C,D,0,NA,NA,NA,Y,Y,NA,G,25,0,0,1,0,0,0,0,0,0,-,-,33.92125,-118.17819,LOS ANGELES,LYNWOOD,-118.17817483,33.92124692
90346501,2016,2016-12-16,9530,2016-12-13,1120,014413,NA,2,1,9,1900,0,3,5,NA,2,001,FIRESTONE BLVD. (2100 BLOCK),IVY ST.,80,W,N,A,-,N,NA,NA,NA,NA,NA,NA,NA,NA,NA,N,4,0,1,2,A,-,03,22350,NA,N,C,C,A,A,H,-,A,A,0,NA,NA,NA,NA,Y,NA,A,01,0,0,1,0,0,0,0,0,0,-,-,33.96001,-118.23429,LOS ANGELES,UNINCORPORATED,-118.23428998,33.96014467
90346513,2016,2016-12-16,9565,2016-12-07,2126,020076,NA,3,2,7,1942,0,1,S,NA,2,904,I-405 S/B TO CHURCH LANE,CHURCH LANE,165,E,N,A,-,Y,NA,NA,405,NA,NA,NA,R,NA,S,Y,4,0,1,1,A,-,01,23152,A,N,E,I,A,A,H,-,C,D,0,NA,NA,NA,NA,Y,Y,A,01,0,0,1,0,0,0,0,0,0,-,-,34.0736,-118.4677,LOS ANGELES,LOS ANGELES,-118.4677,34.0736
90346525,2016,2016-12-16,9545,2016-12-11,1220,018353,NA,7,1,6,1950,0,1,3,NA,2,021,SR-14 N/B TO AVE P,AVENUE P,600,S,N,A,-,Y,NA,NA,14,NA,NA,NA,R,NA,N,Y,4,0,2,3,A,-,03,22350,NA,N,C,C,A,A,H,-,A,D,0,NA,NA,NA,NA,Y,NA,A,01,0,0,2,0,0,0,0,0,0,-,-,34.60042,-118.14037,LOS ANGELES,PALMDALE,-118.14037,34.60042
90346529,2016,2016-12-16,9535,2016-12-14,1500,017586,NA,3,2,4,1907,0,1,1,NA,2,073,I-710 (LONG BEACH FREEWAY) S/B,GAGE AVE,300,S,N,A,-,Y,NA,NA,710,NA,NA,NA,NA,NA,S,Y,3,0,1,2,A,-,07,21658,A,N,B,C,A,A,H,-,E,D,0,NA,NA,Y,NA,Y,NA,A,07,0,1,0,0,0,0,0,0,1,-,-,33.97769,-118.16761,LOS ANGELES,BELL,-118.16751003,33.97768554
90346540,2016,2016-12-16,9565,2016-12-15,1530,016945,NA,4,2,9,1900,0,1,1,NA,2,063,I-405 S/B (SAN DIEGO FWY),WILSHIRE BLVD,210,S,N,C,-,Y,NA,NA,405,NA,NA,NA,NA,NA,S,N,4,0,1,2,A,-,03,22350,NA,N,C,C,A,B,H,-,A,D,0,NA,NA,NA,NA,Y,NA,A,01,0,0,1,0,0,0,0,0,0,-,-,34.05221,-118.44976,LOS ANGELES,UNINCORPORATED,-118.44972578,34.0522235
90346546,2016,2016-12-16,9545,2016-12-15,0300,020655,NA,4,3,9,1900,0,3,5,NA,2,004,AVENUE J,80TH ST  E,41,E,N,A,-,N,NA,NA,NA,NA,NA,NA,NA,NA,NA,Y,4,0,1,1,A,-,08,22107,NA,N,E,I,A,A,H,-,D,D,0,NA,NA,NA,NA,Y,NA,D,22,0,0,1,0,0,0,0,0,0,-,-,34.6901,-117.98756,LOS ANGELES,UNINCORPORATED,-118.27149388,34.68932
90346552,2016,2016-12-16,9540,2016-12-10,1115,021389,NA,6,1,9,1900,0,2,4,NA,2,061,THE OLD ROAD,HILLCREST BLVD,20,N,N,A,-,N,NA,NA,NA,NA,NA,NA,NA,NA,NA,N,4,0,1,2,A,-,03,22350,NA,N,C,C,A,A,H,-,A,D,0,NA,NA,NA,NA,Y,NA,D,22,0,0,1,0,0,0,0,0,0,-,-,34.4704,-118.61666,LOS ANGELES,UNINCORPORATED,-118.61669713,34.47039382