CASE_ID,ACCIDENT_YEAR,PROC_DATE,JURIS,COLLISION_DATE,COLLISION_TIME,OFFICER_ID,REPORTING_DISTRICT,DAY_OF_WEEK,CHP_SHIFT,POPULATION,CNTY_CITY_LOC,SPECIAL_COND,BEAT_TYPE,CHP_BEAT_TYPE,CITY_DIVISION_LAPD,CHP_BEAT_CLASS,BEAT_NUMBER,PRIMARY_RD,SECONDARY_RD,DISTANCE,DIRECTION,INTERSECTION,WEATHER_1,WEATHER_2,STATE_HWY_IND,CALTRANS_COUNTY,CALTRANS_DISTRICT,STATE_ROUTE,ROUTE_SUFFIX,POSTMILE_PREFIX,POSTMILE,LOCATION_TYPE,RAMP_INTERSECTION,SIDE_OF_HWY,TOW_AWAY,COLLISION_SEVERITY,NUMBER_KILLED,NUMBER_INJURED,PARTY_COUNT,PRIMARY_COLL_FACTOR,PCF_CODE_OF_VIOL,PCF_VIOL_CATEGORY,PCF_VIOLATION,PCF_VIOL_SUBSECTION,HIT_AND_RUN,TYPE_OF_COLLISION,MVIW,PED_ACTION,ROAD_SURFACE,ROAD_COND_1,ROAD_COND_2,LIGHTING,CONTROL_DEVICE,CHP_ROAD_TYPE,PEDESTRIAN_ACCIDENT,BICYCLE_ACCIDENT,MOTORCYCLE_ACCIDENT,TRUCK_ACCIDENT,NOT_PRIVATE_PROPERTY,ALCOHOL_INVOLVED,STWD_VEHTYPE_AT_FAULT,CHP_VEHTYPE_AT_FAULT,COUNT_SEVERE_INJ,COUNT_VISIBLE_INJ,COUNT_COMPLAINT_PAIN,COUNT_PED_KILLED,COUNT_PED_INJURED,COUNT_BICYCLIST_KILLED,COUNT_BICYCLIST_INJURED,COUNT_MC_KILLED,COUNT_MC_INJURED,PRIMARY_RAMP,SECONDARY_RAMP,LATITUDE,LONGITUDE,COUNTY,CITY,POINT_X,POINT_Y
90346590,2016,2016-12-16,9545,2016-12-15,1327,016124,NA,4,1,6,1992,0,1,3,NA,2,011,SR-14 S/B (ANTELOPE VALLEY FREEWAY),AVENUE L,528,S,N,B,-,Y,NA,NA,NA,NA,NA,NA,NA,NA,NA,Y,4,0,1,1,A,-,08,22107,NA,N,E,I,A,A,H,-,A,C,0,NA,NA,NA,NA,Y,NA,A,01,0,0,1,0,0,0,0,0,0,-,-,36.66472,-118.15343,LOS ANGELES,LANCASTER,NA,NA
90346591,2016,2016-12-16,9550,2016-12-07,1045,018187,NA,3,1,9,1900,0,2,4,NA,1,021,CARMENITA RD (NORTHBOUND),LAKELAND RD,0,NA,Y,A,-,N,NA,NA,NA,NA,NA,NA,NA,NA,NA,Y,4,0,1,2,A,-,12,21453,A,N,D,C,A,A,H,-,A,A,0,NA,NA,NA,NA,Y,NA,A,01,0,0,1,0,0,0,0,0,0,-,-,33.93187,-118.04641,LOS ANGELES,UNINCORPORATED,-118.04658007,33.93177002
90346602,2016,2016-12-16,9530,2016-12-13,0125,020080,NA,2,3,7,1941,0,1,1,NA,2,071,I-710 N/B (LONG BEACH FREEWAY),DEL AMO BLVD.,3010,S,N,A,-,Y,NA,NA,710,NA,NA,NA,NA,NA,N,Y,4,0,1,2,A,-,07,21658,A,M,B,C,A,A,H,-,C,D,0,NA,NA,NA,NA,Y,Y,-,99,0,0,1,0,0,0,0,0,0,-,-,33.83844,-118.20746,LOS ANGELES,LONG BEACH,-118.20752924,33.8384583
90346603,2016,2016-12-16,9530,2016-12-12,0705,014413,NA,1,1,9,1900,0,3,5,NA,2,001,ALAMEDA ST.,FIRESTONE BLVD.,0,NA,Y,A,-,N,NA,NA,NA,NA,NA,NA,NA,NA,NA,Y,3,0,2,2,A,-,12,21453,A,N,D,C,A,A,H,-,A,A,0,NA,NA,NA,NA,Y,NA,A,01,0,2,0,0,0,0,0,0,0,-,-,33.95777,-118.23135,LOS ANGELES,UNINCORPORATED,-118.23108008,33.95779008
90346616,2016,2016-12-16,9540,2016-12-09,1039,014299,NA,5,1,9,1900,0,1,1,NA,2,511,I-5 SOUTHBOUND (GOLDEN STATE FREEWAY),TEMPLIN HWY,2640,N,N,A,-,Y,NA,NA,5,NA,NA,NA,NA,NA,S,N,4,0,2,2,A,-,00,22250,NA,N,C,C,A,A,H,-,A,D,0,NA,NA,NA,NA,Y,NA,A,07,0,0,2,0,0,0,0,0,0,-,-,34.57383,-118.69512,LOS ANGELES,UNINCORPORATED,-118.69514972,34.5737491
90346620,2016,2016-12-16,9530,2016-11-22,1840,015372,NA,2,2,7,1941,0,1,1,NA,2,072,I-710 N/B (LONG BEACH FREEWAY),WILLOW ST.,725,S,N,A,-,Y,NA,NA,NA,NA,NA,NA,NA,NA,NA,Y,4,0,1,2,A,-,03,22350,NA,M,C,C,A,A,H,-,C,D,0,NA,NA,Y,NA,Y,NA,C,02,0,0,1,0,0,0,0,0,1,-,-,33.7994,-118.0272,LOS ANGELES,LONG BEACH,-118.20718501,33.80240945
90346645,2016,2016-12-16,9580,2016-12-07,0245,018297,NA,3,3,3,1989,0,1,2,NA,2,106,US-101 N/B (VENTURA FREEWAY),MUREAU RD,5280,N,N,A,-,Y,NA,NA,101,NA,NA,NA,NA,NA,N,Y,4,0,1,2,A,-,07,21658,A,N,B,C,A,A,H,-,D,D,0,NA,NA,NA,NA,Y,NA,-,-,0,0,1,0,0,0,0,0,0,-,-,34.15124,-118.68157,LOS ANGELES,CALABASAS,-118.68156997,34.15124443
90346662,2016,2016-12-16,9580,2016-12-07,0947,20003,NA,3,1,7,1942,0,1,2,NA,2,102,US-101 N/B (VENTURA FREEWAY),SEPULVEDA BLVD,1200,S,N,A,-,Y,NA,NA,101,NA,NA,NA,NA,NA,N,Y,4,0,2,4,A,-,03,22350,NA,N,C,C,A,A,H,-,A,D,0,NA,NA,NA,NA,Y,NA,A,01,0,0,2,0,0,0,0,0,0,-,-,34.15962,-118.46368,LOS ANGELES,LOS ANGELES,-118.46367995,34.15950604
9034667,2020,2020-02-08,1925,2020-01-03,1924,28137,2,5,5,6,1925,0,0,0,NA,0,269,SOUTH BRAND BL,W MAPLE ST,201,S,N,A,-,N,NA,NA,NA,NA,NA,NA,NA,NA,NA,Y,4,0,1,2,A,-,03,22350,NA,N,C,C,A,A,H,-,C,A,0,NA,NA,NA,NA,Y,NA,A,01,0,0,1,0,0,0,0,0,0,-,-,NA,NA,LOS ANGELES,GLENDALE,-118.25501251220705,34.13779830932617
90346672,2016,2016-12-16,9550,2016-12-07,0755,018187,NA,3,1,9,1900,0,3,5,NA,2,002,IMPERIAL HWY (EASTBOUND),CARMENITA RD,60,W,N,B,-,Y,NA,NA,NA,NA,NA,NA,NA,NA,NA,Y,4,0,1,3,A,-,03,22350,NA,N,C,C,A,A,H,-,A,A,0,NA,NA,NA,NA,Y,NA,A,07,0,0,1,0,0,0,0,0,0,-,-,33.91682,-118.04743,LOS ANGELES,UNINCORPORATED,-118.04700733,33.91705
90346675,2016,2016-12-16,9580,2016-12-06,0730,016523,NA,2,1,7,1942,0,1,2,NA,2,104,US-101 N/B (VENTURA FREEWAY),SR-27 N/B (TOPANGA CYN. BLVD.),300,S,N,A,-,Y,NA,NA,101,NA,NA,NA,NA,NA,N,Y,4,0,3,2,A,-,03,22350,NA,M,C,C,A,A,H,-,A,D,0,NA,NA,NA,NA,Y,NA,A,07,0,0,3,0,0,0,0,0,0,-,-,34.17021,-118.60164,LOS ANGELES,LOS ANGELES,-118.60164195,34.17019734
90346687,2016,2016-12-16,9565,2016-12-15,1700,020958,NA,4,2,5,1928,0,1,1,NA,2,060,I-405 S/B FROM EL SEGUNDO BOULEVARD,EL SEGUNDO BOULEVARD,125,S,N,C,-,Y,NA,NA,405,NA,NA,NA,R,NA,S,N,4,0,3,3,A,-,03,22350,NA,N,C,C,A,B,H,-,C,D,0,NA,NA,NA,NA,Y,NA,A,01,0,0,3,0,0,0,0,0,0,-,-,33.91385,-118.37086,LOS ANGELES,HAWTHORNE,-118.37086,33.91385
90346689,2016,2016-12-16,9565,2016-12-13,1000,021267,NA,2,1,9,1900,0,3,5,NA,2,003,54TH ST,RIMPAU BLVD,0,NA,Y,A,-,N,NA,NA,NA,NA,NA,NA,NA,NA,NA,N,4,0,2,2,A,-,09,21802,A,N,D,C,A,A,H,-,A,A,0,NA,NA,NA,NA,Y,NA,A,01,0,0,2,0,0,0,0,0,0,-,-,33.99305,-118.33994,LOS ANGELES,UNINCORPORATED,-118.33992002,33.99305002
90346750,2016,2016-12-16,9550,2016-12-08,1750,020533,NA,4,2,5,1919,0,1,1,NA,2,652,I-605 S/B (SAN GABRIEL RIVER FREEWAY),183RD STREET,105,N,N,A,-,N,NA,NA,605,NA,NA,NA,NA,NA,S,Y,4,0,1,2,A,-,08,22107,NA,N,E,I,A,A,H,-,C,D,0,NA,NA,NA,NA,Y,NA,A,07,0,0,1,0,0,0,0,0,0,-,-,33.86603,-118.09874,LOS ANGELES,CERRITOS,-118.09888955,33.86597615
90346754,2016,2016-12-16,9550,2016-12-08,2056,020688,NA,4,2,9,1900,0,1,1,NA,2,650,INTERSTATE 605 S/B,PECK ROAD,1500,N,N,B,-,Y,NA,NA,605,NA,NA,NA,NA,NA,S,Y,4,0,1,2,A,-,03,22350,NA,N,C,C,A,A,H,-,C,D,0,NA,NA,NA,NA,Y,NA,A,07,0,0,1,0,0,0,0,0,0,-,-,34.03031,-118.03256,LOS ANGELES,UNINCORPORATED,-118.03251221,34.03022745
90346764,2016,2016-12-16,9580,2016-12-06,2340,021018,NA,2,3,7,1942,0,1,2,NA,2,102,US-101 N/B (VENTURA FREEWAY),VAN NUYS BLVD,50,S,N,A,-,Y,NA,NA,101,NA,NA,NA,NA,NA,N,N,4,0,2,2,A,-,07,21658,A,N,B,C,A,A,H,-,D,D,0,NA,NA,NA,NA,Y,NA,-,-,0,0,2,0,0,0,0,0,0,-,-,34.15675,-118.44781,LOS ANGELES,LOS ANGELES,-118.44781337,34.15674253
90346767,2016,2016-12-16,9525,2016-12-06,1850,015980,NA,2,2,5,1990,0,1,3,NA,2,574,SR-57 N/B TO SR-60 E/B,GOLDEN SPRINGS DR,75,S,N,A,-,Y,NA,NA,57,NA,NA,NA,R,NA,N,N,4,0,1,2,A,-,03,22350,NA,N,C,C,A,A,H,-,A,D,0,NA,NA,NA,Y,Y,NA,G,25,0,0,1,0,0,0,0,0,0,-,-,34.0011,-117.83486,LOS ANGELES,DIAMOND BAR,-117.83486,34.0011
90346791,2016,2017-01-24,9525,2016-12-05,1300,021153,NA,1,1,6,1975,0,1,1,NA,2,106,I-10 E/B (SAN BERNARDINO FREEWAY),HOLT AVE,800,E,N,A,-,Y,NA,NA,10,NA,NA,NA,NA,NA,E,Y,4,0,1,4,A,-,07,21658,A,N,B,C,A,A,D,E,A,D,0,NA,NA,NA,Y,Y,NA,G,25,0,0,1,0,0,0,0,0,0,-,-,34.06904,-117.86229,LOS ANGELES,WEST COVINA,-117.86230491,34.06901184
90346797,2016,2016-12-16,9550,2016-12-08,0810,021274,NA,4,1,7,1941,0,1,3,NA,2,090,STATE ROUTE 91 WESTBOUND,CHERRY AVENUE,1200,E,N,A,-,Y,NA,NA,91,NA,NA,NA,NA,NA,W,N,4,0,1,3,A,-,03,22350,NA,N,C,C,A,A,H,-,A,D,0,NA,NA,NA,NA,Y,NA,A,01,0,0,1,0,0,0,0,0,0,-,-,33.87513,-118.16449,LOS ANGELES,LONG BEACH,-118.16449336,33.87600113
90346801,2016,2016-12-16,9550,2016-12-08,0750,021451,NA,4,1,3,1964,0,1,1,NA,2,650,I-605 N/B,SLAUSON,700,S,N,A,-,Y,NA,NA,605,NA,NA,NA,NA,NA,N,Y,3,0,1,2,A,-,08,22107,NA,N,B,C,A,A,H,-,A,D,0,NA,NA,Y,NA,Y,NA,A,01,0,1,0,0,0,0,0,0,1,-,-,33.96716,-118.08335,LOS ANGELES,SANTA FE SPRINGS,-118.08327345,33.96712067
90346809,2016,2016-12-27,9550,2016-12-08,1150,021451,NA,4,1,9,1900,0,1,1,NA,2,650,INTERSTATE 605 S/B,WHITTIER BOULEVARD,1000,S,N,A,-,Y,NA,NA,605,NA,NA,NA,NA,NA,S,N,4,0,2,3,A,-,03,22350,NA,N,C,C,A,A,H,-,A,D,0,NA,NA,NA,NA,Y,NA,A,01,0,0,2,0,0,0,0,0,0,-,-,33.98258,-118.07416,LOS ANGELES,UNINCORPORATED,-118.07417677,33.98259528
90346818,2016,2016-12-16,9550,2016-12-08,1714,021486,NA,4,2,9,1900,0,3,5,NA,2,002,VALLEY VIEW AVENUE,LEFFINGWELL ROAD,0,NA,Y,A,-,N,NA,NA,NA,NA,NA,NA,NA,NA,NA,Y,3,0,2,2,A,-,12,21453,A,N,A,C,A,A,H,-,C,A,0,NA,NA,NA,NA,Y,NA,A,01,0,1,1,0,0,0,0,0,0,-,-,33.9233,-118.029,LOS ANGELES,UNINCORPORATED,-118.02922005,33.92277007
90346826,2016,2016-12-16,9550,2016-12-08,0720,021533,NA,4,1,9,1900,0,3,5,NA,2,002,HAWES STREET,RUOFF AVE,250,W,N,A,-,N,NA,NA,NA,NA,NA,NA,NA,NA,NA,Y,4,0,2,2,A,-,09,21801,NA,N,D,C,A,A,H,-,A,D,0,NA,NA,NA,NA,Y,NA,A,01,0,0,2,0,0,0,0,0,0,-,-,33.94205,-118.02344,LOS ANGELES,UNINCORPORATED,-118.02339872,33.94199181
90346836,2016,2016-12-16,9550,2016-12-08,0920,021386,NA,4,1,5,1919,0,1,1,NA,2,652,INTERSTATE 605 N/B,ARTESIA BLVD.,500,S,N,A,-,Y,NA,NA,NA,NA,NA,NA,NA,NA,NA,Y,4,0,1,3,A,-,03,22350,NA,M,C,C,A,A,H,-,A,D,0,NA,NA,NA,NA,Y,NA,D,22,0,0,1,0,0,0,0,0,0,-,-,33.8661,-118.10551,LOS ANGELES,CERRITOS,-118.10067363,33.87169847
90346841,2016,2016-12-16,9590,2016-11-30,1545,015985,NA,3,2,7,1942,0,1,2,NA,2,071,US-101 S/B (HOLLYWOOD FREEWAY),BEAUDRY AVENUE,175,N,N,A,-,Y,NA,NA,NA,NA,NA,NA,NA,NA,NA,N,4,0,2,3,A,-,03,22350,NA,N,C,C,A,A,H,-,A,D,0,NA,NA,NA,NA,Y,NA,A,01,0,0,2,0,0,0,0,0,0,-,-,34.055,-118.251,LOS ANGELES,LOS ANGELES,-118.25077891,34.06440062
90346860,2016,2016-12-16,9550,2016-12-09,1530,015040,NA,5,2,3,1964,0,1,1,NA,2,501,I-5 S/B (SANTA ANA FREEWAY),CARMENITA ROAD,100,S,N,B,-,Y,NA,NA,5,NA,NA,NA,NA,NA,S,Y,4,0,1,2,A,-,03,22350,NA,N,C,C,A,A,H,-,A,D,0,NA,NA,NA,NA,Y,NA,D,22,0,0,1,0,0,0,0,0,0,-,-,33.89334,-118.04649,LOS ANGELES,SANTA FE SPRINGS,-118.04641566,33.89347804
90346867,2016,2016-12-16,9525,2016-12-05,1945,020907,NA,1,2,5,1906,0,1,1,NA,2,651,I-605 S/B TO I-10 E/B,I-605,1700,E,N,A,-,Y,NA,NA,NA,NA,NA,NA,NA,NA,NA,Y,3,0,1,2,A,-,03,22350,NA,N,C,C,A,A,H,-,C,D,0,NA,NA,NA,Y,Y,NA,A,01,0,1,0,0,0,0,0,0,0,-,-,34.06563,-117.99453,LOS ANGELES,BALDWIN PARK,NA,NA
90346878,2016,2016-12-16,9550,2016-12-05,1320,020070,NA,1,1,3,1964,0,1,1,NA,2,650,INTERSTATE 605 N/B TO TELEGRAPH RD E/B,TELEGRAPH ROAD,340,S,N,A,-,Y,NA,NA,605,NA,NA,NA,R,NA,N,Y,2,0,2,3,A,-,03,22350,NA,N,C,C,A,A,H,-,A,D,0,NA,NA,NA,NA,Y,NA,A,01,1,0,1,0,0,0,0,0,0,-,-,33.94893,-118.09189,LOS ANGELES,SANTA FE SPRINGS,-118.09189,33.94893
90346898,2016,2016-12-16,9525,2016-12-03,1820,020505,NA,6,2,5,1906,0,1,1,NA,2,114,I-10 E/B (SAN BERNARDINO FREEWAY),BALDWIN PARK BLVD,528,W,N,A,-,Y,NA,NA,10,NA,NA,NA,NA,NA,E,N,3,0,1,2,A,-,06,21755,NA,N,B,C,A,A,H,-,C,D,0,NA,NA,Y,NA,Y,NA,C,02,0,1,0,0,0,0,0,0,1,-,-,34.06687,-117.98505,LOS ANGELES,BALDWIN PARK,-117.98507208,34.06703236
90346933,2016,2016-12-16,9525,2016-11-13,1215,015980,NA,7,1,9,1900,0,3,5,NA,2,005,GLENDORA MOUNTAIN RD.,BIG DALTON CYN RD,15840,N,N,A,-,N,NA,NA,NA,NA,NA,NA,NA,NA,NA,Y,2,0,2,3,A,-,08,22107,NA,N,A,C,A,A,H,-,A,D,0,NA,NA,Y,NA,Y,NA,A,01,1,0,1,0,0,0,0,0,2,-,-,34.16929,-117.84667,LOS ANGELES,UNINCORPORATED,-117.84536427,34.16961765
90346958,2016,2016-12-16,9550,2016-12-08,1804,021403,NA,4,2,5,1919,0,1,3,NA,2,092,STATE ROUTE 91 W/B (ARTESIA FREEWAY),BLOOMFIELD AVENUE,550,W,N,A,-,Y,NA,NA,91,NA,NA,NA,NA,NA,W,Y,4,0,1,2,A,-,07,21658,A,F,B,C,A,A,H,-,C,D,0,NA,NA,NA,NA,Y,NA,-,99,0,0,1,0,0,0,0,0,0,-,-,33.87642,-118.09071,LOS ANGELES,CERRITOS,-118.09071001,33.87642192
90346969,2016,2016-12-16,9550,2016-12-05,2255,021121,NA,1,3,9,1900,0,1,3,NA,2,600,SR-60 W/B,CROSSROADS PARKWAY,170,E,N,A,-,Y,NA,NA,60,NA,NA,NA,NA,NA,W,Y,3,0,2,4,A,-,03,22350,NA,F,C,C,A,A,H,-,C,D,0,NA,NA,NA,NA,Y,NA,A,01,0,1,1,0,0,0,0,0,0,-,-,34.02919,-118.01185,LOS ANGELES,UNINCORPORATED,-118.0118501,34.02919933
90346975,2016,2017-03-30,9525,2016-12-03,1745,019619,NA,6,2,9,1900,0,1,3,NA,2,583,SR-57 S/B (ORANGE FREEWAY),BREA CANYON RD.,1000,N,N,A,-,Y,NA,NA,57,NA,NA,NA,NA,NA,S,Y,4,0,5,2,A,-,03,22350,NA,N,C,C,A,A,H,-,C,D,0,NA,NA,NA,NA,Y,NA,A,01,0,0,5,0,0,0,0,0,0,-,-,33.95732,-117.86126,LOS ANGELES,UNINCORPORATED,-117.86093269,33.95707771
90346979,2016,2016-12-16,9535,2016-12-07,1051,019121,NA,3,1,9,1900,0,2,4,NA,2,012,CITY TERRACE DRIVE,HERBERT AVENUE,0,NA,Y,A,-,N,NA,NA,NA,NA,NA,NA,NA,NA,NA,N,4,0,1,2,A,-,07,21658,A,N,B,C,A,A,H,-,A,D,0,NA,NA,NA,Y,Y,NA,F,26,0,0,1,0,0,0,0,0,0,-,-,34.05567,-118.18288,LOS ANGELES,UNINCORPORATED,-118.18382007,34.05541002
90347041,2016,2016-12-16,9535,2016-09-07,1930,021305,NA,3,2,9,1900,0,2,4,NA,2,022,OLYMPIC BLVD.,GARFIELD AVE.,0,NA,Y,A,-,N,NA,NA,NA,NA,NA,NA,NA,NA,NA,Y,4,0,1,5,A,-,12,21453,A,M,D,C,A,A,H,-,C,A,0,NA,NA,NA,NA,Y,NA,A,07,0,0,1,0,0,0,0,0,0,-,-,34.01148,-118.13084,LOS ANGELES,UNINCORPORATED,-118.13085007,34.01149008
90347051,2016,2016-12-16,9535,2016-12-02,1029,019121,NA,5,1,9,1900,0,1,1,NA,2,650,I-605 (SAN GABRIEL RIVER FREEWAY) N/B,STATE ROUTE 60,1000,N,N,A,-,Y,NA,NA,605,NA,NA,NA,NA,NA,N,Y,2,0,1,5,A,-,08,22107,NA,N,C,C,A,A,H,-,A,A,0,NA,NA,NA,Y,Y,NA,A,07,1,0,0,0,0,0,0,0,0,-,-,34.03984,-118.01752,LOS ANGELES,UNINCORPORATED,-118.01753611,34.03988141
90347061,2016,2017-01-02,9525,2016-12-07,2035,016342,NA,3,2,5,1990,0,1,3,NA,2,584,SR-57 N/B (ORANGE FREEWAY),DIAMOND BAR BLVD.,700,N,N,A,-,Y,NA,NA,57,NA,NA,NA,NA,NA,N,N,4,0,1,2,A,-,06,21755,NA,N,B,C,A,A,H,-,C,D,0,NA,NA,Y,NA,Y,NA,C,02,0,0,1,0,0,0,0,0,1,-,-,33.96588,-117.8506,LOS ANGELES,DIAMOND BAR,-117.85055357,33.96584925
90347068,2016,2016-12-19,9525,2016-12-02,1855,019966,NA,5,2,5,1990,0,1,3,NA,2,574,SR-57 N/B (ORANGE FREEWAY),PATHFINDER RD.,2500,N,N,B,-,Y,NA,NA,57,NA,NA,NA,NA,NA,N,N,3,0,1,3,A,-,06,21755,NA,N,B,C,A,A,H,-,C,D,0,NA,NA,Y,NA,Y,NA,C,02,0,1,0,0,0,0,0,0,1,-,-,33.99567,-117.8404,LOS ANGELES,DIAMOND BAR,-117.84050515,33.99574768
90347075,2016,2016-12-19,9525,2016-12-05,1810,020505,NA,1,2,4,1946,0,1,1,NA,2,202,I-210 E/B (FOOTHILL FREEWAY),HUNTINGTON DR.,100,W,N,A,-,Y,NA,NA,210,NA,NA,NA,NA,NA,E,N,4,0,1,2,A,-,03,22350,NA,N,C,C,A,A,H,-,C,D,0,NA,NA,NA,NA,Y,NA,A,01,0,0,1,0,0,0,0,0,0,-,-,34.14195,-118.01896,LOS ANGELES,MONROVIA,-118.01897512,34.14191732
90347076,2016,2016-12-19,9525,2016-12-05,2045,020843,NA,1,2,9,1900,0,3,5,NA,2,002,FACTOR AVE. (6100 BLOCK),PETUNIA ST.,115,N,N,A,-,N,NA,NA,NA,NA,NA,NA,NA,NA,NA,Y,4,0,1,2,A,-,08,22107,NA,N,B,E,A,A,H,-,C,D,0,NA,NA,NA,NA,Y,NA,A,01,0,0,1,0,0,0,0,0,0,-,-,34.1233,-117.88873,LOS ANGELES,UNINCORPORATED,-117.8887465,34.12329506
90347077,2016,2016-12-19,9590,2016-11-19,1813,021132,NA,6,2,7,1942,0,1,2,NA,2,073,US-101 S/B (HOF),HOLLYWOOD BOULEVARD,500,N,N,B,-,Y,NA,NA,101,NA,NA,NA,NA,NA,S,N,4,0,5,3,A,-,03,22350,NA,N,C,C,A,A,H,-,C,D,0,NA,NA,NA,NA,Y,NA,A,01,0,0,5,0,0,0,0,0,0,-,-,34.10399,-118.32048,LOS ANGELES,LOS ANGELES,-118.32045758,34.10408904
90347094,2016,2016-12-19,9580,2016-12-08,0758,021491,NA,4,1,7,1942,0,1,2,NA,2,104,US-101 N/B (VENTURA FREEWAY),SR-27 N/B (TOPANGA CYN. BLVD.),3,N,N,A,-,Y,NA,NA,101,NA,NA,NA,NA,NA,N,N,4,0,2,2,A,-,03,22350,NA,N,C,C,A,A,H,-,A,D,0,NA,NA,NA,NA,Y,NA,D,22,0,0,2,0,0,0,0,0,0,-,-,34.17083,-118.60593,LOS ANGELES,LOS ANGELES,-118.60592988,34.17083101
90347095,2016,2016-12-19,9580,2016-12-08,1905,021498,NA,4,2,7,1942,0,1,2,NA,2,101,US-101 S/B (VENTURA FREEWAY),WOODMAN AVE,2640,S,N,A,-,Y,NA,NA,101,NA,NA,NA,NA,NA,S,N,4,0,1,2,A,-,03,22350,NA,N,C,C,A,A,H,-,D,D,0,NA,NA,NA,NA,Y,NA,A,01,0,0,1,0,0,0,0,0,0,-,-,34.15658,-118.42225,LOS ANGELES,LOS ANGELES,-118.42224924,34.15657487
90347109,2016,2017-03-22,9530,2016-12-05,0950,021252,NA,1,1,9,1900,0,3,5,NA,2,002,WILLOWBROOK AVE.,124TH ST.,0,NA,Y,A,-,N,NA,NA,NA,NA,NA,NA,NA,NA,NA,N,4,0,1,2,A,-,12,21453,A,N,D,C,A,A,H,-,A,A,0,NA,NA,NA,NA,Y,NA,D,22,0,0,1,0,0,0,0,0,0,-,-,33.5511,-118.1408,LOS ANGELES,UNINCORPORATED,-118.23361008,33.91982003
90347110,2016,2016-12-19,9530,2016-12-06,1000,021325,NA,2,1,6,1972,0,1,1,NA,2,400,I-405 N/B (SAN DIEGO FREEWAY),VAN NESS AVE.,550,N,N,A,-,Y,NA,NA,405,NA,NA,NA,NA,NA,N,Y,3,0,1,3,A,-,03,22350,NA,N,C,C,A,A,H,-,A,D,0,NA,NA,NA,NA,Y,NA,A,01,0,1,0,0,0,0,0,0,0,-,-,33.86257,-118.31962,LOS ANGELES,TORRANCE,-118.3196032,33.86262625
90347115,2016,2016-12-19,9530,2016-12-08,1740,018270,NA,4,2,9,1900,0,3,5,NA,2,001,HOOPER AVE.,77TH ST.,0,NA,Y,A,-,N,NA,NA,NA,NA,NA,NA,NA,NA,NA,N,4,0,1,2,A,-,09,21801,A,N,D,C,A,A,H,-,B,D,0,NA,NA,Y,NA,Y,NA,A,01,0,0,1,0,0,0,0,0,1,-,-,33.96987,-118.25206,LOS ANGELES,UNINCORPORATED,-118.25202008,33.96978001
90347116,2016,2016-12-19,9530,2016-12-08,1950,020307,NA,4,2,9,1900,0,3,5,NA,2,001,FLORENCE AVE.,COMPTON AVE.,0,NA,Y,A,-,N,NA,NA,NA,NA,NA,NA,NA,NA,NA,N,4,0,1,2,A,-,12,21453,A,N,D,C,A,A,H,-,C,A,0,NA,NA,NA,NA,Y,NA,A,07,0,0,1,0,0,0,0,0,0,-,-,33.97464,-118.24759,LOS ANGELES,UNINCORPORATED,-118.24769007,33.97474009
90347149,2016,2016-12-19,9565,2016-12-16,1205,020442,NA,5,1,9,1900,0,1,1,NA,2,063,I-405 S/B (SAN DIEGO FWY),WILSHIRE BLVD.,300,S,N,A,-,Y,NA,NA,405,NA,NA,NA,NA,NA,S,Y,4,0,1,3,A,-,03,22350,NA,F,C,C,A,A,H,-,A,D,0,NA,NA,NA,NA,Y,NA,A,01,0,0,1,0,0,0,0,0,0,-,-,34.05521,-118.45181,LOS ANGELES,UNINCORPORATED,-118.45181466,34.055206
90347178,2016,2016-12-19,9575,2016-12-03,1745,021006,NA,6,2,7,1942,0,1,3,NA,2,041,SR-134 E/B (VENTURA FREEWAY),FIGUEROA ST.,2640,W,N,A,-,Y,NA,NA,134,NA,NA,NA,NA,NA,E,Y,2,0,1,1,A,-,08,22107,NA,N,E,I,A,A,H,-,C,D,0,NA,NA,NA,NA,Y,NA,A,01,1,0,0,0,0,0,0,0,0,-,-,34.14765,-118.20074,LOS ANGELES,LOS ANGELES,-118.20074244,34.14765845
90347184,2016,2016-12-19,9565,2016-12-16,1855,020370,NA,5,2,9,1900,0,3,5,NA,2,003,LA BREA AVE S/B,SLAUSON AVE,300,N,N,A,-,N,NA,NA,NA,NA,NA,NA,NA,NA,NA,N,4,0,1,2,A,-,03,22350,NA,N,C,C,A,A,H,-,C,A,0,NA,NA,NA,NA,Y,NA,A,07,0,0,1,0,0,0,0,0,0,-,-,33.989,-118.359,LOS ANGELES,UNINCORPORATED,-118.35858,33.98938264
90347198,2016,2016-12-19,9575,2016-12-08,0848,021254,NA,4,1,7,1942,0,1,1,NA,2,053,I-5 S/B (GOLDEN STATE FREEWAY),OSBORNE STREET,100,S,N,A,-,Y,NA,NA,5,NA,NA,NA,NA,NA,S,N,4,0,1,2,A,-,03,22350,NA,N,C,C,A,A,H,-,A,D,0,NA,NA,NA,NA,Y,NA,A,01,0,0,1,0,0,0,0,0,0,-,-,34.23928,-118.41676,LOS ANGELES,LOS ANGELES,-118.41678804,34.2392504