CASE_ID,ACCIDENT_YEAR,PROC_DATE,JURIS,COLLISION_DATE,COLLISION_TIME,OFFICER_ID,REPORTING_DISTRICT,DAY_OF_WEEK,CHP_SHIFT,POPULATION,CNTY_CITY_LOC,SPECIAL_COND,BEAT_TYPE,CHP_BEAT_TYPE,CITY_DIVISION_LAPD,CHP_BEAT_CLASS,BEAT_NUMBER,PRIMARY_RD,SECONDARY_RD,DISTANCE,DIRECTION,INTERSECTION,WEATHER_1,WEATHER_2,STATE_HWY_IND,CALTRANS_COUNTY,CALTRANS_DISTRICT,STATE_ROUTE,ROUTE_SUFFIX,POSTMILE_PREFIX,POSTMILE,LOCATION_TYPE,RAMP_INTERSECTION,SIDE_OF_HWY,TOW_AWAY,COLLISION_SEVERITY,NUMBER_KILLED,NUMBER_INJURED,PARTY_COUNT,PRIMARY_COLL_FACTOR,PCF_CODE_OF_VIOL,PCF_VIOL_CATEGORY,PCF_VIOLATION,PCF_VIOL_SUBSECTION,HIT_AND_RUN,TYPE_OF_COLLISION,MVIW,PED_ACTION,ROAD_SURFACE,ROAD_COND_1,ROAD_COND_2,LIGHTING,CONTROL_DEVICE,CHP_ROAD_TYPE,PEDESTRIAN_ACCIDENT,BICYCLE_ACCIDENT,MOTORCYCLE_ACCIDENT,TRUCK_ACCIDENT,NOT_PRIVATE_PROPERTY,ALCOHOL_INVOLVED,STWD_VEHTYPE_AT_FAULT,CHP_VEHTYPE_AT_FAULT,COUNT_SEVERE_INJ,COUNT_VISIBLE_INJ,COUNT_COMPLAINT_PAIN,COUNT_PED_KILLED,COUNT_PED_INJURED,COUNT_BICYCLIST_KILLED,COUNT_BICYCLIST_INJURED,COUNT_MC_KILLED,COUNT_MC_INJURED,PRIMARY_RAMP,SECONDARY_RAMP,LATITUDE,LONGITUDE,COUNTY,CITY,POINT_X,POINT_Y
90347962,2016,2016-12-19,9535,2016-12-15,1650,019626,NA,4,2,6,1922,0,1,1,NA,2,401,I-10 W/B FROM S/B PECK RD,PECK RD,135,W,N,C,-,Y,NA,NA,10,NA,NA,NA,R,NA,W,N,4,0,1,2,A,-,03,22350,NA,N,E,I,A,B,H,-,A,D,0,NA,NA,NA,NA,Y,NA,A,07,0,0,1,0,0,0,0,0,0,-,-,34.06885,-118.02902,LOS ANGELES,EL MONTE,-118.02902,34.06885
9034797,2019,2020-02-05,1905,2019-12-27,1042,2019,123,5,5,4,1905,0,0,0,NA,0,003,1ST ST,CERRITOS AV,0,NA,Y,A,-,N,NA,NA,NA,NA,NA,NA,NA,NA,NA,Y,2,0,2,2,A,-,12,21453,A,N,D,C,A,A,H,-,A,A,0,NA,NA,NA,NA,Y,Y,A,01,1,1,0,0,0,0,0,0,0,-,-,34.121578216552734,-117.8993911743164,LOS ANGELES,AZUSA,-117.8993911743164,34.121559143066406
90348009,2016,2016-12-19,9525,2016-12-03,1055,021074,NA,6,1,5,1906,0,1,1,NA,2,651,I-605 S/B (SAN GABRIEL RIVER FREEWAY),I-10,500,N,N,A,-,Y,NA,NA,NA,NA,NA,NA,NA,NA,NA,Y,4,0,1,2,A,-,03,22350,NA,N,C,C,A,A,H,-,A,D,0,NA,NA,NA,NA,Y,NA,D,22,0,0,1,0,0,0,0,0,0,-,-,34.0666,-118.00555,LOS ANGELES,BALDWIN PARK,-118.00029856,34.06647377
90348020,2016,2016-12-19,9525,2016-12-04,0910,021074,NA,7,1,9,1900,0,2,4,NA,2,045,VALLEY BLVD. (13900 BLOCK),4TH AVE.,25,W,N,A,-,Y,NA,NA,NA,NA,NA,NA,NA,NA,NA,N,4,0,1,2,A,-,07,21658,A,N,B,C,A,A,H,-,A,D,0,NA,NA,NA,NA,Y,NA,A,07,0,0,1,0,0,0,0,0,0,-,-,34.04218,-117.98555,LOS ANGELES,UNINCORPORATED,-117.98537348,34.04218365
90348042,2016,2016-12-19,9550,2016-12-10,0945,020594,NA,6,1,6,1949,0,1,1,NA,2,651,I-605 N/B,FIRESTONE BOULEVARD,900,N,N,B,-,Y,NA,NA,605,NA,NA,NA,NA,NA,N,N,4,0,1,4,A,-,03,22350,NA,N,C,C,A,A,H,-,A,D,0,NA,NA,NA,NA,Y,NA,D,22,0,0,1,0,0,0,0,0,0,-,-,33.9266,-118.103,LOS ANGELES,NORWALK,-118.10342609,33.92671942
90348050,2016,2016-12-19,9565,2016-12-01,0140,021372,NA,4,3,5,1928,0,1,1,NA,2,060,I-405 N/B TO I-105,EL SEGUNDO BLVD,400,S,N,A,-,Y,NA,NA,405,NA,NA,NA,R,NA,N,Y,4,0,1,1,A,-,01,23152,A,N,E,I,A,A,H,-,C,D,0,NA,NA,NA,NA,Y,Y,A,07,0,0,1,0,0,0,0,0,0,-,-,33.9161,-118.36999,LOS ANGELES,HAWTHORNE,-118.36999,33.9161
90348055,2016,2016-12-19,9565,2016-11-27,1220,021303,NA,7,1,5,1928,0,1,1,NA,2,060,I-405 S/B,ROSECRANS AVE,970,S,N,A,-,Y,NA,NA,405,NA,NA,NA,NA,NA,S,N,4,0,1,2,A,-,03,22350,NA,N,C,C,A,A,H,-,A,D,0,NA,NA,NA,NA,Y,NA,A,07,0,0,1,0,0,0,0,0,0,-,-,33.89878,-118.37054,LOS ANGELES,HAWTHORNE,-118.37039519,33.89880322
90348068,2016,2016-12-19,9575,2016-12-10,2000,021342,NA,6,2,6,1953,0,1,1,NA,2,063,I-210 E/B TO I-210 E/B,ORANGE GROVE BLVD,375,W,N,B,-,Y,NA,NA,210,NA,NA,NA,R,NA,E,Y,4,0,1,2,A,-,03,22350,NA,N,C,C,A,A,H,-,C,D,0,NA,NA,NA,NA,Y,NA,A,01,0,0,1,0,0,0,0,0,0,-,-,34.15487,-118.15763,LOS ANGELES,PASADENA,-118.15763,34.15487
90348078,2016,2016-12-19,9530,2016-12-10,2238,021106,NA,6,3,7,1942,0,1,1,NA,2,120,I-110 S/B TO ANAHEIM STREET,ANAHEIM ST.,300,N,N,B,-,Y,NA,NA,110,NA,NA,NA,R,NA,S,Y,3,0,1,1,A,-,01,23152,A,N,E,I,A,A,H,-,C,D,0,NA,NA,NA,NA,Y,Y,A,01,0,1,0,0,0,0,0,0,0,-,-,33.7799,-118.281,LOS ANGELES,LOS ANGELES,-118.281,33.7799
90348084,2016,2016-12-19,9535,2016-12-10,1655,020814,NA,6,2,9,1900,0,1,1,NA,2,071,I-710 S/B FROM CESAR CHAVEZ AVE.,CESAR E CHAVEZ AVE.,90,S,N,B,-,Y,NA,NA,710,NA,NA,NA,R,NA,S,Y,4,0,1,2,A,-,03,22350,NA,N,C,C,A,A,H,-,C,A,0,NA,NA,NA,NA,Y,NA,A,01,0,0,1,0,0,0,0,0,0,-,-,34.03893,-118.17032,LOS ANGELES,UNINCORPORATED,-118.17032,34.03893
90348158,2016,2016-12-19,9535,2016-12-08,2252,020816,NA,4,3,5,1906,0,1,1,NA,2,650,I-605 N/B (SAN BERNARDINO FWY),I-10,0,NA,Y,A,-,Y,NA,NA,NA,NA,NA,NA,NA,NA,NA,Y,4,0,1,2,A,-,03,22350,NA,N,B,C,A,A,H,-,C,D,0,NA,NA,NA,NA,Y,NA,A,01,0,0,1,0,0,0,0,0,0,-,-,34.06511,-119,LOS ANGELES,BALDWIN PARK,-118.00005006,34.06524001
90348185,2016,2016-12-19,9535,2016-12-12,1745,020488,NA,1,2,9,1900,0,1,1,NA,2,420,I-10 (SAN BERNARDINO FREEWAY) E/B,INDIANA ST.,1500,E,N,A,-,Y,NA,NA,10,NA,NA,NA,NA,NA,E,Y,4,0,1,2,A,-,03,22350,NA,N,C,C,A,A,H,-,D,D,0,NA,NA,NA,NA,Y,NA,D,22,0,0,1,0,0,0,0,0,0,-,-,34.05542,-118.18498,LOS ANGELES,UNINCORPORATED,-118.18497836,34.05541334
90348243,2016,2016-12-19,9525,2016-12-08,1215,015445,NA,4,1,6,1975,0,1,1,NA,2,106,I-10 EB (SAN BERNARDINO FWY),HOLT AVE.,4190,E,N,B,-,Y,NA,NA,NA,NA,NA,NA,NA,NA,NA,Y,4,0,1,3,A,-,03,22350,NA,M,C,C,A,A,D,E,A,D,0,NA,NA,NA,Y,Y,NA,F,25,0,0,1,0,0,0,0,0,0,-,-,34.0681,-117.8552,LOS ANGELES,WEST COVINA,-117.85152576,34.06830563
90348323,2016,2016-12-19,9550,2016-12-04,0040,10000,NA,7,3,1,1932,0,1,3,NA,2,600,SR-60 E/B (POMONA FREEWAY),7TH AVE,1320,W,N,A,-,Y,NA,NA,NA,NA,NA,NA,NA,NA,NA,Y,3,0,1,2,A,-,03,22350,NA,M,C,C,A,A,H,-,C,D,0,NA,NA,NA,NA,Y,Y,A,07,0,1,0,0,0,0,0,0,0,-,-,34.02265,-117.99126,LOS ANGELES,INDUSTRY,NA,NA
90348329,2016,2016-12-19,9550,2016-12-03,1505,10000,NA,6,2,9,1900,0,2,4,NA,1,032,GALE AVE (14000 BLOCK),LATCHFORD AVE,15,E,N,A,-,N,NA,NA,NA,NA,NA,NA,NA,NA,NA,N,4,0,1,2,A,-,03,22350,NA,N,C,C,A,A,H,-,A,D,0,NA,NA,NA,NA,Y,NA,A,01,0,0,1,0,0,0,0,0,0,-,-,34.01863,-117.98425,LOS ANGELES,UNINCORPORATED,-117.98464643,34.01844064
90348335,2016,2016-12-19,9550,2016-12-04,0635,10000,NA,7,1,7,1941,0,1,3,NA,2,090,E/B SR-91,CHERRY AVE.,1050,W,N,A,-,Y,NA,NA,91,NA,NA,NA,NA,NA,NA,Y,4,0,1,2,A,-,08,22107,NA,N,E,I,A,A,H,-,A,D,0,NA,NA,NA,NA,Y,NA,A,07,0,0,1,0,0,0,0,0,0,-,-,33.876,-118.1704,LOS ANGELES,LONG BEACH,-118.1703241,33.87634672
90348352,2016,2016-12-19,9535,2016-12-06,1750,020851,NA,2,2,9,1900,0,2,4,NA,2,011,EASTERN AVE.,FLORAL DR.,0,NA,Y,A,-,N,NA,NA,NA,NA,NA,NA,NA,NA,NA,Y,4,0,2,2,A,-,12,21453,A,N,D,C,A,A,H,-,C,A,0,NA,NA,NA,NA,Y,NA,A,01,0,0,2,0,0,0,0,0,0,-,-,34.04418,-118.17362,LOS ANGELES,UNINCORPORATED,-118.17363007,34.04418002
90348356,2016,2016-12-19,9535,2016-12-06,1320,019540,NA,2,1,9,1900,0,3,5,NA,2,001,RAMBOZ DR (3800 BLOCK),LA VEQUE ST,300,E,N,A,-,N,NA,NA,NA,NA,NA,NA,NA,NA,NA,N,4,0,1,2,A,-,08,22107,NA,N,B,C,A,A,H,-,A,D,0,NA,NA,NA,NA,Y,NA,A,07,0,0,1,0,0,0,0,0,0,-,-,34.05411,-118.18309000000001,LOS ANGELES,UNINCORPORATED,-118.18296632,34.05388152
90348358,2016,2016-12-19,9550,2016-12-10,1840,021100,NA,6,2,9,1900,0,1,3,NA,2,601,SR-60 WESTBOUND,7TH AVENUE,1000,E,N,A,-,Y,NA,NA,60,NA,NA,NA,NA,NA,W,Y,4,0,7,2,A,-,03,22350,NA,N,C,C,A,A,H,-,C,D,0,NA,NA,NA,NA,Y,NA,A,01,0,0,7,0,0,0,0,0,0,-,-,34.01962,-117.98791,LOS ANGELES,UNINCORPORATED,-117.98801407,34.01952139
90348359,2016,2016-12-19,9535,2016-11-03,0753,018281,NA,4,1,9,1900,0,3,5,NA,2,002,OAKFORD DR (700 BLOCK),WHITTIER BLVD,4,N,N,A,-,N,NA,NA,NA,NA,NA,NA,NA,NA,NA,N,4,0,1,2,A,-,09,21804,NA,N,D,G,A,A,H,-,A,A,0,NA,Y,NA,NA,Y,NA,L,04,0,0,1,0,0,0,1,0,0,-,-,34.0199,-118.15429,LOS ANGELES,UNINCORPORATED,-118.15431654,34.01979058
90348369,2016,2016-12-19,9550,2016-12-10,1755,021129,NA,6,2,6,1920,0,1,1,NA,2,151,INTERSTATE 105 W/B (CENTURY FREEEWAY),BELLFLOWER BOULEVARD,900,W,N,A,-,Y,NA,NA,105,NA,NA,NA,NA,NA,W,Y,4,0,1,2,A,-,03,22350,NA,N,C,C,A,A,H,-,D,D,0,NA,NA,NA,NA,Y,NA,A,01,0,0,1,0,0,0,0,0,0,-,-,33.91328,-118.1286,LOS ANGELES,DOWNEY,-118.12859998,33.91327223
90348381,2016,2016-12-19,9550,2016-12-10,1825,021037,NA,6,2,9,1900,0,1,3,NA,2,601,SR-60 WESTBOUND,AZUSA AVENUE,200,E,N,A,-,Y,NA,NA,60,NA,NA,NA,NA,NA,W,Y,4,0,2,3,A,-,03,22350,NA,N,C,C,A,A,H,-,D,D,0,NA,NA,NA,NA,Y,NA,A,07,0,0,2,0,0,0,0,0,0,-,-,33.99685,-117.93035,LOS ANGELES,UNINCORPORATED,-117.93033994,33.99693621
90348384,2016,2016-12-19,9535,2016-11-22,1230,017802,NA,2,1,5,1915,0,1,1,NA,2,075,I-710 (LONG BEACH FREEWAY) S/B,COMPTON BLVD.,500,N,N,A,-,Y,NA,NA,710,NA,NA,NA,NA,NA,S,Y,4,0,1,2,A,-,07,21658,A,M,E,I,A,A,H,-,A,D,0,NA,NA,NA,NA,Y,NA,D,22,0,0,1,0,0,0,0,0,0,-,-,33.89788,-118.1875,LOS ANGELES,COMPTON,-118.18748829,33.8978779
90348400,2016,2018-08-23,9565,2016-12-06,1040,021200,NA,2,1,9,1900,0,2,4,NA,2,023,WESTERN AVENUE,127TH ST,0,NA,Y,B,-,N,NA,NA,NA,NA,NA,NA,NA,NA,NA,N,4,0,1,3,A,-,09,21802,A,F,B,C,A,A,H,-,A,D,0,NA,NA,NA,NA,Y,NA,A,01,0,0,1,0,0,0,0,0,0,-,-,33.91737,-118.30901,LOS ANGELES,UNINCORPORATED,-118.30917013,33.9174001
90348402,2016,2016-12-19,9590,2016-12-09,0015,021072,NA,5,3,4,1970,0,1,1,NA,2,014,SR-110 N/B (ARROYO SECO PARKWAY),ARROYO DR.,200,S,N,A,-,Y,NA,NA,110,NA,NA,NA,NA,NA,N,Y,4,0,1,1,A,-,08,22107,NA,N,E,I,A,A,H,-,C,D,0,NA,NA,NA,NA,Y,NA,A,01,0,0,1,0,0,0,0,0,0,-,-,34.11826,-118.16575,LOS ANGELES,SOUTH PASADENA,-118.16575915,34.11830296
90348410,2016,2016-12-19,9590,2016-12-03,1807,020697,NA,6,2,7,1942,0,1,1,NA,2,060,I-10 E/B (SANTA MONICA FREEWAY),WESTERN AVENUE,630,E,N,A,-,Y,NA,NA,10,NA,NA,NA,NA,NA,E,N,4,0,3,2,A,-,03,22350,NA,N,C,C,A,A,H,-,C,D,0,NA,NA,NA,NA,Y,NA,A,07,0,0,3,0,0,0,0,0,0,-,-,34.03704,-118.30677,LOS ANGELES,LOS ANGELES,-118.30677039,34.03700063
90348418,2016,2016-12-19,9535,2016-12-05,1210,021554,NA,1,1,9,1900,0,1,3,NA,2,066,SR-164 (ROSEMEAD BLVD) S/B,SR-60,500,N,N,A,-,Y,NA,NA,NA,NA,NA,NA,NA,NA,NA,Y,4,0,1,3,A,-,03,22350,NA,N,C,C,A,A,H,-,A,A,0,NA,NA,NA,NA,Y,NA,A,07,0,0,1,0,0,0,0,0,0,-,-,34.0411,-118.0611,LOS ANGELES,UNINCORPORATED,NA,NA
90348429,2016,2016-12-19,9535,2016-12-09,1500,17954,NA,5,2,4,1907,0,1,1,NA,2,072,I-710 N/B (LONG BEACH FREEWAY),FLORENCE AVE.,250,S,N,A,-,Y,NA,NA,710,NA,NA,NA,NA,NA,N,Y,4,0,1,3,A,-,03,22350,NA,N,C,C,A,A,H,-,A,D,0,NA,NA,NA,NA,Y,NA,D,22,0,0,1,0,0,0,0,0,0,-,-,33.96231,-118.16969,LOS ANGELES,BELL,-118.16968708,33.96230947
90348438,2016,2016-12-19,9525,2016-12-09,1305,015445,NA,5,1,6,1975,0,1,1,NA,2,105,I-10 W/B (SAN BERNARDINO FREEWAY),VINCENT AVE.,1200,E,N,B,-,Y,NA,NA,10,NA,NA,NA,NA,NA,W,Y,4,0,4,4,A,-,03,22350,NA,N,C,C,A,A,D,E,A,D,0,NA,NA,NA,NA,Y,NA,D,22,0,0,4,0,0,0,0,0,0,-,-,34.0723,-117.922,LOS ANGELES,WEST COVINA,-117.92199912,34.07237059
90348462,2016,2016-12-20,9535,2016-12-13,0755,015636,NA,2,1,3,1914,0,1,1,NA,2,073,I-710 (LONG BEACH FREEWAY) S/B,WASHINGTON BLVD,265,N,N,B,-,Y,NA,NA,710,NA,NA,NA,NA,NA,S,Y,4,0,1,1,A,-,04,21703,NA,N,F,I,A,A,H,-,A,D,0,NA,NA,Y,NA,Y,NA,C,02,0,0,1,0,0,0,0,0,1,-,-,34.00596,-118.17355,LOS ANGELES,COMMERCE,-118.17277434,34.00580657
90348469,2016,2016-12-20,9580,2016-12-09,2145,019776,NA,5,2,3,1994,0,1,2,NA,2,109,US-101 S/B (VENTURA FREEWAY),KANAN RD,300,N,N,B,-,Y,NA,NA,101,NA,NA,NA,NA,NA,S,Y,3,0,1,1,A,-,08,22107,NA,N,E,I,A,A,H,-,C,D,0,NA,NA,NA,NA,Y,NA,A,01,0,1,0,0,0,0,0,0,0,-,-,34.14645,-118.76637,LOS ANGELES,AGOURA HILLS,-118.766352,34.14658979
90348471,2016,2016-12-20,9580,2016-12-09,1715,020396,NA,5,2,2,1993,0,1,2,NA,2,110,US-101 N/B (VENTURA FREEWAY),LINDERO CANYON RD,1500,N,N,A,-,Y,NA,NA,101,NA,NA,NA,NA,NA,N,Y,4,0,1,2,A,-,03,22350,NA,N,C,C,A,A,H,-,C,D,0,NA,NA,NA,NA,Y,NA,A,01,0,0,1,0,0,0,0,0,0,-,-,34.1508,-118.8096,LOS ANGELES,WESTLAKE VILLAGE,-118.80956931,34.15089293
90348476,2016,2016-12-20,9580,2016-12-09,1815,020788,NA,5,2,7,1942,0,1,2,NA,2,100,US-101 N/B (VENTURA FREEWAY),LAUREL CANYON BOULEVARD,500,S,N,A,-,Y,NA,NA,101,NA,NA,NA,NA,NA,N,Y,4,0,1,2,A,-,03,22350,NA,N,C,C,A,A,H,-,C,D,0,NA,NA,NA,NA,Y,NA,A,01,0,0,1,0,0,0,0,0,0,-,-,34.15661,-118.41224,LOS ANGELES,LOS ANGELES,-118.41223911,34.15682553
90348477,2016,2016-12-20,9580,2016-12-09,1600,020788,NA,5,2,7,1942,0,1,2,NA,2,101,US-101 S/B (VENTURA FREEWAY),COLDWATER CANYON AVENUE,300,S,N,A,-,Y,NA,NA,101,NA,NA,NA,NA,NA,S,Y,4,0,2,3,A,-,03,22350,NA,N,C,C,A,A,H,-,A,D,0,NA,NA,NA,NA,Y,NA,A,01,0,0,2,0,0,0,0,0,0,-,-,34.15661,-118.41224,LOS ANGELES,LOS ANGELES,-118.4122399,34.15663377
90348492,2016,2016-12-20,9575,2016-12-11,1550,021257,NA,7,2,6,1912,0,1,1,NA,2,051,I-5 S/B (GOLDEN STATE FREEWAY),BURBANK AVE.,450,N,N,A,-,Y,NA,NA,5,NA,NA,NA,NA,NA,S,N,4,0,1,2,A,-,07,21658,A,M,C,C,A,A,H,-,A,D,0,NA,NA,NA,NA,Y,NA,-,99,0,0,1,0,0,0,0,0,0,-,-,34.18787,-118.32257,LOS ANGELES,BURBANK,-118.32255894,34.1878857
90348504,2016,2016-12-20,9580,2016-12-08,1340,016550,NA,4,1,9,1900,0,3,5,NA,1,040,SEABREEZE DR,SEQUIT DR,500,N,N,A,-,N,NA,NA,NA,NA,NA,NA,NA,NA,NA,Y,4,0,1,1,A,-,08,22107,NA,N,F,A,A,A,H,-,A,D,0,NA,NA,NA,NA,Y,NA,A,01,0,0,1,0,0,0,0,0,0,-,-,34.04724,-118.74174,LOS ANGELES,UNINCORPORATED,-118.74178457,34.04726856
90348512,2016,2017-02-27,9565,2016-12-05,0800,017060,NA,1,1,9,1900,0,3,5,NA,2,004,111TH ST.,FREEMAN AVE.,0,NA,Y,A,-,N,NA,NA,NA,NA,NA,NA,NA,NA,NA,N,4,0,1,2,A,-,10,21950,A,F,G,B,B,A,H,-,A,D,0,Y,NA,NA,NA,Y,NA,A,01,0,0,1,0,1,0,0,0,0,-,-,33.93457,-118.34827,LOS ANGELES,UNINCORPORATED,-118.34828009,33.93456005
90348518,2016,2016-12-20,9580,2016-12-08,2027,019715,NA,4,2,7,1942,0,1,2,NA,2,102,US-101 N/B (VENTURA FREEWAY),WOODMAN AVE,700,N,N,A,-,Y,NA,NA,101,NA,NA,NA,NA,NA,N,Y,3,0,2,2,A,-,03,22350,NA,N,C,C,A,A,H,-,D,D,0,NA,NA,NA,NA,Y,NA,A,01,0,1,1,0,0,0,0,0,0,-,-,34.1558,-118.4348,LOS ANGELES,LOS ANGELES,-118.43480027,34.15574025
90348521,2016,2016-12-20,9540,2016-12-08,0157,021214,NA,4,3,6,1985,0,1,1,NA,2,506,I-5 N/B (GOLDEN STATE FREEWAY),MAGIC MOUNTAIN PKY,2112,N,N,A,-,Y,NA,NA,5,NA,NA,NA,NA,NA,N,Y,3,0,1,1,A,-,01,23152,A,N,E,I,A,A,H,-,D,D,0,NA,NA,NA,NA,Y,Y,A,01,0,1,0,0,0,0,0,0,0,-,-,34.39931,-118.57273,LOS ANGELES,SANTA CLARITA,-118.5723665,34.39940401
90348529,2016,2016-12-20,9525,2016-12-06,2358,019188,NA,2,3,6,1975,0,1,1,NA,2,105,I-10 W/B (SAN BERNARDINO FREEWAY),AZUSA AVE,350,E,N,A,-,Y,NA,NA,10,NA,NA,NA,NA,NA,W,Y,3,0,2,1,A,-,01,23152,A,N,E,I,A,A,D,E,D,D,0,NA,NA,NA,NA,Y,Y,A,01,0,1,1,0,0,0,0,0,0,-,-,34.07219,-117.90583,LOS ANGELES,WEST COVINA,-117.90583005,34.07222092
90348536,2016,2016-12-20,9590,2016-12-03,1800,021133,NA,6,2,7,1942,0,1,2,NA,2,072,US-101 N/B (HOLLYWOOD FREEWAY),MULHOLLAND DRIVE,800,S,N,A,-,Y,NA,NA,101,NA,NA,NA,NA,NA,N,N,4,0,3,2,A,-,03,22350,NA,N,C,C,A,A,H,-,B,D,0,NA,NA,NA,NA,Y,NA,A,01,0,0,3,0,0,0,0,0,0,-,-,34.12174,-118.33982,LOS ANGELES,LOS ANGELES,-118.33985023,34.12171003
90348539,2016,2016-12-20,9525,2016-12-06,0001,019970,NA,2,3,5,1906,0,1,1,NA,2,103,I-10 W/B (SAN BERNARDINO FREEWAY),I-605,370,E,N,B,-,Y,NA,NA,10,NA,NA,NA,NA,NA,W,Y,3,0,1,1,A,-,08,22107,NA,N,A,I,A,B,H,-,C,D,0,NA,NA,NA,NA,Y,NA,A,01,0,1,0,0,0,0,0,0,0,-,-,34.06543,-117.9991,LOS ANGELES,BALDWIN PARK,-117.99908597,34.06529463
90348545,2016,2016-12-20,9580,2016-12-09,1747,019715,NA,5,2,7,1942,0,1,3,NA,2,116,SR-118 E/B (RONALD REAGAN FWY.),HAYVENHURST AVE,800,E,N,A,-,Y,NA,NA,118,NA,NA,NA,NA,NA,E,Y,3,0,1,2,A,-,07,21658,A,N,B,C,A,A,H,-,D,D,0,NA,NA,Y,NA,Y,NA,A,01,0,1,0,0,0,0,0,0,1,-,-,34.2721,-118.4902,LOS ANGELES,LOS ANGELES,-118.49022645,34.27206794
90348553,2016,2016-12-20,9540,2016-12-16,0740,018208,NA,5,1,7,1942,0,1,1,NA,1,503,I-5 S/B (GSF) TO I-210 E/B (FF),BALBOA BLVD,770,S,N,B,C,Y,NA,NA,5,NA,NA,NA,R,NA,S,N,3,0,1,2,A,-,03,22350,NA,N,B,C,A,B,H,-,A,D,0,NA,NA,NA,NA,Y,NA,D,22,0,1,0,0,0,0,0,0,0,-,-,34.31929,-118.49408,LOS ANGELES,LOS ANGELES,-118.49408,34.31929
90348557,2016,2016-12-20,9580,2016-12-09,1230,020619,NA,5,1,7,1942,0,1,2,NA,2,103,I-405 S/B (SAN DIEGO FWY),VAN NUYS BLVD,650,N,N,A,-,Y,NA,NA,NA,NA,NA,NA,NA,NA,NA,N,4,0,2,2,A,-,03,22350,NA,N,C,C,A,A,H,-,A,D,0,NA,NA,NA,NA,Y,NA,-,99,0,0,2,0,0,0,0,0,0,-,-,34.15778,-118.45464,LOS ANGELES,LOS ANGELES,NA,NA
90348561,2016,2016-12-20,9575,2016-12-12,1935,020526,NA,1,2,7,1942,0,1,3,NA,2,044,SR-134 W/B (VENTURA FREEWAY),CAHUENGA BLVD,300,W,N,B,-,Y,NA,NA,134,NA,NA,NA,NA,NA,W,Y,4,0,4,3,A,-,07,21658,NA,N,B,C,A,A,H,-,C,D,0,NA,NA,NA,NA,Y,NA,A,01,0,0,4,0,0,0,0,0,0,-,-,34.15338,-118.36255,LOS ANGELES,LOS ANGELES,-118.36255053,34.15335829
90348586,2016,2017-02-07,9580,2016-12-10,0930,019511,NA,6,1,7,1942,0,1,1,NA,2,407,I-405 SB,DEVONSHIRE ST,1320,S,N,A,-,Y,NA,NA,405,NA,NA,NA,NA,NA,S,Y,4,0,2,4,A,-,08,22107,NA,M,E,I,A,A,H,-,A,D,0,NA,NA,NA,NA,Y,NA,-,99,0,0,2,0,0,0,0,0,0,-,-,34.25497,-118.47235,LOS ANGELES,LOS ANGELES,-118.47238631,34.25497034
90348591,2016,2016-12-20,9550,2016-12-17,2035,021121,NA,6,2,9,1900,0,3,5,NA,2,002,SANTA GERTRUDES AVE. S/B,LEMON DR,256,N,N,A,-,N,NA,NA,NA,NA,NA,NA,NA,NA,NA,Y,4,0,1,2,A,-,01,23152,A,N,C,C,A,A,H,-,C,D,0,NA,NA,NA,NA,Y,Y,A,01,0,0,1,0,0,0,0,0,0,-,-,33.92489,-117.99448,LOS ANGELES,UNINCORPORATED,-117.99442,33.92518182
90348595,2016,2016-12-20,9580,2016-12-10,2305,019776,NA,6,3,9,1900,0,2,4,NA,1,129,KANAN DUME RD,NEWTON CANYON RD,500,N,N,E,-,N,NA,NA,NA,NA,NA,NA,NA,NA,NA,Y,4,0,1,1,A,-,03,22350,NA,N,E,I,A,B,H,-,C,D,0,NA,NA,NA,NA,Y,NA,A,01,0,0,1,0,0,0,0,0,0,-,-,34.07728,-118.81507,LOS ANGELES,UNINCORPORATED,-118.81531755,34.07756808
90348609,2016,2016-12-20,9575,2016-12-12,1155,017751,NA,1,1,9,1900,0,1,1,NA,2,062,I-210 E/B (FOOTHILL FREEWAY),OCEAN VIEW BLVD.,200,W,N,A,-,Y,NA,NA,210,NA,NA,NA,NA,NA,E,N,4,0,1,2,A,-,03,22350,NA,N,C,C,A,A,D,-,A,D,0,NA,NA,NA,NA,Y,NA,A,01,0,0,1,0,0,0,0,0,0,-,-,34.2161,-118.23583000000001,LOS ANGELES,UNINCORPORATED,-118.2358503,34.21606678
90348613,2016,2016-12-20,9550,2016-12-07,0015,021141,NA,3,3,9,1900,0,1,3,NA,2,601,STATE ROUTE 60 E/B (POMONA FREEWAY),AZUSA AVENUE,2500,E,N,A,-,Y,NA,NA,NA,NA,NA,NA,NA,NA,NA,Y,4,0,1,2,A,-,08,22107,NA,N,C,E,A,A,H,-,C,D,0,NA,NA,NA,Y,Y,NA,G,25,0,0,1,0,0,0,0,0,0,-,-,33.99569,-117.92268,LOS ANGELES,UNINCORPORATED,-117.92310076,33.99581219
90348631,2016,2016-12-20,9530,2016-12-02,1150,021252,NA,5,1,9,1900,0,3,5,NA,2,001,FLORENCE AVE. (2100 BLOCK),ALAMEDA ST.,20,E,N,A,-,N,NA,NA,NA,NA,NA,NA,NA,NA,NA,Y,3,0,1,2,A,-,01,23152,A,N,H,C,A,A,H,-,A,A,0,NA,NA,NA,NA,Y,Y,A,01,0,1,0,0,0,0,0,0,0,-,-,33.963,-118.2812,LOS ANGELES,UNINCORPORATED,-118.23464417,33.97473