CASE_ID,ACCIDENT_YEAR,PROC_DATE,JURIS,COLLISION_DATE,COLLISION_TIME,OFFICER_ID,REPORTING_DISTRICT,DAY_OF_WEEK,CHP_SHIFT,POPULATION,CNTY_CITY_LOC,SPECIAL_COND,BEAT_TYPE,CHP_BEAT_TYPE,CITY_DIVISION_LAPD,CHP_BEAT_CLASS,BEAT_NUMBER,PRIMARY_RD,SECONDARY_RD,DISTANCE,DIRECTION,INTERSECTION,WEATHER_1,WEATHER_2,STATE_HWY_IND,CALTRANS_COUNTY,CALTRANS_DISTRICT,STATE_ROUTE,ROUTE_SUFFIX,POSTMILE_PREFIX,POSTMILE,LOCATION_TYPE,RAMP_INTERSECTION,SIDE_OF_HWY,TOW_AWAY,COLLISION_SEVERITY,NUMBER_KILLED,NUMBER_INJURED,PARTY_COUNT,PRIMARY_COLL_FACTOR,PCF_CODE_OF_VIOL,PCF_VIOL_CATEGORY,PCF_VIOLATION,PCF_VIOL_SUBSECTION,HIT_AND_RUN,TYPE_OF_COLLISION,MVIW,PED_ACTION,ROAD_SURFACE,ROAD_COND_1,ROAD_COND_2,LIGHTING,CONTROL_DEVICE,CHP_ROAD_TYPE,PEDESTRIAN_ACCIDENT,BICYCLE_ACCIDENT,MOTORCYCLE_ACCIDENT,TRUCK_ACCIDENT,NOT_PRIVATE_PROPERTY,ALCOHOL_INVOLVED,STWD_VEHTYPE_AT_FAULT,CHP_VEHTYPE_AT_FAULT,COUNT_SEVERE_INJ,COUNT_VISIBLE_INJ,COUNT_COMPLAINT_PAIN,COUNT_PED_KILLED,COUNT_PED_INJURED,COUNT_BICYCLIST_KILLED,COUNT_BICYCLIST_INJURED,COUNT_MC_KILLED,COUNT_MC_INJURED,PRIMARY_RAMP,SECONDARY_RAMP,LATITUDE,LONGITUDE,COUNTY,CITY,POINT_X,POINT_Y
90348648,2016,2016-12-20,9580,2016-12-10,1657,20003,NA,6,2,7,1942,0,1,2,NA,2,105,US-101 S/B (VENTURA FREEWAY),CANOGA AVE,500,N,N,A,-,Y,NA,NA,101,NA,NA,NA,NA,NA,S,N,4,0,1,2,A,-,04,21703,NA,N,C,C,A,A,H,-,C,D,0,NA,NA,NA,NA,Y,NA,A,01,0,0,1,0,0,0,0,0,0,-,-,34.17,-118.60168,LOS ANGELES,LOS ANGELES,-118.60167869,34.17000851
90348653,2016,2016-12-20,9580,2016-12-10,1630,020400,NA,6,2,7,1942,0,1,1,NA,2,406,I-405 N/B (SAN DIEGO FWY),ROSCOE BLVD,500,S,N,A,-,Y,NA,NA,405,NA,NA,NA,NA,NA,N,N,4,0,1,3,A,-,03,22350,NA,N,C,C,A,A,H,-,B,D,0,NA,NA,NA,NA,Y,NA,A,01,0,0,1,0,0,0,0,0,0,-,-,34.21742,-118.47305,LOS ANGELES,LOS ANGELES,-118.47312693,34.21742075
90348673,2016,2016-12-20,9545,2016-12-14,1455,015589,NA,3,2,9,1900,0,3,5,NA,2,002,GODDE HILL RD,ELIZABETH LAKE RD,3168,N,N,A,-,N,NA,NA,NA,NA,NA,NA,NA,NA,NA,Y,3,0,1,1,C,-,18,NA,NA,N,E,I,A,A,H,-,A,D,0,NA,NA,NA,NA,Y,NA,-,-,0,1,0,0,0,0,0,0,0,-,-,34.60858,-118.24967,LOS ANGELES,UNINCORPORATED,-118.24969641,34.60830108
90348688,2016,2016-12-20,9590,2016-12-03,1650,021124,NA,6,2,7,1942,0,1,3,NA,2,095,SR-2 W/B (GLF) TO I-5 S/B (GSF),RIPPLE STREET,500,W,N,A,-,Y,NA,NA,2,NA,NA,NA,R,NA,W,N,4,0,1,2,A,-,03,22350,NA,N,C,C,A,A,H,-,B,D,0,NA,NA,NA,NA,Y,NA,A,01,0,0,1,0,0,0,0,0,0,-,-,34.10351,-118.25015,LOS ANGELES,LOS ANGELES,-118.25015,34.10351
90348690,2016,2016-12-20,9580,2016-12-10,1850,020788,NA,6,2,7,1942,0,1,2,NA,2,101,US-101 S/B (VENTURA FREEWAY),WHITSETT AVENUE,1000,S,N,A,-,Y,NA,NA,101,NA,NA,NA,NA,NA,S,Y,4,0,4,4,A,-,03,22350,NA,N,C,C,A,A,H,-,C,D,0,NA,NA,NA,NA,Y,NA,A,07,0,0,4,0,0,0,0,0,0,-,-,34.15557,-118.40121,LOS ANGELES,LOS ANGELES,-118.40120026,34.15558927
90348710,2016,2016-12-20,9580,2016-12-10,0235,021015,NA,6,3,9,1900,0,1,2,NA,2,107,US-101 S/B (VENTURA FREEWAY),LAS VIRGENES RD,3696,S,N,B,-,Y,NA,NA,101,NA,NA,NA,NA,NA,S,Y,3,0,1,2,A,-,08,22107,NA,N,B,C,A,A,H,-,D,D,0,NA,NA,NA,Y,Y,NA,A,01,0,1,0,0,0,0,0,0,0,-,-,34.15052,-118.68646,LOS ANGELES,UNINCORPORATED,-118.6864718,34.15060095
90348713,2016,2016-12-20,9525,2016-11-19,1335,020951,NA,6,1,6,1955,0,1,3,NA,2,571,SR-57 S/B (ORANGE FREEWAY),SOUTH CAMPUS DR.,525,N,N,A,-,Y,NA,NA,57,NA,NA,NA,NA,NA,S,Y,2,0,5,1,A,-,01,23152,A,N,F,A,A,A,H,-,A,D,0,NA,NA,NA,NA,Y,Y,E,22,2,3,0,0,0,0,0,0,0,-,-,34.06217,-117.80571,LOS ANGELES,POMONA,-117.80571111,34.06216965
90348715,2016,2016-12-20,9565,2016-11-30,0800,020113,NA,3,1,7,1942,0,1,1,NA,2,082,I-10 W/B (SANTA MONICA FWY.),I-405,50,W,N,A,-,Y,NA,NA,NA,NA,NA,NA,NA,NA,NA,N,4,0,1,3,A,-,03,22350,NA,N,C,C,A,A,H,-,A,D,0,NA,NA,NA,NA,Y,NA,D,22,0,0,1,0,0,0,0,0,0,-,-,34.0639,-118.45883,LOS ANGELES,LOS ANGELES,-118.43386248,34.03130743
90348743,2016,2016-12-20,9530,2016-12-13,0824,021465,NA,2,1,9,1900,0,1,1,NA,2,120,I-110 N/B (HARBOR FREEWAY),228TH ST.,525,N,N,A,-,Y,NA,NA,NA,NA,NA,NA,NA,NA,NA,N,4,0,1,2,A,-,03,22350,NA,N,C,C,A,A,H,-,A,A,0,NA,NA,NA,NA,Y,NA,A,01,0,0,1,0,0,0,0,0,0,-,-,33.4913,-118.1714,LOS ANGELES,UNINCORPORATED,NA,NA
90348758,2016,2016-12-20,9530,2016-12-14,0728,021465,NA,3,1,9,1900,0,3,5,NA,2,006,228TH ST. (1100 BLOCK),ALEXANDRIA AVE.,140,E,N,A,-,N,NA,NA,NA,NA,NA,NA,NA,NA,NA,N,4,0,1,2,A,-,09,21801,A,N,D,C,A,A,H,-,A,D,0,NA,NA,NA,NA,Y,NA,A,01,0,0,1,0,0,0,0,0,0,-,-,33.819,-118.2958,LOS ANGELES,UNINCORPORATED,-118.29581999,33.81897703
90348766,2016,2016-12-20,9590,2016-12-03,1940,021072,NA,6,2,7,1942,0,1,1,NA,2,085,I-5 S/B (GOLDEN STATE FREEWAY),LOS FELIZ BLVD.,500,N,N,A,-,Y,NA,NA,5,NA,NA,NA,NA,NA,S,Y,3,0,2,2,A,-,03,22350,NA,N,C,C,A,A,H,-,D,D,0,NA,NA,NA,NA,Y,NA,A,07,0,2,0,0,0,0,0,0,0,-,-,34.12262,-118.27148,LOS ANGELES,LOS ANGELES,-118.27217076,34.12236666
90348791,2016,2016-12-20,9590,2016-12-16,0305,020409,NA,5,3,7,1942,0,1,3,NA,2,030,SR-60 E/B (POMONA FREEWAY),LORENA ST.,1000,W,N,C,-,Y,NA,NA,60,NA,NA,NA,NA,NA,E,N,4,0,1,2,A,-,08,22107,NA,N,E,I,A,B,H,-,C,D,0,NA,NA,NA,NA,Y,NA,A,01,0,0,1,0,0,0,0,0,0,-,-,34.02895,-118.20332,LOS ANGELES,LOS ANGELES,-118.20328606,34.02873955
90348801,2016,2016-12-20,9590,2016-12-19,1100,015982,NA,1,1,7,1942,0,1,1,NA,2,052,I-110 N/B (HARBOR FREEWAY),VENICE BLVD,400,N,N,A,-,Y,NA,NA,110,NA,NA,NA,NA,NA,N,Y,4,0,3,2,A,-,03,22350,NA,N,C,C,A,A,H,-,A,D,0,NA,NA,NA,NA,Y,NA,A,07,0,0,3,0,0,0,0,0,0,-,-,34.0401,-118.27354,LOS ANGELES,LOS ANGELES,-118.27362282,34.04011185
90348817,2016,2016-12-20,9590,2016-12-17,1700,021111,NA,6,2,7,1942,0,1,1,NA,2,063,I-10 W/B (SANTA MONICA FREEWAY),MAPLE STREET,200,W,N,A,-,Y,NA,NA,10,NA,NA,NA,NA,NA,W,Y,4,0,1,2,A,-,03,22350,NA,N,C,C,A,A,H,-,B,D,0,NA,NA,NA,NA,Y,NA,A,01,0,0,1,0,0,0,0,0,0,-,-,34.032,-118.26214,LOS ANGELES,LOS ANGELES,-118.26213149,34.03202248
9034884,2019,2020-07-13,1923,2019-11-21,1848,531,E304,4,5,3,1923,0,0,0,NA,0,ES3,PACIFIC COAST HWY,MAPLE AV,0,NA,Y,A,-,Y,LA,7,1,-,-,25.681,I,5,N,Y,4,0,1,2,A,-,08,22107,NA,N,A,C,A,A,H,-,C,A,0,NA,NA,NA,NA,Y,NA,A,07,0,0,1,0,0,0,0,0,0,-,-,33.927040100097656,-118.39627075195313,LOS ANGELES,EL SEGUNDO,-118.3961944580078,33.92702102661133
90348848,2016,2016-12-20,9580,2016-12-12,1720,021241,NA,1,2,7,1942,0,1,3,NA,2,170,SR-170 NB TO VICTORY BLVD EB,VICTORY BLVD,200,S,N,A,-,Y,NA,NA,170,NA,NA,NA,R,NA,N,Y,4,0,2,2,A,-,01,23152,A,N,C,C,A,A,H,-,B,D,0,NA,NA,NA,NA,Y,Y,A,01,0,0,2,0,0,0,0,0,0,-,-,34.1854,-118.3997,LOS ANGELES,LOS ANGELES,-118.3997,34.1854
90348854,2016,2016-12-20,9580,2016-12-12,2220,018297,NA,1,3,7,1942,0,1,2,NA,2,105,US-101 S/B (VENTURA FREEWAY),DE SOTO AVE,2112,S,N,A,-,Y,NA,NA,101,NA,NA,NA,NA,NA,S,Y,4,0,1,4,A,-,07,21658,A,M,B,C,A,A,H,-,D,D,0,NA,NA,NA,NA,Y,NA,-,99,0,0,1,0,0,0,0,0,0,-,-,34.16826,-118.58185,LOS ANGELES,LOS ANGELES,-118.58184793,34.16825029
90348873,2016,2016-12-20,9565,2016-12-09,1750,021134,NA,5,2,4,1918,0,1,1,NA,2,061,I-405 N/B (SAN DIEGO FWY),SEPULVEDA BLVD,350,N,N,A,-,Y,NA,NA,405,NA,NA,NA,NA,NA,N,Y,4,0,1,3,A,-,03,22350,NA,N,C,C,A,A,H,-,B,D,0,NA,NA,NA,NA,Y,NA,A,01,0,0,1,0,0,0,0,0,0,-,-,33.98337,-118.39541,LOS ANGELES,CULVER CITY,-118.39548338,33.98331192
90348876,2016,2016-12-20,9580,2016-12-12,1430,018322,NA,1,2,7,1942,0,1,1,NA,2,406,I-405 N/B (SAN DIEGO FWY),ROSCOE BLVD,68,N,N,B,-,Y,NA,NA,405,NA,NA,NA,NA,NA,N,Y,4,0,3,5,A,-,03,22350,NA,N,C,C,A,A,H,-,A,D,0,NA,NA,NA,NA,Y,NA,A,01,0,0,3,0,0,0,0,0,0,-,-,34.22152,-118.47312,LOS ANGELES,LOS ANGELES,-118.47308598,34.22151966
9034888,2019,2020-07-13,1923,2019-11-24,0805,433,317,7,5,3,1923,0,0,0,NA,0,3L3D,PACIFIC COAST HWY,EL SEGUNDO BL,0,NA,Y,A,-,Y,LA,7,1,-,-,24.9,H,-,N,Y,4,0,1,2,A,-,01,23152,NA,N,A,C,A,A,H,-,A,A,0,NA,NA,NA,NA,Y,NA,A,01,0,0,1,0,0,0,0,0,0,-,-,NA,NA,LOS ANGELES,EL SEGUNDO,-118.3958740234375,33.916175842285156
90348890,2016,2016-12-20,9540,2016-12-15,2240,020306,NA,4,3,6,1985,0,1,3,NA,2,146,SR-14 NORTHBOUND (ANTELOPE VALLEY FWY),FLOWERPARK DR,161,N,N,C,-,Y,NA,NA,14,NA,NA,NA,NA,NA,N,Y,4,0,4,6,A,-,03,22350,NA,N,C,C,A,B,H,-,C,D,0,NA,NA,NA,NA,Y,NA,A,01,0,0,4,0,0,0,0,0,0,-,-,34.42756,-118.40955,LOS ANGELES,SANTA CLARITA,-118.40954959,34.42753936
90348894,2016,2016-12-20,9565,2016-12-11,1725,017060,NA,7,2,5,1928,0,1,1,NA,2,012,I-105 W/B (CENTURY FREEWAY),VAN NESS AVE.,50,E,N,A,-,Y,NA,NA,105,NA,NA,NA,NA,NA,W,N,4,0,2,3,A,-,03,22350,NA,N,C,C,A,A,H,-,C,D,0,NA,NA,NA,NA,Y,NA,A,01,0,0,2,0,0,0,0,0,0,-,-,33.92564,-118.31722,LOS ANGELES,HAWTHORNE,-118.31722006,33.92563319
90348895,2016,2016-12-20,9580,2016-12-10,1710,020788,NA,6,2,7,1942,0,1,2,NA,2,100,US-101 N/B (VENTURA FREEWAY),LAUREL CANYON BOULEVARD,800,S,N,A,-,Y,NA,NA,101,NA,NA,NA,NA,NA,N,N,3,0,1,2,A,-,07,21658,A,M,B,C,A,A,H,-,C,D,0,NA,NA,Y,NA,Y,NA,D,22,0,1,0,0,0,0,0,0,1,-,-,34.15456,-118.39353,LOS ANGELES,LOS ANGELES,-118.39352995,34.15453906
90348941,2016,2016-12-20,9580,2016-12-12,0525,016003,NA,1,3,7,1942,0,1,1,NA,2,407,I-405 S/B (SAN DIEGO FWY),NORDHOFF ST,1056,N,N,A,-,Y,NA,NA,405,NA,NA,NA,NA,NA,S,Y,4,0,1,1,C,-,18,NA,NA,N,E,J,A,A,H,-,C,D,0,NA,NA,NA,NA,Y,NA,-,-,0,0,1,0,0,0,0,0,0,-,-,34.24165,-118.47324,LOS ANGELES,LOS ANGELES,-118.47312126,34.24164889
90348944,2016,2016-12-20,9540,2016-12-16,1716,021214,NA,5,2,7,1942,0,1,1,NA,1,502,I-5 N/B (GOLDEN STATE FREEWAY),BALBOA BLVD,150,N,N,A,-,Y,NA,NA,5,NA,NA,NA,NA,NA,N,Y,4,0,2,2,A,-,03,22350,NA,N,C,C,A,A,H,-,D,D,0,NA,NA,NA,NA,Y,NA,A,07,0,0,2,0,0,0,0,0,0,-,-,34.32157,-118.49709,LOS ANGELES,LOS ANGELES,-118.49707343,34.32159941
90348946,2016,2016-12-20,9590,2016-12-17,1845,021040,NA,6,2,7,1942,0,1,3,NA,2,094,SR-2 E/B (GLENDALE FREEWAY),COLORADO BLVD.,250,W,N,A,-,Y,NA,NA,2,NA,NA,NA,NA,NA,E,Y,4,0,1,2,A,-,07,21658,A,N,B,C,A,A,H,-,C,D,0,NA,NA,NA,NA,Y,NA,A,01,0,0,1,0,0,0,0,0,0,-,-,34.14254,-118.22719,LOS ANGELES,LOS ANGELES,-118.22735568,34.14258745
90348948,2016,2016-12-20,9580,2016-12-12,0620,016003,NA,1,1,7,1942,0,1,1,NA,2,407,I-405 S/B (SAN DIEGO FWY),DEVONSHIRE ST,50,S,N,A,-,Y,NA,NA,405,NA,NA,NA,NA,NA,S,Y,4,0,1,2,A,-,03,22350,NA,N,C,C,A,A,H,-,B,D,0,NA,NA,NA,NA,Y,NA,A,01,0,0,1,0,0,0,0,0,0,-,-,34.25607,-118.47257,LOS ANGELES,LOS ANGELES,-118.47237686,34.25606837
90348957,2016,2016-12-20,9580,2016-12-12,2205,020462,NA,1,3,7,1942,0,1,2,NA,2,103,US-101 S/B (VENTURA FREEWAY),KESTER AVE,200,S,N,A,-,Y,NA,NA,101,NA,NA,NA,NA,NA,S,N,4,0,1,2,A,-,03,22350,NA,N,C,C,A,A,D,-,C,D,0,NA,NA,NA,NA,Y,NA,D,22,0,0,1,0,0,0,0,0,0,-,-,34.15802,-118.45613,LOS ANGELES,LOS ANGELES,-118.45613365,34.15800683
90348999,2016,2016-12-20,9540,2016-12-16,1914,021370,NA,5,2,7,1942,0,1,1,NA,2,210,I-210 WB (FOOTHILL FREEWAY),ROXFORD ST,2640,W,N,A,-,Y,NA,NA,210,NA,NA,NA,NA,NA,W,Y,4,0,1,3,A,-,03,22350,NA,N,C,C,A,A,H,-,D,D,0,NA,NA,NA,NA,Y,NA,A,01,0,0,1,0,0,0,0,0,0,-,-,34.32372,-118.4612,LOS ANGELES,LOS ANGELES,-118.46118597,34.32386797
90349017,2016,2016-12-20,9530,2016-11-24,1440,017666,NA,4,2,7,1941,0,1,1,NA,2,072,I-710 N/B (LONG BEACH FREEWAY),WILLOW ST.,300,N,N,A,-,Y,NA,NA,710,NA,NA,NA,NA,NA,N,Y,4,0,2,3,A,-,07,21658,A,N,B,C,A,A,H,-,A,D,0,NA,NA,NA,NA,Y,NA,A,08,0,0,2,0,0,0,0,0,0,-,-,33.8033,-118.2068,LOS ANGELES,LONG BEACH,-118.20732415,33.80325507
90349023,2016,2017-01-23,9580,2016-12-08,0857,021491,NA,4,1,7,1942,0,1,2,NA,2,105,US-101 S/B (VENTURA FREEWAY),TAMPA AVENUE,14,S,N,A,-,Y,NA,NA,101,NA,NA,NA,NA,NA,S,N,3,0,1,3,A,-,03,22350,NA,N,C,C,A,A,H,-,A,D,0,NA,NA,NA,NA,Y,NA,A,07,0,1,0,0,0,0,0,0,0,-,-,34.17335,-118.55301,LOS ANGELES,LOS ANGELES,-118.55300828,34.17345765
90349032,2016,2016-12-20,9550,2016-12-03,2030,10000,NA,6,2,3,1964,0,1,1,NA,2,501,I-5 (SANTA ANA FREEWAY) S/B,CARMENITA ROAD,50,S,N,A,-,Y,NA,NA,5,NA,NA,NA,NA,NA,S,Y,4,0,1,2,A,-,03,22350,NA,N,C,C,A,A,H,-,C,D,0,NA,NA,NA,NA,Y,NA,A,01,0,0,1,0,0,0,0,0,0,-,-,33.89331,-118.04644,LOS ANGELES,SANTA FE SPRINGS,-118.04636437,33.89345042
90349033,2016,2016-12-20,9525,2016-12-05,1915,020346,NA,1,2,9,1900,0,3,5,NA,2,002,HOLLENBECK ST.,COVINA BLVD,0,NA,Y,A,-,N,NA,NA,NA,NA,NA,NA,NA,NA,NA,Y,4,0,2,2,A,-,09,21801,A,N,A,C,A,A,H,-,C,D,0,NA,NA,Y,NA,Y,NA,A,01,0,0,2,0,0,0,0,0,1,-,-,34.09954,-117.89896,LOS ANGELES,UNINCORPORATED,-117.89898005,34.09940005
90349037,2016,2016-12-20,9580,2016-12-13,1315,015841,NA,2,1,7,1942,0,1,1,NA,2,405,I-405 S/B (SAN DIEGO FWY),SEPULVEDA BLVD,2640,S,N,B,-,Y,NA,NA,405,NA,NA,NA,NA,NA,S,Y,4,0,1,3,A,-,03,22350,NA,N,C,C,A,A,H,-,A,D,0,NA,NA,NA,NA,Y,NA,A,07,0,0,1,0,0,0,0,0,0,-,-,34.14584,-118.47077,LOS ANGELES,LOS ANGELES,-118.47084087,34.14587037
90349040,2016,2016-12-20,9550,2016-12-03,2105,10000,NA,6,2,9,1900,0,2,4,NA,1,051,NOGALES ST.,KILLIAN AVE,0,NA,Y,A,-,N,NA,NA,NA,NA,NA,NA,NA,NA,NA,Y,3,0,1,2,A,-,09,21801,A,N,D,C,A,A,H,-,C,A,0,NA,NA,NA,NA,Y,NA,A,01,0,1,0,0,0,0,0,0,0,-,-,33.982169999999996,-117.88897,LOS ANGELES,UNINCORPORATED,-117.8887801,33.98213002
90349053,2016,2016-12-20,9580,2016-12-13,1130,016003,NA,2,1,7,1942,0,1,1,NA,2,405,I-405 S/B (SAN DIEGO FWY),BURBANK BLVD,1584,N,N,A,-,Y,NA,NA,405,NA,NA,NA,NA,NA,S,Y,3,0,1,2,A,-,03,22350,NA,N,C,C,A,A,H,-,A,D,0,NA,NA,NA,NA,Y,NA,A,08,0,1,0,0,0,0,0,0,0,-,-,34.18054,-118.47091,LOS ANGELES,LOS ANGELES,-118.47081604,34.18060924
90349062,2016,2016-12-20,9580,2016-12-13,0715,016523,NA,2,1,7,1942,0,1,2,NA,2,101,US-101 S/B TO SR-134 E/B,SR-170 S/B (HOLLYWOOD FWY.),150,N,N,B,-,Y,NA,NA,101,NA,NA,NA,R,NA,S,N,4,0,2,3,A,-,07,21658,A,N,B,C,A,A,H,-,A,D,0,NA,NA,NA,NA,Y,NA,A,01,0,0,2,0,0,0,0,0,0,-,-,34.15326,-118.37676,LOS ANGELES,LOS ANGELES,-118.37676,34.15326
9034907,2019,2020-02-01,1942,2019-10-13,1755,4587,SOW,7,5,7,1942,0,0,0,NA,0,3A74,40TH PL,BUDLONG AV,0,NA,Y,A,-,N,NA,NA,NA,NA,NA,NA,NA,NA,NA,Y,4,0,1,2,A,-,09,21802,A,N,A,C,A,A,H,-,A,D,0,NA,NA,NA,NA,Y,NA,A,01,0,0,1,0,0,0,0,0,0,-,-,NA,NA,LOS ANGELES,LOS ANGELES,-118.29589080810548,34.009918212890625
90349104,2016,2016-12-20,9550,2016-12-04,0055,10000,NA,7,3,4,1936,0,1,1,NA,2,501,I-5 (SANTA ANA FREEWAY) S/B,VALLEY VIEW AVE.,640,S,N,A,-,Y,NA,NA,5,NA,NA,NA,NA,NA,S,Y,3,0,2,2,A,-,07,21658,A,M,D,C,A,A,H,-,D,D,0,NA,NA,NA,NA,Y,Y,A,07,0,2,0,0,0,0,0,0,0,-,-,33.88296,-118.02694,LOS ANGELES,LA MIRADA,-118.02694389,33.88295278
90349129,2016,2016-12-20,9580,2016-12-13,2200,021018,NA,2,3,7,1942,0,1,2,NA,2,102,US-101 N/B (VENTURA FREEWAY),SEPULVEDA BLVD,500,S,N,A,-,Y,NA,NA,101,NA,NA,NA,NA,NA,N,Y,4,0,2,2,A,-,03,22350,NA,N,C,C,A,A,H,-,D,D,0,NA,NA,NA,NA,Y,NA,A,01,0,0,2,0,0,0,0,0,0,-,-,34.15954,-118.4622,LOS ANGELES,LOS ANGELES,-118.46219998,34.15950669
90349140,2016,2016-12-20,9580,2016-12-14,1215,017386,NA,3,1,7,1942,0,1,2,NA,2,102,US-101 N/B TO I-405,SEPULVEDA BLVD,100,N,N,A,-,Y,NA,NA,101,NA,NA,NA,R,NA,N,Y,4,0,1,2,A,-,03,22350,NA,N,C,C,A,A,H,-,A,D,0,NA,NA,Y,NA,Y,NA,C,02,0,0,1,0,0,0,0,0,1,-,-,34.15998,-118.46685,LOS ANGELES,LOS ANGELES,-118.46685,34.15998
90349157,2016,2016-12-20,9530,2016-12-14,0805,021465,NA,3,1,9,1900,0,3,5,NA,2,006,220TH ST  (1200 BLOCK),NORMANDIE AVE.,79,E,N,A,-,N,NA,NA,NA,NA,NA,NA,NA,NA,NA,N,4,0,1,5,A,-,03,22350,NA,N,C,C,A,A,H,-,A,D,0,NA,NA,NA,NA,Y,NA,A,07,0,0,1,0,0,0,0,0,0,-,-,33.8281,-118.2988,LOS ANGELES,UNINCORPORATED,-118.29931039,33.8281
90349177,2016,2016-12-20,9525,2016-12-09,1816,019632,NA,5,2,4,1946,0,1,1,NA,2,202,I-210 E/B FROM MYRTLE AVE,MYRTLE AVE,1117,E,N,A,-,Y,NA,NA,210,NA,NA,NA,R,NA,E,Y,4,0,1,2,A,-,03,22350,NA,N,C,C,A,A,H,-,D,A,0,NA,NA,NA,NA,Y,NA,A,01,0,0,1,0,0,0,0,0,0,-,-,34.13523,-117.99748,LOS ANGELES,MONROVIA,-117.99748,34.13523
9034919,2019,2020-07-13,1976,2019-10-20,1816,477,NA,7,5,5,1976,0,0,0,NA,0,NA,WHITTIER BL,COLE RD,84,W,N,A,-,Y,LA,7,72,-,-,1.81,H,-,S,NA,4,0,1,2,A,-,09,21804,A,N,H,G,A,A,H,-,B,D,0,NA,Y,NA,NA,Y,NA,A,01,0,0,1,0,0,0,1,0,0,-,-,NA,NA,LOS ANGELES,WHITTIER,-118.00585174560548,33.94852828979492
90349199,2016,2016-12-20,9550,2016-12-10,0331,021107,NA,6,3,6,1949,0,1,1,NA,2,651,I-605 N/B,FIRESTONE BOULEVARD,0,NA,N,A,-,Y,NA,NA,NA,NA,NA,NA,NA,NA,NA,Y,4,0,2,2,A,-,03,22350,NA,N,D,C,A,A,H,-,C,D,0,NA,NA,NA,NA,Y,NA,A,07,0,0,2,0,0,0,0,0,0,-,-,NA,NA,LOS ANGELES,NORWALK,-118.10401009,33.92459007
90349216,2016,2016-12-20,9550,2016-12-10,1230,021037,NA,6,1,9,1900,0,1,3,NA,2,601,SR-60 WESTBOUND,HACIENDA BOULEVARD,2200,E,N,A,-,Y,NA,NA,60,NA,NA,NA,NA,NA,W,Y,4,0,1,3,A,-,03,22350,NA,N,C,C,A,A,H,-,A,D,0,NA,NA,NA,NA,Y,NA,A,01,0,0,1,0,0,0,0,0,0,-,-,34.00476,-117.95718,LOS ANGELES,UNINCORPORATED,-117.95717036,34.00479135
9034923,2019,2020-02-04,1923,2019-10-31,2309,520,301,4,5,3,1923,0,0,0,NA,0,003,IMPERIAL HWY,HUGHES WY,110,E,N,A,-,N,NA,NA,NA,NA,NA,NA,NA,NA,NA,N,3,0,1,2,A,-,05,21202,A,N,H,G,A,A,H,-,C,D,0,NA,Y,NA,NA,Y,NA,L,04,0,1,0,0,0,0,1,0,0,-,-,NA,NA,LOS ANGELES,EL SEGUNDO,-118.39142608642578,33.93085861206055
90349239,2016,2016-12-20,9525,2016-12-09,1930,020907,NA,5,2,5,1906,0,1,1,NA,2,104,I-10 E/B (SAN BERNARDINO FREEWAY),BALDWIN PARK BLVD,1000,W,N,A,-,Y,NA,NA,10,NA,NA,NA,NA,NA,E,N,4,0,1,2,A,-,03,22350,NA,F,C,C,A,A,H,-,C,D,0,NA,NA,NA,NA,Y,NA,D,22,0,0,1,0,0,0,0,0,0,-,-,34.06679,-117.98647,LOS ANGELES,BALDWIN PARK,-117.9864777,34.06685135
9034924,2020,2020-09-25,1967,2020-01-21,1630,136,NA,2,5,2,1967,0,0,0,NA,0,SOUTH,RT 1,FREEMAN AV,0,NA,Y,B,-,Y,LA,7,1,-,-,4.321,I,5,S,N,4,0,2,2,A,-,09,21801,A,N,D,C,A,A,H,-,A,D,0,NA,NA,NA,NA,Y,NA,A,01,0,0,2,0,0,0,0,0,0,-,-,NA,NA,LOS ANGELES,SIGNAL HILL,-118.15558624267578,33.7898063659668
90349256,2016,2016-12-20,9525,2016-12-09,1950,016342,NA,5,2,5,1990,0,1,3,NA,2,601,SR-60 W/B (POMONA FREEWAY),FAIRWAY DR.,400,E,N,A,-,Y,NA,NA,NA,NA,NA,NA,NA,NA,NA,N,4,0,2,2,A,-,07,21658,A,N,B,C,A,A,H,-,C,D,0,NA,NA,NA,NA,Y,NA,A,01,0,0,2,0,0,0,0,0,0,-,-,33.59502,-117.52837,LOS ANGELES,DIAMOND BAR,-117.86906492,33.99657683
90349319,2016,2016-12-20,9590,2016-12-06,1440,016692,NA,2,2,7,1942,0,1,1,NA,2,013,SR-110 S/B (ARROYO SECO PKWY.),AVE. 43 O/C,520,S,N,A,-,Y,NA,NA,NA,NA,NA,NA,NA,NA,NA,Y,3,0,1,1,A,-,08,22107,NA,N,E,I,A,A,H,-,A,D,0,NA,NA,NA,NA,Y,NA,A,07,0,1,0,0,0,0,0,0,0,-,-,34.53055,-118.12242,LOS ANGELES,LOS ANGELES,-118.20652667,34.09190028
90349385,2016,2016-12-20,9550,2016-12-11,0135,021196,NA,7,3,9,1900,0,3,5,NA,2,002,COLIMA RD,TELEGRAPH ROAD,0,NA,Y,B,-,N,NA,NA,NA,NA,NA,NA,NA,NA,NA,Y,3,0,1,1,A,-,08,22107,NA,N,E,I,A,A,H,-,C,D,0,NA,NA,NA,NA,Y,NA,A,01,0,1,0,0,0,0,0,0,0,-,-,33.92509,-118.02432,LOS ANGELES,UNINCORPORATED,-118.02450011,33.92502007