CASE_ID,ACCIDENT_YEAR,PROC_DATE,JURIS,COLLISION_DATE,COLLISION_TIME,OFFICER_ID,REPORTING_DISTRICT,DAY_OF_WEEK,CHP_SHIFT,POPULATION,CNTY_CITY_LOC,SPECIAL_COND,BEAT_TYPE,CHP_BEAT_TYPE,CITY_DIVISION_LAPD,CHP_BEAT_CLASS,BEAT_NUMBER,PRIMARY_RD,SECONDARY_RD,DISTANCE,DIRECTION,INTERSECTION,WEATHER_1,WEATHER_2,STATE_HWY_IND,CALTRANS_COUNTY,CALTRANS_DISTRICT,STATE_ROUTE,ROUTE_SUFFIX,POSTMILE_PREFIX,POSTMILE,LOCATION_TYPE,RAMP_INTERSECTION,SIDE_OF_HWY,TOW_AWAY,COLLISION_SEVERITY,NUMBER_KILLED,NUMBER_INJURED,PARTY_COUNT,PRIMARY_COLL_FACTOR,PCF_CODE_OF_VIOL,PCF_VIOL_CATEGORY,PCF_VIOLATION,PCF_VIOL_SUBSECTION,HIT_AND_RUN,TYPE_OF_COLLISION,MVIW,PED_ACTION,ROAD_SURFACE,ROAD_COND_1,ROAD_COND_2,LIGHTING,CONTROL_DEVICE,CHP_ROAD_TYPE,PEDESTRIAN_ACCIDENT,BICYCLE_ACCIDENT,MOTORCYCLE_ACCIDENT,TRUCK_ACCIDENT,NOT_PRIVATE_PROPERTY,ALCOHOL_INVOLVED,STWD_VEHTYPE_AT_FAULT,CHP_VEHTYPE_AT_FAULT,COUNT_SEVERE_INJ,COUNT_VISIBLE_INJ,COUNT_COMPLAINT_PAIN,COUNT_PED_KILLED,COUNT_PED_INJURED,COUNT_BICYCLIST_KILLED,COUNT_BICYCLIST_INJURED,COUNT_MC_KILLED,COUNT_MC_INJURED,PRIMARY_RAMP,SECONDARY_RAMP,LATITUDE,LONGITUDE,COUNTY,CITY,POINT_X,POINT_Y
90356809,2016,2016-12-29,9565,2016-12-22,0840,016326,NA,4,1,9,1900,0,2,4,NA,2,031,LA CIENEGA BLVD,FAIRFAX AVE,144,S,N,C,-,N,NA,NA,NA,NA,NA,NA,NA,NA,NA,Y,2,0,1,1,A,-,08,22107,NA,N,H,I,A,B,H,-,A,D,0,NA,NA,NA,NA,Y,NA,A,01,1,0,0,0,0,0,0,0,0,-,-,34.00445,-118.37311,LOS ANGELES,UNINCORPORATED,-118.37194698,34.0299749
90356817,2016,2016-12-29,9580,2016-12-11,1125,017640,NA,7,1,3,1989,0,1,2,NA,2,106,US-101 N/B (VENTURA FREEWAY),LAS VIRGENES CANYON RD,300,N,N,B,-,Y,NA,NA,101,NA,NA,NA,NA,NA,N,N,3,0,2,2,A,-,04,21703,NA,N,C,C,A,A,D,-,A,D,0,NA,NA,Y,NA,Y,NA,C,02,0,1,1,0,0,0,0,0,2,-,-,34.147,-118.6996,LOS ANGELES,CALABASAS,-118.69950873,34.14690731
90356831,2016,2016-12-29,9575,2016-12-14,0745,018381,NA,3,1,9,1900,0,3,5,NA,2,008,LOTUS AVENUE,SAN PASQUAL STREET,0,NA,Y,A,-,N,NA,NA,NA,NA,NA,NA,NA,NA,NA,Y,3,0,1,2,A,-,09,21802,A,N,D,C,A,A,H,-,A,A,0,NA,NA,NA,NA,Y,NA,D,22,0,1,0,0,0,0,0,0,0,-,-,34.13786,-118.07654,LOS ANGELES,UNINCORPORATED,-118.07634012,34.13784002
90356849,2016,2016-12-29,9540,2016-12-16,1122,021464,NA,5,1,9,1900,0,1,3,NA,2,146,SR-14 (N/B) (ANTELOPE VALLEY FREEWAY),PURITAN MINE RD,2798,S,N,B,-,Y,NA,NA,14,NA,NA,NA,NA,NA,NA,Y,4,0,1,2,A,-,03,22350,NA,N,C,C,A,B,H,-,A,D,0,NA,NA,NA,NA,Y,NA,A,01,0,0,1,0,0,0,0,0,0,-,-,34.50199,-118.25532,LOS ANGELES,UNINCORPORATED,-118.25537017,34.50204431
90356853,2016,2016-12-29,9525,2016-12-16,0140,019707,NA,5,3,5,1990,0,1,3,NA,2,602,SR-60 E/B (POMONA FREEWAY),FAIRWAY DR.,1320,E,N,C,-,Y,NA,NA,60,NA,NA,NA,NA,NA,E,Y,2,0,1,3,A,-,01,23152,A,F,A,C,D,B,H,-,C,D,0,Y,NA,NA,NA,Y,Y,A,01,1,0,0,0,1,0,0,0,0,-,-,33.99824,-117.85785,LOS ANGELES,DIAMOND BAR,-117.85784471,33.99820761
90356857,2016,2016-12-29,9565,2016-12-27,1545,016945,NA,2,2,7,1942,0,1,1,NA,2,063,I-405 S/B (SAN DIEGO FWY),SANTA MONICA BLVD,558,S,N,A,-,Y,NA,NA,405,NA,NA,NA,NA,NA,S,N,4,0,1,2,A,-,03,22350,NA,N,C,C,A,A,H,-,A,D,0,NA,NA,NA,NA,Y,NA,A,01,0,0,1,0,0,0,0,0,0,-,-,34.04048,-118.44104,LOS ANGELES,LOS ANGELES,-118.44114563,34.04038894
90356866,2016,2016-12-29,9550,2016-12-15,0530,015449,NA,4,3,6,1920,0,1,1,NA,2,500,I-5 S/B (SANTA ANA FREEWAY),I-605,407,N,N,B,-,Y,NA,NA,5,NA,NA,NA,NA,NA,S,Y,4,0,2,2,A,-,07,21658,A,N,B,C,A,A,H,-,C,D,0,NA,NA,NA,Y,Y,NA,G,25,0,0,2,0,0,0,0,0,0,-,-,33.94247,-118.0973,LOS ANGELES,DOWNEY,-118.09748806,33.94234451
90356886,2016,2016-12-29,9590,2016-12-19,0215,021132,NA,1,3,7,1942,0,1,2,NA,2,071,US-101 S/B (HOF),BELMONT AVENUE,27,N,N,A,-,Y,NA,NA,101,NA,NA,NA,NA,NA,S,Y,4,0,1,1,A,-,01,23152,A,N,E,J,A,A,H,-,C,D,0,NA,NA,NA,NA,Y,Y,A,01,0,0,1,0,0,0,0,0,0,-,-,34.07014,-118.26296,LOS ANGELES,LOS ANGELES,-118.26293029,34.07022427
90356901,2016,2017-01-27,9540,2016-12-16,0515,019444,NA,5,3,9,1900,0,1,1,NA,2,507,I-5 S/B GOLDEN STATE FREEWAY,MCBEAN PKY,5280,N,N,B,C,Y,NA,NA,5,NA,NA,NA,NA,NA,S,Y,3,0,1,1,A,-,08,22107,NA,N,E,I,A,B,H,-,C,D,0,NA,NA,NA,NA,Y,NA,A,01,0,1,0,0,0,0,0,0,0,-,-,34.38923,-118.56989,LOS ANGELES,UNINCORPORATED,-118.57025588,34.38913829
90356914,2016,2016-12-29,9550,2016-12-18,0930,021500,NA,7,1,9,1900,0,2,4,NA,1,051,FULLERTON ROAD,MESCAL STREET,0,NA,Y,A,-,N,NA,NA,NA,NA,NA,NA,NA,NA,NA,Y,3,0,1,2,A,-,12,21453,A,N,D,C,A,A,H,-,A,A,0,NA,NA,NA,NA,Y,NA,A,07,0,1,0,0,0,0,0,0,0,-,-,33.97655,-117.90963,LOS ANGELES,UNINCORPORATED,-117.90984005,33.97651003
90356938,2016,2016-12-29,9530,2016-12-22,0330,020240,NA,4,3,7,1941,0,3,5,NA,2,001,I-405 N/B (SAN DIEGO FRWY),SANTA FE AVE.,121,N,N,C,-,Y,NA,NA,405,NA,NA,NA,NA,NA,N,Y,4,0,1,1,A,-,03,22350,NA,N,E,I,A,B,H,-,C,D,0,NA,NA,NA,NA,Y,NA,D,22,0,0,1,0,0,0,0,0,0,-,-,33.82539,-118.2162,LOS ANGELES,LONG BEACH,-118.21620481,33.82543619
90356939,2016,2016-12-29,9550,2016-12-20,1800,020551,NA,2,2,9,1900,0,2,4,NA,1,015,PIONEER BOULEVARD,WADDELL ST.,700,N,N,A,-,N,NA,NA,NA,NA,NA,NA,NA,NA,NA,Y,4,0,1,3,A,-,09,21801,A,N,D,C,A,A,H,-,D,D,0,NA,NA,NA,NA,Y,NA,A,07,0,0,1,0,0,0,0,0,0,-,-,33.9717,-118.0799,LOS ANGELES,UNINCORPORATED,-118.07979883,33.97205357
90356943,2016,2016-12-29,9550,2016-12-19,2242,020340,NA,1,3,6,1949,0,1,1,NA,2,651,I-605 S/B,IMPERIAL HIGHWAY,200,S,N,A,-,Y,NA,NA,605,NA,NA,NA,NA,NA,S,Y,4,0,1,1,A,-,08,22107,NA,N,E,I,A,A,H,-,D,D,0,NA,NA,NA,NA,Y,NA,D,22,0,0,1,0,0,0,0,0,0,-,-,33.91969,-118.10478,LOS ANGELES,NORWALK,-118.10472044,33.91968742
90356969,2016,2016-12-29,9530,2016-12-19,1440,021470,NA,1,2,7,1941,0,1,1,NA,2,072,I-710 N/B (LONG BEACH FREEWAY),WARDLOW RD.,1584,S,N,A,-,Y,NA,NA,710,NA,NA,NA,NA,NA,N,Y,4,0,2,2,A,-,03,22350,NA,N,C,C,A,A,H,-,A,D,0,NA,NA,NA,Y,Y,NA,G,25,0,0,2,0,0,0,0,0,0,-,-,33.81745,-118.20681,LOS ANGELES,LONG BEACH,-118.20688462,33.81745034
90356984,2016,2016-12-29,9535,2016-12-17,2330,020816,NA,6,3,9,1900,0,1,3,NA,2,601,SR-60 (POMONA FREEWAY) W/B,INDIANA ST.,200,E,N,A,-,Y,NA,NA,60,NA,NA,NA,NA,NA,W,Y,4,0,1,2,A,-,03,22350,NA,N,C,C,A,A,H,-,C,D,0,NA,NA,NA,NA,Y,Y,A,01,0,0,1,0,0,0,0,0,0,-,-,34.03159,-118.19175,LOS ANGELES,UNINCORPORATED,-118.19173161,34.03151885
90357013,2016,2017-01-31,9540,2016-12-26,2203,018582,NA,1,3,9,1900,0,1,1,NA,1,503,I-5 SB (GOLDEN STATE FREEWAY),SR-14,1320,N,N,A,G,Y,NA,NA,5,NA,NA,NA,NA,NA,S,Y,3,0,1,3,A,-,03,22350,NA,N,C,C,A,A,H,-,C,D,0,NA,NA,NA,NA,Y,NA,A,07,0,1,0,0,0,0,0,0,0,-,-,34.3393,-118.51816,LOS ANGELES,UNINCORPORATED,-118.5180744,34.33947835
90357041,2016,2016-12-29,9565,2016-12-27,1040,016945,NA,2,1,7,1942,0,1,1,NA,2,062,I-405 N/B (SAN DIEGO FWY),PALMS BLVD,875,S,N,A,-,Y,NA,NA,405,NA,NA,NA,NA,NA,N,N,4,0,1,3,A,-,03,22350,NA,N,C,C,A,A,H,-,A,D,0,NA,NA,NA,NA,Y,NA,D,22,0,0,1,0,0,0,0,0,0,-,-,34.01542,-118.42092,LOS ANGELES,LOS ANGELES,-118.42089017,34.0154436
90357051,2016,2016-12-29,9580,2016-12-16,0607,021492,NA,5,1,7,1942,0,1,3,NA,2,171,SR-170 S/B (HOLLYWOOD FWY.),SHERMAN WAY,200,S,N,C,-,Y,NA,NA,170,NA,NA,NA,NA,NA,S,Y,4,0,3,4,A,-,08,22107,NA,N,E,I,A,B,H,-,B,A,0,NA,NA,NA,NA,Y,NA,A,01,0,0,3,0,0,0,0,0,0,-,-,34.19941,-118.40346,LOS ANGELES,LOS ANGELES,-118.40330091,34.1994311
90357053,2016,2016-12-29,9550,2016-12-24,1205,020983,NA,6,1,9,1900,0,1,3,NA,2,602,SR-60 WESTBOUND,FULLERTON ROAD,400,E,N,B,-,Y,NA,NA,60,NA,NA,NA,NA,NA,W,Y,4,0,1,5,A,-,03,22350,NA,N,C,C,A,A,H,-,A,D,0,NA,NA,NA,Y,Y,NA,G,25,0,0,1,0,0,0,0,0,0,-,-,33.99362,-117.89665,LOS ANGELES,UNINCORPORATED,-117.89665111,33.99427292
90357058,2016,2016-12-29,9530,2016-11-24,2008,015372,NA,4,2,7,1941,0,1,1,NA,2,071,I-710 N/B (LONG BEACH FREEWAY),UNION PACIFIC RR,10,N,N,A,-,Y,NA,NA,NA,NA,NA,NA,NA,NA,NA,Y,4,0,2,3,A,-,03,22350,NA,N,C,C,A,A,H,-,C,D,0,NA,NA,NA,NA,Y,NA,A,01,0,0,2,0,0,0,0,0,0,-,-,33.49793,-118.12253,LOS ANGELES,LONG BEACH,NA,NA
90357115,2016,2016-12-29,9580,2016-12-17,1040,019620,NA,6,1,7,1942,0,1,2,NA,2,102,US-101 N/B (VENTURA FREEWAY),SEPULVEDA BLVD,2640,S,N,A,-,Y,NA,NA,101,NA,NA,NA,NA,NA,N,Y,4,0,2,3,A,-,03,22350,NA,N,C,C,A,A,H,-,A,D,0,NA,NA,NA,NA,Y,NA,A,01,0,0,2,0,0,0,0,0,0,-,-,34.15956,-118.46137,LOS ANGELES,LOS ANGELES,-118.46137401,34.15949104
90357170,2016,2016-12-29,9565,2016-12-22,1855,020370,NA,4,2,7,1942,0,1,1,NA,2,082,I-10 E/B (SANTA MONICA FREEWAY),BUNDY DR.,400,E,N,A,-,Y,NA,NA,10,NA,NA,NA,NA,NA,E,Y,4,0,1,2,A,-,03,22350,NA,N,C,C,A,A,H,-,D,D,0,NA,NA,NA,NA,Y,NA,A,01,0,0,1,0,0,0,0,0,0,-,-,34.03,-118.442,LOS ANGELES,LOS ANGELES,-118.44198991,34.02995253
90357178,2016,2016-12-29,9530,2016-12-12,1420,021470,NA,1,2,7,1941,0,1,1,NA,2,420,I-405 S/B (SAN DIEGO FREEWAY),PACIFIC AVE.,400,S,N,B,-,Y,NA,NA,405,NA,NA,NA,NA,NA,S,Y,3,0,1,2,A,-,07,21658,A,N,B,C,A,A,H,-,A,D,0,NA,NA,NA,Y,Y,NA,A,01,0,1,0,0,0,0,0,0,0,-,-,33.82243,-118.19748,LOS ANGELES,LONG BEACH,-118.19747247,33.82244526
90357190,2016,2016-12-29,9530,2016-12-18,2230,021108,NA,7,3,7,1942,0,1,1,NA,2,110,I-110 S/B (HARBOR FREEWAY),190TH ST.,1320,N,N,A,-,Y,NA,NA,NA,NA,NA,NA,NA,NA,NA,N,4,0,1,3,A,-,08,22107,NA,N,E,I,A,A,H,-,C,D,0,NA,NA,NA,NA,Y,NA,A,01,0,0,1,0,0,0,0,0,0,-,-,33.51551,-118.17706,LOS ANGELES,LOS ANGELES,NA,NA
90357212,2016,2016-12-29,9530,2016-12-13,1030,021490,NA,2,1,9,1900,0,3,5,NA,2,006,CARSON ST. (1000 BLOCK),BERENDO AVE.,110,E,N,A,-,N,NA,NA,NA,NA,NA,NA,NA,NA,NA,Y,4,0,2,2,A,-,03,22350,NA,N,C,C,A,A,H,-,A,A,0,NA,NA,NA,NA,Y,NA,A,01,0,0,2,0,0,0,0,0,0,-,-,33.83149,-118.29316,LOS ANGELES,UNINCORPORATED,-118.2932685,33.83158
90357224,2016,2016-12-29,9530,2016-12-14,1350,021273,NA,3,1,7,1942,0,1,1,NA,2,110,I-110 N/B (HARBOR FREEWAY),135TH ST.,200,S,N,A,-,Y,NA,NA,110,NA,NA,NA,NA,NA,N,N,4,0,1,3,A,-,03,22350,NA,N,C,C,A,A,H,-,A,D,0,NA,NA,NA,NA,Y,NA,A,01,0,0,1,0,0,0,0,0,0,-,-,33.91006,-118.28676,LOS ANGELES,LOS ANGELES,-118.2864889,33.91005929
90357242,2016,2016-12-29,9550,2016-12-21,1600,015040,NA,3,2,9,1900,0,2,4,NA,1,023,MULBERRY DRIVE W/B,PIONEER BOULEVARD,300,E,N,B,-,N,NA,NA,NA,NA,NA,NA,NA,NA,NA,Y,4,0,1,2,A,-,03,22350,NA,N,C,C,A,A,H,-,A,D,0,NA,NA,NA,NA,Y,NA,A,01,0,0,1,0,0,0,0,0,0,-,-,33.95288,-118.04181,LOS ANGELES,UNINCORPORATED,NA,NA
90357252,2016,2016-12-29,9525,2016-12-05,0827,021250,NA,1,1,6,1955,0,1,3,NA,2,571,SR-57 S/B (ORANGE FREEWAY),VIA VERDE AVE,1500,S,N,A,-,Y,NA,NA,NA,NA,NA,NA,NA,NA,NA,Y,4,0,1,3,A,-,07,21658,A,F,B,C,A,A,H,-,A,D,0,NA,NA,NA,Y,Y,NA,G,25,0,0,1,0,0,0,0,0,0,-,-,34.0738,-117.81032,LOS ANGELES,POMONA,-117.81108554,34.07471794
90357258,2016,2016-12-29,9540,2016-12-28,0815,021434,NA,3,1,9,1900,0,2,4,NA,1,204,BOUQUET CANYON ROAD (34000 BLOCK),BOUQUET RESERVOIR,4224,S,N,A,-,N,NA,NA,NA,NA,NA,NA,NA,NA,NA,Y,4,0,2,2,A,-,08,22107,NA,N,E,I,A,A,H,-,A,D,0,NA,NA,NA,NA,Y,NA,D,22,0,0,2,0,0,0,0,0,0,-,-,34.56718,-118.39437,LOS ANGELES,UNINCORPORATED,NA,NA
90357262,2016,2016-12-29,9545,2016-12-17,0435,020849,NA,6,3,9,1900,0,3,5,NA,2,004,AVENUE O,152ND ST  E,218,E,N,A,-,N,NA,NA,NA,NA,NA,NA,NA,NA,NA,Y,3,0,1,2,A,-,08,22107,NA,F,B,C,A,A,H,-,D,D,0,NA,NA,NA,NA,Y,Y,-,99,0,1,0,0,0,0,0,0,0,-,-,34.61645,-117.85751,LOS ANGELES,UNINCORPORATED,-117.85726767,34.61651956
90357266,2016,2016-12-29,9580,2016-12-17,1925,021241,NA,6,2,7,1942,0,1,3,NA,2,171,SR-170 S/B TO SR-134,SR-134,100,S,N,A,-,Y,NA,NA,170,NA,NA,NA,R,NA,S,Y,4,0,1,2,A,-,03,22350,NA,N,C,C,A,A,H,-,D,D,0,NA,NA,NA,NA,Y,NA,A,01,0,0,1,0,0,0,0,0,0,-,-,34.1541,-118.3779,LOS ANGELES,LOS ANGELES,-118.3779,34.1541
90357297,2016,2016-12-29,9580,2016-12-17,1455,020402,NA,6,2,7,1942,0,1,1,NA,2,406,I-405 N/B (SAN DIEGO FWY),ROSCOE BLVD,500,S,N,A,-,Y,NA,NA,405,NA,NA,NA,NA,NA,N,N,4,0,2,2,A,-,03,22350,NA,N,C,C,A,A,H,-,A,D,0,NA,NA,NA,NA,Y,NA,A,01,0,0,2,0,0,0,0,0,0,-,-,34.21746,-118.47321,LOS ANGELES,LOS ANGELES,-118.47312656,34.21745918
90357324,2016,2016-12-29,9580,2016-12-17,1750,020402,NA,6,2,7,1942,0,1,1,NA,2,407,I-405 S/B (SAN DIEGO FWY),NORDHOFF ST,1200,N,N,A,-,Y,NA,NA,405,NA,NA,NA,NA,NA,S,N,4,0,1,3,A,-,03,22350,NA,N,C,C,A,A,H,-,C,D,0,NA,NA,NA,NA,Y,NA,A,07,0,0,1,0,0,0,0,0,0,-,-,34.24187,-118.4731,LOS ANGELES,LOS ANGELES,-118.47311919,34.24187018
90357331,2016,2016-12-29,9530,2016-12-14,0845,021490,NA,3,1,5,1977,0,1,1,NA,2,400,I-405 N/B (SAN DIEGO FREEWAY),I-110 N/B (HARBOR FREEWAY),1584,S,N,A,-,Y,NA,NA,405,NA,NA,NA,NA,NA,N,Y,3,0,1,2,A,-,07,21658,A,N,B,C,A,A,H,-,A,D,0,NA,NA,Y,NA,Y,NA,A,01,0,1,0,0,0,0,0,0,1,-,-,33.85376,-118.28093,LOS ANGELES,CARSON,-118.2808873,33.85381102
90357339,2016,2016-12-29,9530,2016-12-17,0745,021490,NA,6,1,7,1942,0,1,1,NA,2,120,I-110 N/B (HARBOR FREEWAY),GAFFEY ST.,832,N,N,B,-,Y,NA,NA,110,NA,NA,NA,NA,NA,N,Y,4,0,2,2,A,-,03,22350,NA,N,C,C,A,B,H,-,A,D,0,NA,NA,NA,NA,Y,NA,A,01,0,0,2,0,0,0,0,0,0,-,-,33.74869,-118.29089,LOS ANGELES,LOS ANGELES,-118.29081948,33.74869102
90357376,2016,2016-12-29,9525,2016-12-19,1815,020907,NA,1,2,3,1921,0,1,1,NA,2,212,I-210 E/B (FOOTHILL FREEWAY),MOUNTAIN AVE,250,E,N,A,-,Y,NA,NA,210,NA,NA,NA,NA,NA,E,N,4,0,1,2,A,-,03,22350,NA,N,C,C,A,A,H,-,C,D,0,NA,NA,NA,NA,Y,NA,D,22,0,0,1,0,0,0,0,0,0,-,-,34.1353,-117.98319,LOS ANGELES,DUARTE,-117.98318942,34.13532614
90357409,2016,2016-12-29,9530,2016-12-17,1222,021493,NA,6,1,9,1900,0,3,5,NA,2,001,PACIFIC BLVD.,FLOWER ST.,0,NA,Y,A,-,N,NA,NA,NA,NA,NA,NA,NA,NA,NA,Y,4,0,2,3,A,-,09,21802,A,N,D,C,A,A,H,-,A,A,0,NA,NA,NA,NA,Y,NA,A,01,0,0,2,0,0,0,0,0,0,-,-,33.9708,-118.2251,LOS ANGELES,UNINCORPORATED,-118.22523003,33.97083011
90357418,2016,2016-12-29,9590,2016-12-20,0200,021245,NA,2,3,7,1942,0,1,2,NA,2,071,US-101 S/B (SAF) TO ALAMEDA ST.,CENTER ST.,775,N,N,A,-,Y,NA,NA,101,NA,NA,NA,R,NA,S,Y,3,0,2,2,A,-,01,23152,A,N,E,I,A,A,H,-,C,A,0,NA,NA,NA,NA,Y,Y,A,01,0,1,1,0,0,0,0,0,0,-,-,34.05331,-118.2341,LOS ANGELES,LOS ANGELES,-118.2341,34.05331
90357424,2016,2016-12-29,9590,2016-12-21,2356,020527,NA,3,3,7,1942,0,1,1,NA,2,063,I-10 W/B (SANTA MONICA FREEWAY),UNION AVE.,150,E,N,B,C,Y,NA,NA,10,NA,NA,NA,NA,NA,W,Y,4,0,1,1,A,-,08,22107,NA,N,E,I,A,B,F,-,C,D,0,NA,NA,NA,NA,Y,NA,A,01,0,0,1,0,0,0,0,0,0,-,-,34.03772,-118.28103,LOS ANGELES,LOS ANGELES,-118.28105601,34.03783697
90357429,2016,2016-12-29,9550,2016-12-25,1030,020983,NA,7,1,9,1900,0,2,4,NA,1,031,HACIENDA BOULEVARD,LUJON STREET,20,S,N,A,-,N,NA,NA,NA,NA,NA,NA,NA,NA,NA,Y,4,0,1,2,A,-,03,22350,NA,N,C,C,A,A,H,-,A,A,0,NA,NA,Y,NA,Y,NA,C,02,0,0,1,0,0,0,0,0,1,-,-,34.0011,-118.9665,LOS ANGELES,UNINCORPORATED,-117.96641953,34.00121764
90357433,2016,2016-12-29,9590,2016-12-21,2200,020663,NA,3,3,7,1942,0,1,1,NA,2,052,I-110 N/B (HARBOR FREEWAY),7TH STREET,100,S,N,C,-,Y,NA,NA,110,NA,NA,NA,NA,NA,N,N,4,0,1,2,A,-,03,22350,NA,N,C,C,A,B,H,-,C,D,0,NA,NA,NA,NA,Y,NA,A,01,0,0,1,0,0,0,0,0,0,-,-,34.04974,-118.26336,LOS ANGELES,LOS ANGELES,-118.26338679,34.04978417
90357459,2016,2016-12-29,9590,2016-12-20,1620,016856,NA,2,2,7,1942,0,1,1,NA,2,060,I-10 W/B (SANTA MONICA FREEWAY),WESTERN AVENUE,1320,W,N,A,-,Y,NA,NA,10,NA,NA,NA,NA,NA,W,Y,4,0,1,3,A,-,03,22350,NA,N,C,C,A,A,H,-,A,D,0,NA,NA,NA,NA,Y,NA,A,01,0,0,1,0,0,0,0,0,0,-,-,34.03732,-118.31189,LOS ANGELES,LOS ANGELES,-118.31188854,34.03726095
90357477,2016,2016-12-29,9525,2016-12-20,1025,017506,NA,2,1,6,1975,0,1,1,NA,2,105,I-10 W/B (SAN BERNARDINO FREEWAY),AZUSA AVE,1000,E,N,A,-,Y,NA,NA,10,NA,NA,NA,NA,NA,W,N,4,0,1,3,A,-,03,22350,NA,N,C,C,A,A,D,E,A,D,0,NA,NA,NA,NA,Y,NA,A,01,0,0,1,0,0,0,0,0,0,-,-,34.07201,-117.89085,LOS ANGELES,WEST COVINA,-117.89084959,34.07208117
90357508,2016,2016-12-29,9525,2016-12-20,1035,017637,NA,2,1,5,1926,0,1,1,NA,2,205,I-210 W/B (FOOTHILL FREEWAY),BONNIE COVE AVE,600,E,N,A,-,Y,NA,NA,210,NA,NA,NA,NA,NA,W,Y,4,0,2,3,A,-,07,21658,A,N,C,C,A,A,H,-,A,D,0,NA,NA,NA,NA,Y,NA,A,01,0,0,2,0,0,0,0,0,0,-,-,34.11783,-117.85406,LOS ANGELES,GLENDORA,-117.85405917,34.11770829
90357511,2016,2016-12-29,9535,2016-12-15,2150,021154,NA,4,2,4,1907,0,1,1,NA,2,072,I-710 N/B FROM FLORENCE AVE. E/B,FLORENCE AVE,50,S,N,B,C,Y,NA,NA,710,NA,NA,NA,R,NA,N,Y,3,0,3,1,A,-,03,22350,NA,N,E,I,A,B,H,-,D,D,0,NA,NA,NA,NA,Y,NA,A,01,0,1,2,0,0,0,0,0,0,-,-,33.96765,-118.16773,LOS ANGELES,BELL,-118.16773,33.96765
90357526,2016,2016-12-29,9535,2016-12-16,0627,021538,NA,5,1,5,1959,0,1,3,NA,2,620,SR-60 (POMONA FREEWAY) E/B,SAN GABRIEL BLVD,200,W,N,B,C,Y,NA,NA,60,NA,NA,NA,NA,NA,E,Y,3,0,1,1,A,-,03,22350,NA,N,E,J,A,B,H,-,B,D,0,NA,NA,NA,NA,Y,NA,A,07,0,1,0,0,0,0,0,0,0,-,-,34.03758,-118.08625,LOS ANGELES,ROSEMEAD,-118.08624358,34.0375536
90357531,2016,2016-12-29,9530,2016-12-18,1630,021493,NA,7,2,9,1900,0,3,5,NA,2,002,IMPERIAL HWY.,WATTS AVE.,0,NA,Y,A,-,N,NA,NA,NA,NA,NA,NA,NA,NA,NA,Y,3,0,2,3,A,-,09,21801,A,N,A,C,A,A,H,-,A,D,0,NA,NA,NA,NA,Y,NA,A,08,0,1,1,0,0,0,0,0,0,-,-,33.929,-118.2303,LOS ANGELES,UNINCORPORATED,-118.22792002,33.92941008
90357536,2016,2016-12-29,9525,2016-12-20,1928,018729,NA,2,2,9,1900,0,2,4,NA,2,022,BARRANCA AVE,ARROW HIGHWAY,0,NA,Y,A,-,N,NA,NA,NA,NA,NA,NA,NA,NA,NA,Y,4,0,2,2,A,-,09,21801,A,N,A,C,A,A,H,-,C,A,0,NA,NA,NA,NA,Y,NA,A,01,0,0,2,0,0,0,0,0,0,-,-,34.1067,-117.8815,LOS ANGELES,UNINCORPORATED,-117.88151004,34.10667008
90357553,2016,2016-12-29,9525,2016-12-20,1135,020951,NA,2,1,5,1926,0,1,1,NA,2,207,I-210 W/B (FOOTHILL FREEWAY),AMELIA AVE,50,W,N,A,-,Y,NA,NA,210,NA,NA,NA,NA,NA,W,Y,4,0,1,2,A,-,03,22350,NA,N,C,C,A,A,H,-,A,D,0,NA,NA,NA,NA,Y,NA,A,01,0,0,1,0,0,0,0,0,0,-,-,34.12045,-117.82089,LOS ANGELES,GLENDORA,-117.82089709,34.12036522
90357571,2016,2016-12-29,9530,2016-12-19,1625,021273,NA,1,2,9,1900,0,3,5,NA,2,002,BROADWAY,COMPTON BLVD.,0,NA,Y,A,-,N,NA,NA,NA,NA,NA,NA,NA,NA,NA,Y,3,0,2,2,A,-,12,21453,A,N,D,C,A,A,H,-,A,A,0,NA,NA,NA,NA,Y,NA,-,-,0,1,1,0,0,0,0,0,0,-,-,33.89478,-118.27872,LOS ANGELES,UNINCORPORATED,-118.27865003,33.89482005
90357572,2016,2016-12-29,9530,2016-12-27,1125,015995,NA,2,1,9,1900,0,3,5,NA,2,006,CARSON ST. (1077 BLOCK),BUDLONG AVE.,250,E,N,A,-,N,NA,NA,NA,NA,NA,NA,NA,NA,NA,Y,4,0,1,3,A,-,03,22350,NA,N,C,C,A,A,H,-,A,D,0,NA,NA,NA,NA,Y,NA,D,22,0,0,1,0,0,0,0,0,0,-,-,33.83161,-118.29447,LOS ANGELES,UNINCORPORATED,-118.29446845,33.83157747
90357576,2016,2016-12-29,9545,2016-12-23,2355,020749,NA,5,3,9,1900,0,1,3,NA,1,012,SR-138 E/B (AVENUE D),190TH STREET WEST,2630,E,N,C,-,Y,NA,NA,138,NA,NA,NA,NA,NA,E,Y,3,0,1,1,A,-,03,22350,NA,N,E,I,A,B,H,-,D,D,0,NA,NA,NA,NA,Y,NA,A,01,0,1,0,0,0,0,0,0,0,-,-,34.77492,-118.45756,LOS ANGELES,UNINCORPORATED,-118.45755888,34.77483703