CASE_ID,ACCIDENT_YEAR,PROC_DATE,JURIS,COLLISION_DATE,COLLISION_TIME,OFFICER_ID,REPORTING_DISTRICT,DAY_OF_WEEK,CHP_SHIFT,POPULATION,CNTY_CITY_LOC,SPECIAL_COND,BEAT_TYPE,CHP_BEAT_TYPE,CITY_DIVISION_LAPD,CHP_BEAT_CLASS,BEAT_NUMBER,PRIMARY_RD,SECONDARY_RD,DISTANCE,DIRECTION,INTERSECTION,WEATHER_1,WEATHER_2,STATE_HWY_IND,CALTRANS_COUNTY,CALTRANS_DISTRICT,STATE_ROUTE,ROUTE_SUFFIX,POSTMILE_PREFIX,POSTMILE,LOCATION_TYPE,RAMP_INTERSECTION,SIDE_OF_HWY,TOW_AWAY,COLLISION_SEVERITY,NUMBER_KILLED,NUMBER_INJURED,PARTY_COUNT,PRIMARY_COLL_FACTOR,PCF_CODE_OF_VIOL,PCF_VIOL_CATEGORY,PCF_VIOLATION,PCF_VIOL_SUBSECTION,HIT_AND_RUN,TYPE_OF_COLLISION,MVIW,PED_ACTION,ROAD_SURFACE,ROAD_COND_1,ROAD_COND_2,LIGHTING,CONTROL_DEVICE,CHP_ROAD_TYPE,PEDESTRIAN_ACCIDENT,BICYCLE_ACCIDENT,MOTORCYCLE_ACCIDENT,TRUCK_ACCIDENT,NOT_PRIVATE_PROPERTY,ALCOHOL_INVOLVED,STWD_VEHTYPE_AT_FAULT,CHP_VEHTYPE_AT_FAULT,COUNT_SEVERE_INJ,COUNT_VISIBLE_INJ,COUNT_COMPLAINT_PAIN,COUNT_PED_KILLED,COUNT_PED_INJURED,COUNT_BICYCLIST_KILLED,COUNT_BICYCLIST_INJURED,COUNT_MC_KILLED,COUNT_MC_INJURED,PRIMARY_RAMP,SECONDARY_RAMP,LATITUDE,LONGITUDE,COUNTY,CITY,POINT_X,POINT_Y
9036789,2020,2020-03-18,1942,2020-01-18,2355,42771,1802,6,5,7,1942,0,0,0,R,0,18A35,FIGUEROA,91ST,0,NA,Y,A,-,N,NA,NA,NA,NA,NA,NA,NA,NA,NA,N,4,0,1,2,A,-,03,22350,NA,N,C,C,A,A,H,-,C,A,0,NA,NA,NA,NA,Y,Y,D,22,0,0,1,0,0,0,0,0,0,-,-,NA,NA,LOS ANGELES,LOS ANGELES,-118.28272247314452,33.954200744628906
90367904,2017,2017-01-18,9540,2017-01-03,0405,019444,NA,2,3,6,1985,0,1,3,NA,2,147,SR-14 S/B ANTELOPE VALLEY FREEWAY,SAND CANYON ROAD,2112,N,N,B,-,Y,NA,NA,14,NA,NA,NA,NA,NA,S,Y,2,0,2,1,A,-,01,23152,A,N,E,I,A,A,H,-,C,D,0,NA,NA,NA,NA,Y,Y,A,01,2,0,0,0,0,0,0,0,0,-,-,34.42785,-118.41646,LOS ANGELES,SANTA CLARITA,-118.41645982,34.42781973
9036791,2019,2020-01-31,1942,2019-11-30,1715,41752,0374,6,5,7,1942,0,0,0,C,0,3A74,39TH ST,VAN NESS AV,80,E,N,C,-,N,NA,NA,NA,NA,NA,NA,NA,NA,NA,N,4,0,2,2,A,-,08,22107,NA,F,B,C,A,B,H,-,B,D,0,NA,NA,NA,NA,Y,Y,-,99,0,0,2,0,0,0,0,0,0,-,-,NA,NA,LOS ANGELES,LOS ANGELES,-118.31682586669922,34.014625549316406
90367918,2016,2017-01-12,9530,2016-12-26,2030,020140,NA,1,2,9,1900,0,3,5,NA,2,001,GAGE AVE (1100 BLOCK),CENTRAL AVE,100,E,N,A,-,Y,NA,NA,NA,NA,NA,NA,NA,NA,NA,N,4,0,1,2,A,-,03,22350,NA,F,C,C,A,A,H,-,C,D,0,NA,NA,NA,NA,Y,NA,-,99,0,0,1,0,0,0,0,0,0,-,-,33.98207,-118.25619,LOS ANGELES,UNINCORPORATED,-118.25619138,33.98217911
9036793,2020,2020-03-18,1942,2020-01-04,1940,39022,0701,6,5,7,1942,0,0,0,G,0,7A1,MELROSE AV,N SWEETZER AV,0,NA,Y,A,-,N,NA,NA,NA,NA,NA,NA,NA,NA,NA,Y,4,0,1,2,A,-,09,21802,A,N,D,C,A,A,H,-,C,A,0,NA,NA,NA,NA,Y,NA,A,08,0,0,1,0,0,0,0,0,0,-,-,NA,NA,LOS ANGELES,LOS ANGELES,-118.37032318115234,34.08369064331055
90367954,2016,2017-01-12,9540,2016-12-06,0930,015093,NA,2,1,9,1900,0,3,5,NA,2,200,SAND CANYON ROAD (30000 BLOCK),SIERRA HIGHWAY,1050,E,N,B,-,N,NA,NA,NA,NA,NA,NA,NA,NA,NA,N,2,0,1,2,A,-,09,21801,A,N,H,G,A,A,H,-,A,D,0,NA,Y,NA,NA,Y,NA,A,07,1,0,0,0,0,0,1,0,0,-,-,34.44543,-118.42068,LOS ANGELES,UNINCORPORATED,-118.42103516,34.44794222
90367959,2017,2017-01-12,9575,2017-01-04,1405,015162,NA,3,2,6,1925,0,1,1,NA,2,050,I-5 S/B (GOLDEN STATE FREEWAY),WESTERN AV,100,N,N,B,-,Y,NA,NA,5,NA,NA,NA,NA,NA,S,Y,4,0,1,3,A,-,07,21658,A,N,C,C,A,A,H,-,A,D,0,NA,NA,NA,NA,Y,NA,D,22,0,0,1,0,0,0,0,0,0,-,-,34.16545,-118.29802,LOS ANGELES,GLENDALE,-118.29796966,34.16551866
9036797,2020,2020-03-18,1942,2020-01-03,1300,38262,0765,5,5,7,1942,0,0,0,G,0,7A47,PICO BL,REDONDO BL,0,NA,Y,A,-,N,NA,NA,NA,NA,NA,NA,NA,NA,NA,N,4,0,3,2,A,-,03,22350,NA,N,C,C,A,A,H,-,A,A,0,NA,NA,NA,NA,Y,NA,A,01,0,0,3,0,0,0,0,0,0,-,-,NA,NA,LOS ANGELES,LOS ANGELES,-118.34928131103516,34.04800033569336
90367994,2017,2017-02-06,9530,2017-01-05,1845,020956,NA,4,2,9,1900,0,3,5,NA,2,002,ALONDRA BLVD (200 BLOCK),BALL AVE.,184,E,N,A,-,N,NA,NA,NA,NA,NA,NA,NA,NA,NA,Y,4,0,4,3,A,-,03,22350,NA,M,C,C,A,A,H,-,C,D,0,NA,NA,NA,NA,Y,NA,A,07,0,0,4,0,0,0,0,0,0,-,-,33.53914,-118.16237,LOS ANGELES,UNINCORPORATED,-118.27317566,33.88582446
90368007,2016,2017-01-12,9535,2016-12-03,1540,17954,NA,6,2,3,1914,0,1,1,NA,2,500,I-5 S/B,I-710 N/B,528,S,N,A,-,Y,NA,NA,5,NA,NA,NA,NA,NA,S,N,3,0,1,2,D,-,00,NA,NA,N,C,C,A,A,H,-,A,D,0,NA,NA,Y,NA,Y,NA,-,-,0,1,0,0,0,0,0,0,1,-,-,34.01515,-118.1706,LOS ANGELES,COMMERCE,-118.17061032,34.01511119
90368016,2017,2017-03-30,9535,2017-01-04,1410,019857,NA,3,2,9,1900,0,2,4,NA,2,024,WHITTIER BLVD.,EASTMAN AVE.,0,NA,Y,A,-,N,NA,NA,NA,NA,NA,NA,NA,NA,NA,N,4,0,1,2,A,-,12,21453,A,N,D,C,A,A,H,-,A,A,0,NA,NA,NA,NA,Y,NA,A,08,0,0,1,0,0,0,0,0,0,-,-,34.04474,-118.16858,LOS ANGELES,UNINCORPORATED,-118.18624008,34.02393003
90368019,2017,2017-01-12,9550,2017-01-06,1810,018854,NA,5,2,9,1900,0,2,4,NA,1,051,FULLERTON RD.,MESCAL ST.,50,N,N,A,-,N,NA,NA,NA,NA,NA,NA,NA,NA,NA,Y,4,0,1,2,A,-,09,21801,A,N,D,C,A,A,H,-,C,D,0,NA,NA,NA,NA,Y,NA,A,01,0,0,1,0,0,0,0,0,0,-,-,33.97666,-117.90946,LOS ANGELES,UNINCORPORATED,-117.90976259,33.97663096
90368023,2017,2017-03-06,9575,2017-01-05,1045,021344,NA,4,1,6,1953,0,1,1,NA,2,063,I-210 E/B (FOOTHILL FREEWAY),N. ORANGE GROVE BLVD.,1100,W,N,B,-,Y,NA,NA,210,NA,NA,NA,NA,NA,E,Y,4,0,1,2,A,-,07,21658,A,N,C,C,A,B,H,-,A,D,0,NA,NA,NA,NA,Y,NA,A,01,0,0,1,0,0,0,0,0,0,-,-,34.1563,-118.15824,LOS ANGELES,PASADENA,-118.15818251,34.15632275
9036803,2020,2020-03-18,1942,2020-01-04,2140,43441,0762,6,5,7,1942,0,0,0,G,0,7A53,FAIRFAX AV,SATURN AV,0,NA,Y,A,-,N,NA,NA,NA,NA,NA,NA,NA,NA,NA,Y,4,0,2,2,A,-,09,21802,A,N,D,C,A,A,H,-,C,A,0,NA,NA,NA,NA,Y,NA,A,07,0,0,2,0,0,0,0,0,0,-,-,NA,NA,LOS ANGELES,LOS ANGELES,-118.36702728271484,34.04964065551758
90368032,2017,2017-01-12,9580,2017-01-03,1015,021492,NA,2,1,7,1942,0,1,2,NA,2,100,US-101 N/B TO LAUREL CANYON BLVD,LAUREL CANYON BLVD,6,S,N,A,-,Y,NA,NA,101,NA,NA,NA,R,NA,N,N,4,0,1,2,A,-,21,22106,NA,N,G,B,B,A,H,-,A,A,0,Y,NA,NA,NA,Y,NA,A,01,0,0,1,0,1,0,0,0,0,-,-,34.15486,-118.39632,LOS ANGELES,LOS ANGELES,-118.39632,34.15486
90368033,2017,2017-02-06,9540,2017-01-03,0305,021214,NA,2,3,9,1900,0,1,3,NA,2,147,SR-14 S/B (ANTELOPE VALLEY FREEWAY),ESCONDIDO CANYON RD,5280,N,N,A,-,Y,NA,NA,14,NA,NA,NA,NA,NA,S,Y,2,0,3,1,A,-,08,22107,NA,N,E,I,A,A,H,-,D,D,0,NA,NA,NA,NA,Y,NA,A,07,1,0,2,0,0,0,0,0,0,-,-,34.49828,-118.26343,LOS ANGELES,UNINCORPORATED,-118.26342033,34.49820036
9036807,2020,2020-03-18,1942,2020-01-02,1110,40899,0774,4,5,7,1942,0,0,0,G,0,7A73,S LA BREA AV,WEST WASHINGTON BL,20,S,N,A,-,N,NA,NA,NA,NA,NA,NA,NA,NA,NA,Y,4,0,3,2,A,-,03,22350,NA,N,C,C,A,A,H,-,A,D,0,NA,NA,NA,NA,Y,NA,A,01,0,0,3,0,0,0,0,0,0,-,-,NA,NA,LOS ANGELES,LOS ANGELES,-118.34754180908205,34.040348052978516
90368097,2017,2017-02-28,9580,2017-01-04,1905,020728,NA,3,2,7,1942,0,1,2,NA,2,101,US-101 S/B (HOLLYWOOD FWY),VINELAND AVE,50,N,N,C,-,Y,NA,NA,101,NA,NA,NA,NA,NA,S,Y,4,0,1,2,A,-,03,22350,NA,N,C,C,A,B,H,-,C,D,0,NA,NA,NA,NA,Y,NA,A,07,0,0,1,0,0,0,0,0,0,-,-,34.14691,-118.37045,LOS ANGELES,LOS ANGELES,-118.37046052,34.14689498
9036811,2020,2020-03-18,1942,2020-01-08,2100,39022,0762,3,5,7,1942,0,0,0,G,0,7A53,FAIRFAX AV,PICKFORD ST,0,NA,Y,A,-,N,NA,NA,NA,NA,NA,NA,NA,NA,NA,N,4,0,3,4,A,-,04,21703,NA,N,C,C,A,A,H,-,C,D,0,NA,NA,NA,NA,Y,NA,A,01,0,0,3,0,0,0,0,0,0,-,-,NA,NA,LOS ANGELES,LOS ANGELES,-118.36757659912108,34.047611236572266
90368118,2017,2017-01-12,9550,2017-01-09,1318,021202,NA,1,1,6,1920,0,1,1,NA,2,500,INTERSTATE 5 N/B (SANTA ANA FREEWAY),FLORENCE AVENUE,480,N,N,B,-,Y,NA,NA,5,NA,NA,NA,NA,NA,N,Y,4,0,1,2,A,-,03,22350,NA,N,C,C,A,A,H,-,A,D,0,NA,NA,NA,NA,Y,NA,A,08,0,0,1,0,0,0,0,0,0,-,-,33.93656,-118.09352,LOS ANGELES,DOWNEY,-118.09347811,33.93658788
90368131,2017,2017-01-12,9580,2017-01-01,1309,020400,NA,7,1,7,1942,0,1,2,NA,2,104,US-101 N/B (VENTURA FREEWAY),TOPANGA CANYON BLVD,250,S,N,A,-,Y,NA,NA,101,NA,NA,NA,NA,NA,N,Y,4,0,1,2,A,-,03,22350,NA,N,C,C,A,A,H,-,A,D,0,NA,NA,NA,NA,Y,NA,A,01,0,0,1,0,0,0,0,0,0,-,-,34.17098,-118.60651,LOS ANGELES,LOS ANGELES,-118.60651511,34.17088057
90368137,2016,2017-04-04,9535,2016-12-29,0320,020416,NA,4,3,9,1900,0,2,4,NA,2,025,ATLANTIC BLVD. (1400 BLOCK),TELEGRAPH RD,85,N,N,A,-,N,NA,NA,NA,NA,NA,NA,NA,NA,NA,Y,4,0,1,1,A,-,01,23152,A,N,E,I,A,A,H,-,C,A,0,NA,NA,NA,NA,Y,Y,A,01,0,0,1,0,0,0,0,0,0,-,-,34.01083,-118.15885,LOS ANGELES,UNINCORPORATED,-118.1588963,34.01094886
9036815,2020,2020-03-18,1942,2020-01-09,0100,36664,0779,4,5,7,1942,0,0,0,G,0,7A69,ARLINGTON AV,VENICE BL,0,NA,Y,A,-,N,NA,NA,NA,NA,NA,NA,NA,NA,NA,Y,4,0,1,2,A,-,12,21453,A,N,D,C,A,A,H,-,C,A,0,NA,NA,NA,NA,Y,NA,A,01,0,0,1,0,0,0,0,0,0,-,-,NA,NA,LOS ANGELES,LOS ANGELES,-118.31773376464844,34.04356002807617
90368168,2017,2017-01-12,9550,2017-01-09,1655,020151,NA,1,2,9,1900,0,3,5,NA,2,002,MILLS AVENUE,MULLBERRY DRIVE,55,N,N,B,-,N,NA,NA,NA,NA,NA,NA,NA,NA,NA,N,4,0,1,3,A,-,03,22350,NA,N,C,C,A,A,H,-,C,D,0,NA,NA,NA,NA,Y,NA,A,01,0,0,1,0,0,0,0,0,0,-,-,33.94306,-118.0273,LOS ANGELES,UNINCORPORATED,-118.02747909,33.94292896
90368180,2016,2017-01-12,9525,2016-11-20,0218,020636,NA,7,3,6,1955,0,1,3,NA,2,606,SR-60 E/B (POMONA FREEWAY),GAREY AVENUE,215,E,N,B,-,Y,NA,NA,60,NA,NA,NA,NA,NA,E,Y,2,0,2,3,A,-,01,23152,A,N,C,C,A,A,H,-,D,D,0,NA,NA,NA,Y,Y,Y,A,01,2,0,0,0,0,0,0,0,0,-,-,34.02346,-117.74669,LOS ANGELES,POMONA,-117.74668438,34.0234234
90368197,2017,2017-01-12,9530,2017-01-04,1720,021470,NA,3,2,7,1942,0,1,1,NA,2,410,I-405 S/B (SAN DIEGO FREEWAY),VERMONT AVE.,470,S,N,A,-,Y,NA,NA,405,NA,NA,NA,NA,NA,S,Y,2,0,1,3,A,-,07,21658,A,N,C,C,A,A,H,-,B,D,0,NA,NA,Y,NA,Y,NA,C,02,1,0,0,0,0,0,0,0,1,-,-,33.85885,-118.28904,LOS ANGELES,LOS ANGELES,-118.28905533,33.85881023
90368223,2017,2017-01-12,9580,2017-01-04,1928,021173,NA,3,2,7,1942,0,3,5,NA,2,013,BOX CANYON RD,MORROCO LN,500,N,N,B,C,N,NA,NA,NA,NA,NA,NA,NA,NA,NA,Y,4,0,1,2,A,-,05,21460,A,N,A,C,A,B,H,-,D,D,0,NA,NA,NA,NA,Y,NA,A,01,0,0,1,0,0,0,0,0,0,-,-,34.2399,-118.6467,LOS ANGELES,LOS ANGELES,-118.64843338,34.23961952
90368258,2017,2017-03-28,9525,2017-01-10,0720,019966,NA,2,1,6,1955,0,1,1,NA,2,107,I-10 W/B (SAN BERNARDINO FWY),FAIRPLEX DR.,800,W,N,B,-,Y,NA,NA,NA,NA,NA,NA,NA,NA,NA,N,4,0,1,2,A,-,03,22350,NA,N,C,C,A,A,H,-,A,D,0,NA,NA,NA,NA,Y,NA,E,22,0,0,1,0,0,0,0,0,0,-,-,34.41426,-117.47431,LOS ANGELES,POMONA,-117.790094,34.07249771
90368263,2016,2017-01-12,9530,2016-10-18,1525,021252,NA,2,2,9,1900,0,3,5,NA,2,001,ALAMEDA ST.,FIRESTONE BLVD.,0,NA,Y,A,-,N,NA,NA,NA,NA,NA,NA,NA,NA,NA,Y,1,1,4,3,D,-,00,NA,NA,N,B,C,A,A,H,-,A,A,0,NA,NA,NA,NA,Y,NA,-,-,3,1,0,0,0,0,0,0,0,-,-,33.5729,-118.1352,LOS ANGELES,UNINCORPORATED,-118.23108008,33.95779008
90368273,2017,2017-01-12,9525,2017-01-05,0108,019188,NA,4,3,9,1900,0,1,1,NA,2,105,I-10 W/B (SAN BERNARDINO FWY),HOLT AVE,1500,E,N,C,-,Y,NA,NA,10,NA,NA,NA,NA,NA,W,Y,4,0,1,1,A,-,03,22350,NA,N,E,I,A,B,D,E,D,D,0,NA,NA,NA,NA,Y,NA,A,01,0,0,1,0,0,0,0,0,0,-,-,34.06849,-117.85459,LOS ANGELES,UNINCORPORATED,-117.85457996,34.0683785
90368298,2016,2017-11-27,9530,2016-12-30,0920,021004,NA,5,1,9,1900,0,3,5,NA,2,001,HOOPER AVE. (8100 BLOCK),82ND ST,34,N,N,A,-,N,NA,NA,NA,NA,NA,NA,NA,NA,NA,N,4,0,1,2,A,-,03,22350,NA,N,C,C,A,B,H,-,A,D,0,NA,NA,NA,NA,Y,NA,D,22,0,0,1,0,0,0,0,0,0,-,-,33.96508,-118.25213,LOS ANGELES,UNINCORPORATED,-118.25236716,33.96470219
90368327,2017,2017-01-12,9550,2017-01-10,0635,015329,NA,2,1,7,1941,0,1,3,NA,2,090,STATE ROUTE 91 W/B (ARTESIA FREEWAY),ORANGE AVENUE,400,W,N,B,-,Y,NA,NA,NA,NA,NA,NA,NA,NA,NA,Y,4,0,1,4,A,-,03,22350,NA,N,C,C,A,A,H,-,B,D,0,NA,NA,NA,NA,Y,NA,A,07,0,0,1,0,0,0,0,0,0,-,-,33.87693,-118.118,LOS ANGELES,LONG BEACH,-118.17872504,33.87698956
90368358,2017,2017-01-12,9550,2017-01-10,1340,020824,NA,2,1,3,1964,0,1,1,NA,2,651,INTERSTATE 605 N/B,INTERSTATE 5 (SANTA ANA FREEWAY),50,S,N,B,-,Y,NA,NA,605,NA,NA,NA,NA,NA,N,N,4,0,1,3,A,-,03,22350,NA,N,C,C,A,A,H,-,A,D,0,NA,NA,NA,Y,Y,NA,F,26,0,0,1,0,0,0,0,0,0,-,-,33.94083,-118.09674,LOS ANGELES,SANTA FE SPRINGS,-118.09669143,33.94080494
90368372,2017,2017-01-12,9550,2017-01-10,1120,021202,NA,2,1,5,1919,0,1,3,NA,2,092,STATE ROUTE 91 W/B (ARTESIA FREEWAY),NORWALK BOULEVARD,530,E,N,C,-,Y,NA,NA,91,NA,NA,NA,NA,NA,W,Y,4,0,1,2,A,-,03,22350,NA,N,C,C,A,B,H,-,A,D,0,NA,NA,NA,Y,Y,NA,A,01,0,0,1,0,0,0,0,0,0,-,-,33.87655,-118.07077,LOS ANGELES,CERRITOS,-118.07076982,33.87650011
90368399,2016,2017-01-12,9565,2016-11-22,0640,018154,NA,2,1,7,1942,0,1,1,NA,2,064,I-405 N/B (SAN DIEGO FWY.),BEL AIR CREST RD,1350,N,N,A,-,Y,NA,NA,405,NA,NA,NA,NA,NA,N,Y,3,0,1,3,A,-,07,21658,A,N,B,C,A,A,H,-,A,D,0,NA,NA,NA,NA,Y,NA,A,01,0,1,0,0,0,0,0,0,0,-,-,34.11996,-118.48059,LOS ANGELES,LOS ANGELES,-118.48058173,34.11995331
90368405,2017,2017-01-12,9565,2017-01-03,0625,021453,NA,2,1,9,1900,0,3,5,NA,2,004,EL SEGUNDO BLVD. W/B,LA CIENEGA BLVD.,100,W,N,A,-,N,NA,NA,NA,NA,NA,NA,NA,NA,NA,Y,3,0,1,2,A,-,03,22350,NA,N,C,C,A,A,H,-,B,A,0,NA,NA,NA,Y,Y,NA,A,01,0,1,0,0,0,0,0,0,0,-,-,33.91645,-118.37218,LOS ANGELES,UNINCORPORATED,-118.37182885,33.91647208
90368416,2016,2017-01-12,9550,2016-12-27,0700,016237,NA,2,1,9,1900,0,1,3,NA,2,600,STATE ROUTE 60 W/B (POMONA FREEWAY),WORKMAN MILL ROAD,50,W,N,A,-,Y,NA,NA,NA,NA,NA,NA,NA,NA,NA,Y,3,0,1,3,A,-,08,22107,NA,N,B,C,A,A,H,-,A,D,0,NA,NA,NA,Y,Y,NA,A,07,0,1,0,0,0,0,0,0,0,-,-,34.03415,-118.02326,LOS ANGELES,UNINCORPORATED,-118.02266341,34.03198736
90368422,2017,2017-01-12,9580,2017-01-01,0900,021461,NA,7,1,7,1942,0,1,3,NA,2,171,SR-170 S/B (HOLLYWOOD FWY.),ROSCOE BLVD,775,S,N,A,-,Y,NA,NA,170,NA,NA,NA,NA,NA,S,Y,3,0,2,1,A,-,08,22107,NA,N,E,I,A,A,H,-,A,D,0,NA,NA,NA,NA,Y,NA,A,01,0,1,1,0,0,0,0,0,0,-,-,34.2183,-118.40935,LOS ANGELES,LOS ANGELES,-118.40936475,34.218296
90368436,2017,2017-01-12,9550,2017-01-10,1515,018271,NA,2,2,9,1900,0,1,1,NA,2,650,I-605,SLAUSON AVENUE,100,S,N,B,-,Y,NA,NA,605,NA,NA,NA,NA,NA,NA,Y,4,0,1,2,A,-,03,22350,NA,N,C,C,A,B,H,-,C,D,0,NA,NA,NA,NA,Y,NA,A,01,0,0,1,0,0,0,0,0,0,-,-,33.96658,-118.08374,LOS ANGELES,UNINCORPORATED,-118.08374073,33.96658031
90368459,2017,2017-03-28,9525,2017-01-11,0650,012772,NA,3,1,9,1900,0,3,5,NA,2,004,7TH AVE,PROCTOR AVE,0,NA,Y,B,C,N,NA,NA,NA,NA,NA,NA,NA,NA,NA,Y,4,0,3,2,A,-,09,21801,A,N,A,C,A,B,H,-,A,A,0,NA,NA,NA,NA,Y,NA,A,01,0,0,3,0,0,0,0,0,0,-,-,34.03197,-117.97764,LOS ANGELES,UNINCORPORATED,-117.97768006,34.0319701
90368494,2017,2017-03-15,9580,2017-01-01,2500,021461,NA,7,4,7,1942,0,1,2,NA,2,101,SR-134 E/B (VENTURA FREEWAY),TUJUNGA AVE,100,E,N,A,-,Y,NA,NA,NA,NA,NA,NA,NA,NA,NA,Y,3,0,1,1,A,-,08,22107,NA,N,E,I,A,A,H,-,B,D,0,NA,NA,NA,NA,Y,NA,A,01,0,1,0,0,0,0,0,0,0,-,-,34.15374,-118.37775,LOS ANGELES,LOS ANGELES,-118.37868035,34.15397524
90368502,2017,2017-01-12,9580,2017-01-03,1130,021461,NA,2,1,7,1942,0,1,3,NA,2,170,SR-170 N/B FROM SHERMAN WAY W/B,SHERMAN WAY,200,N,N,A,-,Y,NA,NA,170,NA,NA,NA,R,NA,N,Y,4,0,1,1,A,-,08,22107,NA,N,E,I,A,A,H,-,A,D,0,NA,NA,NA,NA,Y,NA,A,01,0,0,1,0,0,0,0,0,0,-,-,34.20267,-118.40403,LOS ANGELES,LOS ANGELES,-118.40403,34.20267
90368512,2016,2017-04-04,9535,2016-12-24,0632,016276,NA,6,1,9,1900,0,2,4,NA,2,015,FLORAL DRIVE,MEDNIK AVENUE,0,NA,Y,B,-,N,NA,NA,NA,NA,NA,NA,NA,NA,NA,Y,3,0,5,4,A,-,12,21453,A,N,D,C,A,A,H,-,B,A,0,NA,NA,NA,NA,Y,NA,A,07,0,1,4,0,0,0,0,0,0,-,-,34.04418,-118.16193,LOS ANGELES,UNINCORPORATED,-118.16194002,34.04421005
90368519,2017,2017-01-12,9525,2017-01-12,1030,016677,NA,4,1,4,1960,0,1,3,NA,2,572,SR-57 N/B (ORANGE FWY),CIENEGA AVE,300,S,N,B,C,Y,NA,NA,57,NA,NA,NA,NA,NA,N,Y,4,0,1,1,A,-,03,22350,NA,N,E,I,A,B,H,-,A,D,0,NA,NA,NA,NA,Y,NA,A,01,0,0,1,0,0,0,0,0,0,-,-,34.10217,-117.81962,LOS ANGELES,SAN DIMAS,-117.81950285,34.10219355
90368523,2017,2017-01-12,9525,2017-01-02,1200,020951,NA,1,1,6,1955,0,1,3,NA,2,603,I-10 W/B (SBF) TO SR-57 S/B,SR-71 N/B (CHINO VALLEY FREEWAY),10,W,N,B,-,Y,NA,NA,10,NA,NA,NA,R,NA,W,N,4,0,1,1,A,-,08,22107,NA,N,H,A,A,A,H,-,A,D,0,NA,NA,NA,NA,Y,NA,A,08,0,0,1,0,0,0,0,0,0,-,-,34.06722,-117.80387,LOS ANGELES,POMONA,-117.80387,34.06722
90368524,2016,2017-03-16,9590,2016-12-25,2244,016915,NA,7,3,7,1942,0,1,1,NA,2,052,I-110 N/B (HARBOR FREEWAY),1ST ST,125,S,N,A,-,Y,NA,NA,110,NA,NA,NA,NA,NA,N,Y,4,0,1,3,A,-,07,21658,A,N,B,C,A,A,H,-,C,D,0,NA,NA,NA,NA,Y,NA,A,01,0,0,1,0,0,0,0,0,0,-,-,34.05836,-118.25356,LOS ANGELES,LOS ANGELES,-118.25359611,34.05839734
90368526,2017,2017-03-30,9535,2017-01-06,1745,020943,NA,5,2,9,1900,0,1,1,NA,2,651,I-605 SB (SAN GABRIEL RIVER FWY),SAN JOSE BRIDGE,100,N,N,B,-,Y,NA,NA,605,NA,NA,NA,NA,NA,S,N,4,0,1,3,A,-,04,21703,NA,M,C,C,A,A,H,-,C,D,0,NA,NA,NA,NA,Y,NA,-,99,0,0,1,0,0,0,0,0,0,-,-,34.0376,-118.02279,LOS ANGELES,UNINCORPORATED,-118.02274268,34.03753745
90368528,2016,2017-01-12,9535,2016-12-27,1230,021554,NA,2,1,9,1900,0,3,5,NA,2,006,POTRERO GRANDE DR,DEL MAR AVE,0,NA,Y,A,-,N,NA,NA,NA,NA,NA,NA,NA,NA,NA,Y,4,0,1,2,A,-,12,21453,A,N,D,C,A,A,H,-,A,A,0,NA,NA,NA,NA,Y,NA,-,-,0,0,1,0,0,0,0,0,0,-,-,34.0483,-118.0981,LOS ANGELES,UNINCORPORATED,-118.09829013,34.04838007
90368531,2017,2017-04-20,9525,2017-01-03,1730,016679,NA,2,2,9,1900,0,3,5,NA,2,005,MOUNT BALDY RD.,NORTH EDGE OF TUNNEL ONE,1056,S,N,B,-,N,NA,NA,NA,NA,NA,NA,NA,NA,NA,Y,3,0,1,1,A,-,08,22107,NA,N,E,I,A,A,H,-,D,D,0,NA,NA,NA,NA,Y,NA,A,01,0,1,0,0,0,0,0,0,0,-,-,34.19988,-117.67587,LOS ANGELES,UNINCORPORATED,NA,NA
90368532,2017,2017-01-12,9550,2017-01-10,0918,018412,NA,2,1,7,1941,0,1,3,NA,2,090,SR-91 W/B,CHERRY AVENUE,200,E,N,C,-,Y,NA,NA,91,NA,NA,NA,NA,NA,W,Y,4,0,1,1,A,-,03,22350,NA,N,F,A,A,B,H,-,A,D,0,NA,NA,Y,NA,Y,NA,C,02,0,0,1,0,0,0,0,0,1,-,-,33.87607,-118.16686,LOS ANGELES,LONG BEACH,-118.1668597,33.87599201
90368534,2017,2017-01-12,9550,2017-01-10,1555,018412,NA,2,2,5,1919,0,1,3,NA,2,092,SR-91 W/B,CARMENITA RD.,150,E,N,B,-,Y,NA,NA,91,NA,NA,NA,NA,NA,W,Y,4,0,1,4,A,-,03,22350,NA,N,C,C,A,B,H,-,A,D,0,NA,NA,NA,Y,Y,NA,F,26,0,0,1,0,0,0,0,0,0,-,-,33.86371,-118.04551,LOS ANGELES,CERRITOS,-118.04554672,33.86363175
90368536,2017,2017-03-28,9525,2017-01-08,1055,020951,NA,7,1,6,1955,0,1,1,NA,2,107,I-10 W/B (SAN BERNARDINO FWY),VIA VERDE AVE,1000,E,N,A,-,Y,NA,NA,NA,NA,NA,NA,NA,NA,NA,N,4,0,1,2,A,-,03,22350,NA,M,C,C,A,A,D,E,A,D,0,NA,NA,NA,NA,Y,NA,D,22,0,0,1,0,0,0,0,0,0,-,-,34.06771,-117.83522,LOS ANGELES,POMONA,NA,NA