CASE_ID,ACCIDENT_YEAR,PROC_DATE,JURIS,COLLISION_DATE,COLLISION_TIME,OFFICER_ID,REPORTING_DISTRICT,DAY_OF_WEEK,CHP_SHIFT,POPULATION,CNTY_CITY_LOC,SPECIAL_COND,BEAT_TYPE,CHP_BEAT_TYPE,CITY_DIVISION_LAPD,CHP_BEAT_CLASS,BEAT_NUMBER,PRIMARY_RD,SECONDARY_RD,DISTANCE,DIRECTION,INTERSECTION,WEATHER_1,WEATHER_2,STATE_HWY_IND,CALTRANS_COUNTY,CALTRANS_DISTRICT,STATE_ROUTE,ROUTE_SUFFIX,POSTMILE_PREFIX,POSTMILE,LOCATION_TYPE,RAMP_INTERSECTION,SIDE_OF_HWY,TOW_AWAY,COLLISION_SEVERITY,NUMBER_KILLED,NUMBER_INJURED,PARTY_COUNT,PRIMARY_COLL_FACTOR,PCF_CODE_OF_VIOL,PCF_VIOL_CATEGORY,PCF_VIOLATION,PCF_VIOL_SUBSECTION,HIT_AND_RUN,TYPE_OF_COLLISION,MVIW,PED_ACTION,ROAD_SURFACE,ROAD_COND_1,ROAD_COND_2,LIGHTING,CONTROL_DEVICE,CHP_ROAD_TYPE,PEDESTRIAN_ACCIDENT,BICYCLE_ACCIDENT,MOTORCYCLE_ACCIDENT,TRUCK_ACCIDENT,NOT_PRIVATE_PROPERTY,ALCOHOL_INVOLVED,STWD_VEHTYPE_AT_FAULT,CHP_VEHTYPE_AT_FAULT,COUNT_SEVERE_INJ,COUNT_VISIBLE_INJ,COUNT_COMPLAINT_PAIN,COUNT_PED_KILLED,COUNT_PED_INJURED,COUNT_BICYCLIST_KILLED,COUNT_BICYCLIST_INJURED,COUNT_MC_KILLED,COUNT_MC_INJURED,PRIMARY_RAMP,SECONDARY_RAMP,LATITUDE,LONGITUDE,COUNTY,CITY,POINT_X,POINT_Y
9037203,2020,2020-03-13,1942,2020-01-07,2340,40928,LOS A,2,5,7,1942,0,0,0,NA,0,16X24,GOSS ST,TUJUNGA AV,0,NA,Y,A,-,N,NA,NA,NA,NA,NA,NA,NA,NA,NA,N,4,0,2,2,A,-,03,22350,NA,F,C,C,A,A,H,-,C,D,0,NA,NA,NA,NA,Y,NA,-,99,0,0,2,0,0,0,0,0,0,-,-,NA,NA,LOS ANGELES,LOS ANGELES,-118.37902069091795,34.22200012207031
90372034,2017,2017-01-18,9580,2017-01-09,1630,021492,NA,1,2,7,1942,0,1,1,NA,2,405,I-405 S/B (SAN DIEGO FWY),VICTORY BLVD,800,S,N,B,-,Y,NA,NA,NA,NA,NA,NA,NA,NA,NA,Y,3,0,1,2,A,-,08,22107,NA,N,B,C,A,A,H,-,A,D,0,NA,NA,Y,NA,Y,NA,C,02,0,1,0,0,0,0,0,0,1,-,-,34.18397,-118.47007,LOS ANGELES,LOS ANGELES,-118.47404,34.18561
90372072,2016,2017-01-18,9535,2016-11-10,1405,019839,NA,4,2,9,1900,0,2,4,NA,2,024,WHITTIER BLVD,HENDRICKS AVE,0,NA,Y,A,-,N,NA,NA,NA,NA,NA,NA,NA,NA,NA,N,4,0,1,2,A,-,12,21453,A,N,D,C,A,A,H,-,A,A,0,NA,NA,NA,NA,Y,NA,-,-,0,0,1,0,0,0,0,0,0,-,-,35.35015,-118.15435,LOS ANGELES,UNINCORPORATED,-118.14014006,34.01678011
90372090,2017,2017-02-10,9550,2017-01-13,1025,021263,NA,5,1,6,1949,0,1,1,NA,2,651,INTERSTATE 605 NORTHBOUND,FIRESTONE BOULEVARD,800,N,N,A,-,Y,NA,NA,NA,NA,NA,NA,NA,NA,NA,N,4,0,1,2,A,-,03,22350,NA,N,C,C,A,A,H,-,A,D,0,NA,NA,NA,NA,Y,NA,D,22,0,0,1,0,0,0,0,0,0,-,-,34.01954,-118.04999,LOS ANGELES,NORWALK,-118.10350324,33.92674185
90372132,2017,2017-03-02,9530,2017-01-11,0600,021430,NA,3,1,7,1941,0,1,1,NA,2,072,I-710 N/B (LONG BEACH FREEWAY),WILLOW ST.,2640,N,N,B,C,Y,NA,NA,710,NA,NA,NA,NA,NA,N,N,4,0,1,1,A,-,03,22350,NA,N,E,I,A,B,H,-,B,D,0,NA,NA,NA,NA,Y,NA,A,01,0,0,1,0,0,0,0,0,0,-,-,33.8125,-118.2069,LOS ANGELES,LONG BEACH,-118.20689238,33.81249996
90372138,2017,2017-01-18,9580,2017-01-09,0420,014900,NA,1,3,3,1989,0,1,2,NA,2,107,US-101 S/B (VENTURA FREEWAY),LAS VIRGENES RD,1320,N,N,B,C,Y,NA,NA,101,NA,NA,NA,NA,NA,S,Y,4,0,1,1,A,-,03,22350,NA,N,E,I,A,B,H,-,C,D,0,NA,NA,NA,NA,Y,NA,A,07,0,0,1,0,0,0,0,0,0,-,-,34.14313,-118.70451,LOS ANGELES,CALABASAS,-118.70457088,34.14323709
90372171,2017,2017-03-20,9590,2017-01-07,0810,021502,NA,6,1,7,1942,0,1,1,NA,2,021,I-10 W/B (SBF) TO I-5 S/B (SAF),I-5 S/B (SANTA ANA FREEWAY),565,W,N,B,-,Y,NA,NA,10,NA,NA,NA,R,NA,W,Y,4,0,1,2,A,-,07,21658,A,N,B,C,A,B,H,-,A,D,0,NA,NA,NA,NA,Y,NA,A,01,0,0,1,0,0,0,0,0,0,-,-,34.05566,-118.21595,LOS ANGELES,LOS ANGELES,-118.21595,34.05566
90372174,2017,2017-03-29,9525,2017-01-13,1750,021375,NA,5,2,9,1900,0,3,5,NA,2,002,HOLLENBECK AVE,COVINA BLVD,0,NA,Y,A,-,N,NA,NA,NA,NA,NA,NA,NA,NA,NA,Y,4,0,1,2,A,-,09,21801,A,N,A,C,A,A,H,-,C,A,0,NA,NA,NA,NA,Y,NA,A,01,0,0,1,0,0,0,0,0,0,-,-,34.0994,-117.899,LOS ANGELES,UNINCORPORATED,-117.89898005,34.09940005
90372182,2017,2017-02-28,9580,2017-01-09,1700,018588,NA,1,2,7,1942,0,1,3,NA,2,170,SR-170 N/B TO MAGNOLIA BLVD,MAGNOLIA BLVD,7,S,N,B,-,Y,NA,NA,170,NA,NA,NA,R,NA,N,N,4,0,1,2,A,-,10,21950,A,N,G,B,B,A,H,-,B,A,0,Y,NA,NA,NA,Y,NA,A,01,0,0,1,0,1,0,0,0,0,-,-,34.1647,-118.382,LOS ANGELES,LOS ANGELES,-118.382,34.1647
90372198,2017,2017-01-19,9580,2017-01-06,1150,019511,NA,5,1,9,1900,0,2,4,NA,1,130,MULHOLLAND HWY,LAS VIRGENES RD,2640,W,N,A,-,N,NA,NA,NA,NA,NA,NA,NA,NA,NA,Y,2,0,1,1,A,-,08,22107,NA,N,F,A,A,A,H,-,A,D,0,NA,NA,Y,NA,Y,NA,C,02,1,0,0,0,0,0,0,0,1,-,-,34.10821,-118.72008,LOS ANGELES,UNINCORPORATED,-118.71825318,34.10598832
90372233,2017,2017-02-28,9580,2017-01-10,1650,018185,NA,2,2,7,1942,0,1,2,NA,2,105,US-101 S/B (VENTURA FREEWAY),VALLEY CIRCLE BLVD,528,N,N,B,-,Y,NA,NA,101,NA,NA,NA,NA,NA,S,Y,3,0,1,2,A,-,07,21658,A,N,B,C,A,A,H,-,A,D,0,NA,NA,Y,NA,Y,NA,A,01,0,1,0,0,0,0,0,0,1,-,-,34.15809,-118.64086,LOS ANGELES,LOS ANGELES,-118.64086388,34.15810055
90372241,2017,2017-02-27,9565,2017-01-12,1230,017574,NA,4,1,5,1928,0,1,1,NA,2,060,I-405 S/B (SAN DIEGO FWY),MARINE AVE,400,N,N,C,-,Y,NA,NA,405,NA,NA,NA,NA,NA,S,Y,4,0,1,4,A,-,07,21658,A,N,B,C,A,B,H,-,A,D,0,NA,NA,NA,NA,Y,NA,A,01,0,0,1,0,0,0,0,0,0,-,-,33.90055,-118.37085,LOS ANGELES,HAWTHORNE,-118.3705337,33.90055577
9037225,2020,2020-03-05,1941,2020-01-20,0754,11600,NA,1,5,7,1941,0,0,0,NA,0,NA,PALO VERDE AV,STEARNS ST,0,NA,Y,A,-,N,NA,NA,NA,NA,NA,NA,NA,NA,NA,Y,3,0,3,5,A,-,12,21453,A,N,D,-,A,A,H,-,A,A,0,NA,NA,NA,NA,Y,NA,A,NA,0,1,2,0,0,0,0,0,0,-,-,NA,NA,LOS ANGELES,LONG BEACH,-118.1079330444336,33.795448303222656
90372275,2017,2017-01-18,9580,2017-01-10,1110,017228,NA,2,1,7,1942,0,1,1,NA,2,407,I-405 S/B TO HASKELL AVE.,SHERMAN WAY,700,N,N,B,C,Y,NA,NA,405,NA,NA,NA,R,NA,S,Y,4,0,2,2,A,-,03,22350,NA,N,C,C,A,B,H,-,A,D,0,NA,NA,NA,NA,Y,NA,A,01,0,0,2,0,0,0,0,0,0,-,-,34.20447,-118.47365,LOS ANGELES,LOS ANGELES,-118.47365,34.20447
90372284,2017,2017-01-18,9565,2017-01-13,1925,014393,NA,5,2,5,1928,0,1,1,NA,2,012,I-105 W/B FROM CRENSHAW BLVD N/B,CRENSHAW BOULEVARD,150,E,N,A,-,Y,NA,NA,105,NA,NA,NA,R,NA,W,N,4,0,2,2,A,-,03,22350,NA,N,C,C,A,A,H,-,C,A,0,NA,NA,NA,NA,Y,NA,A,01,0,0,2,0,0,0,0,0,0,-,-,33.9257,-118.32563,LOS ANGELES,HAWTHORNE,-118.32563,33.9257
9037229,2020,2020-02-25,1941,2020-01-20,1816,11386,NA,1,5,7,1941,0,0,0,NA,0,NA,OBISPO AV,15TH ST,325,S,N,A,-,N,NA,NA,NA,NA,NA,NA,NA,NA,NA,Y,4,0,1,2,A,-,01,23152,B,N,B,C,A,A,H,-,C,D,0,NA,NA,NA,NA,Y,Y,E,NA,0,0,1,0,0,0,0,0,0,-,-,NA,NA,LOS ANGELES,LONG BEACH,-118.1545867919922,33.78534698486328
90372290,2017,2017-01-18,9580,2017-01-10,0332,017371,NA,2,3,9,1900,0,1,2,NA,2,107,US-101 S/B (VENTURA FREEWAY),LAS VIRGENES RD,3696,S,N,A,-,Y,NA,NA,101,NA,NA,NA,NA,NA,S,Y,3,0,1,1,A,-,08,22107,NA,N,E,I,A,A,H,-,D,D,0,NA,NA,NA,NA,Y,NA,A,08,0,1,0,0,0,0,0,0,0,-,-,34.15044,-118.68743,LOS ANGELES,UNINCORPORATED,-118.68743398,34.15047229
90372297,2017,2017-01-18,9535,2017-01-03,0207,021169,NA,2,3,3,1914,0,1,1,NA,2,500,I-5 (SANTA ANA FREEWAY) N/B,WASHINGTON BLVD,1000,S,N,A,-,Y,NA,NA,5,NA,NA,NA,NA,NA,N,Y,4,0,1,2,A,-,03,22350,NA,N,C,C,A,A,H,-,C,D,0,NA,NA,NA,Y,Y,NA,G,25,0,0,1,0,0,0,0,0,0,-,-,33.99342,-118.14305,LOS ANGELES,COMMERCE,-118.14305097,33.99341906
90372299,2017,2017-03-27,9525,2017-01-17,1655,016342,NA,2,2,9,1900,0,1,3,NA,2,574,SR-57 N/B (ORANGE FWY),BREA CANYON RD.,2112,S,N,A,-,Y,NA,NA,57,NA,NA,NA,NA,NA,N,Y,4,0,1,2,A,-,03,22350,NA,N,C,C,A,A,H,-,B,D,0,NA,NA,NA,NA,Y,NA,A,07,0,0,1,0,0,0,0,0,0,-,-,33.94696,-117.86731,LOS ANGELES,UNINCORPORATED,-117.86733833,33.94698361
90372304,2016,2017-01-18,9535,2016-12-28,1735,021305,NA,3,2,4,1962,0,1,1,NA,2,400,I-10 (SAN BERNARDINO FREEWAY) E/B,DEL MAR AVE.,800,W,N,A,-,Y,NA,NA,10,NA,NA,NA,NA,NA,E,Y,4,0,1,2,A,-,03,22350,NA,N,C,C,A,A,H,-,C,D,0,NA,NA,NA,NA,Y,NA,A,01,0,0,1,0,0,0,0,0,0,-,-,34.07183,-118.10231,LOS ANGELES,SAN GABRIEL,-118.10230723,34.07169334
90372311,2016,2017-01-18,9535,2016-12-26,0855,021505,NA,1,1,5,1947,0,1,3,NA,2,600,SR-60 (POMONA FREEWAY) E/B,GARFIELD AVE,2290,W,N,B,-,Y,NA,NA,60,NA,NA,NA,NA,NA,E,Y,4,0,1,2,A,-,07,21658,A,M,B,C,A,A,H,-,A,D,0,NA,NA,NA,NA,Y,NA,-,99,0,0,1,0,0,0,0,0,0,-,-,34.03308,-118.12507,LOS ANGELES,MONTEBELLO,-118.12507042,34.03310457
90372315,2017,2017-03-02,9530,2017-01-11,0710,021458,NA,3,1,9,1900,0,3,5,NA,2,006,VAN DEENE AVE. (22700 BLOCK),228TH ST.,1,N,N,B,C,N,NA,NA,NA,NA,NA,NA,NA,NA,NA,N,4,0,1,2,A,-,10,21950,A,N,G,B,B,B,H,-,A,A,0,Y,NA,NA,NA,Y,NA,A,01,0,0,1,0,1,0,0,0,0,-,-,33.81915,-118.28985,LOS ANGELES,UNINCORPORATED,-118.28967994,33.81894274
90372316,2016,2017-01-18,9535,2016-12-29,1115,021545,NA,4,1,4,1962,0,1,1,NA,2,401,I-10 (SAN BERNARDINO FREEWAY) W/B,DEL MAR AVE,1000,E,N,A,-,Y,NA,NA,10,NA,NA,NA,NA,NA,W,N,4,0,2,2,A,-,03,22350,NA,N,C,C,A,A,H,-,A,D,0,NA,NA,NA,NA,Y,NA,D,22,0,0,2,0,0,0,0,0,0,-,-,34.07207,-118.0958,LOS ANGELES,SAN GABRIEL,-118.09580083,34.07212877
90372317,2017,2017-02-08,9530,2017-01-11,1615,021541,NA,3,2,9,1900,0,3,5,NA,2,001,FIRESTONE BLVD. (1200 BLOCK),HOOPER AVE.,154,E,N,A,-,N,NA,NA,NA,NA,NA,NA,NA,NA,NA,N,4,0,2,2,A,-,09,21804,A,N,D,C,A,A,H,-,A,D,0,NA,NA,NA,NA,Y,NA,A,01,0,0,2,0,0,0,0,0,0,-,-,33.9601,-118.2533,LOS ANGELES,UNINCORPORATED,-118.25352315,33.96015
90372318,2017,2017-01-18,9535,2017-01-09,1730,021554,NA,1,2,5,1959,0,1,1,NA,2,400,I-10 (SAN BERNARDINO FREEWAY) E/B,WALNUT GROVE AVE,200,W,N,A,-,Y,NA,NA,10,NA,NA,NA,NA,NA,E,N,4,0,1,2,A,-,03,22350,NA,N,C,C,A,A,H,-,C,D,0,NA,NA,NA,NA,Y,NA,A,01,0,0,1,0,0,0,0,0,0,-,-,34.0718,-118.0815,LOS ANGELES,ROSEMEAD,-118.08150257,34.07194635
9037232,2020,2020-02-24,1941,2020-01-18,2018,11154,NA,6,5,7,1941,0,0,0,NA,0,NA,WILLOW ST,PINE AV,0,NA,Y,A,-,N,NA,NA,NA,NA,NA,NA,NA,NA,NA,Y,4,0,1,2,A,-,09,21804,A,N,D,C,A,A,H,-,C,D,0,NA,NA,NA,NA,Y,Y,A,NA,0,0,1,0,0,0,0,0,0,-,-,NA,NA,LOS ANGELES,LONG BEACH,-118.19255828857422,33.80445098876953
90372323,2017,2017-01-18,9535,2017-01-11,0840,012767,NA,3,1,3,1968,0,1,3,NA,2,621,SR-60 (POMONA FREEWAY) W/B,SANTA ANITA AVENUE,314,E,N,B,C,Y,NA,NA,60,NA,NA,NA,NA,NA,W,Y,4,0,1,3,A,-,03,22350,NA,N,C,C,A,B,H,-,A,D,0,NA,NA,NA,NA,Y,NA,D,22,0,0,1,0,0,0,0,0,0,-,-,34.03965,-118.05058,LOS ANGELES,SOUTH EL MONTE,-118.05058122,34.03964328
90372333,2016,2017-01-18,9590,2016-12-12,0315,021086,NA,1,3,7,1942,0,1,1,NA,2,065,I-10 WESTBOUND (SANTA MONICA FREEWAY),ALAMEDA STREET,50,W,N,A,-,Y,NA,NA,10,NA,NA,NA,NA,NA,W,Y,3,0,1,1,A,-,01,23152,A,N,E,I,A,A,H,-,D,D,0,NA,NA,NA,NA,Y,NA,A,01,0,1,0,0,0,0,0,0,0,-,-,34.03047,-118.25763,LOS ANGELES,LOS ANGELES,-118.25762667,34.03047782
90372338,2017,2017-02-10,9550,2017-01-17,0950,015746,NA,2,1,9,1900,0,1,3,NA,2,600,STATE ROUTE 60 W/B (POMONA FREEWAY),7TH AVENUE,1000,E,N,A,-,Y,NA,NA,60,NA,NA,NA,NA,NA,W,N,4,0,1,3,A,-,03,22350,NA,N,C,C,A,A,H,-,A,D,0,NA,NA,NA,NA,Y,NA,A,01,0,0,1,0,0,0,0,0,0,-,-,34.01737,-117.98592,LOS ANGELES,UNINCORPORATED,-117.98594741,34.0173445
90372339,2017,2017-01-18,9550,2017-01-17,1130,015746,NA,2,1,1,1932,0,1,3,NA,2,600,STATE ROUTE 60 W/B (POMONA FREEWAY),CROSSROADS PARKWAY,2000,E,N,A,-,Y,NA,NA,60,NA,NA,NA,NA,NA,W,Y,4,0,1,2,A,-,07,21658,A,F,C,C,A,A,H,-,A,D,0,NA,NA,NA,NA,Y,NA,-,99,0,0,1,0,0,0,0,0,0,-,-,34.02898,-118.00405,LOS ANGELES,INDUSTRY,-118.00403955,34.02905853
90372347,2017,2017-01-19,9550,2017-01-17,1340,021042,NA,2,1,7,1941,0,1,3,NA,2,090,STATE ROUTE 91 E/B (ARTESIA FREEWAY),CHERRY AVENUE,1220,W,N,A,-,Y,NA,NA,91,NA,NA,NA,NA,NA,E,N,4,0,1,3,A,-,03,22350,NA,N,C,C,A,A,H,-,A,D,0,NA,NA,NA,Y,Y,NA,G,25,0,0,1,0,0,0,0,0,0,-,-,33.87635,-118.1712,LOS ANGELES,LONG BEACH,-118.17116063,33.87652985
90372355,2017,2017-02-10,9550,2017-01-17,1745,020151,NA,2,2,9,1900,0,3,5,NA,2,002,MULLBERRY DRIVE,BEN HUR AVE.,150,W,N,A,-,N,NA,NA,NA,NA,NA,NA,NA,NA,NA,N,4,0,2,2,A,-,03,22350,NA,N,C,C,A,A,H,-,C,D,0,NA,NA,NA,NA,Y,NA,A,01,0,0,2,0,0,0,0,0,0,-,-,33.94437,-118.02964,LOS ANGELES,UNINCORPORATED,-118.02976328,33.94430836
90372358,2017,2017-01-19,9590,2017-01-10,2115,020663,NA,2,2,7,1942,0,1,2,NA,2,073,US-101 S/B (HOLLYWOOD FREEWAY),UNIVERSAL STUDIOS BOULEVARD,800,N,N,C,-,Y,NA,NA,101,NA,NA,NA,NA,NA,S,N,4,0,2,3,A,-,07,21658,A,F,B,C,A,B,H,-,C,D,0,NA,NA,NA,NA,Y,NA,-,99,0,0,2,0,0,0,0,0,0,-,-,34.13241,-118.3514,LOS ANGELES,LOS ANGELES,-118.35131997,34.13254308
9037236,2020,2020-03-13,1941,2020-01-18,0206,11098,NA,6,5,7,1941,0,0,0,NA,0,NA,6TH ST,PACIFIC AV,20,E,N,A,-,N,NA,NA,NA,NA,NA,NA,NA,NA,NA,Y,4,0,2,2,A,-,01,23152,B,N,D,C,A,A,H,-,C,A,0,NA,NA,NA,NA,Y,Y,D,NA,0,0,2,0,0,0,0,0,0,-,-,NA,NA,LOS ANGELES,LONG BEACH,-118.19365692138672,33.774139404296875
90372361,2017,2017-03-22,9590,2017-01-12,2021,018345,NA,4,2,7,1942,0,1,1,NA,2,064,I-10 EB (SMF),LEMON STREET,190,W,N,B,-,Y,NA,NA,10,NA,NA,NA,NA,NA,E,N,4,0,1,2,A,-,03,22350,NA,N,C,C,A,A,H,-,D,D,0,NA,NA,NA,NA,Y,NA,A,01,0,0,1,0,0,0,0,0,0,-,-,34.02633,-118.23475,LOS ANGELES,LOS ANGELES,-118.23478986,34.02642771
90372365,2017,2017-03-22,9590,2017-01-11,1820,020409,NA,3,2,7,1942,0,1,2,NA,2,073,US-101 S/B (HOLLYWOOD FREEWAY),BARHAM BLVD,300,S,N,A,-,Y,NA,NA,101,NA,NA,NA,NA,NA,S,N,4,0,1,2,A,-,03,22350,NA,F,C,C,A,A,H,-,C,D,0,NA,NA,NA,NA,Y,NA,A,01,0,0,1,0,0,0,0,0,0,-,-,34.12692,-118.3454,LOS ANGELES,LOS ANGELES,-118.34535465,34.12695879
90372367,2016,2017-01-19,9590,2016-12-28,1805,020409,NA,3,2,7,1942,0,1,2,NA,2,073,US-101 S/B (HOLLYWOOD FREEWAY),BARHAM BLVD,1000,N,N,A,-,Y,NA,NA,101,NA,NA,NA,NA,NA,S,Y,3,0,1,2,A,-,08,22107,NA,F,B,C,A,A,H,-,C,D,0,NA,NA,NA,NA,Y,NA,A,07,0,1,0,0,0,0,0,0,0,-,-,34.13092,-118.34931,LOS ANGELES,LOS ANGELES,-118.34935066,34.13087823
9037237,2020,2020-11-03,1941,2020-01-12,2324,10782,NA,7,5,7,1941,0,0,0,NA,0,NA,LONG BEACH BL,RT 710,0,NA,-,A,-,Y,LA,7,710,-,-,11.819,R,4,N,Y,4,0,1,2,A,-,03,22350,NA,N,C,C,A,A,H,-,C,A,0,NA,NA,NA,NA,Y,NA,A,NA,0,0,1,0,0,0,0,0,0,-,NF,NA,NA,LOS ANGELES,LONG BEACH,-118.20087432861328,33.86008071899414
90372375,2017,2017-03-21,9590,2017-01-08,1225,021291,NA,7,1,7,1942,0,1,3,NA,2,031,SR-60 W/B (POMONA FREEWAY),LORENA STREET,100,W,N,A,-,Y,NA,NA,60,NA,NA,NA,NA,NA,W,Y,3,0,3,2,A,-,03,22350,NA,N,C,C,A,A,H,-,A,D,0,NA,NA,NA,NA,Y,NA,A,01,0,1,2,0,0,0,0,0,0,-,-,34.02938,-118.20135,LOS ANGELES,LOS ANGELES,-118.20133455,34.02927292
90372377,2017,2017-03-21,9590,2017-01-08,1025,021317,NA,7,1,7,1942,0,1,1,NA,2,081,I-5 S/B (GOLDEN STATE FREEWAY),WHITTIER BLVD,400,N,N,A,-,Y,NA,NA,NA,NA,NA,NA,NA,NA,NA,N,3,0,1,2,A,-,03,22350,NA,N,C,C,A,A,H,-,A,D,0,NA,NA,NA,NA,Y,NA,A,07,0,1,0,0,0,0,0,0,0,-,-,34.03921,-118.11046,LOS ANGELES,LOS ANGELES,-118.2212521,34.03718592
90372378,2017,2017-03-21,9590,2017-01-08,1237,021264,NA,7,1,7,1942,0,1,1,NA,2,011,SR-110 S/B (ARROYO SECO PARKWAY),COLLEGE STREET,100,N,N,A,-,Y,NA,NA,110,NA,NA,NA,NA,NA,S,Y,4,0,1,2,A,-,03,22350,NA,N,C,C,A,A,H,-,A,D,0,NA,NA,NA,NA,Y,NA,A,01,0,0,1,0,0,0,0,0,0,-,-,34.06598,-118.24221,LOS ANGELES,LOS ANGELES,-118.24218378,34.06592756
90372379,2017,2017-03-21,9590,2017-01-08,2150,020443,NA,7,2,7,1942,0,1,2,NA,2,073,US-101 S/B (HOF) TO HIGHLAND AVE.,PILGRIMAGE BRIDGE,900,N,N,A,-,Y,NA,NA,101,NA,NA,NA,R,NA,S,N,4,0,1,2,A,-,08,22107,NA,N,E,C,A,A,H,-,C,D,0,NA,NA,NA,NA,Y,NA,A,01,0,0,1,0,0,0,0,0,0,-,-,34.11671,-118.33795,LOS ANGELES,LOS ANGELES,-118.33795,34.11671
90372380,2017,2017-03-21,9590,2017-01-08,1655,021084,NA,7,2,7,1942,0,1,1,NA,2,052,I-110 NB (HARBOR FREEWAY),ADAMS BOULEVARD,300,S,N,A,-,Y,NA,NA,110,NA,NA,NA,NA,NA,N,N,4,0,2,2,A,-,03,22350,NA,N,C,C,A,A,H,-,D,D,0,NA,NA,NA,NA,Y,NA,A,01,0,0,2,0,0,0,0,0,0,-,-,34.02647,-118.27503,LOS ANGELES,LOS ANGELES,-118.27495477,34.02642239
90372406,2017,2017-03-24,9590,2017-01-11,0840,011420,NA,3,1,7,1942,0,1,1,NA,2,061,I-10 W/B(SANTA MONICA FWY) TO CRENSHAW,CRENSHAW BL.,550,E,N,B,-,Y,NA,NA,10,NA,NA,NA,R,NA,W,Y,4,0,1,5,A,-,03,22350,NA,N,C,C,A,B,H,-,A,D,0,NA,NA,NA,NA,Y,NA,A,07,0,0,1,0,0,0,0,0,0,-,-,34.03544,-118.33088,LOS ANGELES,LOS ANGELES,-118.33088,34.03544
90372415,2017,2017-01-19,9530,2017-01-10,2005,021463,NA,2,2,9,1900,0,3,5,NA,2,002,135TH ST. (2800 BLOCK),MCKINLEY AVE.,20,E,N,B,-,N,NA,NA,NA,NA,NA,NA,NA,NA,NA,Y,4,0,1,2,A,-,01,23152,A,N,C,C,A,B,H,-,C,A,0,NA,NA,NA,NA,Y,Y,A,01,0,0,1,0,0,0,0,0,0,-,-,33.90919,-118.26092,LOS ANGELES,UNINCORPORATED,-118.26087422,33.90916091
90372423,2017,2017-03-27,9525,2017-01-17,1755,019379,NA,2,2,6,1955,0,1,1,NA,2,109,I-10 W/B (SAN BERNARDINO FWY),GAREY AVE.,200,W,N,A,-,Y,NA,NA,10,NA,NA,NA,NA,NA,W,Y,4,0,5,2,A,-,03,22350,NA,N,C,C,A,A,H,-,D,D,0,NA,NA,NA,NA,Y,NA,D,22,0,0,5,0,0,0,0,0,0,-,-,34.07296,-117.75516,LOS ANGELES,POMONA,-117.75509898,34.07280336
90372434,2017,2017-01-19,9525,2017-01-13,2200,020230,NA,5,3,5,1990,0,1,3,NA,2,602,SR-60 E/B (POMONA FWY),BREA CANYON RD.,300,W,N,A,-,Y,NA,NA,60,NA,NA,NA,NA,NA,E,Y,4,0,1,3,A,-,07,21658,A,N,B,C,A,A,H,-,C,D,0,NA,NA,NA,Y,Y,NA,-,99,0,0,1,0,0,0,0,0,0,-,-,34.00035,-117.84779,LOS ANGELES,DIAMOND BAR,-117.84769894,33.99989977
90372449,2017,2017-01-19,9535,2017-01-11,1435,017722,NA,3,2,5,1959,0,1,1,NA,2,400,I-10 E/B (SAN BERNARDINO FWY.),SAN GABRIEL BL.,300,W,N,A,-,Y,NA,NA,10,NA,NA,NA,NA,NA,E,N,4,0,2,2,A,-,03,22350,NA,N,C,C,A,A,H,-,A,D,0,NA,NA,NA,NA,Y,NA,A,01,0,0,2,0,0,0,0,0,0,-,-,34.07171,-118.09393,LOS ANGELES,ROSEMEAD,-118.09393031,34.07182023
90372460,2017,2017-01-19,9535,2017-01-11,2020,019135,NA,3,2,9,1900,0,3,5,NA,2,002,6TH ST,DITMAN AVE.,0,NA,Y,B,-,N,NA,NA,NA,NA,NA,NA,NA,NA,NA,Y,4,0,1,2,A,-,09,21802,A,N,D,C,A,A,H,-,C,A,0,NA,NA,NA,NA,Y,NA,A,07,0,0,1,0,0,0,0,0,0,-,-,34.02826,-118.18929,LOS ANGELES,UNINCORPORATED,-118.18932004,34.02828007
90372467,2017,2017-04-07,9540,2017-01-12,0400,021464,NA,4,3,7,1942,0,1,1,NA,1,503,I-5 (S/B) (GOLDEN STATE FREEWAY),ROXFORD ST,1320,N,N,B,C,Y,NA,NA,NA,NA,NA,NA,NA,NA,NA,Y,4,0,1,2,A,-,07,21658,A,N,E,I,A,B,H,-,C,D,0,NA,NA,NA,NA,Y,NA,A,01,0,0,1,0,0,0,0,0,0,-,-,34.19208,-118.2956,LOS ANGELES,LOS ANGELES,-118.48246706,34.30608602
90372476,2017,2017-01-19,9540,2017-01-10,1000,016362,NA,2,1,6,1985,0,1,1,NA,1,502,I-5 N/B GOLDEN STATE FREEWAY,CALGROVE BLVD,1320,S,N,B,C,Y,NA,NA,5,NA,NA,NA,NA,NA,N,Y,3,0,1,1,A,-,03,22350,NA,N,E,J,A,B,H,-,A,D,0,NA,NA,NA,NA,Y,NA,A,01,0,1,0,0,0,0,0,0,0,-,-,34.35914,-118.55376,LOS ANGELES,SANTA CLARITA,-118.55386063,34.35909135