CASE_ID,ACCIDENT_YEAR,PROC_DATE,JURIS,COLLISION_DATE,COLLISION_TIME,OFFICER_ID,REPORTING_DISTRICT,DAY_OF_WEEK,CHP_SHIFT,POPULATION,CNTY_CITY_LOC,SPECIAL_COND,BEAT_TYPE,CHP_BEAT_TYPE,CITY_DIVISION_LAPD,CHP_BEAT_CLASS,BEAT_NUMBER,PRIMARY_RD,SECONDARY_RD,DISTANCE,DIRECTION,INTERSECTION,WEATHER_1,WEATHER_2,STATE_HWY_IND,CALTRANS_COUNTY,CALTRANS_DISTRICT,STATE_ROUTE,ROUTE_SUFFIX,POSTMILE_PREFIX,POSTMILE,LOCATION_TYPE,RAMP_INTERSECTION,SIDE_OF_HWY,TOW_AWAY,COLLISION_SEVERITY,NUMBER_KILLED,NUMBER_INJURED,PARTY_COUNT,PRIMARY_COLL_FACTOR,PCF_CODE_OF_VIOL,PCF_VIOL_CATEGORY,PCF_VIOLATION,PCF_VIOL_SUBSECTION,HIT_AND_RUN,TYPE_OF_COLLISION,MVIW,PED_ACTION,ROAD_SURFACE,ROAD_COND_1,ROAD_COND_2,LIGHTING,CONTROL_DEVICE,CHP_ROAD_TYPE,PEDESTRIAN_ACCIDENT,BICYCLE_ACCIDENT,MOTORCYCLE_ACCIDENT,TRUCK_ACCIDENT,NOT_PRIVATE_PROPERTY,ALCOHOL_INVOLVED,STWD_VEHTYPE_AT_FAULT,CHP_VEHTYPE_AT_FAULT,COUNT_SEVERE_INJ,COUNT_VISIBLE_INJ,COUNT_COMPLAINT_PAIN,COUNT_PED_KILLED,COUNT_PED_INJURED,COUNT_BICYCLIST_KILLED,COUNT_BICYCLIST_INJURED,COUNT_MC_KILLED,COUNT_MC_INJURED,PRIMARY_RAMP,SECONDARY_RAMP,LATITUDE,LONGITUDE,COUNTY,CITY,POINT_X,POINT_Y
90373396,2017,2017-01-25,9565,2017-01-18,0940,017713,NA,3,1,6,1933,0,1,1,NA,2,060,I-405 S/B (SAN DIEGO FREEWAY),HILLCREST BLVD.,100,N,N,A,-,Y,NA,NA,405,NA,NA,NA,NA,NA,S,N,4,0,1,2,A,-,03,22350,NA,N,C,C,A,A,H,-,A,D,0,NA,NA,NA,NA,Y,NA,A,01,0,0,1,0,0,0,0,0,0,-,-,33.95679,-118.36928,LOS ANGELES,INGLEWOOD,-118.36949897,33.95679525
90373417,2017,2017-03-20,9590,2017-01-07,0845,021264,NA,6,1,7,1942,0,1,2,NA,2,071,US-101 S/B (HOLLYWOOD FREEWAY),ALAMEDA STREET,175,S,N,B,-,Y,NA,NA,101,NA,NA,NA,NA,NA,S,N,3,0,2,4,A,-,07,21658,A,N,B,C,A,B,H,-,A,D,0,NA,NA,NA,NA,Y,NA,A,01,0,1,1,0,0,0,0,0,0,-,-,34.05467,-118.23879,LOS ANGELES,LOS ANGELES,-118.2388095,34.05463874
90373419,2017,2017-03-21,9590,2017-01-08,1725,021190,NA,7,2,7,1942,0,1,1,NA,2,082,I-5 N/B (GSF),CESAR CHAVEZ AVENUE,10,S,N,B,-,Y,NA,NA,5,NA,NA,NA,NA,NA,N,N,4,0,1,2,A,-,03,22350,NA,N,C,C,A,A,H,-,C,D,0,NA,NA,NA,NA,Y,NA,A,01,0,0,1,0,0,0,0,0,0,-,-,34.04952,-118.21408,LOS ANGELES,LOS ANGELES,-118.21403723,34.04951347
90373427,2017,2017-03-22,9590,2017-01-10,0730,016127,NA,2,1,7,1942,0,1,1,NA,2,051,I-110 S/B (HARBOR FREEWAY),COLDEN AVENUE,100,S,N,C,-,Y,NA,NA,110,NA,NA,NA,NA,NA,S,Y,4,0,1,3,A,-,03,22350,NA,N,C,C,A,B,H,-,A,D,0,NA,NA,NA,NA,Y,NA,I,20,0,0,1,0,0,0,0,0,0,-,-,33.94926,-118.27987,LOS ANGELES,LOS ANGELES,-118.2798826,33.94925747
90373458,2017,2017-03-29,9525,2017-01-13,0156,015988,NA,5,3,6,1955,0,1,1,NA,2,107,I-10 W/B (SAN BERNARDINO FWY),FAIRPLEX DR.,1584,W,N,B,-,Y,NA,NA,10,NA,NA,NA,NA,NA,W,Y,4,0,1,1,A,-,03,22350,NA,N,E,I,A,B,H,-,D,D,0,NA,NA,NA,NA,Y,NA,A,01,0,0,1,0,0,0,0,0,0,-,-,34.07126,-117.79422,LOS ANGELES,POMONA,-117.79409025,34.07097229
90373463,2017,2017-01-20,9525,2017-01-06,1727,021355,NA,5,2,4,1913,0,1,1,NA,2,109,I-10 W/B (SAN BERNARDINO FWY),INDIAN HILL BLVD,300,E,N,A,-,Y,NA,NA,10,NA,NA,NA,NA,NA,W,Y,4,0,1,2,A,-,03,22350,NA,N,C,C,A,A,H,-,B,D,0,NA,NA,NA,NA,Y,NA,A,01,0,0,1,0,0,0,0,0,0,-,-,34.08186,-117.71829,LOS ANGELES,CLAREMONT,-117.71829013,34.08186652
90373486,2016,2017-01-20,9535,2016-12-08,1830,020818,NA,4,2,5,1969,0,1,1,NA,2,075,I-710 S/B FROM FIRESTONE BLVD. W/B,FILESTONE BLVD,25,N,N,A,-,Y,NA,NA,710,NA,NA,NA,R,NA,S,N,4,0,1,2,A,-,09,21804,A,N,H,G,A,A,H,-,C,D,0,NA,Y,NA,NA,Y,NA,L,04,0,0,1,0,0,0,1,0,0,-,-,33.95007,-118.17143,LOS ANGELES,SOUTH GATE,-118.17143,33.95007
90373522,2017,2017-02-08,9530,2017-01-12,2340,020548,NA,4,3,9,1900,0,3,5,NA,2,002,REDONDO BEACH BLVD (800 BLOCK),MCKINLEY AVE.,400,E,N,A,-,N,NA,NA,NA,NA,NA,NA,NA,NA,NA,Y,4,0,1,2,A,-,08,22107,NA,M,D,C,A,A,H,-,C,D,0,NA,NA,NA,NA,Y,NA,A,07,0,0,1,0,0,0,0,0,0,-,-,33.89431,-118.26082,LOS ANGELES,UNINCORPORATED,-118.26007762,33.89481549
90373527,2017,2017-01-20,9545,2017-01-19,0735,012653,NA,4,1,9,1900,0,3,5,NA,2,002,20TH ST  W,AVENUE N,1056,S,N,B,-,N,NA,NA,NA,NA,NA,NA,NA,NA,NA,Y,4,0,1,3,A,-,03,22350,NA,N,C,C,A,B,H,-,A,D,0,NA,NA,NA,NA,Y,NA,A,07,0,0,1,0,0,0,0,0,0,-,-,34.62933,-118.16528,LOS ANGELES,UNINCORPORATED,-118.16537044,34.62824643
90373534,2017,2017-01-30,9530,2017-01-12,2236,020687,NA,4,3,9,1900,0,3,5,NA,2,002,IMPERIAL HWY.,COMPTON AVE.,0,NA,Y,A,-,N,NA,NA,NA,NA,NA,NA,NA,NA,NA,Y,3,0,1,2,A,-,09,21801,A,N,D,C,A,B,H,-,C,A,0,NA,NA,NA,NA,Y,NA,A,01,0,1,0,0,0,0,0,0,0,-,-,33.9294,-118.2462,LOS ANGELES,UNINCORPORATED,-118.24628011,33.92949001
90373540,2017,2017-01-20,9530,2017-01-12,0730,021430,NA,4,1,9,1900,0,3,5,NA,2,004,WILMINGTON AVE.,VIA ARADO,0,NA,Y,B,C,N,NA,NA,NA,NA,NA,NA,NA,NA,NA,Y,4,0,1,2,A,-,09,21802,A,N,D,C,A,B,H,-,A,D,0,NA,NA,NA,Y,Y,NA,G,25,0,0,1,0,0,0,0,0,0,-,-,33.8482,-118.2339,LOS ANGELES,UNINCORPORATED,-118.23413001,33.848220069999996
90373569,2017,2017-01-20,9530,2017-01-12,0930,021089,NA,4,1,9,1900,0,3,5,NA,2,005,MANHATTAN BEACH BLVD.,PRAIRE AVE.,0,NA,Y,C,-,N,NA,NA,NA,NA,NA,NA,NA,NA,NA,Y,4,0,1,2,A,-,09,21801,A,N,A,C,A,B,H,-,A,A,0,NA,NA,NA,NA,Y,NA,A,01,0,0,1,0,0,0,0,0,0,-,-,33.88751,-118.31404,LOS ANGELES,UNINCORPORATED,-118.34383003,33.88739007
90373576,2017,2017-01-20,9565,2017-01-12,0710,021453,NA,4,1,9,1900,0,2,4,NA,2,022,NORMANDIE AVE,108TH STREET,50,N,N,C,-,N,NA,NA,NA,NA,NA,NA,NA,NA,NA,Y,4,0,1,2,A,-,03,22350,NA,N,B,C,A,B,H,-,A,A,0,NA,NA,NA,NA,Y,NA,D,22,0,0,1,0,0,0,0,0,0,-,-,33.93848,-118.30037,LOS ANGELES,UNINCORPORATED,-118.30029,33.93831713
90373596,2017,2017-01-20,9540,2017-01-07,1220,021374,NA,6,1,7,1942,0,1,1,NA,1,501,I-5 S/B (GOLDEN STATE FREEWAY),ROXFORD ST,700,S,N,B,-,Y,NA,NA,5,NA,NA,NA,NA,NA,S,Y,4,0,1,2,A,-,03,22350,NA,N,C,C,A,A,H,-,A,D,0,NA,NA,NA,NA,Y,NA,A,01,0,0,1,0,0,0,0,0,0,-,-,34.3014,-118.47807,LOS ANGELES,LOS ANGELES,-118.47800148,34.30146709
90373633,2017,2017-01-20,9565,2017-01-19,1925,020915,NA,4,2,9,1900,0,1,1,NA,2,012,I-105 W/B (CENTURY FWY),NORMANDIE AVE,15,E,N,A,-,Y,NA,NA,105,NA,NA,NA,NA,NA,W,Y,4,0,1,2,A,-,03,22350,NA,N,C,C,A,A,H,-,C,D,0,NA,NA,NA,NA,Y,NA,A,01,0,0,1,0,0,0,0,0,0,-,-,33.9276,-118.30023,LOS ANGELES,UNINCORPORATED,-118.30024971,33.92768613
90373658,2017,2017-02-08,9530,2017-01-09,1624,021541,NA,1,2,9,1900,0,3,5,NA,2,001,COMPTON AVE (8000 BLOCK),NADEAU ST.,130,S,N,B,-,N,NA,NA,NA,NA,NA,NA,NA,NA,NA,N,4,0,2,2,A,-,08,22107,NA,N,B,E,A,A,H,-,A,D,0,NA,NA,NA,NA,Y,NA,A,01,0,0,2,0,0,0,0,0,0,-,-,33.9674,-118.2485,LOS ANGELES,UNINCORPORATED,-118.24769,33.96709348
90373659,2017,2017-01-20,9565,2017-01-04,0732,016545,NA,3,1,9,1900,0,2,4,NA,2,024,IMPERIAL HIGHWAY,BUDLONG AVE,60,W,N,B,-,N,NA,NA,NA,NA,NA,NA,NA,NA,NA,Y,4,0,2,4,A,-,03,22350,NA,F,C,C,A,A,H,-,A,A,0,NA,NA,NA,NA,Y,NA,-,99,0,0,2,0,0,0,0,0,0,-,-,33.78345,-118.79923,LOS ANGELES,UNINCORPORATED,-118.29608739,33.93097759
90373663,2017,2017-01-20,9530,2017-01-12,1330,021430,NA,4,1,7,1942,0,1,1,NA,2,110,I-110 N/B (HARBOR FREEWAY),SR-91,120,N,N,B,C,Y,NA,NA,NA,NA,NA,NA,NA,NA,NA,Y,3,0,1,2,A,-,07,21658,A,F,C,C,A,B,H,-,A,D,0,NA,NA,NA,NA,Y,NA,A,01,0,1,0,0,0,0,0,0,0,-,-,33.8759,-118.215,LOS ANGELES,LOS ANGELES,-118.28859583,33.87277765
90373665,2017,2017-02-28,9580,2017-01-10,0630,016088,NA,2,1,7,1942,0,1,3,NA,2,171,SR-170 S/B (HOLLYWOOD FWY.),SHERMAN WAY,150,S,N,C,-,Y,NA,NA,170,NA,NA,NA,NA,NA,S,Y,4,0,1,2,A,-,03,22350,NA,N,C,C,A,B,H,-,A,D,0,NA,NA,NA,NA,Y,NA,A,01,0,0,1,0,0,0,0,0,0,-,-,34.20065,-118.4036,LOS ANGELES,LOS ANGELES,-118.4035657,34.20066136
90373680,2016,2017-01-20,9530,2016-12-21,1425,015760,NA,3,2,9,1900,0,3,5,NA,2,001,ALAMEDA STREET,74TH STREET,0,NA,Y,B,C,N,NA,NA,NA,NA,NA,NA,NA,NA,NA,Y,4,0,3,4,B,-,22,NA,NA,N,D,C,A,B,H,-,A,A,0,NA,NA,NA,NA,Y,NA,-,98,0,0,3,0,0,0,0,0,0,-,-,33.97356,-118.23458,LOS ANGELES,UNINCORPORATED,-118.23445,33.97296005
90373687,2017,2017-01-20,9530,2017-01-08,0830,019941,NA,7,1,9,1900,0,3,5,NA,2,006,228TH ST.,NORMANDIE AVE.,0,NA,Y,B,-,N,NA,NA,NA,NA,NA,NA,NA,NA,NA,Y,4,0,1,4,A,-,12,21453,A,N,D,C,A,A,H,-,A,A,0,NA,NA,NA,NA,Y,NA,A,01,0,0,1,0,0,0,0,0,0,-,-,33.81902,-118.29813,LOS ANGELES,UNINCORPORATED,-118.29817005,33.81896005
90373691,2017,2017-01-20,9580,2017-01-10,0805,016088,NA,2,1,7,1942,0,1,3,NA,2,171,SR-170 S/B FROM OXNARD ST.,OXNARD ST,200,S,N,C,-,Y,NA,NA,170,NA,NA,NA,R,NA,S,N,4,0,1,2,A,-,03,22350,NA,N,C,C,A,B,H,-,A,D,0,NA,NA,NA,NA,Y,NA,A,01,0,0,1,0,0,0,0,0,0,-,-,34.1788,-118.39527,LOS ANGELES,LOS ANGELES,-118.39527,34.1788
90373698,2017,2017-01-20,9580,2017-01-10,1810,018322,NA,2,2,7,1942,0,1,3,NA,2,170,SR-170 N/B (HOLLYWOOD FWY.),SHELDON ST,528,N,N,B,-,Y,NA,NA,170,NA,NA,NA,NA,NA,N,N,4,0,1,2,A,-,03,22350,NA,N,C,C,A,A,H,-,C,D,0,NA,NA,NA,NA,Y,NA,A,01,0,0,1,0,0,0,0,0,0,-,-,34.22911,-118.40979,LOS ANGELES,LOS ANGELES,-118.40990142,34.22915968
90373700,2017,2017-02-09,9530,2017-01-13,0830,019338,NA,5,1,7,1942,0,1,1,NA,2,110,I-110 N/B (HARBOR FREEWAY),ALONDRA BLVD.,200,S,N,A,-,Y,NA,NA,110,NA,NA,NA,NA,NA,N,Y,4,0,1,2,A,-,03,22350,NA,N,C,C,A,A,H,-,A,D,0,NA,NA,NA,NA,Y,NA,A,01,0,0,1,0,0,0,0,0,0,-,-,33.88472,-118.28525,LOS ANGELES,LOS ANGELES,-118.28526295,33.88471852
90373701,2017,2017-01-20,9540,2017-01-17,0915,015093,NA,2,1,9,1900,0,1,3,NA,1,144,SR-14 NORTHBOUND (ANTELOPE VALLEY FWY),SANTA CLARA RIVER,230,N,N,A,-,Y,NA,NA,NA,NA,NA,NA,NA,NA,NA,Y,4,0,1,1,A,-,08,22107,NA,N,E,I,A,A,H,-,A,D,0,NA,NA,NA,NA,Y,NA,A,01,0,0,1,0,0,0,0,0,0,-,-,34.41627,-118.44212,LOS ANGELES,UNINCORPORATED,NA,NA
90373710,2017,2017-02-28,9580,2017-01-10,2220,020404,NA,2,3,7,1942,0,1,2,NA,2,105,US-101 S/B (VENTURA FREEWAY),VENTURA BLVD,200,N,N,C,-,Y,NA,NA,101,NA,NA,NA,NA,NA,S,N,3,0,1,2,A,-,03,22350,NA,N,C,C,A,B,H,-,D,D,0,NA,NA,NA,NA,Y,NA,A,01,0,1,0,0,0,0,0,0,0,-,-,34.16699,-118.61558,LOS ANGELES,LOS ANGELES,-118.61557622,34.1669819
90373719,2017,2017-01-20,9550,2017-01-13,0700,021263,NA,5,1,5,1976,0,1,3,NA,2,600,INTERSTATE 605 SOUTHBOUND,WASHINGTON BOULEVARD,1200,N,N,A,-,Y,NA,NA,NA,NA,NA,NA,NA,NA,NA,Y,3,0,1,2,A,-,06,21755,NA,N,B,C,A,A,H,-,A,D,0,NA,NA,Y,NA,Y,NA,C,02,0,1,0,0,0,0,0,0,1,-,-,33.97854,-118.07809,LOS ANGELES,WHITTIER,-118.0790268,33.9771264
90373730,2017,2017-01-20,9550,2017-01-13,1430,019939,NA,5,2,9,1900,0,2,4,NA,1,041,AZUSA AVE. SOUTHBOUND,SR-60 EASTBOUND TO AZUSA AVE.,0,NA,Y,B,-,N,NA,NA,NA,NA,NA,NA,NA,NA,NA,Y,4,0,4,3,A,-,12,21453,A,N,D,C,A,A,H,-,A,A,0,NA,NA,NA,NA,Y,NA,A,01,0,0,4,0,0,0,0,0,0,-,-,33.99601,-117.93128,LOS ANGELES,UNINCORPORATED,-117.93133837,33.99578704
90373733,2017,2017-02-09,9530,2017-01-13,1615,020427,NA,5,2,9,1900,0,3,5,NA,2,004,SANTA FE AVE. (17000 BLOCK),SR-91,400,S,N,A,-,N,NA,NA,NA,NA,NA,NA,NA,NA,NA,Y,4,0,2,2,A,-,07,21658,A,N,B,C,A,A,H,-,A,D,0,NA,NA,NA,NA,Y,NA,A,01,0,0,2,0,0,0,0,0,0,-,-,33.8731,-118.214,LOS ANGELES,UNINCORPORATED,-118.21436,33.87339
90373767,2017,2017-01-20,9580,2017-01-03,2340,020353,NA,2,3,9,1900,0,1,3,NA,2,119,SR-118 W/B (RONALD REAGAN FWY.),IVERSON RD,200,W,N,B,-,Y,NA,NA,118,NA,NA,NA,NA,NA,W,Y,3,0,1,2,A,-,01,23152,A,M,C,C,A,A,H,-,D,D,0,NA,NA,NA,NA,Y,Y,A,01,0,1,0,0,0,0,0,0,0,-,-,34.27659,-118.61742,LOS ANGELES,UNINCORPORATED,-118.61741842,34.27657859
90373790,2017,2017-01-20,9580,2017-01-10,1040,18852,NA,2,1,7,1942,0,1,2,NA,2,103,US-101 S/B (VENTURA FREEWAY),WHITE OAK AVE,800,S,N,B,C,Y,NA,NA,101,NA,NA,NA,NA,NA,S,Y,4,0,1,2,A,-,03,22350,NA,N,C,C,A,B,H,-,A,D,0,NA,NA,NA,NA,Y,NA,A,01,0,0,1,0,0,0,0,0,0,-,-,34.171,-118.51587,LOS ANGELES,LOS ANGELES,-118.51586973,34.17108348
90373799,2017,2017-01-20,9580,2017-01-10,0730,020619,NA,2,1,7,1942,0,1,2,NA,2,101,US-101 S/B (VENTURA FREEWAY),COLDWATER CANYON AVE,100,N,N,B,C,Y,NA,NA,101,NA,NA,NA,NA,NA,S,Y,4,0,1,2,A,-,08,22107,NA,N,C,C,A,B,H,-,A,D,0,NA,NA,NA,NA,Y,NA,A,01,0,0,1,0,0,0,0,0,0,-,-,34.15668,-118.414,LOS ANGELES,LOS ANGELES,-118.41400017,34.15664098
90373808,2016,2017-01-20,9535,2016-11-12,0755,017680,NA,6,1,6,1922,0,1,1,NA,2,401,I-10 (SAN BERNARDINO FREEWAY) W/B,WALNUT GROVE AVE,225,E,N,A,-,Y,NA,NA,NA,NA,NA,NA,NA,NA,NA,Y,4,0,1,2,A,-,01,23152,A,N,B,C,A,A,H,-,A,D,0,NA,NA,NA,NA,Y,Y,A,07,0,0,1,0,0,0,0,0,0,-,-,34.07224,-118.08152,LOS ANGELES,EL MONTE,-118.08112877,34.07232225
90373816,2017,2017-04-03,9535,2017-01-13,1425,021052,NA,5,2,9,1900,0,2,4,NA,2,012,CESAR E. CHAVEZ AVE. (3400 BLOCK),HICKS AVE.,105,W,N,B,-,N,NA,NA,NA,NA,NA,NA,NA,NA,NA,N,3,0,1,2,A,-,11,21954,A,N,G,B,D,A,H,-,A,D,0,Y,NA,NA,NA,Y,NA,N,60,0,1,0,0,1,0,0,0,0,-,-,34.0405,-118.1902,LOS ANGELES,UNINCORPORATED,-118.19068584,34.04050539
90373818,2016,2017-01-20,9580,2016-12-19,0002,020462,NA,1,3,7,1942,0,1,1,NA,2,407,I-405 S/B (SAN DIEGO FWY),PLUMMER ST,150,S,N,A,-,Y,NA,NA,405,NA,NA,NA,NA,NA,S,Y,3,0,1,2,A,-,01,23152,A,N,C,C,A,A,H,-,C,D,0,NA,NA,NA,NA,Y,Y,A,01,0,1,0,0,0,0,0,0,0,-,-,34.24081,-118.47306,LOS ANGELES,LOS ANGELES,-118.47312913,34.24081065
90373831,2017,2017-01-20,9535,2017-01-12,0645,015632,NA,4,1,9,1900,0,1,1,NA,2,651,I-605 S/B (SAN GABRIEL FWY),VALLEY BLVD,1056,S,N,B,C,Y,NA,NA,605,NA,NA,NA,NA,NA,S,Y,4,0,1,2,A,-,03,22350,NA,N,C,C,A,B,H,-,D,D,0,NA,NA,NA,NA,Y,NA,A,01,0,0,1,0,0,0,0,0,0,-,-,34.0515,-118.00638,LOS ANGELES,UNINCORPORATED,-118.00607122,34.05131741
90373841,2017,2017-03-27,9525,2017-01-17,2155,018505,NA,2,2,9,1900,0,3,5,NA,2,003,AZUSA AVE. (200 N. BLOCK),GLENLOCH AVE.,135,N,N,A,-,N,NA,NA,NA,NA,NA,NA,NA,NA,NA,N,4,0,1,2,A,-,11,21954,A,N,G,B,D,A,H,-,C,D,0,Y,NA,NA,NA,Y,NA,N,60,0,0,1,0,1,0,0,0,0,-,-,34.02133,-117.91894,LOS ANGELES,UNINCORPORATED,-117.91900645,34.02150027
90373861,2017,2017-01-20,9580,2017-01-11,1436,016550,NA,3,2,9,1900,0,1,3,NA,1,270,SR-27 S/B (TOPANGA CYN. BLVD.),LOOKOUT DR,0,NA,Y,A,-,Y,NA,NA,27,NA,NA,NA,NA,NA,S,N,4,0,1,2,A,-,09,21804,A,N,A,G,A,A,H,-,A,D,0,NA,Y,NA,NA,Y,NA,A,01,0,0,1,0,0,0,1,0,0,-,-,34.08452,-118.6001,LOS ANGELES,UNINCORPORATED,-118.60007088,34.08453354
90373867,2017,2017-01-20,9580,2017-01-15,1525,020811,NA,7,2,7,1942,0,1,1,NA,2,404,I-405 N/B (SAN DIEGO FWY),MULHOLLAND DR,1500,N,N,B,-,Y,NA,NA,405,NA,NA,NA,NA,NA,N,Y,2,0,2,2,A,-,08,22107,NA,N,B,C,A,A,H,-,A,D,0,NA,NA,NA,NA,Y,NA,-,-,1,1,0,0,0,0,0,0,0,-,-,34.1297,-118.47348,LOS ANGELES,LOS ANGELES,-118.47364595,34.12975175
90373869,2017,2017-03-22,9590,2017-01-09,2145,021040,NA,1,2,7,1942,0,1,1,NA,2,013,SR-110 S/B (ARROYO SECO PARKWAY),AVENUE 43,300,N,N,A,-,Y,NA,NA,110,NA,NA,NA,NA,NA,S,Y,3,0,2,2,A,-,01,23152,A,N,B,C,A,A,H,-,C,D,0,NA,NA,NA,NA,Y,Y,A,01,0,2,0,0,0,0,0,0,0,-,-,34.09393,-118.20605,LOS ANGELES,LOS ANGELES,-118.20630265,34.09398089
90373870,2017,2017-01-20,9535,2017-01-10,0900,021381,NA,2,1,5,1952,0,1,1,NA,2,105,I-105 (CENTURY FREEWAY) W/B,GARFIELD AVE.,6,W,N,B,C,Y,NA,NA,105,NA,NA,NA,NA,NA,W,Y,4,0,1,2,A,-,03,22350,NA,N,C,C,A,B,H,-,A,D,0,NA,NA,NA,NA,Y,NA,A,01,0,0,1,0,0,0,0,0,0,-,-,33.91125,-118.16911,LOS ANGELES,PARAMOUNT,-118.16911018,33.91127269
90373887,2017,2017-01-20,9580,2017-01-17,0910,016003,NA,2,1,7,1942,0,1,2,NA,2,104,US-101 N/B (VENTURA FREEWAY),DE SOTO AVE,50,S,N,A,-,Y,NA,NA,101,NA,NA,NA,NA,NA,N,Y,4,0,1,3,A,-,03,22350,NA,N,C,C,A,A,H,-,A,D,0,NA,NA,NA,NA,Y,NA,D,22,0,0,1,0,0,0,0,0,0,-,-,34.16813,-118.58723,LOS ANGELES,LOS ANGELES,-118.58723388,34.16805605
90373891,2017,2017-03-22,9590,2017-01-09,1725,021133,NA,1,2,7,1942,0,1,1,NA,2,062,I-10 E/B (SANTA MONICA FREEWAY),FLOWER STREET,200,E,N,A,B,Y,NA,NA,10,NA,NA,NA,NA,NA,E,N,4,0,1,3,A,-,03,22350,NA,N,C,C,A,A,H,-,B,D,0,NA,NA,NA,NA,Y,NA,A,01,0,0,1,0,0,0,0,0,0,-,-,34.03551,-118.26886,LOS ANGELES,LOS ANGELES,-118.26887644,34.03548423
90373892,2017,2017-01-20,9580,2017-01-11,1045,20003,NA,3,1,7,1942,0,1,1,NA,2,405,I-405 S/B (SAN DIEGO FWY),BURBANK BLVD,100,N,N,B,-,Y,NA,NA,405,NA,NA,NA,NA,NA,S,N,4,0,1,2,A,-,03,22350,NA,N,C,C,A,A,H,-,A,D,0,NA,NA,NA,NA,Y,NA,A,01,0,0,1,0,0,0,0,0,0,-,-,34.17225,-118.46766,LOS ANGELES,LOS ANGELES,-118.46778548,34.17224701
90373893,2017,2017-02-28,9580,2017-01-17,1048,016413,NA,2,1,7,1942,0,1,3,NA,2,115,I-405 S/B (SAN DIEGO FWY),DEVONSHIRE ST,200,N,N,A,-,Y,NA,NA,405,NA,NA,NA,NA,NA,S,Y,4,0,2,2,A,-,07,21658,A,N,B,C,A,A,H,-,A,D,0,NA,NA,NA,NA,Y,NA,A,01,0,0,2,0,0,0,0,0,0,-,-,34.25782,-118.47264,LOS ANGELES,LOS ANGELES,-118.47236207,34.25781743
90373908,2017,2017-01-20,9580,2017-01-18,1115,018448,NA,3,1,7,1942,0,1,3,NA,2,171,SR-170 S/B (HOLLYWOOD FWY.),LA RIVER CHANNEL,337,S,N,A,-,Y,NA,NA,NA,NA,NA,NA,NA,NA,NA,Y,3,0,1,1,A,-,08,22107,NA,N,E,I,A,A,H,-,A,D,0,NA,NA,NA,NA,Y,NA,A,01,0,1,0,0,0,0,0,0,0,-,-,34.15489,-118.38068,LOS ANGELES,LOS ANGELES,NA,NA
90373910,2017,2017-01-20,9580,2017-01-17,1725,018185,NA,2,2,7,1942,0,1,2,NA,2,105,US-101 S/B (VENTURA FREEWAY),FALLBROOK AVE,1056,S,N,A,-,Y,NA,NA,101,NA,NA,NA,NA,NA,S,Y,4,0,1,3,A,-,03,22350,NA,M,C,C,A,A,H,-,D,D,0,NA,NA,NA,NA,Y,NA,A,01,0,0,1,0,0,0,0,0,0,-,-,34.16525,-118.62076,LOS ANGELES,LOS ANGELES,-118.62076427,34.16526354
90373915,2017,2017-01-20,9580,2017-01-18,1910,018185,NA,3,2,7,1942,0,1,2,NA,2,102,US-101 N/B TO HASKELL AVENUE,HASKELL AVE,350,S,N,B,C,Y,NA,NA,101,NA,NA,NA,R,NA,N,Y,3,0,1,1,A,-,03,22350,NA,N,E,J,A,B,H,-,C,D,0,NA,NA,NA,NA,Y,NA,A,01,0,1,0,0,0,0,0,0,0,-,-,34.16557,-118.47381,LOS ANGELES,LOS ANGELES,-118.47381,34.16557
90373916,2017,2017-01-20,9580,2017-01-18,1415,020836,NA,3,2,7,1942,0,1,3,NA,2,171,SR-170 S/B (HOLLYWOOD FWY.),SHERMAN WAY,2640,N,N,B,-,Y,NA,NA,170,NA,NA,NA,NA,NA,S,Y,4,0,2,3,A,-,03,22350,NA,N,C,C,A,A,H,-,A,D,0,NA,NA,NA,NA,Y,NA,D,22,0,0,2,0,0,0,0,0,0,-,-,34.2051,-118.4057,LOS ANGELES,LOS ANGELES,-118.40563877,34.2051253
90373919,2017,2017-02-09,9530,2017-01-13,1310,020935,NA,5,1,7,1941,0,1,1,NA,2,071,I-710 S/B (LONG BEACH FREEWAY),DEL AMO BLVD.,800,N,N,A,-,Y,NA,NA,710,NA,NA,NA,NA,NA,S,Y,3,0,1,2,A,-,07,21658,A,N,B,C,A,A,H,-,A,D,0,NA,NA,Y,NA,Y,NA,A,01,0,1,0,0,0,0,0,0,1,-,-,33.8579,-118.2026,LOS ANGELES,LONG BEACH,-118.20265022,33.85793055
90373924,2017,2017-01-20,9580,2017-01-18,2245,021015,NA,3,3,7,1942,0,1,1,NA,2,404,I-405 N/B (SAN DIEGO FWY),VICTORY BLVD,100,S,N,B,-,Y,NA,NA,405,NA,NA,NA,NA,NA,N,Y,4,0,1,2,A,-,07,21658,A,N,B,C,A,A,H,-,D,D,0,NA,NA,NA,NA,Y,NA,A,01,0,0,1,0,0,0,0,0,0,-,-,34.18633,-118.47399,LOS ANGELES,LOS ANGELES,-118.47398959,34.18633008
90373929,2017,2017-01-20,9530,2017-01-13,1600,021089,NA,5,2,9,1900,0,3,5,NA,2,002,ROSECRANS AVE. (800 BLOCK),STANFORD AVE.,0,NA,Y,A,-,N,NA,NA,NA,NA,NA,NA,NA,NA,NA,Y,4,0,1,2,A,-,03,22350,NA,N,D,C,A,A,H,-,A,A,0,NA,NA,NA,NA,Y,NA,A,01,0,0,1,0,0,0,0,0,0,-,-,33.90243,-118.26201,LOS ANGELES,UNINCORPORATED,-118.26209009,33.90242004