CASE_ID,ACCIDENT_YEAR,PROC_DATE,JURIS,COLLISION_DATE,COLLISION_TIME,OFFICER_ID,REPORTING_DISTRICT,DAY_OF_WEEK,CHP_SHIFT,POPULATION,CNTY_CITY_LOC,SPECIAL_COND,BEAT_TYPE,CHP_BEAT_TYPE,CITY_DIVISION_LAPD,CHP_BEAT_CLASS,BEAT_NUMBER,PRIMARY_RD,SECONDARY_RD,DISTANCE,DIRECTION,INTERSECTION,WEATHER_1,WEATHER_2,STATE_HWY_IND,CALTRANS_COUNTY,CALTRANS_DISTRICT,STATE_ROUTE,ROUTE_SUFFIX,POSTMILE_PREFIX,POSTMILE,LOCATION_TYPE,RAMP_INTERSECTION,SIDE_OF_HWY,TOW_AWAY,COLLISION_SEVERITY,NUMBER_KILLED,NUMBER_INJURED,PARTY_COUNT,PRIMARY_COLL_FACTOR,PCF_CODE_OF_VIOL,PCF_VIOL_CATEGORY,PCF_VIOLATION,PCF_VIOL_SUBSECTION,HIT_AND_RUN,TYPE_OF_COLLISION,MVIW,PED_ACTION,ROAD_SURFACE,ROAD_COND_1,ROAD_COND_2,LIGHTING,CONTROL_DEVICE,CHP_ROAD_TYPE,PEDESTRIAN_ACCIDENT,BICYCLE_ACCIDENT,MOTORCYCLE_ACCIDENT,TRUCK_ACCIDENT,NOT_PRIVATE_PROPERTY,ALCOHOL_INVOLVED,STWD_VEHTYPE_AT_FAULT,CHP_VEHTYPE_AT_FAULT,COUNT_SEVERE_INJ,COUNT_VISIBLE_INJ,COUNT_COMPLAINT_PAIN,COUNT_PED_KILLED,COUNT_PED_INJURED,COUNT_BICYCLIST_KILLED,COUNT_BICYCLIST_INJURED,COUNT_MC_KILLED,COUNT_MC_INJURED,PRIMARY_RAMP,SECONDARY_RAMP,LATITUDE,LONGITUDE,COUNTY,CITY,POINT_X,POINT_Y
90377265,2017,2017-01-25,9545,2017-01-23,0630,013963,NA,1,1,9,1900,0,1,3,NA,2,031,SR-14 N/B,SIERRA HWY,500,N,N,C,-,Y,NA,NA,14,NA,NA,NA,NA,NA,N,Y,4,0,1,1,A,-,03,22350,NA,N,E,I,A,B,H,-,D,D,0,NA,NA,NA,NA,Y,NA,A,01,0,0,1,0,0,0,0,0,0,-,-,34.48828,-118.13868,LOS ANGELES,UNINCORPORATED,-118.13872879,34.48834398
90377298,2017,2017-01-25,9590,2017-01-18,1500,011420,NA,3,2,7,1942,0,1,1,NA,2,061,I-10 W/B (SANTA MONICA FWY),CRENSHAW BL.,200,E,N,B,-,Y,NA,NA,10,NA,NA,NA,NA,NA,W,Y,4,0,2,3,A,-,03,22350,NA,N,C,C,A,A,H,-,A,D,0,NA,NA,NA,NA,Y,NA,A,08,0,0,2,0,0,0,0,0,0,-,-,34.03528,-118.33274,LOS ANGELES,LOS ANGELES,-118.33273642,34.03521042
90377314,2017,2017-03-22,9590,2017-01-15,2315,021179,NA,7,3,7,1942,0,1,1,NA,2,062,I-10 E/B (SMF),BROADWAY ST,25,E,N,A,-,Y,NA,NA,10,NA,NA,NA,NA,NA,E,Y,4,0,1,2,A,-,07,21658,A,F,B,C,A,A,H,-,C,D,0,NA,NA,NA,NA,Y,NA,-,99,0,0,1,0,0,0,0,0,0,-,-,34.0329,-118.26435,LOS ANGELES,LOS ANGELES,-118.26434834,34.03290296
90377337,2017,2017-01-25,9545,2017-01-24,1135,015351,NA,2,1,9,1900,0,1,3,NA,2,031,SR-14 S/B,MOUNTAIN SPRINGS RD O/C,48,N,N,A,-,Y,NA,NA,14,NA,NA,NA,NA,NA,S,Y,3,0,1,1,A,-,08,22107,NA,N,E,I,A,A,H,-,A,D,0,NA,NA,NA,NA,Y,NA,A,01,0,1,0,0,0,0,0,0,0,-,-,34.50262,-118.11855,LOS ANGELES,UNINCORPORATED,-118.11846607,34.50251142
90377344,2017,2017-01-25,9525,2017-01-21,1820,020951,NA,6,2,6,1955,0,1,1,NA,2,108,I-10 E/B (SAN BERNARDINO FWY),FAIRPLEX DR.,2700,W,N,A,-,Y,NA,NA,10,NA,NA,NA,NA,NA,E,N,4,0,1,3,A,-,03,22350,NA,N,C,C,A,A,H,-,C,D,0,NA,NA,NA,NA,Y,NA,A,07,0,0,1,0,0,0,0,0,0,-,-,34.06991,-117.79589,LOS ANGELES,POMONA,-117.79590155,34.06993568
90377348,2017,2017-01-25,9550,2017-01-22,2135,021110,NA,7,2,7,1941,0,1,1,NA,2,653,INTERSTATE 605 NB,CARSON STREET,2000,S,N,C,-,Y,NA,NA,605,NA,NA,NA,NA,NA,N,Y,4,0,1,3,A,-,03,22350,NA,F,C,C,A,B,H,-,C,D,0,NA,NA,NA,NA,Y,NA,-,99,0,0,1,0,0,0,0,0,0,-,-,33.82605,-118.08188,LOS ANGELES,LONG BEACH,-118.08188834,33.82604814
90377355,2017,2017-01-25,9530,2017-01-17,1500,019412,NA,2,2,9,1900,0,3,5,NA,2,001,ZAMORA AVE. (7900 S. BLOCK),NADEAU ST.,100,S,N,A,-,Y,NA,NA,NA,NA,NA,NA,NA,NA,NA,N,4,0,1,2,A,-,09,21804,A,F,F,A,A,A,H,-,A,D,0,NA,Y,NA,NA,Y,NA,-,99,0,0,1,0,0,0,1,0,0,-,-,33.58132,-118.15346,LOS ANGELES,UNINCORPORATED,-118.25099,33.96717575
90377362,2017,2017-03-06,9545,2017-01-18,0457,016936,NA,3,3,9,1900,0,3,5,NA,2,004,50TH STREET EAST,AVENUE O,215,N,N,A,-,N,NA,NA,NA,NA,NA,NA,NA,NA,NA,Y,3,0,1,2,A,-,08,22107,NA,N,A,C,A,A,H,-,D,D,0,NA,NA,NA,Y,Y,NA,G,25,0,1,0,0,0,0,0,0,0,-,-,34.61736,-118.041,LOS ANGELES,UNINCORPORATED,-118.04099245,34.61732777
90377386,2017,2017-01-25,9590,2017-01-15,1650,021040,NA,7,2,7,1942,0,1,1,NA,2,084,I-5 N/B (GOLDEN STATE FREEWAY),COLORADO BLVD.,700,S,N,A,-,Y,NA,NA,5,NA,NA,NA,NA,NA,N,Y,3,0,2,1,C,-,18,NA,NA,N,E,I,A,A,H,-,B,D,0,NA,NA,NA,NA,Y,NA,-,-,0,1,1,0,0,0,0,0,0,-,-,34.1408,-118.27806,LOS ANGELES,LOS ANGELES,-118.27757258,34.14093321
90377390,2017,2017-01-25,9590,2017-01-16,0712,013435,NA,1,1,7,1942,0,1,1,NA,2,053,I-110 S/B (HARBOR FREEWAY),WILSHIRE BOULEVARD,25,N,N,B,-,Y,NA,NA,110,NA,NA,NA,NA,NA,S,Y,4,0,1,2,A,-,03,22350,NA,N,C,C,A,A,H,-,A,D,0,NA,NA,NA,NA,Y,NA,A,01,0,0,1,0,0,0,0,0,0,-,-,34.05136,-118.26105,LOS ANGELES,LOS ANGELES,-118.26106437,34.05138369
90377405,2017,2017-02-10,9550,2017-01-17,0920,018187,NA,2,1,9,1900,0,3,5,NA,2,002,MILLS AVE (NORTHBOUND),LAMBERT RD,0,NA,Y,A,-,N,NA,NA,NA,NA,NA,NA,NA,NA,NA,Y,4,0,1,3,A,-,09,21801,A,N,D,C,A,A,H,-,A,A,0,NA,NA,NA,NA,Y,NA,A,01,0,0,1,0,0,0,0,0,0,-,-,33.94619,-118.02027,LOS ANGELES,UNINCORPORATED,-118.02027012,33.94615003
90377409,2017,2017-01-25,9550,2017-01-23,1435,020824,NA,1,2,5,1935,0,1,1,NA,2,652,INTERSTATE 605 N/B,CARSON STREET,2300,N,N,A,-,Y,NA,NA,605,NA,NA,NA,NA,NA,N,Y,4,0,2,2,A,-,03,22350,NA,N,C,C,A,A,H,-,A,D,0,NA,NA,NA,NA,Y,NA,A,01,0,0,2,0,0,0,0,0,0,-,-,33.83727,-118.08717,LOS ANGELES,LAKEWOOD,-118.08724995,33.83722401
9037741,2020,2020-03-18,1900,2020-01-09,1503,499039,1517,4,5,5,1954,0,0,0,NA,0,151T3,SONGFEST DR,REX RD,16,S,N,A,-,N,NA,NA,NA,NA,NA,NA,NA,NA,NA,N,4,0,1,1,A,-,03,22350,NA,N,E,I,A,A,-,-,A,D,0,NA,NA,NA,NA,Y,NA,A,01,0,0,1,0,0,0,0,0,0,-,-,NA,NA,LOS ANGELES,PICO RIVERA,-118.09043121337892,33.97146987915039
90377417,2017,2017-01-25,9590,2017-01-16,1755,021443,NA,1,2,7,1942,0,1,1,NA,2,085,I-5 S/B (GOLDEN STATE FREEWAY),LOS FELIZ BLVD,2640,N,N,A,-,Y,NA,NA,5,NA,NA,NA,NA,NA,S,N,4,0,1,2,A,-,03,22350,NA,N,C,C,A,A,H,-,C,D,0,NA,NA,NA,NA,Y,NA,A,01,0,0,1,0,0,0,0,0,0,-,-,34.13561,-118.27591,LOS ANGELES,LOS ANGELES,-118.27599453,34.13558583
90377424,2017,2017-01-25,9545,2017-01-25,0725,015351,NA,3,1,9,1900,0,3,5,NA,2,003,SIERRA HIGHWAY,WARD ROAD,0,NA,Y,A,-,N,NA,NA,NA,NA,NA,NA,NA,NA,NA,Y,4,0,1,2,A,-,09,21802,A,N,D,C,A,A,H,-,A,D,0,NA,NA,NA,NA,Y,NA,D,22,0,0,1,0,0,0,0,0,0,-,-,34.50149,-118.22863,LOS ANGELES,UNINCORPORATED,-118.22834011,34.50138009
90377434,2016,2017-01-25,9535,2016-12-04,1800,020855,NA,7,2,5,1959,0,1,1,NA,2,400,I-10 (SAN BERNARDINO FREEWAY) E/B,WALNUT GROVE AVE,301,W,N,A,-,Y,NA,NA,10,NA,NA,NA,NA,NA,E,Y,4,0,1,1,A,-,01,23152,A,N,B,I,A,A,H,-,D,D,0,NA,NA,NA,NA,Y,Y,A,07,0,0,1,0,0,0,0,0,0,-,-,34.07206,-118.08316,LOS ANGELES,ROSEMEAD,-118.08315773,34.07192004
90377447,2017,2017-01-25,9590,2017-01-16,1840,021542,NA,1,2,7,1942,0,1,2,NA,2,072,US-101 N/B (HOLLYWOOD FREEWAY).,UNIVERSAL STUDIOS BLVD.,1200,N,N,A,-,Y,NA,NA,NA,NA,NA,NA,NA,NA,NA,Y,3,0,1,3,A,-,03,22350,NA,N,C,A,A,A,H,-,C,D,0,NA,NA,NA,NA,Y,NA,A,01,0,1,0,0,0,0,0,0,0,-,-,34.8392,-118.21227,LOS ANGELES,LOS ANGELES,-118.35614252,34.1343341
90377455,2017,2017-01-25,9565,2017-01-15,2245,021163,NA,7,3,9,1900,0,2,4,NA,2,022,107TH ST,NORMANDIE AVE,0,NA,Y,A,-,N,NA,NA,NA,NA,NA,NA,NA,NA,NA,Y,4,0,1,2,A,-,09,21801,A,N,D,C,A,A,H,-,C,A,0,NA,NA,NA,NA,Y,NA,A,01,0,0,1,0,0,0,0,0,0,-,-,33.93884,-118.30021,LOS ANGELES,UNINCORPORATED,-118.30029003,33.93910004
90377468,2017,2017-05-04,9530,2017-01-17,1745,021430,NA,2,2,5,1977,0,1,1,NA,2,410,I-405 N/B (SAN DIEGO FREEWAY),WILMINGTON AVE.,500,N,N,A,-,Y,NA,NA,NA,NA,NA,NA,NA,NA,NA,Y,4,0,2,2,A,-,07,21658,A,N,D,C,A,A,H,-,C,D,0,NA,NA,NA,NA,Y,NA,A,01,0,0,2,0,0,0,0,0,0,-,-,33.9892,-118.2412,LOS ANGELES,CARSON,-118.2417,33.82593
90377548,2017,2017-02-10,9550,2017-01-18,1540,016237,NA,3,2,5,1935,0,1,1,NA,2,652,INTERSTATE 605 S/B,GRIDLEY RD. PEDESTRIAN O/C,100,S,N,A,-,Y,NA,NA,NA,NA,NA,NA,NA,NA,NA,Y,3,0,3,1,A,-,08,22107,NA,N,E,I,A,A,H,-,A,D,0,NA,NA,NA,NA,Y,NA,A,01,0,2,1,0,0,0,0,0,0,-,-,33.841,-118.09255,LOS ANGELES,LAKEWOOD,-118.09026003,33.84198935
90377559,2017,2017-01-25,9590,2017-01-17,1840,020409,NA,2,2,7,1942,0,1,1,NA,2,062,I-10 E/B (SMF) COLLECTOR ROAD,HOOVER ST,500,W,N,A,-,Y,NA,NA,10,NA,NA,NA,NA,NA,E,Y,3,0,2,1,A,-,08,22107,NA,N,E,I,A,A,H,-,C,D,0,NA,NA,Y,NA,Y,NA,C,02,0,2,0,0,0,0,0,0,2,-,-,34.03667,-118.28722,LOS ANGELES,LOS ANGELES,-118.28722096,34.03679361
90377578,2017,2017-01-25,9590,2017-01-17,1615,013435,NA,2,2,7,1942,0,1,1,NA,2,501,I-110 S/B (HAF) (EXPRESS LANES),COLDEN AVENUE,300,N,N,A,-,Y,NA,NA,110,NA,NA,NA,NA,NA,S,N,4,0,1,2,A,-,03,22350,NA,N,C,C,A,A,H,-,A,D,0,NA,NA,NA,NA,Y,NA,A,01,0,0,1,0,0,0,0,0,0,-,-,33.948949999999996,-118.2797,LOS ANGELES,LOS ANGELES,-118.27981589,33.94892662
90377595,2017,2017-01-25,9590,2017-01-17,1000,016692,NA,2,1,7,1942,0,1,1,NA,2,085,I-5 S/B (GOLDEN STATE FWY.) COLLECTOR,NEWELL ST.,1156,S,N,A,-,Y,NA,NA,NA,NA,NA,NA,NA,NA,NA,Y,4,0,2,3,A,-,03,22350,NA,N,C,C,A,A,H,-,A,C,0,NA,NA,NA,Y,Y,NA,G,26,0,0,2,0,0,0,0,0,0,-,-,34.54729,-118.14426,LOS ANGELES,LOS ANGELES,NA,NA
90377610,2017,2017-01-25,9525,2017-01-22,1226,021355,NA,7,1,4,1960,0,1,3,NA,2,571,SR-57 S/B (ORANGE FWY),COVINA BLVD,1320,N,N,B,C,Y,NA,NA,57,NA,NA,NA,NA,NA,S,Y,4,0,1,1,A,-,03,22350,NA,N,E,I,A,B,H,-,A,D,0,NA,NA,NA,NA,Y,NA,A,01,0,0,1,0,0,0,0,0,0,-,-,34.10368,-117.82029,LOS ANGELES,SAN DIMAS,-117.82033323,34.10366292
90377614,2017,2017-01-25,9590,2017-01-17,0830,013435,NA,2,1,7,1942,0,1,1,NA,2,500,I-110 N/B (HARBOR FWY.) (EXPRESS LANES),SLAUSON AVENUE,25,N,N,A,-,Y,NA,NA,110,NA,NA,NA,NA,NA,N,N,4,0,1,2,A,-,03,22350,NA,N,C,C,A,A,H,-,A,D,0,NA,NA,NA,NA,Y,NA,A,07,0,0,1,0,0,0,0,0,0,-,-,33.98911,-118.28045,LOS ANGELES,LOS ANGELES,-118.28040273,33.98910987
90377624,2017,2017-01-25,9590,2017-01-23,0930,016689,NA,1,1,7,1942,0,1,1,NA,2,020,US-101 S/B TO I-10 E/B,MISSION ROAD,750,S,N,C,-,Y,NA,NA,101,NA,NA,NA,R,NA,S,Y,4,0,1,1,A,-,03,22350,NA,N,E,I,A,B,H,-,A,D,0,NA,NA,NA,NA,Y,NA,A,01,0,0,1,0,0,0,0,0,0,-,-,34.05279,-118.22331,LOS ANGELES,LOS ANGELES,-118.22331,34.05279
90377630,2017,2017-01-25,9565,2017-01-21,1430,018804,NA,6,2,7,1942,0,1,1,NA,2,060,I-405 N/B (SAN DIEGO FWY),LA CIENEGA BLVD.,200,N,N,A,-,Y,NA,NA,405,NA,NA,NA,NA,NA,N,N,4,0,1,2,A,-,03,22350,NA,N,C,C,A,A,H,-,A,D,0,NA,NA,NA,NA,Y,NA,A,01,0,0,1,0,0,0,0,0,0,-,-,33.96899,-118.37236,LOS ANGELES,LOS ANGELES,-118.37240593,33.96893441
90377654,2017,2017-01-25,9550,2017-01-24,1915,020151,NA,2,2,7,1941,0,1,3,NA,2,090,STATE ROUTE 91 E/B,CHERRY AVENUE,500,W,N,B,-,Y,NA,NA,91,NA,NA,NA,NA,NA,E,N,4,0,2,3,A,-,03,22350,NA,N,C,C,A,A,H,-,C,D,0,NA,NA,NA,NA,Y,NA,D,22,0,0,2,0,0,0,0,0,0,-,-,33.87661,-118.17208,LOS ANGELES,LONG BEACH,-118.17206349,33.87670985
90377660,2017,2017-01-25,9530,2017-01-18,1730,020567,NA,3,2,7,1941,0,1,1,NA,2,420,I-405 S/B (SAN DIEGO FREEWAY),WALNUT AVE.,100,N,N,C,-,Y,NA,NA,405,NA,NA,NA,NA,NA,S,Y,2,0,1,1,A,-,03,22350,NA,N,E,I,A,B,H,-,C,D,0,NA,NA,NA,NA,Y,NA,A,01,1,0,0,0,0,0,0,0,0,-,-,33.81412,-118.17252,LOS ANGELES,LONG BEACH,-118.17252022,33.81420136
90377664,2017,2017-01-25,9590,2017-01-17,0815,016243,NA,2,1,7,1942,0,1,1,NA,2,062,I-10 E/B,NORMANDIE AVE,50,E,N,A,-,Y,NA,NA,10,NA,NA,NA,NA,NA,E,Y,4,0,1,2,A,-,03,22350,NA,N,B,C,A,A,H,-,A,D,0,NA,NA,Y,NA,Y,NA,C,02,0,0,1,0,0,0,0,0,1,-,-,34.03703,-118.29991,LOS ANGELES,LOS ANGELES,-118.29991109,34.03697279
90377669,2017,2017-01-25,9535,2017-01-19,1230,016276,NA,4,1,5,1906,0,1,1,NA,2,650,I-605 N/B (SAN GABRIEL RIVER FWY),VALLEY BLVD.,4,N,N,B,-,Y,NA,NA,605,NA,NA,NA,NA,NA,N,N,3,0,1,1,A,-,03,22350,NA,N,E,I,A,A,H,-,A,D,0,NA,NA,NA,NA,Y,NA,A,01,0,1,0,0,0,0,0,0,0,-,-,34.054,-118.00433,LOS ANGELES,BALDWIN PARK,-118.00430599,34.05398666
90377681,2017,2017-01-25,9565,2017-01-19,1525,020239,NA,4,2,7,1942,0,1,1,NA,2,063,I-405 SOUTHBOUND (SAN DIEGO FREEWAY),SANTA MONICA BLVD,2000,S,N,A,-,Y,NA,NA,405,NA,NA,NA,NA,NA,S,Y,4,0,1,3,A,-,08,22107,NA,F,D,C,A,A,H,-,A,D,0,NA,NA,NA,NA,Y,NA,D,22,0,0,1,0,0,0,0,0,0,-,-,34.04262,-118.44306,LOS ANGELES,LOS ANGELES,-118.44306513,34.04261558
90377727,2017,2017-01-25,9550,2017-01-21,1330,020551,NA,6,1,5,1919,0,1,1,NA,2,652,I-605 N/B,195TH ST.,80,N,N,A,-,Y,NA,NA,605,NA,NA,NA,NA,NA,N,Y,4,0,2,3,A,-,03,22350,NA,N,C,C,A,A,H,-,A,D,0,NA,NA,NA,NA,Y,NA,A,08,0,0,2,0,0,0,0,0,0,-,-,33.8535,-118.0948,LOS ANGELES,CERRITOS,-118.09484117,33.85348977
90377735,2017,2017-01-25,9530,2017-01-19,0515,020236,NA,4,3,4,1939,0,1,1,NA,2,400,I-405 N/B (SAN DIEGO FREEWAY),HAWTHORNE BLVD.,164,N,N,C,-,Y,NA,NA,405,NA,NA,NA,NA,NA,N,Y,4,0,1,2,A,-,03,22350,NA,N,D,C,A,B,H,-,C,D,0,NA,NA,NA,NA,Y,NA,A,01,0,0,1,0,0,0,0,0,0,-,-,33.88527,-118.35327,LOS ANGELES,LAWNDALE,-118.35325632,33.88529001
90377741,2017,2017-02-27,9565,2017-01-21,1535,020495,NA,6,2,5,1928,0,1,1,NA,2,012,I-105 W/B (GLENN ANDERSON FREEWAY),VAN NES AVENUE,1250,E,N,A,-,Y,NA,NA,105,NA,NA,NA,NA,NA,W,Y,4,0,1,4,A,-,03,22350,NA,N,C,C,A,A,H,-,A,D,0,NA,NA,NA,NA,Y,NA,A,01,0,0,1,0,0,0,0,0,0,-,-,33.92559,-118.3172,LOS ANGELES,HAWTHORNE,-118.31719962,33.92563301
90377748,2017,2017-01-25,9550,2017-01-23,1829,020340,NA,1,2,5,1935,0,1,1,NA,2,652,I-605 S/B,SOUTH STREET,1320,S,N,A,-,Y,NA,NA,NA,NA,NA,NA,NA,NA,NA,N,4,0,1,2,A,-,07,21658,A,N,B,C,A,A,H,-,D,D,0,NA,NA,NA,NA,Y,NA,A,07,0,0,1,0,0,0,0,0,0,-,-,33.85489,-118.0955,LOS ANGELES,LAKEWOOD,-118.09628,33.85832
90377749,2017,2017-01-25,9565,2017-01-21,1600,018804,NA,6,2,5,1928,0,1,1,NA,2,060,I-405 N/B,IMPERIAL HWY,450,N,N,A,-,Y,NA,NA,405,NA,NA,NA,NA,NA,N,Y,4,0,2,2,A,-,03,22350,NA,N,C,C,A,A,H,-,A,D,0,NA,NA,NA,NA,Y,NA,A,01,0,0,2,0,0,0,0,0,0,-,-,33.93301,-118.36838,LOS ANGELES,HAWTHORNE,-118.36828994,33.93301126
90377754,2017,2017-09-05,9580,2017-01-16,0640,020619,NA,1,1,7,1942,0,1,1,NA,2,404,I-405 N/B (SAN DIEGO FWY),VENTURA BLVD,1320,S,N,A,-,Y,NA,NA,405,NA,NA,NA,NA,NA,N,Y,3,0,1,1,A,-,08,22107,NA,M,E,I,A,A,H,-,A,D,0,NA,NA,NA,NA,Y,NA,A,01,0,1,0,0,0,0,0,0,0,-,-,34.15084,-118.46815,LOS ANGELES,LOS ANGELES,-118.46816614,34.1508447
90377764,2017,2017-01-25,9535,2017-01-20,1020,016276,NA,5,1,5,1901,0,1,1,NA,2,421,I-10 (SAN BERNARDINO FREEWAY) W/B,WARWICK RD POC,250,W,N,B,C,Y,NA,NA,10,NA,NA,NA,NA,NA,W,Y,4,0,1,2,A,-,03,22350,NA,N,C,C,A,B,H,-,A,D,0,NA,NA,NA,NA,Y,NA,A,01,0,0,1,0,0,0,0,0,0,-,-,34.06432,-118.15909,LOS ANGELES,ALHAMBRA,-118.15912039,34.06437733
90377766,2017,2017-01-25,9550,2017-01-23,0925,021202,NA,1,1,9,1900,0,3,5,NA,2,003,7TH AVENUE,GALE AVENUE,30,S,N,B,-,N,NA,NA,NA,NA,NA,NA,NA,NA,NA,N,4,0,1,2,A,-,03,22350,NA,N,C,C,A,B,H,-,A,A,0,NA,NA,NA,NA,Y,NA,D,22,0,0,1,0,0,0,0,0,0,-,-,34.01842,-117.98771,LOS ANGELES,UNINCORPORATED,-117.98795014,34.01991191
90377780,2017,2017-01-25,9590,2017-01-17,1522,013179,NA,2,2,7,1942,0,1,1,NA,2,065,I-10 W/B (SANTA MONICA FREEWAY),ALAMEDA STREET,100,E,N,A,-,Y,NA,NA,10,NA,NA,NA,NA,NA,W,N,4,0,1,2,A,-,03,22350,NA,N,C,C,A,A,H,-,A,D,0,NA,NA,NA,NA,Y,NA,A,01,0,0,1,0,0,0,0,0,0,-,-,34.02856,-118.22962,LOS ANGELES,LOS ANGELES,-118.22961545,34.02853898
90377793,2017,2017-01-25,9590,2017-01-17,1000,013179,NA,2,1,7,1942,0,1,1,NA,2,061,I-10 W/B (SANTA MONICA FREEWAY),LA BREA AVENUE U/C,500,E,N,A,-,Y,NA,NA,10,NA,NA,NA,NA,NA,W,Y,2,0,1,1,A,-,08,22107,NA,N,F,A,A,A,H,-,A,D,0,NA,NA,Y,NA,Y,NA,C,02,1,0,0,0,0,0,0,0,1,-,-,34.03468,-118.34188,LOS ANGELES,LOS ANGELES,-118.34188151,34.03477582
90377800,2017,2017-01-25,9590,2017-01-18,1445,016689,NA,3,2,7,1942,0,1,2,NA,2,071,US-101 S/B,MISSION ROAD,100,N,N,B,-,Y,NA,NA,101,NA,NA,NA,NA,NA,S,N,4,0,1,2,A,-,03,22350,NA,N,C,C,A,A,H,-,A,D,0,NA,NA,NA,NA,Y,NA,A,01,0,0,1,0,0,0,0,0,0,-,-,34.05286,-118.2278,LOS ANGELES,LOS ANGELES,-118.22779943,34.05286299
90377804,2017,2017-01-25,9565,2017-01-22,1815,021011,NA,7,2,5,1965,0,1,3,NA,2,080,I-10 E/B (SANTA MONICA FREEWAY),MAIN ST.,50,W,N,C,-,Y,NA,NA,NA,NA,NA,NA,NA,NA,NA,Y,4,0,2,1,A,-,03,22350,NA,N,E,I,A,B,H,-,C,D,0,NA,NA,NA,NA,Y,NA,A,07,0,0,2,0,0,0,0,0,0,-,-,34.01203,-118.49297,LOS ANGELES,SANTA MONICA,-118.26362911,34.03253342
90377812,2017,2017-01-26,9565,2017-01-23,0900,021371,NA,1,1,9,1900,0,3,5,NA,2,004,LA CIENEGA BLVD,CENTURY BLVD,830,S,N,A,-,N,NA,NA,NA,NA,NA,NA,NA,NA,NA,N,4,0,1,2,A,-,12,21453,A,N,D,C,A,A,H,-,A,A,0,NA,NA,NA,NA,Y,NA,A,01,0,0,1,0,0,0,0,0,0,-,-,33.94297,-118.36995,LOS ANGELES,UNINCORPORATED,-118.37005,33.94313357
90377825,2017,2017-01-26,9535,2017-01-21,1900,020855,NA,6,2,4,1907,0,1,1,NA,2,073,I-710 (LONG BEACH FREEWAY) S/B,FLORENCE AVE,400,N,N,B,-,Y,NA,NA,710,NA,NA,NA,NA,NA,S,Y,4,0,1,3,A,-,03,22350,NA,N,C,C,A,A,H,-,D,D,0,NA,NA,NA,NA,Y,NA,A,07,0,0,1,0,0,0,0,0,0,-,-,33.96472,-118.16924,LOS ANGELES,BELL,-118.16908456,33.96464731
90377829,2017,2017-01-26,9580,2017-01-12,1715,019952,NA,4,2,7,1942,0,1,1,NA,2,404,I-405 N/B (SAN DIEGO FWY),VICTORY BLVD,100,N,N,C,-,Y,NA,NA,405,NA,NA,NA,NA,NA,N,N,4,0,1,2,A,-,03,22350,NA,F,C,C,A,B,H,-,D,D,0,NA,NA,NA,NA,Y,Y,-,99,0,0,1,0,0,0,0,0,0,-,-,34.18699,-118.47406,LOS ANGELES,LOS ANGELES,-118.47406607,34.18698971
90377831,2017,2017-01-26,9535,2017-01-24,0740,016276,NA,2,1,5,1959,0,1,1,NA,2,401,I-10 (SAN BERNARDINO FREEWAY) W/B,WALNUT GROVE AVE,150,W,N,A,-,Y,NA,NA,10,NA,NA,NA,NA,NA,W,N,4,0,1,3,A,-,03,22350,NA,N,C,C,A,A,H,-,A,D,0,NA,NA,NA,NA,Y,NA,D,22,0,0,1,0,0,0,0,0,0,-,-,34.07229,-118.08281,LOS ANGELES,ROSEMEAD,-118.08281003,34.07229232
90377846,2017,2017-01-26,9565,2017-01-20,1430,016945,NA,5,2,7,1942,0,1,1,NA,2,063,I-405 N/B (SAN DIEGO FWY),SANTA MONICA BLVD,320,N,N,B,-,Y,NA,NA,405,NA,NA,NA,NA,NA,N,Y,4,0,4,3,A,-,03,22350,NA,N,C,C,A,A,H,-,A,D,0,NA,NA,NA,NA,Y,NA,A,07,0,0,4,0,0,0,0,0,0,-,-,34.04766,-118.44714,LOS ANGELES,LOS ANGELES,-118.44713405,34.04766513
90377860,2017,2017-01-26,9565,2017-01-19,0415,020573,NA,4,3,7,1942,0,1,1,NA,2,082,I-10 W/B (SANTA MONICA FWY),BUNDY DR,800,E,N,C,-,Y,NA,NA,NA,NA,NA,NA,NA,NA,NA,Y,3,0,1,1,A,-,08,22107,NA,N,E,I,A,B,H,-,C,D,0,NA,NA,NA,NA,Y,NA,A,01,0,1,0,0,0,0,0,0,0,-,-,34.09929,-118.44359,LOS ANGELES,LOS ANGELES,-118.44682825,34.02899475
90377871,2017,2017-01-26,9575,2017-01-15,1745,021006,NA,7,2,9,1900,0,1,1,NA,2,062,I-210 W/B (FOOTHILL FREEWAY),SR-2 (GLENDALE FWY) FROM FOOTHILL BLVD.,66,W,N,A,-,Y,NA,NA,NA,NA,NA,NA,NA,NA,NA,Y,2,0,1,1,A,-,08,22107,NA,N,E,I,A,A,H,-,C,D,0,NA,NA,Y,NA,Y,NA,C,02,1,0,0,0,0,0,0,0,1,-,-,34.20778,-118.21793,LOS ANGELES,UNINCORPORATED,NA,NA