CASE_ID,ACCIDENT_YEAR,PROC_DATE,JURIS,COLLISION_DATE,COLLISION_TIME,OFFICER_ID,REPORTING_DISTRICT,DAY_OF_WEEK,CHP_SHIFT,POPULATION,CNTY_CITY_LOC,SPECIAL_COND,BEAT_TYPE,CHP_BEAT_TYPE,CITY_DIVISION_LAPD,CHP_BEAT_CLASS,BEAT_NUMBER,PRIMARY_RD,SECONDARY_RD,DISTANCE,DIRECTION,INTERSECTION,WEATHER_1,WEATHER_2,STATE_HWY_IND,CALTRANS_COUNTY,CALTRANS_DISTRICT,STATE_ROUTE,ROUTE_SUFFIX,POSTMILE_PREFIX,POSTMILE,LOCATION_TYPE,RAMP_INTERSECTION,SIDE_OF_HWY,TOW_AWAY,COLLISION_SEVERITY,NUMBER_KILLED,NUMBER_INJURED,PARTY_COUNT,PRIMARY_COLL_FACTOR,PCF_CODE_OF_VIOL,PCF_VIOL_CATEGORY,PCF_VIOLATION,PCF_VIOL_SUBSECTION,HIT_AND_RUN,TYPE_OF_COLLISION,MVIW,PED_ACTION,ROAD_SURFACE,ROAD_COND_1,ROAD_COND_2,LIGHTING,CONTROL_DEVICE,CHP_ROAD_TYPE,PEDESTRIAN_ACCIDENT,BICYCLE_ACCIDENT,MOTORCYCLE_ACCIDENT,TRUCK_ACCIDENT,NOT_PRIVATE_PROPERTY,ALCOHOL_INVOLVED,STWD_VEHTYPE_AT_FAULT,CHP_VEHTYPE_AT_FAULT,COUNT_SEVERE_INJ,COUNT_VISIBLE_INJ,COUNT_COMPLAINT_PAIN,COUNT_PED_KILLED,COUNT_PED_INJURED,COUNT_BICYCLIST_KILLED,COUNT_BICYCLIST_INJURED,COUNT_MC_KILLED,COUNT_MC_INJURED,PRIMARY_RAMP,SECONDARY_RAMP,LATITUDE,LONGITUDE,COUNTY,CITY,POINT_X,POINT_Y
90380153,2017,2017-01-27,9565,2017-01-22,1130,020495,NA,7,1,7,1942,0,1,1,NA,2,010,I-105 W/B (GLENN ANDERSON FREEWAY),NASH STREET,1800,E,N,C,-,Y,NA,NA,105,NA,NA,NA,NA,NA,W,Y,4,0,1,2,A,-,03,22350,NA,N,B,C,A,B,H,-,A,D,0,NA,NA,NA,NA,Y,NA,A,01,0,0,1,0,0,0,0,0,0,-,-,33.93126,-118.38422,LOS ANGELES,LOS ANGELES,-118.38422061,33.9312813
90380156,2017,2017-01-27,9580,2017-01-20,2032,020728,NA,5,2,7,1942,0,1,2,NA,2,104,US-101 N/B TO DE SOTO AVENUE,DE SOTO AVE,40,S,N,B,-,Y,NA,NA,101,NA,NA,NA,R,NA,N,Y,4,0,1,2,A,-,01,23152,A,N,C,C,A,B,H,-,C,D,0,NA,NA,NA,NA,Y,Y,A,01,0,0,1,0,0,0,0,0,0,-,-,34.16836,-118.58751,LOS ANGELES,LOS ANGELES,-118.58751,34.16836
90380175,2017,2017-04-13,9540,2017-01-24,0428,021434,NA,2,3,9,1900,0,1,3,NA,1,145,SR-14 S/B (ANTELOPE VALLEY FREEWAY),PLACERITA CANYON RD,350,S,N,A,-,Y,NA,NA,14,NA,NA,NA,NA,NA,S,Y,3,0,1,3,A,-,03,22350,NA,N,D,C,A,C,H,-,C,D,0,NA,NA,NA,NA,Y,NA,A,01,0,1,0,0,0,0,0,0,0,-,-,34.37705,-118.49471,LOS ANGELES,UNINCORPORATED,-118.49462554,34.37695435
90380182,2017,2017-01-27,9550,2017-01-26,1005,020755,NA,4,1,7,1941,0,1,3,NA,2,090,STATE ROUTE 91 E/B (ARTESIA FREEWAY),ORANGE AVE.,775,E,N,A,-,Y,NA,NA,91,NA,NA,NA,NA,NA,E,Y,4,0,1,2,A,-,03,22350,NA,F,C,C,A,A,A,-,A,D,0,NA,NA,NA,NA,Y,NA,A,01,0,0,1,0,0,0,0,0,0,-,-,33.87678,-118.17474,LOS ANGELES,LONG BEACH,-118.17474068,33.8768966
90380195,2017,2017-01-27,9550,2017-01-26,1405,020594,NA,4,2,6,1949,0,1,1,NA,2,651,I-605 N/B,ROSECRANS AVE.,250,N,N,A,-,Y,NA,NA,605,NA,NA,NA,NA,NA,N,Y,4,0,1,2,A,-,03,22350,NA,N,D,C,A,A,H,-,A,D,0,NA,NA,NA,NA,Y,NA,A,01,0,0,1,0,0,0,0,0,0,-,-,33.9068,-118.1049,LOS ANGELES,NORWALK,-118.10502383,33.90681005
90380246,2017,2017-01-27,9525,2017-01-19,0028,020532,NA,4,3,6,1975,0,1,1,NA,2,103,I-10 W/B (SAN BERNARDINO FWY),PACIFIC AVE.,300,E,N,B,-,Y,NA,NA,10,NA,NA,NA,NA,NA,W,Y,3,0,1,2,A,-,01,23152,A,M,B,C,A,B,D,E,D,D,0,NA,NA,NA,NA,Y,Y,A,01,0,1,0,0,0,0,0,0,0,-,-,34.07243,-117.94231,LOS ANGELES,WEST COVINA,-117.94229884,34.07234507
90380254,2017,2017-01-27,9525,2017-01-19,2150,020572,NA,4,2,6,1955,0,1,1,NA,2,110,I-10 E/B (SAN BERNARDINO FWY),GAREY AVE,528,W,N,B,C,Y,NA,NA,10,NA,NA,NA,NA,NA,E,Y,4,0,1,2,A,-,07,21658,A,F,E,I,A,B,H,-,D,D,0,NA,NA,NA,NA,Y,NA,A,01,0,0,1,0,0,0,0,0,0,-,-,34.07229,-117.75619,LOS ANGELES,POMONA,-117.75615563,34.07220361
90380260,2017,2017-01-27,9540,2017-01-22,1450,019853,NA,7,2,7,1942,0,1,1,NA,2,500,I-5 N/B (GOLDEN STATE FWY.),SAN FERNANDO MISSION BLVD,5280,N,N,B,C,Y,NA,NA,5,NA,NA,NA,NA,NA,N,N,4,0,1,1,A,-,03,22350,NA,N,E,I,A,B,H,-,A,D,0,NA,NA,NA,NA,Y,NA,A,01,0,0,1,0,0,0,0,0,0,-,-,34.28646,-118.46165,LOS ANGELES,LOS ANGELES,-118.46170603,34.28636829
90380263,2017,2017-01-27,9530,2017-01-18,2141,020868,NA,3,2,5,1977,0,1,1,NA,2,120,I-110 N/B FROM 220TH ST.,220TH ST.,150,S,N,C,-,Y,NA,NA,110,NA,NA,NA,R,NA,N,N,4,0,1,2,A,-,03,22350,NA,N,D,C,A,B,H,-,C,D,0,NA,NA,NA,NA,Y,NA,A,07,0,0,1,0,0,0,0,0,0,-,-,33.82856,-118.28704,LOS ANGELES,CARSON,-118.28704,33.82856
90380264,2017,2017-01-27,9590,2017-01-16,1005,016641,NA,1,1,7,1942,0,1,2,NA,2,072,U.S.-101 N/B (HOLLYWOOD FREEWAY),BRONSON AVE,300,N,N,A,-,Y,NA,NA,NA,NA,NA,NA,NA,NA,NA,Y,4,0,2,2,A,-,07,21658,A,N,B,C,A,A,H,-,A,D,0,NA,NA,NA,NA,Y,NA,A,07,0,0,2,0,0,0,0,0,0,-,-,34.10383,-118.31912,LOS ANGELES,LOS ANGELES,-118.31880346,34.10373029
90380275,2017,2017-01-27,9530,2017-01-22,1135,020349,NA,7,1,7,1941,0,1,1,NA,2,410,I-405 N/B (SAN DIEGO FREEWAY),WILMINGTON AVE.,1000,S,N,C,-,Y,NA,NA,NA,NA,NA,NA,NA,NA,NA,Y,4,0,1,2,A,-,03,22350,NA,N,D,C,A,B,H,-,A,D,0,NA,NA,NA,NA,Y,NA,A,01,0,0,1,0,0,0,0,0,0,-,-,33.82577,-118.23531,LOS ANGELES,LONG BEACH,-118.2417,33.82593
90380295,2017,2017-01-27,9545,2017-01-23,0830,013963,NA,1,1,9,1900,0,3,5,NA,2,001,AVENUE M,40TH ST  W,1056,W,N,C,-,N,NA,NA,NA,NA,NA,NA,NA,NA,NA,Y,3,0,1,1,A,-,03,22350,NA,N,F,A,A,B,H,-,A,D,0,NA,NA,NA,NA,Y,NA,D,22,0,1,0,0,0,0,0,0,0,-,-,34.64651,-118.20536,LOS ANGELES,UNINCORPORATED,-118.0622733,34.64602338
90380298,2016,2017-01-27,9535,2016-10-26,0010,021381,NA,3,3,9,1900,0,1,3,NA,2,620,SR-60 (POMONA FREEWAY) E/B,SR-164 (ROSEMEAD BLVD.),953,W,N,A,-,Y,NA,NA,60,NA,NA,NA,NA,NA,E,Y,3,0,2,2,A,-,01,23152,E,N,C,C,A,A,H,-,C,D,0,NA,NA,NA,NA,Y,NA,A,01,0,1,1,0,0,0,0,0,0,-,-,34.04119,-118.06922,LOS ANGELES,UNINCORPORATED,-118.06922002,34.04119222
90380331,2017,2017-01-27,9550,2017-01-25,1004,020594,NA,3,1,7,1941,0,1,3,NA,2,090,SR-91 W/B,CHERRY AVENUE,995,E,N,A,-,Y,NA,NA,NA,NA,NA,NA,NA,NA,NA,Y,3,0,2,2,A,-,07,21658,A,N,B,C,A,A,H,-,A,D,0,NA,NA,NA,NA,Y,NA,A,01,0,1,1,0,0,0,0,0,0,-,-,33.52342,-118.95483,LOS ANGELES,LONG BEACH,-118.16543447,33.87611
90380336,2016,2017-01-27,9575,2016-12-23,0510,020691,NA,5,3,7,1942,0,1,1,NA,2,061,I-210 E/B (FOOTHILL FREEWAY),SUNLAND BLVD,3600,E,N,C,-,Y,NA,NA,210,NA,NA,NA,NA,NA,E,Y,4,0,2,4,A,-,03,22350,NA,N,D,C,A,B,H,-,D,D,0,NA,NA,NA,NA,Y,NA,A,08,0,0,2,0,0,0,0,0,0,-,-,34.24943,-118.32231,LOS ANGELES,LOS ANGELES,-118.32232821,34.24942432
90380372,2017,2017-01-27,9590,2017-01-19,0810,021264,NA,4,1,7,1942,0,1,1,NA,2,064,I-10 E/B (SANTA MONICA FREEWAY),CENTRAL AVENUE,225,E,N,B,-,Y,NA,NA,10,NA,NA,NA,NA,NA,E,Y,4,0,2,2,A,-,03,22350,NA,N,C,C,A,B,H,-,A,D,0,NA,NA,NA,NA,Y,NA,A,01,0,0,2,0,0,0,0,0,0,-,-,34.02546,-118.24864,LOS ANGELES,LOS ANGELES,-118.24863579,34.02546783
9038039,2019,2020-01-31,1969,2019-12-27,2053,10145,PATRO,5,5,5,1969,0,0,0,NA,0,002,SEVILLE AV,POPLAR PL,10,N,N,B,-,N,NA,NA,NA,NA,NA,NA,NA,NA,NA,Y,3,0,1,2,A,-,01,23152,A,N,-,C,A,A,H,-,C,A,0,NA,NA,NA,NA,Y,Y,A,01,0,1,0,0,0,0,0,0,0,-,-,NA,NA,LOS ANGELES,SOUTH GATE,-118.2233428955078,33.9606819152832
90380393,2017,2017-01-27,9550,2017-01-25,1515,019939,NA,3,2,9,1900,0,2,4,NA,1,031,GALE AVE.,KWIS AVE.,25,E,N,A,-,N,NA,NA,NA,NA,NA,NA,NA,NA,NA,N,4,0,1,2,A,-,10,21952,NA,N,G,B,F,A,H,-,A,D,0,Y,NA,NA,NA,Y,NA,A,01,0,0,1,0,1,0,0,0,0,-,-,34.01265,-117.9696,LOS ANGELES,UNINCORPORATED,-117.96956292,34.01285596
90380403,2017,2017-01-27,9550,2017-01-26,0755,020755,NA,4,1,7,1941,0,1,3,NA,2,090,STATE ROUTE 91 W/B (ARTESIA FREEWAY),CHERRY AVENUE,1250,E,N,A,-,Y,NA,NA,91,NA,NA,NA,NA,NA,W,N,4,0,1,2,A,-,03,22350,NA,N,C,C,A,A,H,-,A,D,0,NA,NA,NA,NA,Y,NA,A,01,0,0,1,0,0,0,0,0,0,-,-,33.87614,-118.16441,LOS ANGELES,LONG BEACH,-118.16440947,33.87600145
90380407,2017,2017-02-10,9550,2017-01-23,0905,021274,NA,1,1,6,1949,0,1,1,NA,2,150,I-105 E/B TO I-605 N/B,IMPERIAL HIGHWAY,895,N,N,C,-,Y,NA,NA,NA,NA,NA,NA,NA,NA,NA,Y,4,0,1,4,A,-,03,22350,NA,N,C,C,A,B,H,-,A,A,0,NA,NA,NA,NA,Y,NA,A,07,0,0,1,0,0,0,0,0,0,-,-,33.92002,-118.10418,LOS ANGELES,NORWALK,-118.39288,33.93127
90380415,2017,2017-01-27,9590,2017-01-19,0903,021317,NA,4,1,7,1942,0,1,1,NA,2,012,SR-110 N/B (ARROYO SECO PARKWAY),AVENUE 52,60,S,N,A,B,Y,NA,NA,110,NA,NA,NA,NA,NA,N,N,3,0,2,4,A,-,07,21658,A,N,B,C,A,B,H,-,A,D,0,NA,NA,NA,NA,Y,NA,A,08,0,1,1,0,0,0,0,0,0,-,-,34.10287,-118.19685,LOS ANGELES,LOS ANGELES,-118.19685080000001,34.10287712
90380462,2017,2017-01-27,9530,2017-01-20,1217,021235,NA,5,1,7,1942,0,1,1,NA,2,120,I-110 N/B (HARBOR FREEWAY),GAFFEY ST.,1056,N,N,B,C,Y,NA,NA,110,NA,NA,NA,NA,NA,N,Y,4,0,1,2,A,-,03,22350,NA,N,B,C,A,B,H,-,A,D,0,NA,NA,NA,NA,Y,NA,A,01,0,0,1,0,0,0,0,0,0,-,-,33.7491,-118.29075,LOS ANGELES,LOS ANGELES,-118.29082768,33.74909612
90380489,2017,2017-01-27,9530,2017-01-19,0835,021380,NA,4,1,9,1900,0,3,5,NA,2,006,VERMONT AVENUE (23500 BLOCK),SEPULVEDA BLVD.,540,N,N,B,-,N,NA,NA,NA,NA,NA,NA,NA,NA,NA,Y,4,0,1,2,A,-,07,21658,A,N,C,C,A,A,H,-,A,D,0,NA,NA,NA,NA,Y,NA,A,01,0,0,1,0,0,0,0,0,0,-,-,33.8115,-118.2904,LOS ANGELES,UNINCORPORATED,-118.29041,33.81026
90380495,2017,2017-01-27,9575,2017-01-20,1001,020702,NA,5,1,7,1942,0,1,1,NA,2,061,I-210 W/B (FOOTHILL FREEWAY),LA TUNA CANYON RD.,3000,W,N,C,-,Y,NA,NA,210,NA,NA,NA,NA,NA,W,Y,4,0,2,3,A,-,03,22350,NA,N,C,C,A,B,H,-,A,D,0,NA,NA,NA,NA,Y,NA,A,01,0,0,2,0,0,0,0,0,0,-,-,34.24475,-118.31953,LOS ANGELES,LOS ANGELES,-118.31949301,34.24478979
90380502,2017,2017-01-27,9530,2017-01-20,1755,021235,NA,5,2,9,1900,0,3,5,NA,2,001,GAGE AVENUE,MIRAMONTE BLVD.,0,NA,Y,A,-,N,NA,NA,NA,NA,NA,NA,NA,NA,NA,Y,4,0,1,2,A,-,12,21453,A,N,D,C,A,A,H,-,C,D,0,NA,NA,NA,NA,Y,NA,A,01,0,0,1,0,0,0,0,0,0,-,-,33.98205,-118.24531,LOS ANGELES,UNINCORPORATED,-118.24532004,33.98203009
90380513,2017,2017-01-27,9530,2017-01-20,1830,021290,NA,5,2,9,1900,0,3,5,NA,2,006,223RD ST. (700 BLOCK),I-110,80,W,N,B,-,N,NA,NA,NA,NA,NA,NA,NA,NA,NA,N,4,0,2,3,A,-,03,22350,NA,N,C,C,A,A,H,-,C,D,0,NA,NA,NA,NA,Y,NA,A,08,0,0,2,0,0,0,0,0,0,-,-,33.82442,-118.28836,LOS ANGELES,UNINCORPORATED,-118.28774289,33.82445
90380514,2017,2017-01-27,9590,2017-01-19,0500,021291,NA,4,3,7,1942,0,1,3,NA,2,031,SR-60 W/B (POMONA FREEWAY),LORENA ST,200,E,N,C,-,Y,NA,NA,60,NA,NA,NA,NA,NA,W,N,4,0,1,1,A,-,08,22107,NA,N,F,C,A,B,H,-,C,D,0,NA,NA,NA,NA,Y,NA,A,07,0,0,1,0,0,0,0,0,0,-,-,34.02995,-118.19827,LOS ANGELES,LOS ANGELES,-118.19825842,34.02990331
90380531,2017,2017-02-28,9580,2017-01-20,0715,016413,NA,5,1,7,1942,0,1,1,NA,2,404,I-405 N/B (SAN DIEGO FWY),VENTURA BLVD,528,S,N,B,C,Y,NA,NA,405,NA,NA,NA,NA,NA,N,Y,4,0,4,4,A,-,03,22350,NA,N,B,C,A,B,H,-,A,D,0,NA,NA,NA,NA,Y,NA,A,01,0,0,4,0,0,0,0,0,0,-,-,34.1519,-118.4679,LOS ANGELES,LOS ANGELES,-118.46794274,34.1519049
90380539,2017,2017-01-27,9580,2017-01-20,1140,019483,NA,5,1,7,1942,0,1,2,NA,2,107,US-101 S/B (VENTURA FREEWAY),LIBERTY CANYON RD,400,S,N,B,C,Y,NA,NA,NA,NA,NA,NA,NA,NA,NA,N,4,0,1,1,A,-,03,22350,NA,N,E,I,A,B,H,-,A,D,0,NA,NA,NA,NA,Y,NA,A,01,0,0,1,0,0,0,0,0,0,-,-,34.13847,-118.72171,LOS ANGELES,LOS ANGELES,NA,NA
90380549,2017,2017-02-13,9580,2017-01-20,0948,018448,NA,5,1,7,1942,0,1,1,NA,2,404,I-405 N/B (SAN DIEGO FWY),VENTURA BLVD,200,S,N,C,-,Y,NA,NA,NA,NA,NA,NA,NA,NA,NA,Y,4,0,1,1,A,-,03,22350,NA,N,E,I,A,B,H,-,A,D,0,NA,NA,NA,NA,Y,NA,A,01,0,0,1,0,0,0,0,0,0,-,-,34.17243,-118.46585,LOS ANGELES,LOS ANGELES,-118.46788335,34.15355347
90380551,2017,2017-01-27,9580,2017-01-22,2240,020876,NA,7,3,7,1942,0,1,2,NA,2,105,US-101 S/B (VENTURA FREEWAY),BURBANK BLVD,200,N,N,B,C,Y,NA,NA,101,NA,NA,NA,NA,NA,S,N,4,0,2,2,A,-,08,22107,NA,N,B,C,A,B,H,-,D,D,0,NA,NA,NA,NA,Y,NA,A,01,0,0,2,0,0,0,0,0,0,-,-,34.17225,-118.53309,LOS ANGELES,LOS ANGELES,-118.53307184,34.17229299
90380555,2017,2017-01-27,9580,2017-01-21,1815,020788,NA,6,2,7,1942,0,1,2,NA,2,102,US-101 N/B (VENTURA FREEWAY),HAYVENHURST AVE,500,S,N,A,-,Y,NA,NA,101,NA,NA,NA,NA,NA,N,Y,4,0,2,2,A,-,03,22350,NA,N,C,C,A,A,H,-,C,D,0,NA,NA,NA,NA,Y,NA,A,01,0,0,2,0,0,0,0,0,0,-,-,34.16531,-118.48934,LOS ANGELES,LOS ANGELES,-118.48933989,34.16530189
90380557,2017,2017-01-27,9580,2017-01-22,1230,020983,NA,7,1,7,1942,0,1,3,NA,2,117,SR-118 W/B (RONALD REAGAN FWY.),PORTER RANCH DRIVE,400,E,N,C,-,Y,NA,NA,118,NA,NA,NA,NA,NA,W,Y,4,0,1,2,A,-,08,22107,NA,N,B,C,A,B,H,-,A,D,0,NA,NA,NA,NA,Y,NA,A,01,0,0,1,0,0,0,0,0,0,-,-,34.27308,-118.56313,LOS ANGELES,LOS ANGELES,-118.56312203,34.27316539
90380559,2017,2017-01-27,9580,2017-01-22,1540,020983,NA,7,2,7,1942,0,1,3,NA,2,117,SR-118 W/B (RONALD REAGAN FWY.),BALBOA BLVD,100,E,N,C,-,Y,NA,NA,118,NA,NA,NA,NA,NA,W,Y,4,0,1,2,A,-,08,22107,NA,N,B,C,A,B,H,-,A,D,0,NA,NA,NA,NA,Y,NA,A,01,0,0,1,0,0,0,0,0,0,-,-,34.27718,-118.49704,LOS ANGELES,LOS ANGELES,-118.49704554,34.27716658
90380565,2017,2017-01-27,9580,2017-01-22,0950,20003,NA,7,1,7,1942,0,1,1,NA,2,404,I-405 N/B (SAN DIEGO FWY),VENTURA BLVD,200,N,N,B,C,Y,NA,NA,405,NA,NA,NA,NA,NA,N,N,4,0,1,2,A,-,08,22107,NA,N,B,C,A,A,H,-,A,D,0,NA,NA,NA,NA,Y,NA,D,22,0,0,1,0,0,0,0,0,0,-,-,34.15651,-118.46863,LOS ANGELES,LOS ANGELES,-118.46871973,34.15647758
90380569,2017,2017-01-27,9580,2017-01-23,1945,020788,NA,1,2,7,1942,0,1,2,NA,2,100,US-101 N/B (VENTURA FREEWAY),COLD WATER CANYON AVENUE,350,S,N,A,-,Y,NA,NA,101,NA,NA,NA,NA,NA,N,Y,4,0,1,2,A,-,07,21658,A,N,B,C,A,A,H,-,C,D,0,NA,NA,NA,NA,Y,NA,A,01,0,0,1,0,0,0,0,0,0,-,-,34.15682,-118.4124,LOS ANGELES,LOS ANGELES,-118.41239997,34.1568262
90380575,2017,2017-01-27,9580,2017-01-23,1340,020788,NA,1,1,7,1942,0,1,2,NA,2,100,US-101 N/B TO CAMPO DE CAHUENGA,CAMPO DE CAHUENGA,50,S,N,B,-,Y,NA,NA,101,NA,NA,NA,R,NA,N,N,4,0,1,2,A,-,03,22350,NA,N,C,C,A,A,H,-,A,D,0,NA,NA,NA,NA,Y,NA,A,01,0,0,1,0,0,0,0,0,0,-,-,34.13973,-118.36508,LOS ANGELES,LOS ANGELES,-118.36508,34.13973
90380576,2017,2017-01-27,9580,2017-01-23,2030,019715,NA,1,2,7,1942,0,1,1,NA,2,406,I-405 N/B (SAN DIEGO FWY),SATICOY ST,300,N,N,A,-,Y,NA,NA,405,NA,NA,NA,NA,NA,N,Y,4,0,2,2,A,-,03,22350,NA,N,C,C,A,A,H,-,D,D,0,NA,NA,NA,NA,Y,NA,A,07,0,0,2,0,0,0,0,0,0,-,-,34.2119,-118.4731,LOS ANGELES,LOS ANGELES,-118.47318104,34.21190079
90380598,2017,2017-01-27,9550,2017-01-21,2100,021054,NA,6,2,6,1949,0,1,3,NA,2,092,SR-91 W/B FROM BLOOMFIELD AVE S/B,STATE ROUTE 91 (ARTESIA FREEWAY),345,N,N,A,-,Y,NA,NA,NA,NA,NA,NA,NA,NA,NA,N,4,0,3,2,A,-,03,22350,NA,F,C,C,A,A,H,-,C,D,0,NA,NA,NA,NA,Y,NA,-,99,0,0,3,0,0,0,0,0,0,-,-,33.87662,-118.06486,LOS ANGELES,NORWALK,-118.29093,33.87287
90380607,2017,2017-01-27,9580,2017-01-17,1330,019544,NA,2,1,7,1942,0,1,2,NA,2,104,US-101 N/B (VENTURA FREEWAY),RESEDA BLVD,2640,N,N,A,-,Y,NA,NA,101,NA,NA,NA,NA,NA,N,N,4,0,1,2,A,-,03,22350,NA,N,C,C,A,A,H,-,A,D,0,NA,NA,NA,NA,Y,NA,A,07,0,0,1,0,0,0,0,0,0,-,-,34.17343,-118.54516,LOS ANGELES,LOS ANGELES,-118.5451585,34.17352135
90380621,2017,2017-01-27,9530,2017-01-27,1230,020315,NA,5,1,9,1900,0,1,1,NA,2,120,I-110 N/B (HARBOR FREEWAY),TORRANCE BOULEVARD,875,N,N,A,-,Y,NA,NA,NA,NA,NA,NA,NA,NA,NA,Y,4,0,1,2,A,-,03,22350,NA,N,C,C,A,A,H,-,A,D,0,NA,NA,NA,NA,Y,NA,A,01,0,0,1,0,0,0,0,0,0,-,-,33.50422,-118.17648,LOS ANGELES,UNINCORPORATED,-118.28540111,33.8444106
90380639,2017,2017-01-27,9575,2017-01-20,0945,020620,NA,5,1,6,1912,0,1,1,NA,2,051,I-5 N/B (GOLDEN STATE FREEWAY),COHASSET ST.,210,S,N,B,C,Y,NA,NA,5,NA,NA,NA,NA,NA,N,Y,4,0,1,1,A,-,03,22350,NA,N,E,I,A,B,H,-,A,D,0,NA,NA,NA,NA,Y,NA,D,22,0,0,1,0,0,0,0,0,0,-,-,34.20547,-118.34223,LOS ANGELES,BURBANK,-118.3422706,34.20544231
90380655,2017,2017-01-27,9550,2017-01-27,0915,018408,NA,5,1,9,1900,0,1,3,NA,2,600,SR-60 W/B,7TH AVENUE,1000,E,N,A,-,Y,NA,NA,60,NA,NA,NA,NA,NA,W,Y,4,0,1,2,A,-,03,22350,NA,N,C,C,A,A,H,-,A,D,0,NA,NA,NA,NA,Y,NA,A,01,0,0,1,0,0,0,0,0,0,-,-,34.0163,-117.9849,LOS ANGELES,UNINCORPORATED,-117.984936,34.01626558
90380667,2017,2017-01-27,9575,2017-01-20,1005,020846,NA,5,1,6,1925,0,1,3,NA,2,042,SR-134 E/B (VENTURA FREEWAY),VERDUGO RD.,10,W,N,C,-,Y,NA,NA,134,NA,NA,NA,NA,NA,E,Y,4,0,1,2,A,-,03,22350,NA,N,B,C,A,B,H,-,A,D,0,NA,NA,NA,NA,Y,NA,A,01,0,0,1,0,0,0,0,0,0,-,-,34.1522,-118.23654,LOS ANGELES,GLENDALE,-118.23654088,34.15219878
9038068,2019,2020-01-30,1905,2019-12-22,1445,1175,NA,7,5,4,1905,0,0,0,NA,0,NA,CERRITOS AV,1ST ST,0,NA,Y,A,-,N,NA,NA,NA,NA,NA,NA,NA,NA,NA,N,4,0,2,2,A,-,12,21453,A,N,D,C,A,A,H,-,A,A,0,NA,NA,NA,NA,Y,NA,A,01,0,0,2,0,0,0,0,0,0,-,-,34.121578216552734,-117.8993911743164,LOS ANGELES,AZUSA,-117.8993911743164,34.121559143066406
90380683,2017,2017-01-30,9535,2017-01-15,0250,021515,NA,7,3,5,1915,0,1,1,NA,2,074,I-710 (LONG BEACH FREEWAY) N/B,ALONDRA BLVD,650,S,N,A,-,Y,NA,NA,710,NA,NA,NA,NA,NA,N,N,4,0,2,2,A,-,07,21658,A,N,B,C,A,A,H,-,E,D,0,NA,NA,NA,NA,Y,NA,-,-,0,0,2,0,0,0,0,0,0,-,-,33.8862,-118.1898,LOS ANGELES,COMPTON,-118.18987635,33.8862372
90380686,2017,2017-01-30,9550,2017-01-26,1825,018271,NA,4,2,3,1964,0,1,1,NA,2,650,INTERSTATE 605 (SAN GABRIEL RIVER FREEW,TELEGRAPH ROAD,150,S,N,A,-,Y,NA,NA,605,NA,NA,NA,NA,NA,NA,N,4,0,2,3,A,-,03,22350,NA,N,C,C,A,A,H,-,C,D,0,NA,NA,NA,NA,Y,NA,J,48,0,0,2,0,0,0,0,0,0,-,-,33.94562,-118.09422000000001,LOS ANGELES,SANTA FE SPRINGS,-118.09419429,33.94560591
90380702,2017,2017-01-30,9580,2017-01-17,1306,019952,NA,2,1,7,1942,0,1,2,NA,2,104,US-101 N/B (VENTURA FREEWAY),DESOTO AVE,100,N,N,A,-,Y,NA,NA,101,NA,NA,NA,NA,NA,N,Y,3,0,1,3,A,-,07,21658,A,N,B,C,A,A,H,-,A,D,0,NA,NA,Y,NA,Y,NA,A,01,0,1,0,0,0,0,0,0,1,-,-,34.16812,-118.58829,LOS ANGELES,LOS ANGELES,-118.58828613,34.16815432
90380754,2017,2017-01-30,9575,2017-01-20,1050,020620,NA,5,1,3,1991,0,1,3,NA,2,090,SR-2 W/B (GLENDALE FREEWAY),VERDUGO BLVD.,320,S,N,B,C,Y,NA,NA,NA,NA,NA,NA,NA,NA,NA,Y,3,0,2,2,A,-,03,22350,NA,N,E,I,A,B,H,-,A,D,0,NA,NA,NA,NA,Y,NA,A,01,0,1,1,0,0,0,0,0,0,-,-,34.20152,-118.21921,LOS ANGELES,LA CANADA-FLINTRIDGE,-118.21896435,34.20446102
90380774,2017,2017-01-30,9575,2017-01-21,1505,020846,NA,6,2,7,1942,0,1,3,NA,2,044,SR-134 W/B (VENTURA FREEWAY),CAHUENGA BLVD.,750,E,N,A,-,Y,NA,NA,134,NA,NA,NA,NA,NA,W,N,4,0,2,3,A,-,03,22350,NA,N,C,C,A,A,H,-,A,D,0,NA,NA,NA,NA,Y,NA,A,01,0,0,2,0,0,0,0,0,0,-,-,34.15309,-118.35492,LOS ANGELES,LOS ANGELES,-118.35491966,34.15307374
90380800,2017,2017-01-30,9575,2017-01-22,1730,021006,NA,7,2,6,1925,0,1,3,NA,2,042,SR-134 W/B (VENTURA FREEWAY),GLENDALE AVE.,200,E,N,B,C,Y,NA,NA,134,NA,NA,NA,NA,NA,W,Y,4,0,2,1,A,-,03,22350,NA,N,E,I,A,B,H,-,C,D,0,NA,NA,NA,NA,Y,NA,A,01,0,0,2,0,0,0,0,0,0,-,-,34.15349,-118.23812,LOS ANGELES,GLENDALE,-118.23805639,34.15357698
90380811,2017,2017-01-30,9575,2017-01-22,1600,021213,NA,7,2,9,1900,0,1,1,NA,2,062,I-210 E/B (FOOTHILL FREEWAY),OCEAN VIEW BLVD.,30,E,N,C,-,Y,NA,NA,210,NA,NA,NA,NA,NA,E,Y,4,0,1,1,A,-,03,22350,NA,N,E,I,A,B,H,-,A,D,0,NA,NA,NA,NA,Y,NA,A,01,0,0,1,0,0,0,0,0,0,-,-,34.21164,-118.22807,LOS ANGELES,UNINCORPORATED,-118.22805258,34.21168318