CASE_ID,ACCIDENT_YEAR,PROC_DATE,JURIS,COLLISION_DATE,COLLISION_TIME,OFFICER_ID,REPORTING_DISTRICT,DAY_OF_WEEK,CHP_SHIFT,POPULATION,CNTY_CITY_LOC,SPECIAL_COND,BEAT_TYPE,CHP_BEAT_TYPE,CITY_DIVISION_LAPD,CHP_BEAT_CLASS,BEAT_NUMBER,PRIMARY_RD,SECONDARY_RD,DISTANCE,DIRECTION,INTERSECTION,WEATHER_1,WEATHER_2,STATE_HWY_IND,CALTRANS_COUNTY,CALTRANS_DISTRICT,STATE_ROUTE,ROUTE_SUFFIX,POSTMILE_PREFIX,POSTMILE,LOCATION_TYPE,RAMP_INTERSECTION,SIDE_OF_HWY,TOW_AWAY,COLLISION_SEVERITY,NUMBER_KILLED,NUMBER_INJURED,PARTY_COUNT,PRIMARY_COLL_FACTOR,PCF_CODE_OF_VIOL,PCF_VIOL_CATEGORY,PCF_VIOLATION,PCF_VIOL_SUBSECTION,HIT_AND_RUN,TYPE_OF_COLLISION,MVIW,PED_ACTION,ROAD_SURFACE,ROAD_COND_1,ROAD_COND_2,LIGHTING,CONTROL_DEVICE,CHP_ROAD_TYPE,PEDESTRIAN_ACCIDENT,BICYCLE_ACCIDENT,MOTORCYCLE_ACCIDENT,TRUCK_ACCIDENT,NOT_PRIVATE_PROPERTY,ALCOHOL_INVOLVED,STWD_VEHTYPE_AT_FAULT,CHP_VEHTYPE_AT_FAULT,COUNT_SEVERE_INJ,COUNT_VISIBLE_INJ,COUNT_COMPLAINT_PAIN,COUNT_PED_KILLED,COUNT_PED_INJURED,COUNT_BICYCLIST_KILLED,COUNT_BICYCLIST_INJURED,COUNT_MC_KILLED,COUNT_MC_INJURED,PRIMARY_RAMP,SECONDARY_RAMP,LATITUDE,LONGITUDE,COUNTY,CITY,POINT_X,POINT_Y
90384469,2017,2017-02-02,9590,2017-01-30,0128,019110,NA,1,3,7,1942,0,1,1,NA,2,053,I-110 S/B (HARBOR FREEWAY),7TH STREET,50,S,N,A,-,Y,NA,NA,110,NA,NA,NA,NA,NA,S,N,4,0,1,2,A,-,07,21658,A,N,B,C,A,A,H,-,C,D,0,NA,NA,NA,NA,Y,NA,A,01,0,0,1,0,0,0,0,0,0,-,-,34.05004,-118.26369,LOS ANGELES,LOS ANGELES,-118.2635865,34.04986485
90384473,2017,2017-02-02,9590,2017-01-28,2005,019110,NA,6,2,7,1942,0,1,1,NA,2,051,I-110 S/B (HARBOR FREEWAY),59TH PLACE,100,S,N,A,-,Y,NA,NA,110,NA,NA,NA,NA,NA,S,N,3,0,1,4,A,-,03,22350,NA,M,C,C,A,A,H,-,C,D,0,NA,NA,NA,NA,Y,NA,A,01,0,1,0,0,0,0,0,0,0,-,-,33.98559,-118.28069,LOS ANGELES,LOS ANGELES,-118.2806237,33.98559023
90384543,2017,2017-02-02,9545,2017-02-01,1550,016124,NA,3,2,9,1900,0,3,5,NA,2,004,BARREL SPRINGS RD,47TH ST EAST,0,NA,Y,A,-,N,NA,NA,NA,NA,NA,NA,NA,NA,NA,Y,4,0,3,2,A,-,09,21802,A,N,D,C,A,A,H,-,A,A,0,NA,NA,NA,NA,Y,NA,A,01,0,0,3,0,0,0,0,0,0,-,-,34.52194,-118.04524,LOS ANGELES,UNINCORPORATED,-118.04520013,34.52182001
90384552,2017,2017-02-02,9550,2017-02-01,1615,018271,NA,3,2,9,1900,0,1,1,NA,2,650,I-605 N/B,WHITTIER BOULEVARD,500,N,N,A,-,Y,NA,NA,605,NA,NA,NA,NA,NA,N,N,4,0,1,2,A,-,03,22350,NA,N,C,C,A,A,H,-,A,D,0,NA,NA,NA,NA,Y,NA,A,01,0,0,1,0,0,0,0,0,0,-,-,33.99763,-118.06802,LOS ANGELES,UNINCORPORATED,-118.0681142,33.997652360000004
90384566,2017,2017-02-02,9575,2017-01-25,1910,020492,NA,3,2,6,1925,0,1,3,NA,2,042,SR-134 W/B (VENTURA FREEWAY),CONCORD ST,50,E,N,A,-,Y,NA,NA,134,NA,NA,NA,NA,NA,W,Y,4,0,1,4,A,-,03,22350,NA,N,C,C,A,A,H,-,C,D,0,NA,NA,NA,NA,Y,NA,A,01,0,0,1,0,0,0,0,0,0,-,-,34.15532,-118.26921,LOS ANGELES,GLENDALE,-118.26922084,34.15536152
90384583,2017,2017-02-02,9580,2017-01-31,1130,016413,NA,2,1,7,1942,0,1,1,NA,2,407,I-405 S/B (SAN DIEGO FWY),NORDHOFF ST,1056,N,N,A,-,Y,NA,NA,405,NA,NA,NA,NA,NA,S,Y,4,0,2,4,A,-,03,22350,NA,N,C,C,A,A,H,-,A,D,0,NA,NA,NA,NA,Y,NA,A,01,0,0,2,0,0,0,0,0,0,-,-,34.24732,-118.47285,LOS ANGELES,LOS ANGELES,-118.47275236,34.24729784
90384595,2017,2017-02-02,9580,2017-01-31,1900,019544,NA,2,2,3,1994,0,1,2,NA,2,107,US-101 S/B (VENTURA FREEWAY),LOST HILLS RD,528,N,N,A,-,Y,NA,NA,NA,NA,NA,NA,NA,NA,NA,N,4,0,1,2,A,-,07,21658,A,N,B,C,A,A,H,-,D,D,0,NA,NA,NA,NA,Y,NA,A,01,0,0,1,0,0,0,0,0,0,-,-,34.1382,-118.7182,LOS ANGELES,AGOURA HILLS,-118.70798994,34.14138765
90384626,2017,2017-02-02,9580,2017-01-27,0800,20003,NA,5,1,7,1942,0,1,1,NA,2,405,I-405 S/B (SAN DIEGO FWY),BURBANK BLVD,1500,N,N,A,-,Y,NA,NA,405,NA,NA,NA,NA,NA,S,N,4,0,1,3,A,-,03,22350,NA,N,C,C,A,A,H,-,A,D,0,NA,NA,NA,NA,Y,NA,A,07,0,0,1,0,0,0,0,0,0,-,-,34.1791,-118.46968,LOS ANGELES,LOS ANGELES,-118.46969542,34.17908863
90384695,2017,2017-02-02,9530,2017-01-26,1325,021541,NA,4,1,9,1900,0,3,5,NA,2,003,COMPTON BLVD. (4200 BLOCK),BUTLER AVE.,61,E,N,A,-,N,NA,NA,NA,NA,NA,NA,NA,NA,NA,N,4,0,2,2,A,-,03,22350,NA,N,C,C,A,A,H,-,A,D,0,NA,NA,NA,NA,Y,NA,A,01,0,0,2,0,0,0,0,0,0,-,-,33.8961,-118.1972,LOS ANGELES,UNINCORPORATED,-118.1976194,33.89612
90384722,2017,2017-02-02,9545,2017-01-25,0630,016936,NA,3,1,9,1900,0,3,5,NA,2,002,AVENUE N,20TH STREET WEST,330,E,N,A,-,N,NA,NA,NA,NA,NA,NA,NA,NA,NA,Y,2,0,1,2,A,-,03,22350,NA,N,D,C,A,C,G,-,B,D,0,NA,NA,NA,NA,Y,NA,D,22,1,0,0,0,0,0,0,0,0,-,-,34.63105,-118.16443,LOS ANGELES,UNINCORPORATED,-118.1641453,34.63114336
90384730,2017,2017-02-02,9525,2017-01-29,0530,019264,NA,7,3,9,1900,0,3,5,NA,2,003,WING LN (16800),GLENHOPE DR.,272,E,N,A,-,N,NA,NA,NA,NA,NA,NA,NA,NA,NA,Y,4,0,1,2,A,-,08,22107,NA,N,B,E,A,A,H,-,C,D,0,NA,NA,NA,NA,Y,Y,A,01,0,0,1,0,0,0,0,0,0,-,-,34.02836,-117.92422,LOS ANGELES,UNINCORPORATED,-117.92432714,34.02834732
90384745,2017,2017-02-02,9590,2017-01-03,2119,021236,NA,2,2,7,1942,0,1,1,NA,2,011,SR-110 S/B (ARROYO SECO PARKWAY),PARK ROW DR,500,N,N,A,-,Y,NA,NA,110,NA,NA,NA,NA,NA,S,Y,3,0,2,3,A,-,03,22350,NA,N,C,C,E,A,H,-,C,D,0,Y,NA,NA,NA,Y,NA,A,01,0,1,1,0,1,0,0,0,0,-,-,34.07716,-118.2302,LOS ANGELES,LOS ANGELES,-118.2302345,34.07720205
90384747,2017,2017-02-02,9530,2017-01-25,1530,018270,NA,3,2,7,1942,1,4,S,NA,2,901,92ND ST. (100 BLOCK),MAIN ST.,300,E,N,A,-,N,NA,NA,NA,NA,NA,NA,NA,NA,NA,N,4,0,1,1,C,-,18,NA,NA,N,H,A,A,A,H,-,A,D,0,NA,NA,NA,NA,Y,NA,-,-,0,0,1,0,0,0,0,0,0,-,-,33.95284,-118.27282,LOS ANGELES,LOS ANGELES,-118.27389,33.95283
90384770,2017,2017-02-02,9525,2017-01-30,1520,019379,NA,1,2,5,1990,0,1,3,NA,2,603,SR-60 W/B (POF) TO SR-57 S/B (ORF),GRAND AVE,5280,W,N,A,-,Y,NA,NA,60,NA,NA,NA,R,NA,W,N,4,0,1,2,A,-,07,21658,A,N,B,C,A,A,H,-,A,D,0,NA,NA,NA,NA,Y,NA,D,22,0,0,1,0,0,0,0,0,0,-,-,34.00288,-117.83269,LOS ANGELES,DIAMOND BAR,-117.83269,34.00288
90384772,2017,2017-02-02,9530,2017-01-25,1115,019412,NA,3,1,9,1900,0,3,5,NA,2,002,142ND ST. (1300 BLOCK),PARMELEE AVE.,10,W,N,A,-,Y,NA,NA,NA,NA,NA,NA,NA,NA,NA,N,4,0,1,2,A,-,06,21750,NA,F,B,C,A,A,H,-,C,D,0,NA,Y,NA,NA,Y,NA,-,99,0,0,1,0,0,0,1,0,0,-,-,33.54122,-118.15453,LOS ANGELES,UNINCORPORATED,-118.25117286,33.90337885
90384775,2017,2017-02-02,9530,2017-01-25,0720,021541,NA,3,1,5,1977,0,1,3,NA,2,310,SR-91 W/B (ARTESIA FREEWAY),CENTRAL AVE.,250,W,N,A,-,Y,NA,NA,91,NA,NA,NA,NA,NA,W,Y,4,0,3,4,A,-,03,22350,NA,N,C,C,A,A,H,-,A,D,0,NA,NA,NA,NA,Y,NA,D,22,0,0,3,0,0,0,0,0,0,-,-,33.8735,-118.2496,LOS ANGELES,CARSON,-118.24959517,33.8735714
90384792,2017,2017-02-02,9525,2017-01-27,0915,016677,NA,5,1,5,1990,0,1,3,NA,2,603,SR-60 W/B (POMONA FWY),DIAMOND BAR BLVD,3600,E,N,A,-,Y,NA,NA,60,NA,NA,NA,NA,NA,W,Y,4,0,1,2,A,-,03,22350,NA,N,C,C,A,A,H,-,A,D,0,NA,NA,NA,NA,Y,NA,D,22,0,0,1,0,0,0,0,0,0,-,-,34.02736,-117.80076,LOS ANGELES,DIAMOND BAR,-117.80075199,34.02732879
90384796,2017,2017-02-02,9580,2017-01-24,1610,019544,NA,2,2,9,1900,0,3,5,NA,1,020,TUNA CANYON RD,SR-1 N/B (PACIFIC COAST HWY.),4224,N,N,A,-,Y,NA,NA,NA,NA,NA,NA,NA,NA,NA,Y,4,0,2,1,A,-,08,22107,NA,N,F,D,A,A,H,-,A,D,0,NA,NA,NA,NA,Y,NA,A,01,0,0,2,0,0,0,0,0,0,-,-,34.0459,-118.59089,LOS ANGELES,UNINCORPORATED,NA,NA
90384797,2017,2017-02-02,9580,2017-01-23,1810,018322,NA,1,2,7,1942,0,1,3,NA,2,116,SR-118 E/B (RONALD REAGAN FWY.),TAMPA AVE,1584,E,N,B,-,Y,NA,NA,118,NA,NA,NA,NA,NA,E,Y,2,0,3,5,A,-,03,22350,NA,N,B,C,A,A,H,-,B,D,0,NA,NA,NA,NA,Y,NA,A,01,1,0,2,0,0,0,0,0,0,-,-,34.27333,-118.549,LOS ANGELES,LOS ANGELES,-118.54902715,34.27342334
90384808,2017,2017-02-02,9525,2017-01-31,0510,016677,NA,2,3,5,1990,0,1,3,NA,2,571,SR-57 S/B (ORANGE FWY),SUNSET CROSSING RD,2000,N,N,A,-,Y,NA,NA,57,NA,NA,NA,NA,NA,S,N,4,0,1,2,A,-,03,22350,NA,N,C,C,A,A,H,-,C,D,0,NA,NA,NA,NA,Y,NA,A,01,0,0,1,0,0,0,0,0,0,-,-,34.03376,-117.80839,LOS ANGELES,DIAMOND BAR,-117.80845449,34.03380376
90384827,2017,2017-02-02,9535,2017-02-02,0645,014987,NA,4,1,3,1914,0,1,1,NA,2,072,I-710 (LONG BEACH FREEWAY) N/B,I-5,500,S,N,A,-,Y,NA,NA,710,NA,NA,NA,NA,NA,N,N,4,0,1,3,A,-,03,22350,NA,M,C,C,A,A,H,-,A,D,0,NA,NA,NA,NA,Y,NA,-,99,0,0,1,0,0,0,0,0,0,-,-,34.0161,-118.1721,LOS ANGELES,COMMERCE,-118.17241563,34.01598376
90384863,2017,2017-02-02,9525,2017-02-01,0640,016109,NA,3,1,1,1932,0,1,3,NA,2,601,STATE ROUTE 60 W/B (POMONA FREEWAY),FAIRWAY DRIVE,300,E,N,A,-,Y,NA,NA,NA,NA,NA,NA,NA,NA,NA,N,4,0,1,2,A,-,07,21658,A,N,B,C,A,A,H,-,A,D,0,NA,NA,NA,Y,Y,NA,F,27,0,0,1,0,0,0,0,0,0,-,-,34.99668,-117.87095,LOS ANGELES,INDUSTRY,-117.86938836,33.99652605
90384929,2017,2017-02-02,9535,2017-01-30,1350,018687,NA,1,1,5,1969,0,1,1,NA,2,075,I-710 SB FROM IMPERIAL HWY EB,IMPERIAL HWY.,15,S,N,A,-,Y,NA,NA,710,NA,NA,NA,R,NA,S,N,3,0,1,2,A,-,09,21804,A,N,D,C,A,A,H,-,A,D,0,NA,Y,NA,NA,Y,NA,L,04,0,1,0,0,0,0,1,0,0,-,-,33.93087,-118.18034,LOS ANGELES,SOUTH GATE,-118.18034,33.93087
90384934,2017,2017-02-02,9525,2017-02-01,1333,020058,NA,3,1,1,1934,0,1,1,NA,2,204,I-210 E/B FROM IRWINDALE AVE.,IRWINDALE AVE,200,E,N,A,-,Y,NA,NA,210,NA,NA,NA,R,NA,E,N,4,0,1,2,A,-,03,22350,NA,N,C,C,A,A,H,-,A,A,0,NA,NA,NA,NA,Y,NA,A,01,0,0,1,0,0,0,0,0,0,-,-,34.13024,-117.93133,LOS ANGELES,IRWINDALE,-117.93133,34.13024
90384958,2017,2017-02-02,9575,2017-01-30,0840,020182,NA,1,1,7,1942,0,1,1,NA,2,061,I-210 E/B (FOOTHILL FREEWAY),LA TUNA CYN. RD.,900,W,N,A,-,Y,NA,NA,210,NA,NA,NA,NA,NA,E,N,4,0,1,2,A,-,03,22350,NA,N,C,C,A,A,H,-,A,D,0,NA,NA,NA,NA,Y,NA,A,01,0,0,1,0,0,0,0,0,0,-,-,34.23483,-118.29442,LOS ANGELES,LOS ANGELES,-118.29441328,34.23476374
90384972,2017,2018-12-19,9550,2017-02-01,0725,018412,NA,3,1,5,1919,0,1,1,NA,2,652,I-605 N/B,ALONDRA BOULEVARD,500,S,N,B,-,Y,NA,NA,605,NA,NA,NA,NA,NA,N,N,4,0,1,3,A,-,03,22350,NA,N,C,C,A,A,H,-,A,D,0,NA,NA,NA,NA,Y,NA,A,01,0,0,1,0,0,0,0,0,0,-,-,33.88357,-118.10406,LOS ANGELES,CERRITOS,-118.1040475,33.88357089
90384986,2016,2017-02-02,9525,2016-09-25,1835,020869,NA,7,2,9,1900,0,1,1,NA,2,106,I-10 E/B (SAN BERNARDINO FREEWAY),VIA VERDE AVENUE,3115,W,N,A,-,Y,NA,NA,10,NA,NA,NA,NA,NA,E,Y,1,1,1,2,A,-,03,22350,NA,N,C,C,A,A,D,E,B,D,0,NA,NA,NA,NA,Y,NA,A,01,0,1,0,0,0,0,0,0,0,-,-,34.06816,-117.85002,LOS ANGELES,UNINCORPORATED,-117.85001559,34.06826522
90385010,2017,2017-02-02,9535,2017-01-25,0815,016815,NA,3,1,5,1901,0,1,1,NA,2,111,I-10 (SAN BERNARDINO FWY) W/B HOT,WARWICK RD PEDESTRIAN O/C,870,E,N,A,-,Y,NA,NA,10,NA,NA,NA,NA,NA,W,Y,4,0,1,4,A,-,03,22350,NA,N,C,C,A,A,H,-,A,D,0,NA,NA,NA,NA,Y,NA,A,08,0,0,1,0,0,0,0,0,0,-,-,34.0662,-118.1555,LOS ANGELES,ALHAMBRA,-118.15553996,34.06627538
90385038,2017,2017-02-02,9550,2017-01-24,0320,021121,NA,2,3,3,1903,0,1,3,NA,2,091,SR-91 E/B,GRIDLEY RD.,650,W,N,A,-,Y,NA,NA,NA,NA,NA,NA,NA,NA,NA,Y,3,0,2,2,A,-,03,22350,NA,N,C,C,A,A,H,-,C,D,0,NA,NA,NA,NA,Y,NA,A,01,0,2,0,0,0,0,0,0,0,-,-,33.87627,-118.09411,LOS ANGELES,ARTESIA,-118.09366679,33.87630256
90385057,2017,2017-02-02,9550,2017-01-31,1340,020340,NA,2,1,9,1900,0,3,5,NA,2,001,MINES BOULEVARD,NORWALK BOULEVARD,100,E,N,A,-,N,NA,NA,NA,NA,NA,NA,NA,NA,NA,N,4,0,1,2,A,-,08,22107,NA,N,B,C,A,A,H,-,A,D,0,NA,NA,NA,NA,Y,NA,A,07,0,0,1,0,0,0,0,0,0,-,-,33.9822,-118.07086,LOS ANGELES,UNINCORPORATED,-118.07110783,33.98233378
90385059,2017,2017-02-02,9575,2017-01-31,0650,020030,NA,2,1,7,1942,0,1,1,NA,2,052,I-5 S/B (GOLDEN STATE FREEWAY),HOLLYWOOD WAY,500,N,N,A,-,Y,NA,NA,5,NA,NA,NA,NA,NA,S,N,4,0,1,2,A,-,03,22350,NA,N,C,C,A,A,H,-,A,D,0,NA,NA,NA,NA,Y,NA,A,07,0,0,1,0,0,0,0,0,0,-,-,34.2166,-118.3539,LOS ANGELES,LOS ANGELES,-118.3539345,34.21656263
90385068,2017,2017-02-02,9525,2017-02-01,1018,016679,NA,3,1,5,1990,0,1,3,NA,2,602,SR-60 E/B (POMONA FWY),GRAND AVE,240,W,N,A,-,Y,NA,NA,60,NA,NA,NA,NA,NA,E,Y,3,0,1,2,C,-,18,NA,NA,N,C,C,A,A,H,-,A,D,0,NA,NA,NA,NA,Y,NA,-,-,0,1,0,0,0,0,0,0,0,-,-,34.0096,-117.8238,LOS ANGELES,DIAMOND BAR,-117.82376138,34.00956017
9038508,2020,2020-03-19,1942,2020-01-22,1800,33791,1655,3,5,7,1942,0,0,0,P,0,16A37,MCBROOM ST,CLYBOURN AV,381,E,N,A,-,N,NA,NA,NA,NA,NA,NA,NA,NA,NA,N,2,0,1,2,A,-,03,22350,NA,F,G,B,E,A,H,-,D,D,0,Y,NA,NA,NA,Y,NA,-,99,1,0,0,0,1,0,0,0,0,-,-,NA,NA,LOS ANGELES,LOS ANGELES,-118.3704071044922,34.260536193847656
90385090,2017,2017-02-02,9525,2017-01-13,1510,021417,NA,5,2,9,1900,1,3,5,NA,2,004,MERCED AVE (1300 BLOCK),SUNSET AVE,20,S,N,A,-,N,NA,NA,NA,NA,NA,NA,NA,NA,NA,N,3,0,1,1,C,-,18,NA,NA,N,H,A,A,A,H,-,A,D,0,NA,NA,NA,NA,Y,NA,-,-,0,1,0,0,0,0,0,0,0,-,-,34.06121,-117.94596,LOS ANGELES,UNINCORPORATED,-117.94607001,34.06128429
90385095,2017,2017-02-02,9535,2017-01-12,1242,013421,NA,4,1,5,1947,0,1,A,NA,2,711,424 N. WILCOX AVENUE,BEVERLY BLVD,438,S,N,B,C,N,NA,NA,NA,NA,NA,NA,NA,NA,NA,N,4,0,1,2,B,-,22,NA,NA,N,G,B,D,B,H,-,A,A,0,Y,NA,NA,NA,Y,NA,A,07,0,0,1,0,1,0,0,0,0,-,-,34.01945,-118.12277,LOS ANGELES,MONTEBELLO,-118.12325443,34.01956015
90385098,2017,2017-02-02,9535,2017-01-26,0210,021305,NA,4,3,4,1907,0,1,1,NA,2,072,I-710 N/B (LONG BEACH FREEWAY),ATLANTIC BLVD.,2000,S,N,A,-,Y,NA,NA,NA,NA,NA,NA,NA,NA,NA,N,3,0,1,2,A,-,03,22350,NA,N,C,C,A,A,H,-,C,A,0,NA,NA,NA,NA,Y,NA,-,-,0,1,0,0,0,0,0,0,0,-,-,33.98513,-118.1676,LOS ANGELES,BELL,-118.17524984,33.99253843
90385104,2017,2017-02-02,9525,2017-01-24,0920,012820,NA,2,1,5,1926,0,1,1,NA,2,205,I-210 W/B (FOOTHILL FWY),GRAND AVE,200,E,N,A,-,Y,NA,NA,210,NA,NA,NA,NA,NA,W,Y,4,0,1,3,A,-,07,21658,A,N,C,C,A,A,H,-,A,D,0,NA,NA,NA,NA,Y,NA,A,01,0,0,1,0,0,0,0,0,0,-,-,34.12077,-117.87432,LOS ANGELES,GLENDORA,-117.8743162,34.12082726
90385114,2017,2017-02-02,9590,2017-01-27,1650,021111,NA,5,2,7,1942,0,1,1,NA,2,081,I-5 S/B (GOLDEN STATE FREEWAY),FOURTH STREET,250,S,N,A,-,Y,NA,NA,5,NA,NA,NA,NA,NA,S,Y,4,0,1,3,A,-,07,21658,A,N,B,C,A,A,H,-,B,D,0,NA,NA,Y,NA,Y,NA,C,02,0,0,1,0,0,0,0,0,1,-,-,34.04204,-118.21791,LOS ANGELES,LOS ANGELES,-118.21790891,34.04203927
90385119,2017,2017-02-02,9525,2017-01-28,1810,021138,NA,6,2,6,1955,0,1,3,NA,2,605,SR-60 W/B (POMONA FWY),GAREY AVE,2100,W,N,A,-,Y,NA,NA,60,NA,NA,NA,NA,NA,W,Y,4,0,2,3,A,-,03,22350,NA,N,C,C,A,A,H,-,D,D,0,NA,NA,NA,NA,Y,NA,D,22,0,0,2,0,0,0,0,0,0,-,-,34.02337,-117.74808,LOS ANGELES,POMONA,-117.74808411,34.023401
9038512,2020,2020-03-18,1942,2020-01-24,1155,37613,1522,5,5,7,1942,0,0,0,O,0,15A21,VANOWEN ST,ETHEL AV,3,W,N,A,-,N,NA,NA,NA,NA,NA,NA,NA,NA,NA,Y,4,0,4,2,A,-,03,22350,NA,F,C,C,A,A,H,-,A,A,0,NA,NA,NA,NA,Y,NA,A,01,0,0,4,0,0,0,0,0,0,-,-,NA,NA,LOS ANGELES,LOS ANGELES,-118.41813659667967,34.19395065307617
90385141,2017,2017-02-02,9565,2017-02-02,0240,020958,NA,4,3,9,1900,0,1,1,NA,2,010,I-105 EASTBOUND (CENTURY FREEWAY),HAWTHORNE BOULEVARD,300,W,N,A,-,Y,NA,NA,105,NA,NA,NA,NA,NA,E,Y,4,0,1,2,A,-,08,22107,NA,N,B,C,A,A,H,-,C,D,0,NA,NA,NA,NA,Y,NA,-,-,0,0,1,0,0,0,0,0,0,-,-,33.93338,-118.35425,LOS ANGELES,UNINCORPORATED,-118.3542513,33.93346471
90385148,2017,2017-02-02,9565,2017-01-31,0750,020113,NA,2,1,9,1900,0,1,1,NA,2,060,I-405 N/B TO MANCHESTER BLVD,MANCHESTER BLVD,450,S,N,A,-,Y,NA,NA,NA,NA,NA,NA,NA,NA,NA,N,4,0,1,3,A,-,03,22350,NA,M,C,C,A,A,H,-,A,D,0,NA,NA,NA,NA,Y,NA,-,99,0,0,1,0,0,0,0,0,0,-,-,33.95907,-118.3687,LOS ANGELES,UNINCORPORATED,-118.36919833,33.96036994
90385159,2017,2017-02-03,9535,2017-01-29,1820,020794,NA,7,2,5,1943,0,1,1,NA,2,075,I-710 S/B TO I-105 W/B,I-105,600,N,N,A,-,Y,NA,NA,710,NA,NA,NA,R,NA,S,Y,4,0,1,3,A,-,03,22350,NA,N,C,C,A,A,H,-,C,D,0,NA,NA,NA,NA,Y,NA,A,01,0,0,1,0,0,0,0,0,0,-,-,33.91519,-118.18104,LOS ANGELES,LYNWOOD,-118.18104,33.91519
9038516,2020,2020-03-19,1942,2020-01-25,1634,41318,1512,6,5,7,1942,0,0,0,O,0,15A21,SHERMAN WY,COLDWATER CANYON AV,25,E,N,A,-,N,NA,NA,NA,NA,NA,NA,NA,NA,NA,Y,4,0,1,2,A,-,21,22106,NA,F,C,C,A,A,H,-,A,A,0,NA,NA,NA,NA,Y,NA,A,01,0,0,1,0,0,0,0,0,0,-,-,NA,NA,LOS ANGELES,LOS ANGELES,-118.41371917724608,34.20119094848633
90385160,2017,2017-02-03,9535,2017-02-01,0900,016276,NA,3,1,6,1922,0,1,1,NA,2,401,I-10 (SAN BERNARDINO FREEWAY) W/B,SANTA ANITA AVE.,1100,W,N,A,-,Y,NA,NA,10,NA,NA,NA,NA,NA,W,Y,4,0,1,2,A,-,03,22350,NA,N,C,C,A,A,H,-,A,D,0,NA,NA,NA,NA,Y,NA,A,07,0,0,1,0,0,0,0,0,0,-,-,34.06941,-118.04516,LOS ANGELES,EL MONTE,-118.04512144,34.06951781
90385163,2017,2017-02-03,9550,2017-01-22,0205,020948,NA,7,3,1,1932,0,1,3,NA,2,602,SR-60  E/B,FAIRWAY DRIVE,1200,W,N,B,-,Y,NA,NA,60,NA,NA,NA,NA,NA,E,Y,3,0,1,1,A,-,01,23152,A,N,E,I,A,A,H,-,C,D,0,NA,NA,NA,NA,Y,Y,D,22,0,1,0,0,0,0,0,0,0,-,-,33.99549,-117.87428,LOS ANGELES,INDUSTRY,-117.874297,33.99559903
90385171,2017,2017-02-03,9550,2017-01-27,1540,020551,NA,5,2,7,1941,0,1,1,NA,2,653,I-605 N/B,WARDLOW ROAD,50,S,N,A,-,Y,NA,NA,605,NA,NA,NA,NA,NA,N,Y,4,0,2,4,A,-,03,22350,NA,N,C,C,A,A,H,-,A,D,0,NA,NA,NA,NA,Y,NA,D,22,0,0,2,0,0,0,0,0,0,-,-,33.8176,-118.081,LOS ANGELES,LONG BEACH,-118.08131538,33.81760167
9038520,2020,2020-03-18,1942,2020-01-20,1810,43686,MISIS,1,5,7,1942,0,0,0,NA,0,196,NORDHOFF ST,WAKEFIELD AV,0,N,N,B,-,N,NA,NA,NA,NA,NA,NA,NA,NA,NA,N,4,0,1,2,A,-,12,22450,A,F,D,G,A,A,H,-,C,A,0,NA,Y,NA,NA,Y,NA,-,99,0,0,1,0,0,0,1,0,0,-,-,NA,NA,LOS ANGELES,LOS ANGELES,-118.44805145263672,34.23540115356445
90385209,2017,2017-02-03,9565,2017-02-02,1138,015587,NA,4,1,7,1942,0,1,1,NA,2,061,I-405 N/B (SAN DIEGO FREEWAY),LA TIJERA BLVD,4,N,N,B,-,Y,NA,NA,405,NA,NA,NA,NA,NA,N,Y,4,0,2,2,A,-,03,22350,NA,N,C,C,A,A,H,-,A,D,0,NA,NA,NA,NA,Y,NA,A,07,0,0,2,0,0,0,0,0,0,-,-,33.97205,-118.37802,LOS ANGELES,LOS ANGELES,-118.37805669,33.97197824
90385210,2017,2017-02-03,9525,2017-01-19,0515,012820,NA,4,3,4,1960,0,1,3,NA,2,571,SR-57 S/B (ORANGE FWY),VIA VERDE AVE,300,N,N,C,-,Y,NA,NA,57,NA,NA,NA,NA,NA,S,N,4,0,1,2,A,-,03,22350,NA,N,B,C,A,B,H,-,D,D,0,NA,NA,NA,NA,Y,NA,D,22,0,0,1,0,0,0,0,0,0,-,-,34.08042,-117.81655,LOS ANGELES,SAN DIMAS,-117.81655099,34.08041903
90385236,2017,2017-02-03,9565,2017-02-01,1930,020556,NA,3,2,7,1942,0,1,1,NA,2,082,I-10 W/B (SANTA MONICA FREEWAY),GATEWAY BLVD,200,E,N,A,-,Y,NA,NA,10,NA,NA,NA,NA,NA,W,Y,4,0,1,3,A,-,03,22350,NA,N,C,C,A,A,H,-,C,D,0,NA,NA,NA,NA,Y,NA,A,01,0,0,1,0,0,0,0,0,0,-,-,34.03051,-118.44101,LOS ANGELES,LOS ANGELES,-118.44098479,34.03032106
9038524,2020,2020-03-18,1942,2020-01-11,2350,32774,1762,6,5,7,1942,0,0,0,Q,0,1YA81,PLUMMER ST,WINNETKA AV,0,NA,Y,A,-,N,NA,NA,NA,NA,NA,NA,NA,NA,NA,Y,4,0,1,2,A,-,12,21453,A,F,D,C,A,A,H,-,C,D,0,NA,NA,NA,NA,Y,NA,-,99,0,0,1,0,0,0,0,0,0,-,-,NA,NA,LOS ANGELES,LOS ANGELES,-118.57122039794922,34.242740631103516