CASE_ID,ACCIDENT_YEAR,PROC_DATE,JURIS,COLLISION_DATE,COLLISION_TIME,OFFICER_ID,REPORTING_DISTRICT,DAY_OF_WEEK,CHP_SHIFT,POPULATION,CNTY_CITY_LOC,SPECIAL_COND,BEAT_TYPE,CHP_BEAT_TYPE,CITY_DIVISION_LAPD,CHP_BEAT_CLASS,BEAT_NUMBER,PRIMARY_RD,SECONDARY_RD,DISTANCE,DIRECTION,INTERSECTION,WEATHER_1,WEATHER_2,STATE_HWY_IND,CALTRANS_COUNTY,CALTRANS_DISTRICT,STATE_ROUTE,ROUTE_SUFFIX,POSTMILE_PREFIX,POSTMILE,LOCATION_TYPE,RAMP_INTERSECTION,SIDE_OF_HWY,TOW_AWAY,COLLISION_SEVERITY,NUMBER_KILLED,NUMBER_INJURED,PARTY_COUNT,PRIMARY_COLL_FACTOR,PCF_CODE_OF_VIOL,PCF_VIOL_CATEGORY,PCF_VIOLATION,PCF_VIOL_SUBSECTION,HIT_AND_RUN,TYPE_OF_COLLISION,MVIW,PED_ACTION,ROAD_SURFACE,ROAD_COND_1,ROAD_COND_2,LIGHTING,CONTROL_DEVICE,CHP_ROAD_TYPE,PEDESTRIAN_ACCIDENT,BICYCLE_ACCIDENT,MOTORCYCLE_ACCIDENT,TRUCK_ACCIDENT,NOT_PRIVATE_PROPERTY,ALCOHOL_INVOLVED,STWD_VEHTYPE_AT_FAULT,CHP_VEHTYPE_AT_FAULT,COUNT_SEVERE_INJ,COUNT_VISIBLE_INJ,COUNT_COMPLAINT_PAIN,COUNT_PED_KILLED,COUNT_PED_INJURED,COUNT_BICYCLIST_KILLED,COUNT_BICYCLIST_INJURED,COUNT_MC_KILLED,COUNT_MC_INJURED,PRIMARY_RAMP,SECONDARY_RAMP,LATITUDE,LONGITUDE,COUNTY,CITY,POINT_X,POINT_Y
9039339,2020,2020-02-26,1900,2020-01-28,2055,SCHORR,1334,2,5,5,1908,0,0,0,NA,0,133T2,ALONDRA BL,CLARK AV,288,E,N,A,-,N,NA,NA,NA,NA,NA,NA,NA,NA,NA,Y,4,0,1,2,A,-,01,23153,A,N,C,E,A,A,H,-,C,D,0,NA,NA,NA,NA,Y,Y,D,22,0,0,1,0,0,0,0,0,0,-,-,NA,NA,LOS ANGELES,BELLFLOWER,-118.1330337524414,33.88930892944336
90393390,2017,2017-02-15,9530,2017-02-13,1928,021463,NA,1,2,9,1900,0,3,5,NA,2,001,FLORENCE AVE. (1400 BLOCK),PARMELEE AVE.,200,E,N,A,-,N,NA,NA,NA,NA,NA,NA,NA,NA,NA,Y,4,0,1,2,A,-,01,23152,A,N,C,C,A,A,H,-,C,D,0,NA,NA,NA,NA,Y,Y,A,01,0,0,1,0,0,0,0,0,0,-,-,33.97476,-118.24918,LOS ANGELES,UNINCORPORATED,-118.24923165,33.97475
90393395,2017,2017-02-15,9540,2017-02-13,0250,020875,NA,1,3,9,1900,0,1,1,NA,2,513,I-5 S/B (GOLDEN STATE FREEWAY),VISTA DEL LAGO ROAD,3700,N,N,A,-,Y,NA,NA,NA,NA,NA,NA,NA,NA,NA,Y,4,0,1,2,A,-,03,22350,NA,N,C,C,A,A,H,-,D,D,0,NA,NA,NA,NA,Y,NA,A,01,0,0,1,0,0,0,0,0,0,-,-,34.13284,-118.78558,LOS ANGELES,UNINCORPORATED,-118.77187113,34.67332697
90393397,2017,2017-02-15,9540,2017-02-11,0200,021078,NA,6,3,9,1900,0,1,1,NA,1,503,I-5 S/B (GOLDEN STATE FWY.),SAN FERNANDO RD.,2600,N,N,B,C,Y,NA,NA,NA,NA,NA,NA,NA,NA,NA,Y,4,0,1,1,A,-,03,22350,NA,N,E,I,A,B,H,-,D,D,0,NA,NA,NA,NA,Y,NA,A,01,0,0,1,0,0,0,0,0,0,-,-,34.33097,-118.50656,LOS ANGELES,UNINCORPORATED,-118.50698744,34.33161192
90393406,2017,2017-02-15,9565,2017-02-02,1710,020113,NA,4,2,7,1942,0,1,1,NA,2,010,I-105 E/B (CENTURY FWY.),I-405,150,E,N,A,-,Y,NA,NA,NA,NA,NA,NA,NA,NA,NA,Y,4,0,1,2,A,-,07,21658,A,N,B,C,A,A,H,-,D,D,0,NA,NA,Y,NA,Y,NA,A,07,0,0,1,0,0,0,0,0,1,-,-,33.93007,-118.86724,LOS ANGELES,LOS ANGELES,-118.36812511,33.93000416
90393410,2017,2017-02-15,9525,2017-02-07,0240,020907,NA,2,3,4,1946,0,1,1,NA,2,202,I-210 E/B (FOOTHILL FWY),MOUNTAIN AVE,1000,W,N,C,-,Y,NA,NA,210,NA,NA,NA,NA,NA,E,Y,4,0,2,2,A,-,03,22350,NA,N,C,C,A,A,H,-,C,D,0,NA,NA,NA,NA,Y,NA,A,01,0,0,2,0,0,0,0,0,0,-,-,34.1353,-117.98969,LOS ANGELES,MONROVIA,-117.9896904,34.13535309
90393425,2017,2017-02-15,9540,2017-02-11,0317,021374,NA,6,3,9,1900,0,1,3,NA,2,146,SR-14 N/B (ANTELOPE VALLEY FREEWAY),AGUA DULCE CYN RD,200,N,N,C,-,Y,NA,NA,14,NA,NA,NA,NA,NA,N,N,4,0,1,2,A,-,03,22350,NA,N,C,C,A,B,H,-,D,D,0,NA,NA,NA,NA,Y,NA,A,01,0,0,1,0,0,0,0,0,0,-,-,34.46653,-118.32925,LOS ANGELES,UNINCORPORATED,-118.3292509,34.4665462
90393427,2017,2017-02-15,9530,2017-02-05,1135,020096,NA,7,1,9,1900,0,3,5,NA,2,001,ALAMEDA STREET (8900 BLOCK),90TH ST.,135,N,N,B,-,N,NA,NA,NA,NA,NA,NA,NA,NA,NA,Y,4,0,1,2,A,-,03,22350,NA,N,C,C,A,A,H,-,A,D,0,NA,NA,NA,NA,Y,NA,A,01,0,0,1,0,0,0,0,0,0,-,-,33.95487,-118.23043,LOS ANGELES,UNINCORPORATED,-118.23041695,33.95478049
90393437,2017,2017-02-15,9565,2017-02-12,1230,015275,NA,7,1,7,1942,0,1,1,NA,2,062,I-405 N/B (PHILIP DENNIS ORTIZ MRL HWY),VENICE BOULEVARD,1056,N,N,A,-,Y,NA,NA,405,NA,NA,NA,NA,NA,N,N,3,0,1,4,A,-,03,22350,NA,N,C,C,A,A,H,-,A,D,0,NA,NA,NA,NA,Y,NA,A,01,0,1,0,0,0,0,0,0,0,-,-,34.0156,-118.42087,LOS ANGELES,LOS ANGELES,-118.4209585,34.01552999
90393443,2017,2017-02-15,9540,2017-02-11,1200,015093,NA,6,1,6,1985,0,1,3,NA,1,144,SR-14 N/B (ANTELOPE VALLEY FREEWAY),GOLDEN VALLEY ROAD,2112,S,N,B,-,Y,NA,NA,14,NA,NA,NA,NA,NA,N,Y,4,0,2,2,A,-,03,22350,NA,N,C,C,A,A,H,-,A,D,0,NA,NA,NA,NA,Y,NA,A,01,0,0,2,0,0,0,0,0,0,-,-,34.3882,-118.47925,LOS ANGELES,SANTA CLARITA,-118.4793114,34.38827443
90393463,2017,2017-02-15,9565,2017-01-28,2355,021303,NA,6,3,7,1942,0,1,1,NA,2,083,I-10 E/B (SANTA MONICA FWY),ROBERTSON BLVD,180,E,N,A,-,Y,NA,NA,10,NA,NA,NA,NA,NA,E,N,4,0,1,2,A,-,08,22107,NA,F,D,C,A,A,H,-,C,D,0,NA,NA,NA,NA,Y,NA,A,01,0,0,1,0,0,0,0,0,0,-,-,34.03126,-118.38992,LOS ANGELES,LOS ANGELES,-118.38996562,34.03133917
90393503,2017,2017-02-15,9550,2017-02-12,1256,021274,NA,7,1,5,1908,0,1,1,NA,2,500,INTERSTATE 5 S/B,LAKEWOOD BOULEVARD,1480,S,N,A,-,Y,NA,NA,NA,NA,NA,NA,NA,NA,NA,N,4,0,2,3,A,-,03,22350,NA,N,C,C,A,A,H,-,A,D,0,NA,NA,NA,NA,Y,NA,A,01,0,0,2,0,0,0,0,0,0,-,-,33.95492,-118.10771,LOS ANGELES,BELLFLOWER,-118.10819321,33.95520897
90393508,2016,2017-02-15,9540,2016-02-01,1610,018721,NA,1,2,9,1900,0,1,3,NA,2,147,SR-14 S/B (ANTELOPE VALLEY FREEWAY),ESCONDIDO CANYON ROAD,532,S,N,A,-,Y,NA,NA,14,NA,NA,NA,NA,NA,S,Y,2,0,3,2,A,-,08,22107,NA,N,C,C,A,A,H,-,A,D,0,NA,NA,NA,NA,Y,NA,A,01,1,1,1,0,0,0,0,0,0,-,-,34.49057,-118.28563,LOS ANGELES,UNINCORPORATED,-118.28566264,34.49059728
90393531,2017,2017-02-15,9575,2017-02-08,1515,018537,NA,3,2,9,1900,0,1,3,NA,2,301,SR-2 (ANGELES CREST HIGHWAY),WATERMAN FIRE ROAD,554,E,N,B,-,Y,NA,NA,2,NA,NA,NA,NA,NA,NA,Y,3,0,1,1,A,-,03,22350,NA,N,F,A,A,A,H,-,A,D,0,NA,NA,Y,NA,Y,NA,C,02,0,1,0,0,0,0,0,0,1,-,-,34.26131,-118.11524,LOS ANGELES,UNINCORPORATED,-118.11528418,34.26131289
90393538,2016,2017-02-15,9540,2016-12-15,1928,021260,NA,4,2,9,1900,0,2,4,NA,1,201,SIERRA HIGHWAY (16000 BLOCK),VASQUEZ CANYON RD,1056,S,N,B,C,N,NA,NA,NA,NA,NA,NA,NA,NA,NA,Y,1,1,3,3,A,-,05,21460,A,N,A,C,A,B,H,-,D,D,0,NA,NA,NA,NA,Y,NA,D,22,0,3,0,0,0,0,0,0,0,-,-,34.45313,-118.4211,LOS ANGELES,UNINCORPORATED,-118.42200906,34.45182037
90393548,2017,2017-02-15,9530,2017-02-05,1255,020096,NA,7,1,9,1900,0,1,1,NA,2,110,ELM STREET (8700 BLOCK),88TH ST.,0,NA,Y,B,-,N,NA,NA,NA,NA,NA,NA,NA,NA,NA,N,4,0,1,5,A,-,09,21804,A,N,D,C,A,A,H,-,A,D,0,NA,NA,NA,NA,Y,NA,A,01,0,0,1,0,0,0,0,0,0,-,-,33.95693,-118.23853,LOS ANGELES,UNINCORPORATED,-118.23854008,33.95693007
90393580,2017,2017-02-15,9535,2017-02-06,1444,021538,NA,1,2,9,1900,0,3,5,NA,2,002,WOODS AVE (600 BLOCK),6TH ST,500,S,N,B,-,N,NA,NA,NA,NA,NA,NA,NA,NA,NA,Y,3,0,1,2,A,-,08,22107,NA,N,B,E,A,A,H,-,A,D,0,NA,NA,NA,NA,Y,NA,A,01,0,1,0,0,0,0,0,0,0,-,-,34.024,-118.15732,LOS ANGELES,UNINCORPORATED,-118.15743018,34.02378001
90393582,2017,2017-02-15,9575,2017-02-09,2223,021257,NA,4,3,7,1942,0,1,1,NA,2,050,I-5 N/B TRANSITION ROAD TO SR-134 W/B,RIVERSIDE DR,2140,E,N,A,-,Y,NA,NA,5,NA,NA,NA,R,NA,N,Y,4,0,1,2,A,-,07,21658,A,M,B,C,A,A,H,-,C,D,0,NA,NA,NA,NA,Y,NA,-,99,0,0,1,0,0,0,0,0,0,-,-,34.15474,-118.28685,LOS ANGELES,LOS ANGELES,-118.28685,34.15474
90393586,2017,2017-02-15,9550,2017-02-13,0640,021269,NA,1,1,5,1908,0,1,3,NA,2,091,STATE ROUTE 91 E/B (ARTESIA FREEWAY),INTERSTATE 605 N/B,300,E,N,A,-,Y,NA,NA,NA,NA,NA,NA,NA,NA,NA,Y,4,0,1,2,A,-,07,21658,A,N,C,C,A,A,H,-,A,D,0,NA,NA,NA,NA,Y,NA,D,22,0,0,1,0,0,0,0,0,0,-,-,33.87637,-118.10131,LOS ANGELES,BELLFLOWER,NA,NA
9039359,2019,2020-02-21,1900,2019-12-25,2108,601707,1333,3,5,5,1908,0,0,0,NA,0,133T1,WOODRUFF AV,SOMERSET BL,0,NA,Y,C,-,N,NA,NA,NA,NA,NA,NA,NA,NA,NA,Y,4,0,1,2,A,-,09,21801,A,N,D,C,A,B,H,-,C,A,0,NA,NA,NA,NA,Y,NA,A,01,0,0,1,0,0,0,0,0,0,-,-,NA,NA,LOS ANGELES,BELLFLOWER,-118.11660003662108,33.89664077758789
90393595,2017,2017-02-15,9530,2017-02-03,0908,020096,NA,5,1,9,1900,0,1,1,NA,2,120,I-110 N/B (HARBOR FREEWAY),214TH ST.,20,S,N,C,-,Y,NA,NA,110,NA,NA,NA,NA,NA,N,Y,4,0,1,2,A,-,03,22350,NA,N,C,C,A,B,H,-,A,D,0,NA,NA,NA,NA,Y,NA,A,01,0,0,1,0,0,0,0,0,0,-,-,33.83425,-118.28717,LOS ANGELES,UNINCORPORATED,-118.28724281,33.83425004
90393596,2017,2017-02-15,9530,2017-02-06,1000,021493,NA,1,1,7,1942,0,1,1,NA,2,120,SR-47 N/B (VINCENT THOMAS BRIDGE),HARBOR BLVD.,900,S,N,B,C,Y,NA,NA,47,NA,NA,NA,NA,NA,N,Y,4,0,1,1,A,-,03,22350,NA,N,E,I,A,B,H,-,A,D,0,NA,NA,NA,NA,Y,NA,A,01,0,0,1,0,0,0,0,0,0,-,-,33.7488,-118.2838,LOS ANGELES,LOS ANGELES,-118.28382188,33.74887264
90393621,2017,2017-02-15,9530,2017-02-04,1810,021290,NA,6,2,5,1943,0,1,1,NA,2,210,I-105 W/B (GLENN ANDERSON FWY),LONG BEACH BLVD.,850,W,N,B,-,Y,NA,NA,105,NA,NA,NA,NA,NA,W,Y,4,0,1,1,C,-,18,NA,NA,N,E,J,A,A,G,-,C,D,0,NA,NA,Y,NA,Y,NA,-,-,0,0,1,0,0,0,0,0,1,-,-,33.92685,-118.21355,LOS ANGELES,LYNWOOD,-118.21361658,33.92669901
90393663,2017,2017-02-15,9575,2017-02-09,2100,020763,NA,4,2,5,1902,0,1,1,NA,2,065,I-210 E/B (FOOTHILL FREEWAY),BALDWIN AVE.,700,W,N,A,-,Y,NA,NA,210,NA,NA,NA,NA,NA,E,Y,3,0,1,1,A,-,03,22350,NA,N,E,I,A,A,H,-,D,A,0,NA,NA,NA,NA,Y,NA,A,01,0,1,0,0,0,0,0,0,0,-,-,34.14862,-118.0544,LOS ANGELES,ARCADIA,-118.05440022,34.14865717
90393701,2017,2017-02-15,9590,2017-02-13,0810,016243,NA,1,1,7,1942,0,1,1,NA,2,082,I-5 N/B,ELMGROVE AVE,880,N,N,A,-,Y,NA,NA,5,NA,NA,NA,NA,NA,N,Y,3,0,1,3,A,-,03,22350,NA,N,C,C,A,A,H,-,A,D,0,NA,NA,NA,NA,Y,NA,A,01,0,1,0,0,0,0,0,0,0,-,-,34.08747,-118.23455,LOS ANGELES,LOS ANGELES,-118.23456017,34.08745353
90393726,2017,2017-02-15,9530,2017-02-04,2125,021290,NA,6,2,9,1900,0,1,1,NA,2,210,I-105 W/B (GLENN ANDERSON FWY),WILLOWBROOK AVE.,40,E,N,A,-,Y,NA,NA,105,NA,NA,NA,NA,NA,W,Y,3,0,5,1,C,-,18,NA,NA,N,E,I,A,D,B,-,C,D,0,NA,NA,NA,NA,Y,NA,-,-,0,2,3,0,0,0,0,0,0,-,-,33.9285,-118.23686,LOS ANGELES,UNINCORPORATED,-118.23686811,33.92836472
9039373,2020,2020-03-05,1900,2020-01-20,1340,544630,1367,1,5,5,1952,0,0,0,NA,0,136G7,ALONDRA BL,GARFIELD AV,350,W,N,A,-,N,NA,NA,NA,NA,NA,NA,NA,NA,NA,N,3,0,1,2,A,-,09,21801,A,M,D,C,A,A,H,-,A,D,0,NA,NA,NA,NA,Y,NA,A,01,0,1,0,0,0,0,0,0,0,-,-,NA,NA,LOS ANGELES,PARAMOUNT,-118.16993713378906,33.889198303222656
9039375,2019,2020-03-09,1900,2019-11-15,1605,536410,1430,5,5,4,1937,0,0,0,NA,0,143T1,TEMPLE AV,ARDILLA AV,195,W,N,A,-,N,NA,NA,NA,NA,NA,NA,NA,NA,NA,N,2,0,2,2,A,-,01,23152,A,N,C,C,A,A,H,-,A,D,0,NA,NA,NA,NA,Y,NA,A,01,1,1,0,0,0,0,0,0,0,-,-,34.04901885986328,-117.97950744628906,LOS ANGELES,LA PUENTE,-117.9795379638672,34.04887771606445
90393753,2017,2018-07-30,9565,2017-01-30,1845,021134,NA,1,2,9,1900,0,3,5,NA,2,006,WILSHIRE BLVD,FEDERAL AVE,0,NA,Y,A,-,N,NA,NA,NA,NA,NA,NA,NA,NA,NA,Y,3,0,1,3,A,-,12,21453,A,F,D,C,A,A,H,-,C,A,0,NA,NA,NA,NA,Y,NA,A,07,0,1,0,0,0,0,0,0,0,-,-,34.05086,-118.45911,LOS ANGELES,UNINCORPORATED,-118.4591801,34.05078003
90393759,2017,2017-02-15,9565,2017-02-01,1440,021372,NA,3,2,9,1900,0,3,5,NA,2,002,WESTERN AVENUE,110TH ST  E,177,S,N,A,-,N,NA,NA,NA,NA,NA,NA,NA,NA,NA,Y,2,0,3,3,A,-,08,22107,NA,N,A,C,A,A,H,-,A,D,0,NA,NA,NA,NA,Y,NA,A,01,1,1,1,0,0,0,0,0,0,-,-,33.56517,-118.18325,LOS ANGELES,UNINCORPORATED,-118.30906,33.93477455
90393760,2017,2017-02-15,9525,2017-02-10,0645,018364,NA,5,1,6,1955,0,1,3,NA,2,571,SR-57 S/B-TO-I-10 E/B,I-10,528,N,N,B,-,Y,NA,NA,57,NA,NA,NA,R,NA,S,Y,2,0,1,1,A,-,08,22107,NA,N,E,I,A,A,H,-,A,D,0,NA,NA,NA,NA,Y,NA,A,01,1,0,0,0,0,0,0,0,0,-,-,34.06636,-117.80781,LOS ANGELES,POMONA,-117.80781,34.06636
90393763,2017,2017-11-22,9565,2017-02-02,1745,021372,NA,4,2,9,1900,0,2,4,NA,2,022,NORMANDIE AVE,112TH ST  E,20,S,N,A,-,N,NA,NA,NA,NA,NA,NA,NA,NA,NA,N,3,0,1,2,A,-,11,21954,A,N,D,B,D,A,H,-,C,D,0,Y,NA,NA,NA,Y,NA,N,60,0,1,0,0,1,0,0,0,0,-,-,33.93277,-118.30032,LOS ANGELES,UNINCORPORATED,-118.30031058,33.93274515
9039377,2020,2020-03-05,1900,2020-01-22,1433,407852,1321,3,5,5,1935,0,0,0,NA,0,132T1,CIVIC CENTER WY,CANDLEWOOD ST,3,S,N,A,-,N,NA,NA,NA,NA,NA,NA,NA,NA,NA,N,3,0,1,2,A,-,09,21804,A,N,D,G,A,A,H,-,A,D,0,NA,Y,NA,NA,Y,NA,L,04,0,1,0,0,0,0,1,0,0,-,-,NA,NA,LOS ANGELES,LAKEWOOD,-118.13224029541016,33.853641510009766
90393771,2017,2017-02-15,9590,2017-02-07,1345,015575,NA,2,1,7,1942,0,1,1,NA,2,013,SR-110 S/B (ASP) FROM AVENUE 43,AVENUE 43,133,N,N,B,-,Y,NA,NA,110,NA,NA,NA,R,NA,S,Y,4,0,1,2,A,-,08,22107,NA,N,C,C,A,B,H,-,A,A,0,NA,NA,NA,NA,Y,NA,A,01,0,0,1,0,0,0,0,0,0,-,-,34.09348,-118.20634,LOS ANGELES,LOS ANGELES,-118.20634,34.09348
90393776,2017,2017-02-15,9530,2017-02-06,1820,021430,NA,1,2,7,1942,0,1,1,NA,2,110,I-110 N/B (HARBOR FREEWAY),117TH ST.,600,S,N,B,-,Y,NA,NA,110,NA,NA,NA,NA,NA,N,N,4,0,1,2,A,-,03,22350,NA,N,C,C,A,B,H,-,C,D,0,NA,NA,NA,NA,Y,NA,A,01,0,0,1,0,0,0,0,0,0,-,-,33.92523,-118.28095,LOS ANGELES,LOS ANGELES,-118.28108013,33.92524047
90393786,2017,2017-02-15,9530,2017-02-02,1730,021430,NA,4,2,7,1941,0,1,1,NA,2,420,I-405 N/B (SAN DIEGO FREEWAY),CHERRY AVE.,10,S,N,A,-,Y,NA,NA,405,NA,NA,NA,NA,NA,N,Y,2,0,2,2,C,-,18,NA,NA,N,C,C,A,A,H,-,B,D,0,NA,NA,NA,NA,Y,NA,-,-,1,0,1,0,0,0,0,0,0,-,-,33.8135,-118.16727,LOS ANGELES,LONG BEACH,-118.16727047,33.81349841
90393789,2017,2017-02-15,9525,2017-02-10,1420,019698,NA,5,2,5,1906,0,1,1,NA,2,104,I-10 E/B (SAN BERNARDINO FWY),FRAZIER ST.,200,W,N,A,-,Y,NA,NA,10,NA,NA,NA,NA,NA,E,N,4,0,2,2,A,-,03,22350,NA,N,C,C,A,A,H,-,A,D,0,NA,NA,NA,Y,Y,NA,F,25,0,0,2,0,0,0,0,0,0,-,-,34.06545,-117.99561,LOS ANGELES,BALDWIN PARK,-117.99562847,34.06556507
90393838,2017,2017-02-15,9530,2017-02-06,1033,019412,NA,1,1,5,1977,0,1,3,NA,2,310,SR-91 E/B (ARTESIA FREEWAY),AVALON BLVD.,200,W,N,B,C,Y,NA,NA,NA,NA,NA,NA,NA,NA,NA,N,4,0,1,2,A,-,03,22350,NA,N,B,C,A,B,H,-,A,D,0,NA,NA,NA,NA,Y,NA,A,01,0,0,1,0,0,0,0,0,0,-,-,33.52226,-118.16325,LOS ANGELES,CARSON,-118.26669368,33.8730978
90393862,2017,2017-02-15,9575,2017-02-09,1610,015204,NA,4,2,3,1991,0,1,1,NA,2,062,I-210 W/B (FOOTHILL FREEWAY),ALTA CANYADA RD,200,W,N,A,-,Y,NA,NA,NA,NA,NA,NA,NA,NA,NA,N,4,0,1,2,A,-,03,22350,NA,N,C,C,A,A,H,-,A,D,0,NA,NA,NA,NA,Y,NA,A,07,0,0,1,0,0,0,0,0,0,-,-,34.207,-118.21225,LOS ANGELES,LA CANADA-FLINTRIDGE,-118.21221004,34.20711943
90393880,2017,2017-04-26,9565,2017-02-07,1310,021372,NA,2,1,9,1900,0,3,5,NA,2,003,DEANE AVENUE,52ND ST,0,NA,Y,A,-,N,NA,NA,NA,NA,NA,NA,NA,NA,NA,Y,4,0,3,3,A,-,09,21802,A,N,D,C,A,A,H,-,A,A,0,NA,NA,NA,NA,Y,NA,A,01,0,0,3,0,0,0,0,0,0,-,-,33.99498,-118.33784,LOS ANGELES,UNINCORPORATED,-118.33784008,33.99490004
90393896,2017,2017-02-15,9550,2017-02-15,0650,020037,NA,3,1,9,1900,0,2,4,NA,1,012,WASHINGTON BOULEVARD,MILLERGROVE DRIVE,35,W,N,A,-,N,NA,NA,NA,NA,NA,NA,NA,NA,NA,Y,4,0,1,2,A,-,03,22350,NA,N,C,C,A,A,H,-,A,D,0,NA,NA,NA,NA,Y,NA,A,01,0,0,1,0,0,0,0,0,0,-,-,33.97299,-118.07634,LOS ANGELES,UNINCORPORATED,-118.07630105,33.97283549
90393911,2016,2017-02-15,9535,2016-12-25,1650,019839,NA,7,2,9,1900,0,2,4,NA,2,014,CESAR E CHAVEZ AVENUE (3600 BLOCK),EASTMAN AVE,65,E,N,A,-,N,NA,NA,NA,NA,NA,NA,NA,NA,NA,N,3,0,1,2,A,-,11,21954,A,N,G,B,D,A,H,-,B,D,0,Y,NA,NA,NA,Y,NA,N,60,0,1,0,0,1,0,0,0,0,-,-,34.04056,-118.18558,LOS ANGELES,UNINCORPORATED,-118.18565588,34.04052
90393923,2017,2017-02-15,9565,2017-02-09,0740,017574,NA,4,1,7,1942,0,1,1,NA,2,063,INTERSTATE 405 NORTHBOUND,SANTA MONICA BLVD,50,S,N,B,-,Y,NA,NA,405,NA,NA,NA,NA,NA,N,Y,4,0,2,4,A,-,03,22350,NA,N,C,C,A,A,H,-,A,D,0,NA,NA,NA,NA,Y,NA,A,01,0,0,2,0,0,0,0,0,0,-,-,34.046,-118.446,LOS ANGELES,LOS ANGELES,-118.4458268,34.04614938
90393925,2017,2017-02-15,9590,2017-02-07,2353,021504,NA,2,3,7,1942,0,1,1,NA,2,012,SR-110 N/B (ASP),MARMION WAY O/C,1060,S,N,C,-,Y,NA,NA,110,NA,NA,NA,NA,NA,N,Y,3,0,1,1,A,-,08,22107,NA,N,E,I,A,B,H,-,C,D,0,NA,NA,Y,NA,Y,NA,C,02,0,1,0,0,0,0,0,0,1,-,-,34.11122,-118.18393,LOS ANGELES,LOS ANGELES,-118.18391345,34.11119108
90393931,2017,2017-02-15,9575,2017-02-08,1340,019976,NA,3,1,5,1902,0,1,1,NA,2,065,I-210 W/B (FOOTHILL FREEWAY),BALDWIN AVE.,1000,E,N,A,-,Y,NA,NA,210,NA,NA,NA,NA,NA,W,Y,4,0,1,3,A,-,03,22350,NA,N,C,C,A,A,H,-,A,D,0,NA,NA,NA,Y,Y,NA,A,07,0,0,1,0,0,0,0,0,0,-,-,34.14928,-118.04556,LOS ANGELES,ARCADIA,-118.04555805,34.14903484
90393961,2017,2017-02-15,9675,2017-02-14,1020,020594,NA,2,1,3,1964,0,1,S,NA,2,650,I-605 N/B,TELEGRAPH ROAD,200,N,N,A,-,Y,NA,NA,605,NA,NA,NA,NA,NA,N,Y,4,0,1,2,A,-,03,22350,NA,N,C,C,A,A,H,-,A,D,0,NA,NA,NA,NA,Y,NA,A,07,0,0,1,0,0,0,0,0,0,-,-,33.95178,-118.09048,LOS ANGELES,SANTA FE SPRINGS,-118.09057099,33.95183273
90393965,2017,2017-02-15,9525,2017-02-10,1345,020869,NA,5,1,9,1900,0,3,5,NA,2,003,TEMPLE AVE (17300 BLOCK),AZUSA AVE,1056,E,N,B,-,N,NA,NA,NA,NA,NA,NA,NA,NA,NA,Y,4,0,2,2,A,-,09,21804,A,N,D,C,A,A,H,-,A,D,0,NA,NA,NA,NA,Y,NA,A,07,0,0,2,0,0,0,0,0,0,-,-,34.025,-117.9145,LOS ANGELES,UNINCORPORATED,-117.91442,34.02502
90393990,2017,2017-02-15,9530,2017-02-07,2135,021528,NA,2,2,7,1941,0,1,1,NA,2,430,I-405 S/B (SAN DIEGO FREEWAY),WOODRUFF AVE.,730,N,N,B,C,Y,NA,NA,NA,NA,NA,NA,NA,NA,NA,Y,4,0,1,1,A,-,03,22350,NA,N,E,I,A,B,H,-,C,D,0,NA,NA,NA,NA,Y,NA,A,07,0,0,1,0,0,0,0,0,0,-,-,33.48851,-118.7141,LOS ANGELES,LONG BEACH,-118.11693607,33.80249573
90393991,2017,2017-02-15,9535,2017-02-10,2350,021149,NA,5,3,6,1922,0,1,3,NA,2,620,SR-60 (POMONA FREEWAY) E/B,PECK RD.,100,E,N,B,-,Y,NA,NA,NA,NA,NA,NA,NA,NA,NA,Y,4,0,2,2,A,-,03,22350,NA,N,D,C,A,B,H,-,C,D,0,NA,NA,NA,NA,Y,Y,D,22,0,0,2,0,0,0,0,0,0,-,-,34.0368,-118.03864,LOS ANGELES,EL MONTE,-118.03836,34.0373
90393992,2017,2017-02-15,9590,2017-02-08,1045,016230,NA,3,1,7,1942,0,1,1,NA,2,063,I-10 W/B SMF,GRAND AVENUE,120,W,N,A,-,Y,NA,NA,10,NA,NA,NA,NA,NA,W,N,4,0,1,2,A,-,03,22350,NA,M,C,C,A,A,H,-,A,D,0,NA,NA,NA,NA,Y,NA,A,01,0,0,1,0,0,0,0,0,0,-,-,34.0362,-118.26924,LOS ANGELES,LOS ANGELES,-118.26933857,34.03605808
90393996,2017,2017-02-15,9525,2017-02-10,1515,020505,NA,5,2,9,1900,0,2,4,NA,2,022,ARROW HIGHWAY (17000 E. BLOCK),BANEWELL AVE,20,W,N,B,-,N,NA,NA,NA,NA,NA,NA,NA,NA,NA,N,4,0,2,2,A,-,03,22350,NA,N,C,C,A,A,H,-,A,D,0,NA,NA,NA,NA,Y,NA,A,01,0,0,2,0,0,0,0,0,0,-,-,34.107,-117.91353,LOS ANGELES,UNINCORPORATED,-117.91346589,34.10715155
90394015,2017,2017-02-15,9550,2017-02-09,2125,021533,NA,4,2,5,1919,0,1,1,NA,2,500,INTERSTATE 5 NORTHBOUND,RIO HONDO RIVERBED,40,S,N,A,-,Y,NA,NA,NA,NA,NA,NA,NA,NA,NA,Y,4,0,1,2,A,-,03,22350,NA,N,C,C,A,A,H,-,D,D,0,NA,NA,NA,NA,Y,NA,D,22,0,0,1,0,0,0,0,0,0,-,-,33.97413,-118.12275,LOS ANGELES,CERRITOS,NA,NA