CASE_ID,ACCIDENT_YEAR,PROC_DATE,JURIS,COLLISION_DATE,COLLISION_TIME,OFFICER_ID,REPORTING_DISTRICT,DAY_OF_WEEK,CHP_SHIFT,POPULATION,CNTY_CITY_LOC,SPECIAL_COND,BEAT_TYPE,CHP_BEAT_TYPE,CITY_DIVISION_LAPD,CHP_BEAT_CLASS,BEAT_NUMBER,PRIMARY_RD,SECONDARY_RD,DISTANCE,DIRECTION,INTERSECTION,WEATHER_1,WEATHER_2,STATE_HWY_IND,CALTRANS_COUNTY,CALTRANS_DISTRICT,STATE_ROUTE,ROUTE_SUFFIX,POSTMILE_PREFIX,POSTMILE,LOCATION_TYPE,RAMP_INTERSECTION,SIDE_OF_HWY,TOW_AWAY,COLLISION_SEVERITY,NUMBER_KILLED,NUMBER_INJURED,PARTY_COUNT,PRIMARY_COLL_FACTOR,PCF_CODE_OF_VIOL,PCF_VIOL_CATEGORY,PCF_VIOLATION,PCF_VIOL_SUBSECTION,HIT_AND_RUN,TYPE_OF_COLLISION,MVIW,PED_ACTION,ROAD_SURFACE,ROAD_COND_1,ROAD_COND_2,LIGHTING,CONTROL_DEVICE,CHP_ROAD_TYPE,PEDESTRIAN_ACCIDENT,BICYCLE_ACCIDENT,MOTORCYCLE_ACCIDENT,TRUCK_ACCIDENT,NOT_PRIVATE_PROPERTY,ALCOHOL_INVOLVED,STWD_VEHTYPE_AT_FAULT,CHP_VEHTYPE_AT_FAULT,COUNT_SEVERE_INJ,COUNT_VISIBLE_INJ,COUNT_COMPLAINT_PAIN,COUNT_PED_KILLED,COUNT_PED_INJURED,COUNT_BICYCLIST_KILLED,COUNT_BICYCLIST_INJURED,COUNT_MC_KILLED,COUNT_MC_INJURED,PRIMARY_RAMP,SECONDARY_RAMP,LATITUDE,LONGITUDE,COUNTY,CITY,POINT_X,POINT_Y
90394016,2017,2017-02-15,9530,2017-02-08,0840,014661,NA,3,1,7,1941,0,1,1,NA,2,071,I-710 SOUTHBOUND,GREENLEAF BLVD.,100,S,N,B,-,Y,NA,NA,710,NA,NA,NA,NA,NA,S,N,4,0,1,3,A,-,03,22350,NA,N,C,C,A,A,H,-,A,D,0,NA,NA,NA,Y,Y,NA,G,25,0,0,1,0,0,0,0,0,0,-,-,33.881100000000004,-118.1918,LOS ANGELES,LONG BEACH,-118.19191138,33.88113157
9039402,2020,2020-03-16,1955,2020-01-10,2159,41484,85,5,5,6,1955,0,0,0,NA,0,005,FRANKLIN AV,GAREY AV,438,W,N,A,-,N,NA,NA,NA,NA,NA,NA,NA,NA,NA,Y,2,0,3,3,A,-,08,22107,NA,N,C,E,A,A,H,-,C,A,0,NA,NA,NA,NA,Y,NA,A,01,1,2,0,0,0,0,0,0,0,-,-,NA,NA,LOS ANGELES,POMONA,-117.75104522705078,34.04051208496094
90394033,2017,2017-02-15,9590,2017-02-01,2245,021480,NA,3,3,7,1942,0,1,1,NA,2,053,I-110 S/B (HARBOR FREEWAY),11TH STREET,100,S,N,A,-,Y,NA,NA,110,NA,NA,NA,NA,NA,S,Y,3,0,1,2,A,-,01,23152,A,N,B,C,A,A,H,-,C,D,0,NA,NA,Y,NA,Y,Y,C,02,0,1,0,0,0,0,0,0,1,-,-,34.04283,-118.27292,LOS ANGELES,LOS ANGELES,-118.27295442,34.04284876
90394039,2017,2017-02-15,9590,2017-02-13,1712,020672,NA,1,2,7,1942,0,1,1,NA,2,062,I-10 E/B (SMF),BUDLONG AVE,150,E,N,A,-,Y,NA,NA,10,NA,NA,NA,NA,NA,E,Y,4,0,1,2,A,-,03,22350,NA,N,C,C,A,A,H,-,B,D,0,NA,NA,NA,NA,Y,NA,D,22,0,0,1,0,0,0,0,0,0,-,-,34.03683,-118.29939,LOS ANGELES,LOS ANGELES,-118.29938748,34.03696284
90394042,2017,2017-02-15,9530,2017-02-07,1243,021493,NA,2,1,9,1900,0,3,5,NA,2,002,120TH ST.,SUCCESS AVE.,0,NA,Y,B,-,N,NA,NA,NA,NA,NA,NA,NA,NA,NA,Y,4,0,3,3,A,-,12,21453,A,N,D,C,A,A,H,-,A,A,0,NA,NA,NA,NA,Y,NA,A,01,0,0,3,0,0,0,0,0,0,-,-,33.9237,-118.2496,LOS ANGELES,UNINCORPORATED,-118.24933011,33.92373007
90394086,2017,2017-02-15,9530,2017-02-08,2210,021273,NA,3,3,9,1900,0,3,5,NA,2,001,FIRESTONE BLVD. (8000 BLOCK),ALAMEDA ST.,5,W,N,B,-,N,NA,NA,NA,NA,NA,NA,NA,NA,NA,N,3,0,1,2,A,-,10,21950,A,N,G,B,B,A,H,-,C,A,0,Y,NA,NA,NA,Y,NA,D,22,0,1,0,0,1,0,0,0,0,-,-,33.95774,-118.23123,LOS ANGELES,UNINCORPORATED,-118.2310956,33.95779437
90394139,2017,2017-02-15,9590,2017-02-13,1435,011420,NA,1,2,7,1942,0,1,1,NA,2,061,I-10 W/B (SANTA MONICA FWY),BALLONA CREEK,20,E,N,A,-,Y,NA,NA,10,NA,NA,NA,NA,NA,W,N,4,0,1,2,A,-,03,22350,NA,N,C,C,A,A,H,-,A,D,0,NA,NA,NA,NA,Y,NA,A,01,0,0,1,0,0,0,0,0,0,-,-,34.03605,-118.37284,LOS ANGELES,LOS ANGELES,-118.37283671,34.03606547
90394149,2017,2017-02-15,9590,2017-02-11,1207,021317,NA,6,1,7,1942,0,1,1,NA,2,081,I-5 S/B (GOLDEN STATE FREEWAY),7TH ST,800,S,N,B,-,Y,NA,NA,NA,NA,NA,NA,NA,NA,NA,Y,4,0,1,2,A,-,03,22350,NA,N,C,C,A,A,H,-,A,D,0,NA,NA,NA,NA,Y,NA,A,01,0,0,1,0,0,0,0,0,0,-,-,34.02804,-118.20413,LOS ANGELES,LOS ANGELES,NA,NA
90394153,2017,2017-02-15,9590,2017-02-14,1415,013179,NA,2,2,7,1942,0,1,1,NA,2,061,I-10 W/B (SANTA MONICA FREEWAY),WESTERN AVENUE O/C,200,W,N,A,-,Y,NA,NA,10,NA,NA,NA,NA,NA,W,Y,4,0,2,4,A,-,03,22350,NA,N,C,C,A,A,H,-,A,D,0,NA,NA,NA,NA,Y,NA,A,07,0,0,2,0,0,0,0,0,0,-,-,34.03693,-118.31019,LOS ANGELES,LOS ANGELES,-118.31018871,34.03727703
90394171,2017,2017-02-15,9525,2017-02-05,1915,021138,NA,7,2,5,1990,0,1,3,NA,2,602,SR-60 E/B (POMONA FWY),GRAND AVE,200,W,N,A,-,Y,NA,NA,60,NA,NA,NA,NA,NA,E,Y,4,0,1,2,A,-,07,21658,A,N,B,C,A,A,H,-,D,D,0,NA,NA,NA,NA,Y,NA,A,01,0,0,1,0,0,0,0,0,0,-,-,34.00681,-117.82673,LOS ANGELES,DIAMOND BAR,-117.826691,34.00676671
90394176,2017,2017-02-15,9535,2017-02-12,1838,020851,NA,7,2,5,1948,0,1,1,NA,2,070,I-710 (LONG BEACH FREEWAY) N/B,FLORAL DR.,2000,N,N,A,-,Y,NA,NA,710,NA,NA,NA,NA,NA,N,Y,4,0,1,4,A,-,03,22350,NA,N,C,C,A,A,H,-,A,D,0,NA,NA,NA,NA,Y,NA,A,01,0,0,1,0,0,0,0,0,0,-,-,34.04766,-118.16763,LOS ANGELES,MONTEREY PARK,-118.16766629,34.04769095
9039418,2020,2020-02-25,1925,2020-01-29,1553,21089,239,3,5,6,1925,0,0,0,NA,0,004,CHEVY CHASE DR,CALIFORNIA AV,0,NA,Y,A,-,N,NA,NA,NA,NA,NA,NA,NA,NA,NA,N,3,0,1,2,A,-,09,21802,NA,N,D,C,A,A,H,-,A,A,0,NA,NA,NA,NA,Y,NA,A,01,0,1,0,0,0,0,0,0,0,-,-,NA,NA,LOS ANGELES,GLENDALE,-118.23876190185548,34.1498908996582
90394180,2017,2017-02-15,9590,2017-02-10,1640,021291,NA,5,2,7,1942,0,1,1,NA,2,012,SR-110 N/B (ARROYO SECO PARKWAY),AVENUE 60,1500,N,N,C,-,Y,NA,NA,110,NA,NA,NA,NA,NA,N,Y,4,0,1,1,A,-,08,22107,NA,N,E,I,A,B,H,-,B,D,0,NA,NA,NA,NA,Y,NA,A,01,0,0,1,0,0,0,0,0,0,-,-,34.1113,-118.18364,LOS ANGELES,LOS ANGELES,-118.18364772,34.11131935
90394192,2017,2017-02-15,9530,2017-02-08,1330,021430,NA,3,1,9,1900,0,1,1,NA,2,210,I-105 E/B (GLENN ANDERSON FWY),WILMINGTON AVE.,1000,E,N,B,-,Y,NA,NA,105,NA,NA,NA,NA,NA,E,Y,3,0,3,2,A,-,04,21703,NA,N,C,C,A,A,H,-,A,D,0,NA,NA,NA,NA,Y,NA,A,01,0,1,2,0,0,0,0,0,0,-,-,33.9278,-118.23272,LOS ANGELES,UNINCORPORATED,-118.23272394,33.9278702
90394214,2016,2017-02-15,9590,2016-12-30,1523,021502,NA,5,2,7,1942,0,1,1,NA,2,050,I-110 N/B (HARBOR FREEWAY),CENTURY BOULEVARD,500,N,N,B,-,Y,NA,NA,110,NA,NA,NA,NA,NA,N,Y,4,0,2,3,A,-,03,22350,NA,N,C,C,A,B,H,-,A,D,0,NA,NA,NA,NA,Y,NA,A,01,0,0,2,0,0,0,0,0,0,-,-,33.94697,-118.27938,LOS ANGELES,LOS ANGELES,-118.27939104,33.94697098
90394233,2017,2017-02-15,9535,2017-02-13,1440,020347,NA,1,2,5,1947,0,1,3,NA,2,600,SR-60 (POMONA FREEWAY) E/B,MARKLAND DR.,100,E,N,A,-,Y,NA,NA,60,NA,NA,NA,NA,NA,E,Y,4,0,1,2,A,-,03,22350,NA,N,C,C,A,A,H,-,A,D,0,NA,NA,NA,NA,Y,NA,A,07,0,0,1,0,0,0,0,0,0,-,-,34.0334,-118.11704,LOS ANGELES,MONTEBELLO,-118.11704044,34.03318531
90394239,2017,2017-02-15,9590,2017-02-10,1533,021346,NA,5,2,7,1942,0,1,1,NA,2,085,I-5 S/B (GOLDEN STATE FREEWAY),GLENDALE BOULEVARD,50,N,N,C,-,Y,NA,NA,5,NA,NA,NA,NA,NA,S,N,4,0,1,2,A,-,03,22350,NA,N,C,C,A,B,H,-,A,A,0,NA,NA,NA,NA,Y,NA,A,01,0,0,1,0,0,0,0,0,0,-,-,34.11181,-118.26557,LOS ANGELES,LOS ANGELES,-118.26547572,34.11194045
90394254,2017,2017-02-15,9525,2017-02-13,1205,015445,NA,1,1,6,1955,0,1,1,NA,2,107,I-10 W/B FROM FAIRPLEX DRIVE,FAIRPLEX DRIVE,500,W,N,B,-,Y,NA,NA,10,NA,NA,NA,R,NA,W,Y,4,0,1,2,A,-,03,22350,NA,N,C,C,A,A,H,-,A,A,0,NA,NA,NA,NA,Y,NA,D,22,0,0,1,0,0,0,0,0,0,-,-,34.0726,-117.7902,LOS ANGELES,POMONA,-117.7902,34.0726
90394257,2017,2017-02-15,9590,2017-02-11,1240,021291,NA,6,1,7,1942,0,1,2,NA,2,042,US-101 N/B (SANTA ANA FREEWAY),1ST STREET,50,N,N,B,-,Y,NA,NA,101,NA,NA,NA,NA,NA,N,Y,4,0,2,2,A,-,03,22350,NA,N,C,C,A,A,H,-,A,D,0,NA,NA,NA,NA,Y,NA,A,07,0,0,2,0,0,0,0,0,0,-,-,34.04776,-118.22145,LOS ANGELES,LOS ANGELES,-118.22150207,34.04774185
90394261,2017,2017-02-15,9590,2017-02-11,1500,021291,NA,6,2,7,1942,0,1,1,NA,2,065,I-10 W/B (SANTA MONICA FREEWAY),ALAMEDA STREET,200,W,N,A,-,Y,NA,NA,10,NA,NA,NA,NA,NA,W,N,4,0,2,2,A,-,03,22350,NA,N,C,C,A,A,H,-,A,D,0,NA,NA,NA,NA,Y,NA,A,01,0,0,2,0,0,0,0,0,0,-,-,34.02444,-118.24012,LOS ANGELES,LOS ANGELES,-118.24011299,34.02442293
90394272,2017,2017-12-19,9590,2017-02-11,0220,021535,NA,6,3,7,1942,0,1,2,NA,2,070,US-101 NORTHBOUND (HOLLYWOOD FREEWAY),CORONADO STREET,400,S,N,C,-,Y,NA,NA,101,NA,NA,NA,NA,NA,N,Y,4,0,1,3,A,-,03,22350,NA,N,C,C,A,B,H,-,C,D,0,NA,NA,NA,NA,Y,NA,A,01,0,0,1,0,0,0,0,0,0,-,-,34.07352,-118.27017,LOS ANGELES,LOS ANGELES,-118.27018361,34.07349017
90394275,2017,2017-02-15,9590,2017-02-13,0225,021502,NA,1,3,7,1942,0,1,1,NA,2,062,I-10 E/B (SANTA MONICA FREEWAY),S UNION AVENUE,50,E,N,A,-,Y,NA,NA,10,NA,NA,NA,NA,NA,E,Y,3,0,1,1,A,-,08,22107,NA,N,E,I,A,A,H,-,C,D,0,NA,NA,NA,NA,Y,NA,A,01,0,1,0,0,0,0,0,0,0,-,-,34.03728,-118.28173,LOS ANGELES,LOS ANGELES,-118.28177192,34.03749699
90394280,2017,2017-02-15,9590,2017-02-09,1100,016230,NA,4,1,7,1942,0,1,1,NA,2,082,I-5 N/B GSF,MISSION RD,130,N,N,A,-,Y,NA,NA,NA,NA,NA,NA,NA,NA,NA,N,4,0,1,2,A,-,03,22350,NA,N,C,C,A,A,H,-,A,D,0,NA,NA,NA,NA,Y,NA,D,22,0,0,1,0,0,0,0,0,0,-,-,34.10372,-118.04267,LOS ANGELES,LOS ANGELES,NA,NA
90394283,2017,2017-02-15,9535,2017-02-14,2205,021149,NA,2,3,3,1914,0,1,1,NA,2,073,I-710 (LONG BEACH FREEWAY) S/B,WASHINGTON BLVD,1400,N,N,A,-,Y,NA,NA,710,NA,NA,NA,NA,NA,S,N,4,0,2,3,A,-,03,22350,NA,N,C,C,A,A,H,-,D,D,0,NA,NA,NA,Y,Y,NA,G,25,0,0,2,0,0,0,0,0,0,-,-,34.00853,-118.17249,LOS ANGELES,COMMERCE,-118.17245218,34.00852895
90394284,2017,2017-02-15,9535,2017-01-25,1830,014473,NA,3,2,9,1900,0,1,3,NA,2,621,SR-60 (POMONA FREEWAY) W/B,RIO HONDO RIVER,100,W,N,A,-,Y,NA,NA,60,NA,NA,NA,NA,NA,W,N,4,0,1,3,A,-,03,22350,NA,N,C,C,A,A,H,-,D,D,0,NA,NA,NA,NA,Y,NA,A,01,0,0,1,0,0,0,0,0,0,-,-,34.04095,-118.07498,LOS ANGELES,UNINCORPORATED,-118.07497491,34.0409146
90394285,2017,2017-02-15,9565,2017-02-10,1000,020800,NA,5,1,7,1942,0,1,1,NA,2,082,I-10 E/B (SANTA MONICA FWY),SAWTELLE BLVD,500,W,N,B,-,Y,NA,NA,10,NA,NA,NA,NA,NA,E,N,3,0,1,3,A,-,03,22350,NA,F,C,C,A,A,H,-,A,D,0,NA,NA,NA,NA,Y,NA,A,01,0,1,0,0,0,0,0,0,0,-,-,34.03016,-118.44068,LOS ANGELES,LOS ANGELES,-118.44068495,34.03019486
90394287,2017,2017-02-15,9565,2017-02-10,0739,020239,NA,5,1,7,1942,1,4,S,NA,2,901,KINCARDINE AVENUE,ROBERTSON BLVD,200,W,N,B,-,N,NA,NA,NA,NA,NA,NA,NA,NA,NA,N,4,0,1,1,C,-,18,NA,NA,N,H,A,A,A,H,-,A,D,0,NA,NA,NA,NA,Y,NA,-,-,0,0,1,0,0,0,0,0,0,-,-,34.03312,-118.39053,LOS ANGELES,LOS ANGELES,-118.39052502,34.03308362
90394288,2017,2017-02-15,9525,2017-02-14,1335,012772,NA,2,1,9,1900,0,2,4,NA,2,045,VALLEY BLVD (14600 BLK),7TH AVE,37,E,N,A,-,N,NA,NA,NA,NA,NA,NA,NA,NA,NA,N,4,0,1,2,A,-,03,22350,NA,N,C,C,A,A,H,-,A,D,0,NA,NA,NA,NA,Y,NA,A,07,0,0,1,0,0,0,0,0,0,-,-,34.03473,-117.97447,LOS ANGELES,UNINCORPORATED,-117.97447625,34.0346952
90394294,2017,2017-02-15,9535,2017-01-30,0255,021505,NA,1,3,9,1900,0,2,4,NA,2,022,OLYMPIC BLVD.,ATLANTIC BLVD.,0,NA,Y,A,-,N,NA,NA,NA,NA,NA,NA,NA,NA,NA,Y,3,0,2,2,A,-,12,21453,A,N,D,C,A,A,H,-,C,A,0,NA,NA,NA,NA,Y,NA,-,-,0,2,0,0,0,0,0,0,0,-,-,34.01631,-118.15849,LOS ANGELES,UNINCORPORATED,-118.15854004,34.01630001
90394296,2017,2017-02-15,9565,2017-02-10,2110,020573,NA,5,2,6,1933,0,1,1,NA,2,060,I-405 S/B (SAN DIEGO FWY),CENTURY BLVD,150,N,N,A,-,Y,NA,NA,405,NA,NA,NA,NA,NA,S,N,4,0,1,5,A,-,03,22350,NA,F,C,C,A,A,H,-,C,D,0,NA,NA,NA,NA,Y,NA,A,01,0,0,1,0,0,0,0,0,0,-,-,33.94572,-118.36862,LOS ANGELES,INGLEWOOD,-118.36853135,33.94571499
90394297,2017,2017-02-16,9535,2017-01-28,0235,021441,NA,6,3,9,1900,0,2,4,NA,2,016,FORD BLVD.,1ST ST.,0,NA,Y,A,-,N,NA,NA,NA,NA,NA,NA,NA,NA,NA,Y,4,0,1,2,A,-,09,21801,A,N,D,C,A,A,H,-,C,A,0,NA,NA,NA,NA,Y,NA,A,01,0,0,1,0,0,0,0,0,0,-,-,34.03696,-118.1691,LOS ANGELES,UNINCORPORATED,-118.16925012,34.03694009
90394300,2017,2017-02-16,9525,2017-02-14,1545,020869,NA,2,2,9,1900,0,3,5,NA,2,003,BLUE LAGOON ST (16100 BLOCK),ECHELON AVE,10,E,N,A,-,N,NA,NA,NA,NA,NA,NA,NA,NA,NA,Y,4,0,1,2,A,-,08,22107,NA,N,A,C,A,A,H,-,A,D,0,NA,NA,NA,NA,Y,NA,D,22,0,0,1,0,0,0,0,0,0,-,-,34.0405,-117.9341,LOS ANGELES,UNINCORPORATED,-117.9342072,34.04049759
90394304,2017,2017-02-16,9590,2017-02-14,0700,013435,NA,2,1,7,1942,0,1,1,NA,2,051,I-110 S/B (HARBOR FREEWAY),92ND STREET,200,N,N,B,-,Y,NA,NA,110,NA,NA,NA,NA,NA,S,Y,4,0,2,2,A,-,03,22350,NA,N,C,C,A,A,H,-,A,D,0,NA,NA,NA,NA,Y,NA,A,01,0,0,2,0,0,0,0,0,0,-,-,33.95322,-118.28068,LOS ANGELES,LOS ANGELES,-118.28061864,33.95323235
90394308,2017,2017-02-27,9590,2017-02-15,0535,016692,NA,3,3,7,1942,0,1,1,NA,2,052,I-110 N/B (HARBOR FWY.),FIGUEROA ST. O/C,75,N,N,A,-,Y,NA,NA,NA,NA,NA,NA,NA,NA,NA,Y,4,0,1,3,A,-,17,21658,NA,N,B,C,A,A,H,-,C,D,0,NA,NA,NA,NA,Y,NA,A,01,0,0,1,0,0,0,0,0,0,-,-,34.15298,-118.1628,LOS ANGELES,LOS ANGELES,-118.28292541,33.92006031
90394317,2017,2017-02-16,9590,2017-02-07,0940,016641,NA,2,1,7,1942,0,1,1,NA,2,080,I-5 N/B (GSF) TO 1-01 E/B (SBF),STATE ST.,500,E,N,C,-,Y,NA,NA,NA,NA,NA,NA,NA,NA,NA,Y,3,0,2,1,A,-,08,22107,NA,N,E,I,A,B,H,-,A,D,0,NA,NA,NA,NA,Y,NA,D,22,0,2,0,0,0,0,0,0,0,-,-,34.05434,-118.21053,LOS ANGELES,LOS ANGELES,-118.21389146,34.05103984
90394329,2017,2017-02-16,9550,2017-02-04,2140,021449,NA,6,2,9,1900,0,2,4,NA,1,013,NORWALK BOULEVARD,WASHINGTON BOULEVARD,0,NA,Y,A,-,N,NA,NA,NA,NA,NA,NA,NA,NA,NA,N,4,0,1,2,A,-,05,21650,NA,N,H,G,A,A,H,-,C,A,0,NA,Y,NA,NA,Y,NA,L,04,0,0,1,0,0,0,1,0,0,-,-,33.9724,-118.07374,LOS ANGELES,UNINCORPORATED,-118.07399008,33.9725001
90394333,2017,2017-02-16,9575,2017-02-03,1257,021344,NA,5,1,6,1953,0,1,3,NA,2,040,SR-134 W/B (VENTURA FREEWAY),SAN RAFAEL AVENUE,90,E,N,A,-,Y,NA,NA,134,NA,NA,NA,NA,NA,W,Y,2,0,1,3,A,-,03,22350,NA,N,C,C,A,A,H,-,A,D,0,NA,NA,NA,NA,Y,NA,A,01,1,0,0,0,0,0,0,0,0,-,-,34.14353,-118.17037,LOS ANGELES,PASADENA,-118.17037891,34.14355396
90394336,2017,2017-02-16,9590,2017-02-15,1820,021504,NA,3,2,7,1942,0,1,1,NA,2,051,I-110 S/B (HAF),W. 39TH STREET U/C,200,S,N,A,-,Y,NA,NA,110,NA,NA,NA,NA,NA,S,N,4,0,1,3,A,-,03,22350,NA,N,C,C,A,A,H,-,C,D,0,NA,NA,NA,NA,Y,NA,A,07,0,0,1,0,0,0,0,0,0,-,-,34.0133,-118.28128,LOS ANGELES,LOS ANGELES,-118.28110043,34.01329814
90394337,2017,2017-02-16,9590,2017-02-08,0217,021504,NA,3,3,7,1942,0,1,2,NA,2,071,US-101 S/B (SAF),ALAMEDA STREET O/C,250,S,N,C,-,Y,NA,NA,101,NA,NA,NA,NA,NA,S,Y,4,0,1,1,A,-,01,23152,A,N,E,I,A,B,H,-,C,D,0,NA,NA,NA,NA,Y,Y,A,01,0,0,1,0,0,0,0,0,0,-,-,34.0538,-118.23647,LOS ANGELES,LOS ANGELES,-118.23647432,34.05372557
90394343,2017,2017-02-16,9540,2017-02-14,2300,021360,NA,2,3,9,1900,0,1,3,NA,2,147,SR-14 (S/B) (ANTELOPE VALLEY FREEWAY),ESCONDIDO CANYON ROAD,9504,S,N,A,-,Y,NA,NA,14,NA,NA,NA,NA,NA,NA,Y,3,0,1,2,A,-,03,22350,NA,F,C,C,A,A,H,-,D,D,0,NA,NA,NA,NA,Y,NA,-,99,0,1,0,0,0,0,0,0,0,-,-,34.47478,-118.30792,LOS ANGELES,UNINCORPORATED,-118.30786927,34.47467828
90394359,2017,2017-02-16,9525,2017-02-08,1503,020216,NA,3,2,1,1934,0,1,1,NA,2,203,I-210 W/B (FOOTHILL FREEWAY),IRWINDALE AVE.,4224,W,N,B,-,Y,NA,NA,210,NA,NA,NA,NA,NA,W,Y,4,0,1,2,A,-,03,22350,NA,N,C,C,A,A,H,-,A,D,0,NA,NA,NA,NA,Y,NA,D,22,0,0,1,0,0,0,0,0,0,-,-,34.13198,-117.94905,LOS ANGELES,IRWINDALE,-117.94906142,34.1319485
90394360,2017,2017-02-16,9525,2017-02-09,1440,020951,NA,4,2,9,1900,0,3,5,NA,2,003,SANDALWOOD AVE. (200 S. BLOCK),CALCUTTA ST.,3,S,N,A,-,N,NA,NA,NA,NA,NA,NA,NA,NA,NA,N,3,0,1,1,A,-,16,24002,A,N,F,A,A,A,H,-,A,D,0,NA,NA,NA,NA,Y,NA,M,96,0,1,0,0,0,0,0,0,0,-,-,34.01619,-117.91745,LOS ANGELES,UNINCORPORATED,-117.91752362,34.016212350000004
90394365,2017,2017-02-16,9575,2017-02-10,1855,021144,NA,5,2,6,1925,0,1,1,NA,2,061,I-210 E/B (FOOTHILL FREEWAY),LA TUNA CANYON RD.,1000,E,N,B,C,Y,NA,NA,NA,NA,NA,NA,NA,NA,NA,N,4,0,1,2,A,-,03,22350,NA,M,C,C,A,B,H,-,D,D,0,NA,NA,NA,NA,Y,NA,-,99,0,0,1,0,0,0,0,0,0,-,-,34.23423,-118.28607,LOS ANGELES,GLENDALE,-118.2875375,34.23439241
90394379,2017,2017-02-16,9575,2017-02-10,2010,021188,NA,5,2,6,1912,0,1,1,NA,2,051,I-5 S/B (GOLDEN STATE FREEWAY),SAN FERNANDO BLVD.,500,S,N,C,-,Y,NA,NA,5,NA,NA,NA,NA,NA,S,Y,4,0,2,3,A,-,03,22350,NA,N,E,I,A,B,H,-,C,D,0,NA,NA,NA,NA,Y,NA,A,01,0,0,2,0,0,0,0,0,0,-,-,34.19093,-118.32659,LOS ANGELES,BURBANK,-118.32659509,34.19092377
90394384,2017,2017-02-16,9530,2017-02-08,1035,014661,NA,3,1,7,1941,0,1,1,NA,2,072,I-710 SOUTHBOUND,PACIFIC COAST HWY.,300,N,N,B,-,Y,NA,NA,710,NA,NA,NA,NA,NA,S,Y,4,0,1,2,A,-,03,22350,NA,N,C,C,A,A,H,-,A,D,0,NA,NA,NA,NA,Y,NA,A,01,0,0,1,0,0,0,0,0,0,-,-,33.7908,-118.2079,LOS ANGELES,LONG BEACH,-118.20792893,33.79080314
90394409,2016,2017-02-16,9580,2016-05-27,2050,020334,NA,5,2,9,1900,0,2,4,NA,1,127,MALIBU CANYON RD,FRANCISCO RANCH RD.,1060,S,N,A,-,N,NA,NA,NA,NA,NA,NA,NA,NA,NA,Y,1,1,1,1,A,-,01,23152,A,N,E,I,A,A,H,-,B,D,0,NA,NA,NA,NA,Y,Y,A,01,1,0,0,0,0,0,0,0,0,-,-,34.04735,-118.69203,LOS ANGELES,UNINCORPORATED,-118.69207263,34.04734802
90394410,2017,2017-02-16,9565,2017-02-15,2020,020518,NA,3,2,7,1942,0,1,1,NA,2,082,I-10 E/B,GATEWAY BLVD.,50,E,N,A,-,Y,NA,NA,10,NA,NA,NA,NA,NA,E,Y,4,0,1,2,A,-,03,22350,NA,N,C,C,A,A,H,-,C,D,0,NA,NA,NA,NA,Y,NA,A,01,0,0,1,0,0,0,0,0,0,-,-,34.03018,-118.44013,LOS ANGELES,LOS ANGELES,-118.44014305,34.03027186
90394414,2017,2017-02-16,9575,2017-02-10,2055,021188,NA,5,2,6,1912,0,1,1,NA,2,051,I-5 N/B (GOLDEN STATE FREEWAY),BURBANK BLVD.,500,S,N,C,-,Y,NA,NA,5,NA,NA,NA,NA,NA,N,Y,4,0,2,2,A,-,01,23152,A,N,C,C,A,B,H,-,C,D,0,NA,NA,NA,NA,Y,Y,D,22,0,0,2,0,0,0,0,0,0,-,-,34.18682,-118.3203,LOS ANGELES,BURBANK,-118.32029593,34.18682945
90394446,2017,2017-02-16,9525,2017-02-10,1240,021138,NA,5,1,5,1926,0,1,1,NA,2,208,I-210 E/B (FOOTHILL FWY),LONE HILL AVE,2640,W,N,B,-,Y,NA,NA,210,NA,NA,NA,NA,NA,E,N,4,0,1,2,A,-,03,22350,NA,N,C,C,A,A,H,-,A,D,0,NA,NA,NA,NA,Y,NA,A,01,0,0,1,0,0,0,0,0,0,-,-,34.12023,-117.83684,LOS ANGELES,GLENDORA,-117.83684175,34.12023665
90394469,2017,2017-02-16,9580,2017-02-04,2144,021079,NA,6,2,7,1942,0,1,2,NA,2,101,US-101 S/B (HOLLYWOOD FREEWAY),LANKERSHIM BLVD,1320,N,N,B,-,Y,NA,NA,101,NA,NA,NA,NA,NA,S,N,4,0,1,2,A,-,03,22350,NA,M,C,C,A,A,H,-,D,D,0,NA,NA,NA,NA,Y,NA,-,99,0,0,1,0,0,0,0,0,0,-,-,34.13956,-118.36543,LOS ANGELES,LOS ANGELES,-118.36540688,34.13958127
90394509,2017,2017-02-16,9540,2017-02-10,1040,018759,NA,5,1,9,1900,0,2,4,NA,2,012,PICO CANYON RD. (24700 BLOCK),CHIQUELLA LN.,124,E,N,B,-,Y,NA,NA,NA,NA,NA,NA,NA,NA,NA,Y,4,0,2,2,A,-,03,22350,NA,N,C,C,A,A,H,-,A,A,0,NA,NA,NA,NA,Y,NA,A,01,0,0,2,0,0,0,0,0,0,-,-,34.37894,-118.56615,LOS ANGELES,UNINCORPORATED,-118.567,34.37921