CASE_ID,ACCIDENT_YEAR,PROC_DATE,JURIS,COLLISION_DATE,COLLISION_TIME,OFFICER_ID,REPORTING_DISTRICT,DAY_OF_WEEK,CHP_SHIFT,POPULATION,CNTY_CITY_LOC,SPECIAL_COND,BEAT_TYPE,CHP_BEAT_TYPE,CITY_DIVISION_LAPD,CHP_BEAT_CLASS,BEAT_NUMBER,PRIMARY_RD,SECONDARY_RD,DISTANCE,DIRECTION,INTERSECTION,WEATHER_1,WEATHER_2,STATE_HWY_IND,CALTRANS_COUNTY,CALTRANS_DISTRICT,STATE_ROUTE,ROUTE_SUFFIX,POSTMILE_PREFIX,POSTMILE,LOCATION_TYPE,RAMP_INTERSECTION,SIDE_OF_HWY,TOW_AWAY,COLLISION_SEVERITY,NUMBER_KILLED,NUMBER_INJURED,PARTY_COUNT,PRIMARY_COLL_FACTOR,PCF_CODE_OF_VIOL,PCF_VIOL_CATEGORY,PCF_VIOLATION,PCF_VIOL_SUBSECTION,HIT_AND_RUN,TYPE_OF_COLLISION,MVIW,PED_ACTION,ROAD_SURFACE,ROAD_COND_1,ROAD_COND_2,LIGHTING,CONTROL_DEVICE,CHP_ROAD_TYPE,PEDESTRIAN_ACCIDENT,BICYCLE_ACCIDENT,MOTORCYCLE_ACCIDENT,TRUCK_ACCIDENT,NOT_PRIVATE_PROPERTY,ALCOHOL_INVOLVED,STWD_VEHTYPE_AT_FAULT,CHP_VEHTYPE_AT_FAULT,COUNT_SEVERE_INJ,COUNT_VISIBLE_INJ,COUNT_COMPLAINT_PAIN,COUNT_PED_KILLED,COUNT_PED_INJURED,COUNT_BICYCLIST_KILLED,COUNT_BICYCLIST_INJURED,COUNT_MC_KILLED,COUNT_MC_INJURED,PRIMARY_RAMP,SECONDARY_RAMP,LATITUDE,LONGITUDE,COUNTY,CITY,POINT_X,POINT_Y
90395238,2017,2017-02-17,9525,2017-02-10,0356,021156,NA,5,3,9,1900,0,3,5,NA,2,004,WORKMAN MILL RD. (1000 BLOCK),BARK DR.,200,N,N,A,-,N,NA,NA,NA,NA,NA,NA,NA,NA,NA,Y,4,0,1,1,A,-,08,22107,NA,N,E,I,A,A,H,-,C,D,0,NA,NA,NA,NA,Y,NA,A,07,0,0,1,0,0,0,0,0,0,-,-,34.03684,-118.00769,LOS ANGELES,UNINCORPORATED,-118.00799249,34.03691189
90395248,2017,2017-02-17,9525,2017-02-10,0840,019506,NA,5,1,4,1960,0,1,1,NA,2,207,SR-210 W/B TO SR-57 S/B,LONE HILL AVE,2112,E,N,B,-,Y,NA,NA,210,NA,NA,NA,R,NA,W,Y,4,0,1,2,A,-,03,22350,NA,N,C,C,A,A,H,-,A,D,0,NA,NA,NA,NA,Y,NA,A,01,0,0,1,0,0,0,0,0,0,-,-,34.12082,-117.82198,LOS ANGELES,SAN DIMAS,-117.82198,34.12082
90395253,2017,2017-02-17,9525,2017-02-09,1435,020346,NA,4,2,5,1990,0,1,3,NA,2,574,SR-57 N/B (ORANGE FWY),PATHFINDER RD,1500,N,N,A,-,Y,NA,NA,57,NA,NA,NA,NA,NA,N,N,4,0,1,2,A,-,03,22350,NA,N,C,C,A,A,H,-,A,D,0,NA,NA,NA,NA,Y,NA,A,01,0,0,1,0,0,0,0,0,0,-,-,33.996,-117.8403,LOS ANGELES,DIAMOND BAR,-117.84031213,33.99600896
90395255,2017,2017-02-17,9530,2017-02-11,1409,017755,NA,6,2,5,1977,0,1,1,NA,2,410,I-405 S/B (SAN DIEGO FREEWAY),ALAMEDA ST.,427,S,N,B,-,Y,NA,NA,405,NA,NA,NA,NA,NA,S,Y,4,0,3,4,A,-,03,22350,NA,N,C,C,A,A,H,-,A,D,0,NA,NA,NA,NA,Y,NA,A,01,0,0,3,0,0,0,0,0,0,-,-,33.82562,-118.23137,LOS ANGELES,CARSON,-118.23137111,33.82559956
90395260,2017,2017-05-24,9565,2017-02-09,0650,016326,NA,4,1,9,1900,0,2,4,NA,1,032,SLAUSON AVE.,LADERA PARK AVE.,500,W,N,E,-,N,NA,NA,NA,NA,NA,NA,NA,NA,NA,Y,4,0,1,5,A,-,07,21658,A,N,B,C,A,A,H,-,A,D,0,NA,NA,NA,NA,Y,NA,A,01,0,0,1,0,0,0,0,0,0,-,-,33.98775,-118.36192,LOS ANGELES,UNINCORPORATED,-118.36124984,33.98795771
90395262,2017,2017-02-17,9535,2017-02-06,0820,019540,NA,1,1,9,1900,0,1,1,NA,2,072,I-710 N/B TO OLYMPIC BLVD,OLYMPIC BLD,100,S,N,C,-,Y,NA,NA,710,NA,NA,NA,R,NA,N,Y,3,0,1,1,A,-,08,22107,NA,N,E,I,A,B,H,-,A,D,0,NA,NA,NA,NA,Y,NA,A,08,0,1,0,0,0,0,0,0,0,-,-,34.01871,-118.17243,LOS ANGELES,UNINCORPORATED,-118.17243,34.01871
90395263,2017,2017-02-17,9530,2017-02-11,1802,017755,NA,6,2,7,1942,0,1,1,NA,2,400,I-405 S/B (SAN DIEGO FREEWAY),NORMANDIE AVE.,525,S,N,B,-,Y,NA,NA,NA,NA,NA,NA,NA,NA,NA,Y,4,0,1,3,A,-,03,22350,NA,N,C,C,A,A,H,-,D,D,0,NA,NA,NA,NA,Y,NA,A,01,0,0,1,0,0,0,0,0,0,-,-,33.85147,-118.28561,LOS ANGELES,LOS ANGELES,-118.29924,33.85973
90395267,2016,2017-02-17,9535,2016-12-31,2100,021353,NA,6,2,9,1900,0,2,4,NA,2,022,OLYMPIC BLVD,HENDRICKS AVE,0,NA,Y,A,-,N,NA,NA,NA,NA,NA,NA,NA,NA,NA,N,4,0,1,2,A,-,12,21453,A,N,D,C,A,A,H,-,C,A,0,NA,NA,NA,NA,Y,NA,A,01,0,0,1,0,0,0,0,0,0,-,-,34.01308,-118.14103,LOS ANGELES,UNINCORPORATED,-118.14106005,34.01302002
90395274,2016,2017-02-17,9540,2016-11-15,0045,020875,NA,2,3,9,1900,0,1,1,NA,2,508,I-5 N/B (GOLDEN STATE FREEWAY),PALOMAS WASH,2233,N,N,A,-,Y,NA,NA,5,NA,NA,NA,NA,NA,N,Y,1,1,1,1,A,-,08,22107,NA,N,E,I,A,A,H,-,D,D,0,NA,NA,NA,NA,Y,NA,A,01,0,1,0,0,0,0,0,0,0,-,-,34.51371,-118.63708,LOS ANGELES,UNINCORPORATED,-118.63697851,34.51377616
90395276,2017,2017-02-17,9535,2017-02-07,0640,021381,NA,2,1,5,1906,0,1,1,NA,2,650,I-605 N/B (SAN GABRIEL RIVER FREEWAY),VALLEY BLVD,312,N,N,B,-,Y,NA,NA,605,NA,NA,NA,NA,NA,N,Y,4,0,1,3,A,-,03,22350,NA,N,C,C,A,B,H,-,A,D,0,NA,NA,NA,NA,Y,NA,A,01,0,0,1,0,0,0,0,0,0,-,-,34.0557,-118.00332,LOS ANGELES,BALDWIN PARK,-118.00333606,34.0557091
90395300,2017,2017-02-17,9525,2017-02-11,2255,021156,NA,6,3,9,1900,0,3,5,NA,2,003,GRAND AVE. (300 BLOCK),GOLDEN BOUGH DR.,20,S,N,A,-,N,NA,NA,NA,NA,NA,NA,NA,NA,NA,Y,4,0,1,2,A,-,03,22350,NA,N,C,E,A,A,H,-,C,D,0,NA,NA,NA,NA,Y,NA,A,01,0,0,1,0,0,0,0,0,0,-,-,34.06671,-117.87028,LOS ANGELES,UNINCORPORATED,-117.87033057,34.06670095
90395305,2017,2017-02-17,9535,2017-01-13,1935,021363,NA,5,2,9,1900,0,2,4,NA,2,022,OLYMPIC BLVD,WOODS AVE,0,NA,Y,B,-,N,NA,NA,NA,NA,NA,NA,NA,NA,NA,Y,4,0,2,4,A,-,09,21802,A,N,D,C,A,A,H,-,C,A,0,NA,NA,NA,NA,Y,NA,A,01,0,0,2,0,0,0,0,0,0,-,-,34.01652,-118.15952,LOS ANGELES,UNINCORPORATED,-118.15953003,34.01651001
90395310,2017,2017-02-17,9545,2017-02-08,1535,015589,NA,3,2,9,1900,0,3,5,NA,1,006,60TH ST  W,AVENUE L-8,295,N,N,A,B,N,NA,NA,NA,NA,NA,NA,NA,NA,NA,Y,4,0,1,1,A,-,08,22107,NA,N,E,I,A,A,H,-,A,D,0,NA,NA,NA,NA,Y,NA,D,22,0,0,1,0,0,0,0,0,0,-,-,34.65346,-118.2363,LOS ANGELES,UNINCORPORATED,-118.23623412,34.65366885
90395318,2017,2017-02-17,9535,2017-01-24,0920,021381,NA,2,1,9,1900,0,3,5,NA,2,001,SIMMONS AVE. (600 BLOCK),VIA SAN DELARRO,140,N,N,A,-,N,NA,NA,NA,NA,NA,NA,NA,NA,NA,N,4,0,1,2,A,-,05,21202,A,N,H,G,A,A,H,-,A,D,0,NA,Y,NA,NA,Y,NA,L,04,0,0,1,0,0,0,1,0,0,-,-,34.02766,-118.14279,LOS ANGELES,UNINCORPORATED,-118.14295026,34.02726517
90395336,2017,2017-02-17,9525,2017-01-26,1050,012820,NA,4,1,4,1938,0,1,1,NA,2,207,SR-210 W/B (FOOTHILL FWY),WHEELER AVE,40,E,N,B,-,Y,NA,NA,210,NA,NA,NA,NA,NA,W,Y,4,0,1,3,A,-,08,22107,NA,N,C,C,A,A,H,-,A,D,0,NA,NA,NA,Y,Y,NA,A,01,0,0,1,0,0,0,0,0,0,-,-,34.1198,-117.77671,LOS ANGELES,LA VERNE,-117.77671521,34.11970629
90395342,2017,2017-02-17,9580,2017-02-08,1520,020788,NA,3,2,7,1942,0,1,2,NA,2,100,US-101 N/B (HOLLYWOOD FREEWAY),MOORPARK STREET,300,N,N,A,-,Y,NA,NA,101,NA,NA,NA,NA,NA,N,N,4,0,1,2,A,-,07,21658,A,N,B,C,A,A,H,-,A,D,0,NA,NA,NA,NA,Y,NA,A,01,0,0,1,0,0,0,0,0,0,-,-,34.15172,-118.37484,LOS ANGELES,LOS ANGELES,-118.37483279,34.15172334
90395345,2017,2017-02-17,9545,2017-02-09,1255,016549,NA,4,1,9,1900,0,3,5,NA,2,004,PALMDALE BLVD,165TH STREET EAST,0,NA,Y,A,-,N,NA,NA,NA,NA,NA,NA,NA,NA,NA,Y,4,0,2,2,A,-,05,21752,D,N,B,C,A,A,H,-,A,A,0,NA,NA,NA,NA,Y,NA,D,22,0,0,2,0,0,0,0,0,0,-,-,34.57986,-117.83534,LOS ANGELES,UNINCORPORATED,-117.83578008,34.57992002
90395352,2017,2017-02-17,9525,2017-02-09,1310,020216,NA,4,1,4,1946,0,1,1,NA,2,202,I-210 E/B (FOOTHILL FWY),HUNTINGTON DR.,100,E,N,A,-,Y,NA,NA,210,NA,NA,NA,NA,NA,E,Y,3,0,3,3,A,-,03,22350,NA,N,C,C,A,A,H,-,A,D,0,NA,NA,NA,NA,Y,NA,A,01,0,1,2,0,0,0,0,0,0,-,-,34.1359,-118.00888,LOS ANGELES,MONROVIA,-118.00884342,34.13600672
90395353,2017,2017-02-17,9535,2017-01-13,1825,021363,NA,5,2,9,1900,0,2,4,NA,2,024,WHITTIER BLVD (5600 BLOCK),WILLIAMSON AVE,150,W,N,A,-,N,NA,NA,NA,NA,NA,NA,NA,NA,NA,N,4,0,1,4,A,-,03,22350,NA,N,C,C,A,A,H,-,A,A,0,NA,NA,NA,NA,Y,NA,A,01,0,0,1,0,0,0,0,0,0,-,-,34.0191,-118.1491,LOS ANGELES,UNINCORPORATED,-118.14877904,34.01861037
9039536,2020,2020-03-16,1931,2020-01-31,1253,5315,1931,5,5,5,1931,0,0,0,NA,0,001,MALABAR ST,52ND ST,0,NA,Y,A,-,N,NA,NA,NA,NA,NA,NA,NA,NA,NA,N,4,0,1,2,A,-,09,21801,A,N,D,C,A,A,H,-,A,A,0,NA,NA,NA,NA,Y,NA,A,01,0,0,1,0,0,0,0,0,0,-,-,NA,NA,LOS ANGELES,HUNTINGTON PARK,-118.2278289794922,33.995689392089844
90395360,2017,2017-02-17,9590,2017-02-11,1800,021179,NA,6,2,7,1942,0,1,2,NA,2,073,US-101 S/B (HOLLYWOOD FREEWAY),UNIVERSAL STUDIOS BLVD,1000,N,N,A,-,Y,NA,NA,101,NA,NA,NA,NA,NA,S,Y,3,0,3,1,A,-,08,22107,NA,N,E,I,A,A,H,-,B,D,0,NA,NA,NA,NA,Y,NA,A,01,0,1,2,0,0,0,0,0,0,-,-,34.13388,-118.35563,LOS ANGELES,LOS ANGELES,-118.35562667,34.13389166
90395386,2017,2017-02-17,9590,2017-02-16,0810,019008,NA,4,1,7,1942,0,1,2,NA,2,070,US-101 NB (SANTA ANA FREEWAY),BROADWAY,100,S,N,A,-,Y,NA,NA,101,NA,NA,NA,NA,NA,N,N,4,0,2,3,A,-,03,22350,NA,N,C,C,A,A,H,-,A,D,0,NA,NA,NA,NA,Y,NA,A,01,0,0,2,0,0,0,0,0,0,-,-,34.05678,-118.24199,LOS ANGELES,LOS ANGELES,-118.24198671,34.05678526
90395402,2017,2017-02-17,9565,2017-02-16,1855,020518,NA,4,2,5,1965,0,1,1,NA,2,081,I-10 W/B (SANTA MONICA FWY),14TH ST,100,E,N,B,-,Y,NA,NA,10,NA,NA,NA,NA,NA,W,N,4,0,1,2,A,-,03,22350,NA,F,C,C,A,A,H,-,C,D,0,NA,NA,NA,NA,Y,NA,A,07,0,0,1,0,0,0,0,0,0,-,-,34.01954,-118.47956,LOS ANGELES,SANTA MONICA,-118.47955218,34.01953055
90395422,2017,2017-02-17,9530,2017-02-10,1930,20714,NA,5,2,9,1900,0,3,5,NA,2,001,NADEAU ST. (1900 BLOCK),CROCKETT BLVD.,30,W,N,C,-,N,NA,NA,NA,NA,NA,NA,NA,NA,NA,N,4,0,1,2,A,-,03,22350,NA,N,C,C,A,B,H,-,C,D,0,NA,NA,NA,NA,Y,NA,A,01,0,0,1,0,0,0,0,0,0,-,-,33.87287,-118.19319,LOS ANGELES,UNINCORPORATED,-118.23704874,33.96738096
90395431,2017,2017-02-17,9530,2017-02-11,0258,021106,NA,6,3,7,1942,0,1,1,NA,2,120,I-110 S/B (HARBOR FREEWAY),MACARTHUR AVE.,300,N,N,B,-,Y,NA,NA,NA,NA,NA,NA,NA,NA,NA,Y,3,0,1,1,A,-,01,23152,A,N,E,I,A,B,H,-,C,D,0,NA,NA,NA,NA,Y,Y,A,01,0,1,0,0,0,0,0,0,0,-,-,33.4546,-118.1728,LOS ANGELES,LOS ANGELES,-118.29115931,33.75168176
9039545,2020,2020-02-27,1928,2020-01-27,1541,50292,526,1,5,5,1928,0,0,0,NA,0,501,GALE AV,118TH ST,0,NA,Y,A,-,N,NA,NA,NA,NA,NA,NA,NA,NA,NA,Y,4,0,2,2,A,-,17,21657,NA,N,D,C,A,A,H,-,A,D,0,NA,NA,NA,NA,Y,NA,A,01,0,0,2,0,0,0,0,0,0,-,-,33.92734146118164,-118.3601531982422,LOS ANGELES,HAWTHORNE,-118.36019134521484,33.927310943603516
90395459,2017,2017-02-17,9580,2017-02-08,0835,016003,NA,3,1,7,1942,0,1,1,NA,2,407,I-405 S/B (SAN DIEGO FWY),ROSCOE BLVD,1056,N,N,B,C,Y,NA,NA,405,NA,NA,NA,NA,NA,S,N,4,0,2,4,A,-,03,22350,NA,N,C,C,A,B,H,-,A,D,0,NA,NA,NA,NA,Y,NA,D,22,0,0,2,0,0,0,0,0,0,-,-,34.22751,-118.47321,LOS ANGELES,LOS ANGELES,-118.47325736,34.22751048
90395469,2017,2017-02-17,9565,2017-02-16,1058,016945,NA,4,1,7,1942,0,1,1,NA,2,082,I-10 E/B (SANTA MONICA FWY),GATEWAY BLVD,75,E,N,A,-,Y,NA,NA,10,NA,NA,NA,NA,NA,E,Y,4,0,1,2,A,-,03,22350,NA,N,B,C,A,A,H,-,A,D,0,NA,NA,Y,NA,Y,NA,C,02,0,0,1,0,0,0,0,0,1,-,-,34.03012,-118.44227,LOS ANGELES,LOS ANGELES,-118.44222381,34.02990279
90395477,2017,2017-02-17,9580,2017-02-08,0735,016088,NA,3,1,7,1942,0,1,3,NA,2,171,SR-170 S/B TO VICTORY BLVD W/B,VICTORY BLVD,1000,N,N,B,-,Y,NA,NA,170,NA,NA,NA,R,NA,S,N,4,0,1,2,A,-,03,22350,NA,N,C,C,A,B,H,-,A,D,0,NA,NA,NA,NA,Y,NA,A,01,0,0,1,0,0,0,0,0,0,-,-,34.18952,-118.40223,LOS ANGELES,LOS ANGELES,-118.40223,34.18952
90395481,2017,2017-02-17,9565,2017-02-15,0540,021524,NA,3,3,9,1900,0,1,1,NA,2,012,I-105 W/B (CENTURY FREEWAY),NORMANDIE AVE,100,E,N,A,-,Y,NA,NA,105,NA,NA,NA,NA,NA,W,N,4,0,1,2,A,-,03,22350,NA,N,C,C,A,A,H,-,A,D,0,NA,NA,NA,NA,Y,NA,A,01,0,0,1,0,0,0,0,0,0,-,-,33.92775,-118.29994,LOS ANGELES,UNINCORPORATED,-118.29994152,33.92775664
9039549,2020,2020-02-27,1928,2020-01-23,1934,50345,513,4,5,5,1928,0,0,0,NA,0,504,INGLEWOOD AV,134TH ST,0,NA,Y,A,-,N,NA,NA,NA,NA,NA,NA,NA,NA,NA,Y,4,0,1,2,A,-,09,21802,A,N,D,C,A,A,H,-,C,A,0,NA,NA,NA,NA,Y,NA,A,01,0,0,1,0,0,0,0,0,0,-,-,33.91115188598633,-118.3612823486328,LOS ANGELES,HAWTHORNE,-118.3612823486328,33.91078186035156
90395498,2017,2017-03-22,9580,2017-02-09,0715,018448,NA,4,1,7,1942,0,1,3,NA,2,171,SR-170 S/B (HOLLYWOOD FWY.),VICTORY BLVD,800,N,N,A,-,Y,NA,NA,NA,NA,NA,NA,NA,NA,NA,N,4,0,1,2,A,-,08,22107,NA,N,B,C,A,A,H,-,A,D,0,NA,NA,NA,NA,Y,NA,A,01,0,0,1,0,0,0,0,0,0,-,-,34.43316,-118.40228,LOS ANGELES,LOS ANGELES,-118.40189205,34.18885709
90395500,2017,2017-02-17,9580,2017-02-09,0805,015926,NA,4,1,7,1942,0,1,3,NA,2,117,SR-118 W/B (RONALD REAGAN FWY.),GAYNOR AVE,100,W,N,B,-,Y,NA,NA,118,NA,NA,NA,NA,NA,W,Y,4,0,2,5,A,-,03,22350,NA,N,B,C,A,A,H,-,A,D,0,NA,NA,NA,NA,Y,NA,A,01,0,0,2,0,0,0,0,0,0,-,-,34.26675,-118.48209,LOS ANGELES,LOS ANGELES,-118.48210803,34.26668966
90395506,2017,2017-02-17,9580,2017-02-09,1910,020836,NA,4,2,7,1942,0,1,3,NA,2,170,SR-170 N/B (HOLLYWOOD FWY.),STRATHERN STREET,50,S,N,A,-,Y,NA,NA,170,NA,NA,NA,NA,NA,N,Y,4,0,1,3,A,-,03,22350,NA,N,C,C,A,A,H,-,D,D,0,NA,NA,NA,NA,Y,NA,A,07,0,0,1,0,0,0,0,0,0,-,-,34.2225,-118.4105,LOS ANGELES,LOS ANGELES,-118.41028142,34.22255926
90395516,2017,2017-02-17,9580,2017-02-10,1740,020451,NA,5,2,7,1942,0,1,3,NA,2,117,SR-118 W/B (RONALD REAGAN FWY.),GAYNOR AVE,75,W,N,C,-,Y,NA,NA,118,NA,NA,NA,NA,NA,W,N,4,0,1,2,A,-,03,22350,NA,N,C,C,A,B,H,-,D,D,0,NA,NA,NA,NA,Y,NA,A,01,0,0,1,0,0,0,0,0,0,-,-,34.26638,-118.48133,LOS ANGELES,LOS ANGELES,-118.48131047,34.26646731
90395569,2017,2017-02-17,9530,2017-02-11,1934,021106,NA,6,2,9,1900,0,3,5,NA,2,002,MAIN STREET (12100 BLOCK),121ST ST.,10,S,N,A,-,N,NA,NA,NA,NA,NA,NA,NA,NA,NA,N,3,0,2,3,A,-,10,21950,A,N,G,B,B,A,H,-,C,A,0,Y,NA,NA,NA,Y,NA,A,01,0,2,0,0,2,0,0,0,0,-,-,33.552,-118.1626,LOS ANGELES,UNINCORPORATED,-118.27397,33.92248257
9039557,2020,2020-02-27,1942,2020-01-28,1617,41671,0705,2,5,7,1942,0,0,0,G,0,7A1,WILLOUGHBY AV,N LA BREA AV,128,W,N,A,-,N,NA,NA,NA,NA,NA,NA,NA,NA,NA,N,3,0,1,2,A,-,03,22350,NA,N,D,G,A,A,H,-,A,D,0,NA,Y,NA,NA,Y,NA,L,04,0,1,0,0,0,0,1,0,0,-,-,NA,NA,LOS ANGELES,LOS ANGELES,-118.344482421875,34.087093353271484
90395571,2017,2017-02-17,9530,2017-02-10,0825,020331,NA,5,1,9,1900,0,3,5,NA,2,005,MANHATTAN BEACH BLVD (3100 BLOCK),CRENSHAW BLVD.,150,W,N,B,-,N,NA,NA,NA,NA,NA,NA,NA,NA,NA,Y,4,0,3,4,A,-,03,22350,NA,N,C,C,A,A,H,-,A,D,0,NA,NA,NA,NA,Y,NA,A,01,0,0,3,0,0,0,0,0,0,-,-,33.887,-118.327,LOS ANGELES,UNINCORPORATED,-118.3270333,33.88739
9039561,2020,2020-02-26,1942,2020-01-29,1530,40984,0738,3,5,7,1942,0,0,0,G,0,7A1,WILSHIRE BL,HUDSON AV,0,NA,Y,A,-,N,NA,NA,NA,NA,NA,NA,NA,NA,NA,N,4,0,1,2,A,-,17,21228,NA,N,D,C,A,A,H,-,A,A,0,NA,NA,NA,NA,Y,NA,M,94,0,0,1,0,0,0,0,0,0,-,-,NA,NA,LOS ANGELES,LOS ANGELES,-118.33325958251952,34.06201934814453
90395621,2017,2017-02-17,9550,2017-02-11,1518,021311,NA,6,2,9,1900,0,1,1,NA,2,650,I-605 (SAN GABRIEL RIVER FWY) S/B,WHITTIER BOULEVARD,500,S,N,A,-,Y,NA,NA,605,NA,NA,NA,NA,NA,S,N,4,0,1,2,A,-,03,22350,NA,N,C,C,A,A,H,-,A,D,0,NA,NA,NA,NA,Y,NA,A,01,0,0,1,0,0,0,0,0,0,-,-,33.98958,-118.07036,LOS ANGELES,UNINCORPORATED,-118.07031985,33.98956786
90395623,2017,2017-02-17,9550,2017-02-12,1820,021244,NA,7,2,9,1900,0,3,5,NA,2,004,HALLIBURTON ROAD,STIMSON AVENUE,0,NA,Y,A,-,N,NA,NA,NA,NA,NA,NA,NA,NA,NA,Y,4,0,1,2,A,-,09,21801,A,N,A,C,A,A,H,-,C,A,0,NA,NA,NA,NA,Y,NA,A,07,0,0,1,0,0,0,0,0,0,-,-,33.99644,-117.96361,LOS ANGELES,UNINCORPORATED,-117.96359011,33.99640011
90395631,2017,2017-02-17,9550,2017-02-11,1800,021129,NA,6,2,5,1908,0,1,3,NA,2,090,STATE ROUTE 91 E/B (ARTESIA FREEWAY),BELLFLOWER BOULEVARD,1000,W,N,A,-,Y,NA,NA,91,NA,NA,NA,NA,NA,E,N,4,0,1,3,A,-,03,22350,NA,N,C,C,A,A,H,-,B,D,0,NA,NA,NA,NA,Y,NA,A,01,0,0,1,0,0,0,0,0,0,-,-,33.87615,-118.12881,LOS ANGELES,BELLFLOWER,-118.12881,33.87607184
9039565,2020,2020-02-26,1942,2020-01-10,1825,42779,0752,5,5,7,1942,0,0,0,G,0,7A22,FAIRFAX AV,PICO BL,0,NA,Y,A,-,N,NA,NA,NA,NA,NA,NA,NA,NA,NA,Y,4,0,1,3,A,-,01,23152,A,N,A,C,A,A,H,-,C,A,0,NA,NA,NA,NA,Y,Y,A,01,0,0,1,0,0,0,0,0,0,-,-,NA,NA,LOS ANGELES,LOS ANGELES,-118.3666534423828,34.05149841308594
9039569,2020,2020-02-26,1942,2020-01-30,0715,40899,0726,4,5,7,1942,0,0,0,G,0,27TL23,S LA BREA AV,W 3RD ST,16,N,N,A,-,N,NA,NA,NA,NA,NA,NA,NA,NA,NA,N,2,0,1,3,A,-,11,21456,B,F,G,B,B,A,H,-,A,A,0,Y,NA,NA,NA,Y,NA,N,60,1,0,0,0,1,0,0,0,0,-,-,NA,NA,LOS ANGELES,LOS ANGELES,-118.34403228759766,34.06895446777344
90395719,2017,2017-02-17,9550,2017-02-13,1132,020340,NA,1,1,9,1900,0,2,4,NA,1,011,WORKMAN MILL ROAD,PIONEER BOULEVARD,0,NA,Y,A,-,N,NA,NA,NA,NA,NA,NA,NA,NA,NA,N,3,0,1,2,A,-,07,21658,A,N,F,A,A,A,H,-,A,A,0,NA,NA,Y,NA,Y,NA,A,01,0,1,0,0,0,0,0,0,1,-,-,34.00873,-118.05508,LOS ANGELES,UNINCORPORATED,-118.05519001,34.00875004
90395722,2017,2017-02-17,9575,2017-02-15,1740,020476,NA,3,2,6,1912,0,1,1,NA,2,051,I-5 N/B (GOLDEN STATE FREEWAY),BUENA VISTA ST.,750,S,N,A,-,Y,NA,NA,5,NA,NA,NA,NA,NA,N,Y,4,0,1,2,A,-,03,22350,NA,N,C,C,A,A,H,-,B,D,0,NA,NA,NA,NA,Y,NA,A,01,0,0,1,0,0,0,0,0,0,-,-,34.196039999999996,-118.33393,LOS ANGELES,BURBANK,-118.33389673,34.19609416
90395728,2017,2017-02-17,9550,2017-02-10,1435,017511,NA,5,2,9,1900,0,1,3,NA,2,601,SR-60 W/B (POMONA FREEWAY),HACIENDA BLVD,1400,E,N,B,-,Y,NA,NA,60,NA,NA,NA,NA,NA,W,Y,4,0,1,2,A,-,03,22350,NA,N,D,C,A,A,H,-,A,D,0,NA,NA,NA,Y,Y,NA,G,25,0,0,1,0,0,0,0,0,0,-,-,34.00561,-117.95985,LOS ANGELES,UNINCORPORATED,-117.95985625,34.00559
9039573,2020,2020-02-27,1942,2020-01-24,1615,37966,0745,5,5,7,1942,0,0,0,G,0,7A33,WILSHIRE BL,S DUNSMUIR AV,0,NA,Y,A,-,N,NA,NA,NA,NA,NA,NA,NA,NA,NA,Y,3,0,1,2,A,-,07,21658,A,N,B,C,A,A,H,-,A,A,0,NA,NA,Y,NA,Y,NA,A,01,0,1,0,0,0,0,0,0,1,-,-,NA,NA,LOS ANGELES,LOS ANGELES,-118.3482666015625,34.062320709228516
90395730,2017,2017-02-17,9575,2017-02-15,1400,015935,NA,3,2,5,1902,0,1,1,NA,2,065,I-210 E/B (FOOTHILL FREEWAY),SANTA ANITA AVE,500,W,N,A,-,Y,NA,NA,210,NA,NA,NA,NA,NA,E,Y,3,0,1,3,A,-,03,22350,NA,N,C,A,A,A,H,-,A,D,0,NA,NA,NA,NA,Y,NA,A,01,0,1,0,0,0,0,0,0,0,-,-,34.14837,-118.03774,LOS ANGELES,ARCADIA,-118.0377372,34.14839907
90395741,2017,2017-02-17,9575,2017-02-15,0800,021340,NA,3,1,9,1900,0,3,5,NA,2,001,ROSEMEAD BLVD. (6700 BLOCK),HINTINGTON DR.,200,S,N,A,-,Y,NA,NA,NA,NA,NA,NA,NA,NA,NA,N,4,0,1,2,A,-,03,22350,NA,N,C,C,A,A,H,-,A,D,0,NA,NA,NA,NA,Y,NA,A,07,0,0,1,0,0,0,0,0,0,-,-,34.12955,-118.07286,LOS ANGELES,UNINCORPORATED,-118.0733,34.12973162
90395742,2017,2017-02-17,9565,2017-02-06,1001,016545,NA,1,1,9,1900,0,3,5,NA,2,003,ANGELES VISTA BLVD,MULLEN AVE,100,N,N,B,-,N,NA,NA,NA,NA,NA,NA,NA,NA,NA,Y,4,0,1,2,A,-,03,22350,NA,N,A,C,A,B,H,-,A,D,0,NA,NA,NA,NA,Y,NA,A,08,0,0,1,0,0,0,0,0,0,-,-,33.76859,-118.76534,LOS ANGELES,UNINCORPORATED,-118.33860812,33.99602594
90395749,2017,2017-02-17,9575,2017-02-11,1600,021006,NA,6,2,6,1925,0,1,1,NA,2,062,I-210 E/B (FOOTHILL FREEWAY),ROSEMONT AVE.,20,E,N,B,-,Y,NA,NA,210,NA,NA,NA,NA,NA,E,N,4,0,2,3,A,-,03,22350,NA,N,C,C,A,A,H,-,A,D,0,NA,NA,NA,NA,Y,NA,A,01,0,0,2,0,0,0,0,0,0,-,-,34.21562,-118.23509,LOS ANGELES,GLENDALE,-118.23509793,34.21560703