CASE_ID,ACCIDENT_YEAR,PROC_DATE,JURIS,COLLISION_DATE,COLLISION_TIME,OFFICER_ID,REPORTING_DISTRICT,DAY_OF_WEEK,CHP_SHIFT,POPULATION,CNTY_CITY_LOC,SPECIAL_COND,BEAT_TYPE,CHP_BEAT_TYPE,CITY_DIVISION_LAPD,CHP_BEAT_CLASS,BEAT_NUMBER,PRIMARY_RD,SECONDARY_RD,DISTANCE,DIRECTION,INTERSECTION,WEATHER_1,WEATHER_2,STATE_HWY_IND,CALTRANS_COUNTY,CALTRANS_DISTRICT,STATE_ROUTE,ROUTE_SUFFIX,POSTMILE_PREFIX,POSTMILE,LOCATION_TYPE,RAMP_INTERSECTION,SIDE_OF_HWY,TOW_AWAY,COLLISION_SEVERITY,NUMBER_KILLED,NUMBER_INJURED,PARTY_COUNT,PRIMARY_COLL_FACTOR,PCF_CODE_OF_VIOL,PCF_VIOL_CATEGORY,PCF_VIOLATION,PCF_VIOL_SUBSECTION,HIT_AND_RUN,TYPE_OF_COLLISION,MVIW,PED_ACTION,ROAD_SURFACE,ROAD_COND_1,ROAD_COND_2,LIGHTING,CONTROL_DEVICE,CHP_ROAD_TYPE,PEDESTRIAN_ACCIDENT,BICYCLE_ACCIDENT,MOTORCYCLE_ACCIDENT,TRUCK_ACCIDENT,NOT_PRIVATE_PROPERTY,ALCOHOL_INVOLVED,STWD_VEHTYPE_AT_FAULT,CHP_VEHTYPE_AT_FAULT,COUNT_SEVERE_INJ,COUNT_VISIBLE_INJ,COUNT_COMPLAINT_PAIN,COUNT_PED_KILLED,COUNT_PED_INJURED,COUNT_BICYCLIST_KILLED,COUNT_BICYCLIST_INJURED,COUNT_MC_KILLED,COUNT_MC_INJURED,PRIMARY_RAMP,SECONDARY_RAMP,LATITUDE,LONGITUDE,COUNTY,CITY,POINT_X,POINT_Y
9039620,2020,2020-03-04,1942,2020-01-30,1900,43054,1842,4,5,7,1942,0,0,0,R,0,18A41,IMPERIAL HWY,MAIN ST,30,W,N,A,-,N,NA,NA,NA,NA,NA,NA,NA,NA,NA,N,4,0,2,3,A,-,03,22350,NA,F,B,C,A,A,H,-,C,D,0,NA,NA,NA,NA,Y,NA,-,99,0,0,2,0,0,0,0,0,0,-,-,NA,NA,LOS ANGELES,LOS ANGELES,-118.41606903076172,33.931461334228516
9039623,2020,2020-02-28,1907,2020-01-14,0912,205,2,2,5,4,1907,0,0,0,NA,0,NA,GAGE AV,WILCOX AV,7,E,N,A,-,N,NA,NA,NA,NA,NA,NA,NA,NA,NA,N,3,0,1,2,A,-,10,21950,A,N,G,B,B,A,H,-,A,A,0,Y,NA,NA,NA,Y,NA,A,01,0,1,0,0,1,0,0,0,0,-,-,33.976600646972656,-118.17703247070313,LOS ANGELES,BELL,-118.1766357421875,33.97688674926758
9039624,2020,2020-11-03,1976,2020-01-21,0911,424,WHITT,2,5,5,1976,0,0,0,NA,0,001,PIONEER BL,DEVERON DR,0,NA,Y,B,-,Y,LA,7,605,-,R,14.6,R,4,N,Y,3,0,2,2,A,-,12,22450,A,N,D,C,A,A,H,-,A,A,0,NA,NA,NA,NA,Y,NA,A,07,0,1,1,0,0,0,0,0,0,-,-,NA,NA,LOS ANGELES,WHITTIER,-118.06137847900392,34.006221771240234
90396245,2017,2017-02-20,9530,2017-02-09,1839,021191,NA,4,2,5,1943,0,1,1,NA,2,210,I-105 E/B (GLENN ANDERSON FWY),LONG BEACH BLVD.,350,E,N,A,-,Y,NA,NA,NA,NA,NA,NA,NA,NA,NA,N,4,0,2,2,A,-,03,22350,NA,N,C,C,A,A,H,-,C,D,0,NA,NA,NA,NA,Y,NA,A,07,0,0,2,0,0,0,0,0,0,-,-,NA,NA,LOS ANGELES,LYNWOOD,-118.20986,33.92466
90396265,2017,2017-02-20,9590,2017-02-08,0530,016127,NA,3,3,7,1942,0,1,1,NA,2,050,I-110 N/B (HARBOR FREEWAY),67TH STREET,300,S,N,C,-,Y,NA,NA,110,NA,NA,NA,NA,NA,N,Y,4,0,1,4,A,-,07,21658,A,M,B,C,A,B,H,-,C,D,0,NA,NA,NA,Y,Y,NA,A,01,0,0,1,0,0,0,0,0,0,-,-,33.97899,-118.28079,LOS ANGELES,LOS ANGELES,-118.2807192,33.97898991
90396278,2017,2017-02-20,9590,2017-02-09,1105,016641,NA,4,1,7,1942,0,1,2,NA,2,070,U.S.-101 N/B (HOLLYWOOD FREEWAY),BONNIE BRAE ST.,400,S,N,A,-,Y,NA,NA,NA,NA,NA,NA,NA,NA,NA,N,4,0,2,2,A,-,03,22350,NA,N,C,C,A,A,H,-,A,D,0,NA,NA,NA,NA,Y,NA,D,22,0,0,2,0,0,0,0,0,0,-,-,34.07063,-118.26357,LOS ANGELES,LOS ANGELES,-118.26333666,34.07055054
9039628,2020,2020-09-25,1976,2020-01-19,1957,498,1976,7,5,5,1976,0,0,0,NA,0,002,WHITTIER BL,PICKERING AV,230,W,N,A,-,Y,LA,7,72,-,-,4.32,H,-,N,Y,4,0,1,1,A,-,08,22107,NA,N,E,I,A,A,H,-,C,D,0,NA,NA,NA,NA,Y,NA,A,01,0,0,1,0,0,0,0,0,0,-,-,NA,NA,LOS ANGELES,WHITTIER,-118.04212951660156,33.968563079833984
90396308,2017,2017-02-20,9580,2017-02-15,1635,020788,NA,3,2,7,1942,0,1,3,NA,2,170,SR-170 N/B (HOLLYWOOD FWY.),VANOWEN ST,500,N,N,A,-,Y,NA,NA,170,NA,NA,NA,NA,NA,N,Y,4,0,2,3,A,-,03,22350,NA,N,C,C,A,A,H,-,A,D,0,NA,NA,NA,NA,Y,NA,A,07,0,0,2,0,0,0,0,0,0,-,-,34.19543,-118.40258,LOS ANGELES,LOS ANGELES,-118.40253893,34.19543543
90396319,2017,2017-02-20,9590,2017-02-06,1550,021346,NA,1,2,7,1942,0,1,1,NA,2,013,SR-110 S/B (ARROYO SECO PARKWAY),AVENUE 43,500,N,N,B,-,Y,NA,NA,110,NA,NA,NA,NA,NA,S,N,3,0,1,2,A,-,03,22350,NA,F,C,C,A,A,H,-,A,D,0,NA,NA,NA,NA,Y,NA,-,99,0,1,0,0,0,0,0,0,0,-,-,34.09517,-118.20571,LOS ANGELES,LOS ANGELES,-118.20570969,34.09516979
90396340,2017,2017-02-20,9590,2017-02-11,0153,016915,NA,6,3,7,1942,0,1,1,NA,2,053,I-110 S/B (HARBOR FREEWAY),12TH STREET,65,S,N,B,C,Y,NA,NA,110,NA,NA,NA,NA,NA,S,Y,4,0,2,2,A,-,07,21658,A,F,E,I,A,B,H,-,C,D,0,NA,NA,NA,NA,Y,NA,A,01,0,0,2,0,0,0,0,0,0,-,-,34.04407,-118.27202,LOS ANGELES,LOS ANGELES,-118.27208524,34.0441212
90396394,2017,2017-02-20,9580,2017-02-11,0100,018718,NA,6,3,7,1942,0,1,2,NA,2,105,US-101 S/B (VENTURA FREEWAY),RESEDA BLVD,400,S,N,B,-,Y,NA,NA,101,NA,NA,NA,NA,NA,S,N,4,0,1,2,A,-,01,23152,A,M,B,C,A,B,H,-,D,D,0,NA,NA,NA,NA,Y,Y,A,07,0,0,1,0,0,0,0,0,0,-,-,34.17287,-118.5346,LOS ANGELES,LOS ANGELES,-118.53459553,34.1728851
90396409,2017,2017-02-20,9580,2017-02-09,1255,015348,NA,4,1,9,1900,0,1,2,NA,2,107,US-101 S/B (VENTURA FREEWAY),LAS VIRGENES ROAD,528,N,N,A,-,Y,NA,NA,101,NA,NA,NA,NA,NA,S,Y,2,0,1,2,A,-,03,22350,NA,N,C,C,A,A,H,-,A,D,0,NA,NA,NA,NA,Y,NA,A,01,1,0,0,0,0,0,0,0,0,-,-,34.1467,-118.69932,LOS ANGELES,UNINCORPORATED,-118.69936403,34.14674336
9039641,2019,2020-02-27,1942,2019-10-10,0740,43791,0557,4,5,7,1942,0,0,0,E,0,5A55W2,SOUTH GAFFEY ST,W 4TH ST,0,NA,Y,A,-,N,NA,NA,NA,NA,NA,NA,NA,NA,NA,Y,3,0,2,2,A,-,08,22107,NA,N,D,C,A,A,H,-,A,A,0,NA,NA,NA,NA,Y,NA,A,01,0,1,1,0,0,0,0,0,0,-,-,NA,NA,LOS ANGELES,LOS ANGELES,-118.29232025146484,33.74061965942383
90396417,2017,2017-02-20,9580,2017-02-09,2212,019876,NA,4,3,7,1942,0,1,2,NA,2,103,US-101 S/B (VENTURA FREEWAY),BALBOA BLVD,800,S,N,A,-,Y,NA,NA,101,NA,NA,NA,NA,NA,S,Y,4,0,1,2,A,-,07,21658,A,N,B,C,A,A,H,-,D,D,0,NA,NA,NA,NA,Y,NA,-,-,0,0,1,0,0,0,0,0,0,-,-,34.16909,-118.49886,LOS ANGELES,LOS ANGELES,-118.49887317,34.16907009
9039642,2019,2020-02-27,1942,2019-10-25,1915,43171,1837,5,5,7,1942,0,0,0,R,0,18A44,IMPERIAL HWY,COMPTON BL,495,E,N,A,-,N,NA,NA,NA,NA,NA,NA,NA,NA,NA,Y,4,0,2,2,A,-,08,22107,NA,N,C,C,A,A,H,-,C,A,0,NA,NA,NA,NA,Y,NA,A,01,0,0,2,0,0,0,0,0,0,-,-,NA,NA,LOS ANGELES,LOS ANGELES,-118.2446517944336,33.92950439453125
9039643,2019,2020-02-27,1942,2019-10-16,0605,37344,1841,3,5,7,1942,0,0,0,R,0,18A41,IMPERIAL HWY,MAIN ST,0,NA,Y,A,-,N,NA,NA,NA,NA,NA,NA,NA,NA,NA,Y,3,0,1,3,A,-,05,21651,B,N,A,C,A,A,H,-,A,D,0,NA,NA,NA,NA,Y,NA,A,01,0,1,0,0,0,0,0,0,0,-,-,NA,NA,LOS ANGELES,LOS ANGELES,-118.4159698486328,33.931461334228516
90396438,2017,2017-02-20,9580,2017-02-11,1345,014592,NA,6,1,7,1942,0,1,3,NA,2,117,SR-118 W/B (RONALD REAGAN FWY.),TAMPA AVE,1584,E,N,B,C,Y,NA,NA,118,NA,NA,NA,NA,NA,W,Y,4,0,5,2,A,-,03,22350,NA,N,C,C,A,B,H,-,A,D,0,NA,NA,NA,NA,Y,NA,A,01,0,0,5,0,0,0,0,0,0,-,-,34.27309,-118.55099,LOS ANGELES,LOS ANGELES,-118.55098646,34.27307819
90396445,2017,2017-02-20,9580,2017-02-11,1345,020836,NA,6,1,7,1942,0,1,2,NA,2,102,US-101 N/B (VENTURA FREEWAY),HASKELL AVE,1056,N,N,B,-,Y,NA,NA,NA,NA,NA,NA,NA,NA,NA,N,4,0,1,2,A,-,03,22350,NA,N,C,C,A,A,H,-,A,D,0,NA,NA,NA,NA,Y,NA,A,01,0,0,1,0,0,0,0,0,0,-,-,34.1605,-118.4635,LOS ANGELES,LOS ANGELES,NA,NA
90396448,2017,2017-02-20,9580,2017-02-11,1800,020836,NA,6,2,7,1942,0,1,2,NA,2,103,US-101 S/B (VENTURA FREEWAY),BALBOA BLVD,300,N,N,B,-,Y,NA,NA,101,NA,NA,NA,NA,NA,S,Y,2,0,1,1,A,-,08,22107,NA,N,E,I,A,A,H,-,D,D,0,NA,NA,Y,NA,Y,NA,C,02,1,0,0,0,0,0,0,0,1,-,-,34.1655,-118.4755,LOS ANGELES,LOS ANGELES,-118.47556867,34.16515031
90396452,2017,2017-02-20,9580,2017-02-11,1700,020983,NA,6,2,7,1942,0,1,1,NA,2,404,I-405 N/B (SAN DIEGO FWY),MULHOLLAND DRIVE,1000,N,N,A,-,Y,NA,NA,405,NA,NA,NA,NA,NA,N,Y,4,0,2,3,A,-,03,22350,NA,N,C,C,A,A,H,-,B,D,0,NA,NA,NA,NA,Y,NA,A,01,0,0,2,0,0,0,0,0,0,-,-,34.13702,-118.47143,LOS ANGELES,LOS ANGELES,-118.47138381,34.1370078
90396454,2017,2017-02-20,9580,2017-02-11,0700,021475,NA,6,1,7,1942,0,1,3,NA,2,171,SR-170 S/B TO VICTORY BLVD. W/B,VICTORY BLVD,600,N,N,B,-,Y,NA,NA,170,NA,NA,NA,R,NA,S,Y,3,0,1,1,A,-,03,22350,NA,N,E,I,A,B,H,-,A,D,0,NA,NA,NA,NA,Y,NA,A,01,0,1,0,0,0,0,0,0,0,-,-,34.18841,-118.40263,LOS ANGELES,LOS ANGELES,-118.40263,34.18841
90396507,2017,2017-02-20,9590,2017-02-19,1448,021264,NA,7,2,7,1942,0,1,1,NA,2,065,I-10 W/B (SANTA MONICA FREEWAY),LEMON STREET,100,W,N,B,-,Y,NA,NA,10,NA,NA,NA,NA,NA,W,N,4,0,1,2,D,-,00,NA,NA,N,C,C,A,A,H,-,A,D,0,NA,NA,NA,NA,Y,NA,-,-,0,0,1,0,0,0,0,0,0,-,-,34.02696,-118.23395,LOS ANGELES,LOS ANGELES,-118.23394677,34.02695214
90396519,2017,2017-02-20,9550,2017-02-09,1330,020551,NA,4,1,9,1900,0,3,5,NA,2,004,PATHFINDER ROAD,BLANDFORD DRIVE,0,NA,Y,A,-,N,NA,NA,NA,NA,NA,NA,NA,NA,NA,Y,4,0,2,2,A,-,09,21801,A,N,D,C,A,A,H,-,A,D,0,NA,NA,NA,NA,Y,NA,A,01,0,0,2,0,0,0,0,0,0,-,-,33.9709,-117.8961,LOS ANGELES,UNINCORPORATED,-117.89620002,33.97095004
90396530,2017,2017-02-21,9590,2017-02-20,0905,016692,NA,1,1,7,1942,0,1,1,NA,2,013,SR-110 S/B (ASP) TO I-5 (GSF),AVE. 26  U/C,900,S,N,B,-,Y,NA,NA,NA,NA,NA,NA,NA,NA,NA,Y,3,0,1,1,A,-,08,22107,NA,N,E,I,A,B,H,-,A,D,0,NA,NA,NA,NA,Y,NA,D,22,0,1,0,0,0,0,0,0,0,-,-,34.5449,-118.13934,LOS ANGELES,LOS ANGELES,-118.22403637,34.0817971
90396559,2017,2017-02-21,9525,2017-02-08,0438,019970,NA,3,3,4,1960,0,1,3,NA,2,572,SR-57 N/B FROM ARROW HWY,ARROW HWY.,300,S,N,B,-,Y,NA,NA,57,NA,NA,NA,R,NA,N,Y,4,0,1,1,A,-,03,22350,NA,N,E,I,A,B,H,-,C,D,0,NA,NA,NA,NA,Y,NA,A,07,0,0,1,0,0,0,0,0,0,-,-,34.1069,-117.82071,LOS ANGELES,SAN DIMAS,-117.82071,34.1069
90396602,2017,2017-02-21,9525,2017-02-11,2120,020499,NA,6,2,9,1900,0,1,3,NA,1,024,SR-39 (SAN GABRIEL CANYON RD.),EAST FORK RD.,10560,S,N,A,-,Y,NA,NA,39,NA,NA,NA,NA,NA,NA,Y,3,0,1,1,A,-,03,22350,NA,N,E,I,A,A,H,-,D,D,0,NA,NA,NA,NA,Y,NA,A,01,0,1,0,0,0,0,0,0,0,-,-,34.21713,-117.85826,LOS ANGELES,UNINCORPORATED,-117.85825669,34.21686979
90396620,2017,2017-02-21,9525,2017-02-15,1555,020869,NA,3,2,6,1975,0,1,1,NA,2,104,I-10 E/B (SAN BERNARDINO FREEWAY),PACIFIC AVE,1584,W,N,A,-,Y,NA,NA,10,NA,NA,NA,NA,NA,E,N,4,0,1,3,A,-,03,22350,NA,N,C,C,A,A,D,E,A,D,0,NA,NA,NA,NA,Y,NA,A,07,0,0,1,0,0,0,0,0,0,-,-,34.07128,-117.94948,LOS ANGELES,WEST COVINA,-117.94949168,34.07139303
90396643,2017,2017-02-21,9590,2017-02-13,0715,016641,NA,1,1,7,1942,0,1,3,NA,2,031,SR-60 W/B (POMONA FREEWAY),LOERENA ST.,800,W,N,A,-,Y,NA,NA,60,NA,NA,NA,NA,NA,W,Y,4,0,5,3,A,-,03,22350,NA,N,C,C,A,A,H,-,A,D,0,NA,NA,NA,NA,Y,NA,A,01,0,0,5,0,0,0,0,0,0,-,-,34.03036,-118.19633,LOS ANGELES,LOS ANGELES,-118.19633503,34.03038027
90396644,2017,2017-02-21,9525,2017-02-06,2200,021229,NA,1,3,9,1900,0,3,5,NA,2,004,AMAR RD.,SUNSET AVE,0,NA,Y,B,-,N,NA,NA,NA,NA,NA,NA,NA,NA,NA,Y,4,0,1,2,A,-,09,21801,A,N,D,C,A,A,H,-,C,A,0,NA,NA,NA,NA,Y,NA,A,01,0,0,1,0,0,0,0,0,0,-,-,34.04535,-117.96315,LOS ANGELES,UNINCORPORATED,-117.96314012,34.04534003
90396654,2017,2017-02-21,9535,2017-02-04,1750,020347,NA,6,2,9,1900,0,2,4,NA,2,022,OLYMPIC BLVD. (6100 BLOCK),HENDRICKS AVE,15,E,N,A,-,N,NA,NA,NA,NA,NA,NA,NA,NA,NA,Y,4,0,1,2,A,-,01,23152,A,N,C,C,A,A,H,-,C,A,0,NA,NA,NA,NA,Y,Y,D,22,0,0,1,0,0,0,0,0,0,-,-,34.01299,-118.14089,LOS ANGELES,UNINCORPORATED,-118.14101146,34.01301239
90396667,2017,2017-02-21,9535,2017-02-06,0240,021505,NA,1,3,9,1900,0,1,1,NA,2,651,I-605 SB TO SR-60 WB,SR-60 (POMONA FREEWAY) W/B,500,N,N,B,C,Y,NA,NA,605,NA,NA,NA,R,NA,S,Y,3,0,1,1,A,-,01,23152,A,N,F,I,A,B,H,-,D,D,0,NA,NA,NA,NA,Y,Y,A,01,0,1,0,0,0,0,0,0,0,-,-,34.03278,-118.02892,LOS ANGELES,UNINCORPORATED,-118.02892,34.03278
90396671,2017,2017-02-21,9590,2017-02-20,1945,016856,NA,1,2,7,1942,0,1,1,NA,2,061,I-10 W/B (SMF) TO I-110 N/B (HAF),CONVENTION CENTER DR.,20,W,N,A,-,Y,NA,NA,10,NA,NA,NA,R,NA,W,Y,4,0,1,1,A,-,08,22107,NA,N,E,I,A,B,H,-,C,D,0,NA,NA,NA,NA,Y,NA,A,01,0,0,1,0,0,0,0,0,0,-,-,34.03818,-118.27192,LOS ANGELES,LOS ANGELES,-118.27192,34.03818
90396681,2017,2017-02-21,9530,2017-02-12,0130,20714,NA,7,3,9,1900,0,3,5,NA,2,001,GAGE AVE.,COMPTON AVE.,0,NA,Y,A,-,N,NA,NA,NA,NA,NA,NA,NA,NA,NA,Y,4,0,1,2,A,-,12,21453,A,N,D,C,A,A,H,-,C,A,0,NA,NA,NA,NA,Y,Y,A,01,0,0,1,0,0,0,0,0,0,-,-,33.9821,-118.24774,LOS ANGELES,UNINCORPORATED,-118.24774006,33.98206007
90396719,2017,2017-02-21,9540,2017-02-11,0230,021389,NA,6,3,7,1942,0,1,1,NA,1,503,I-5 S/B (GOLDEN STATE FREEWAY),ROXFORD ST,1000,N,N,B,C,Y,NA,NA,5,NA,NA,NA,NA,NA,S,N,4,0,2,2,A,-,03,22350,NA,N,C,C,A,B,F,-,D,D,0,NA,NA,NA,NA,Y,NA,A,01,0,0,2,0,0,0,0,0,0,-,-,34.30912,-118.48521,LOS ANGELES,LOS ANGELES,-118.48526434,34.30906957
90396747,2017,2017-02-21,9540,2017-02-13,0510,021389,NA,1,3,9,1900,0,1,3,NA,2,146,SR-14 N/B (ANTELOPE VALLEY FREEWAY),WARD RD,1320,S,N,A,-,Y,NA,NA,14,NA,NA,NA,NA,NA,N,Y,4,0,2,2,A,-,03,22350,NA,N,C,C,A,A,H,-,D,D,0,NA,NA,NA,NA,Y,NA,A,01,0,0,2,0,0,0,0,0,0,-,-,34.50206,-118.23496,LOS ANGELES,UNINCORPORATED,-118.23495977,34.50206102
90396755,2017,2017-02-21,9550,2017-02-12,1339,021410,NA,7,1,9,1900,0,1,1,NA,2,151,INTERSTATE 105 E/B (CENTURY FREEWAY),GARFIELD AVENUE,500,E,N,A,-,Y,NA,NA,NA,NA,NA,NA,NA,NA,NA,Y,4,0,1,2,A,-,03,22350,NA,N,C,C,A,A,H,-,A,D,0,NA,NA,NA,NA,Y,NA,A,07,0,0,1,0,0,0,0,0,0,-,-,33.91137,-118.16318,LOS ANGELES,UNINCORPORATED,-118.16728685,33.91104332
90396760,2017,2017-02-21,9540,2017-02-10,2040,020733,NA,5,2,7,1942,0,1,1,NA,1,503,I-5 S/B (GOLDEN STATE FREEWAY),BALBOA BLVD,5808,N,N,B,-,Y,NA,NA,5,NA,NA,NA,NA,NA,S,Y,3,0,2,1,A,-,08,22107,NA,N,E,I,A,B,H,-,D,D,0,NA,NA,NA,NA,Y,NA,A,07,0,1,1,0,0,0,0,0,0,-,-,34.33313,-118.50782,LOS ANGELES,LOS ANGELES,-118.50788063,34.3330878
90396764,2017,2017-02-21,9575,2017-02-11,0920,020945,NA,6,1,6,1925,0,1,3,NA,2,090,SR-2 EB TO SR-134 WB TRANSISTION,SR-2 E/B (GLENDALE FREEWAY),70,E,N,B,C,Y,NA,NA,2,NA,NA,NA,R,NA,E,Y,3,0,1,1,A,-,03,22350,NA,N,E,I,A,B,H,-,A,D,0,NA,NA,NA,NA,Y,NA,A,01,0,1,0,0,0,0,0,0,0,-,-,34.14687,-118.22525,LOS ANGELES,GLENDALE,-118.22525,34.14687
90396775,2017,2017-02-21,9530,2017-02-12,0015,020726,NA,7,3,9,1900,0,3,5,NA,2,001,COMPTON AVE. (7700 BLOCK),76TH PL.,24,N,N,A,-,N,NA,NA,NA,NA,NA,NA,NA,NA,NA,N,3,0,1,2,A,-,01,23152,A,M,B,E,A,A,H,-,E,D,0,NA,NA,NA,NA,Y,Y,A,07,0,1,0,0,0,0,0,0,0,-,-,33.96969,-118.24824,LOS ANGELES,UNINCORPORATED,-118.24769932,33.97083582
9039680,2019,2020-02-25,1941,2019-11-20,1759,6196,NA,3,5,7,1941,0,0,0,NA,0,NA,ARTESIA BL,PARAMOUNT BL,246,W,N,A,-,N,NA,NA,NA,NA,NA,NA,NA,NA,NA,N,2,0,1,2,D,-,00,NA,NA,M,G,B,E,A,H,-,C,D,0,Y,NA,NA,NA,Y,NA,-,-,1,0,0,0,1,0,0,0,0,-,-,NA,NA,LOS ANGELES,LONG BEACH,-118.16081237792967,33.874752044677734
90396839,2017,2017-02-21,9550,2017-02-11,1304,021386,NA,6,1,5,1935,0,1,1,NA,2,652,I-605 SB,CENTRALIA STREET,445,S,N,A,-,Y,NA,NA,605,NA,NA,NA,NA,NA,S,Y,4,0,1,3,A,-,08,22107,NA,N,B,C,E,A,H,-,A,D,0,Y,NA,NA,Y,Y,NA,A,01,0,0,1,0,1,0,0,0,0,-,-,33.83744,-118.08779,LOS ANGELES,LAKEWOOD,-118.08769645,33.83749377
90396867,2017,2017-02-21,9590,2017-02-15,0825,015575,NA,3,1,7,1942,0,1,3,NA,2,094,SR-2 E/B (GLENDALE FREEWAY),ROUND TOP DRIVE,658,E,N,A,-,Y,NA,NA,2,NA,NA,NA,NA,NA,E,Y,4,0,1,3,A,-,03,22350,NA,N,C,C,A,A,H,-,A,D,0,NA,NA,NA,NA,Y,NA,A,01,0,0,1,0,0,0,0,0,0,-,-,34.13398,-118.22945,LOS ANGELES,LOS ANGELES,-118.22942765,34.13398041
90396884,2017,2017-02-21,9535,2017-02-11,2040,018527,NA,6,2,5,1959,0,1,1,NA,2,401,I-10 W/B FROM SAN GABRIEL BLVD S/B,SAN GABRIEL BLVD,225,W,N,A,-,Y,NA,NA,10,NA,NA,NA,R,NA,W,N,4,0,4,2,A,-,03,22350,NA,N,C,C,A,A,H,-,C,B,0,NA,NA,NA,NA,Y,NA,A,01,0,0,4,0,0,0,0,0,0,-,-,34.072,-118.0913,LOS ANGELES,ROSEMEAD,-118.0913,34.072
9039689,2020,2020-11-03,1900,2020-01-31,2110,615106,2610,5,5,6,1950,0,0,0,NA,0,262T1,SIERRA HWY,PALMDALE BL,0,NA,Y,A,-,Y,LA,7,138,-,-,44.424,I,5,E,Y,4,0,1,3,D,-,00,NA,NA,N,D,C,A,A,H,-,C,A,0,NA,NA,NA,NA,Y,NA,-,-,0,0,1,0,0,0,0,0,0,-,-,34.579498291015625,-118.11660003662108,LOS ANGELES,PALMDALE,-118.11655426025392,34.57951354980469
9039690,2020,2020-09-25,1941,2020-02-03,1724,5754,NA,1,5,7,1941,0,0,0,NA,0,NA,PCH,LINDEN AV,0,NA,Y,A,-,Y,LA,7,1,-,-,6.111,I,5,S,Y,4,0,2,3,A,-,09,21801,A,N,D,C,A,A,H,-,C,D,0,NA,NA,NA,NA,Y,NA,A,NA,0,0,2,0,0,0,0,0,0,-,-,NA,NA,LOS ANGELES,LONG BEACH,-118.18673706054688,33.7898063659668
90396902,2017,2017-02-21,9590,2017-02-14,0548,015575,NA,2,3,7,1942,0,1,1,NA,2,050,I-110 N/B (HARBOR FREEWAY),92ND STREET,225,S,N,A,-,Y,NA,NA,110,NA,NA,NA,NA,NA,N,Y,4,0,1,2,A,-,03,22350,NA,N,C,C,A,A,H,-,C,D,0,NA,NA,NA,NA,Y,NA,A,01,0,0,1,0,0,0,0,0,0,-,-,33.95165,-118.28009,LOS ANGELES,LOS ANGELES,-118.2800861,33.95165078
90396917,2017,2017-02-21,9530,2017-01-30,2120,020307,NA,1,2,5,1915,0,1,3,NA,2,310,SR-91 W/B (ARTESIA FREEWAY),ACACIA AVE.,200,E,N,A,-,Y,NA,NA,91,NA,NA,NA,NA,NA,W,Y,4,0,1,2,A,-,08,22107,NA,N,E,I,A,A,H,-,C,D,0,NA,NA,NA,NA,Y,NA,A,01,0,0,1,0,0,0,0,0,0,-,-,33.87391,-118.22387,LOS ANGELES,COMPTON,-118.22386098,33.87412188
90396935,2017,2017-02-21,9540,2017-02-09,1400,019317,NA,4,2,9,1900,0,2,4,NA,1,202,SOLEDAD CANYON ROAD,LANG STATION ROAD,0,NA,Y,A,-,N,NA,NA,NA,NA,NA,NA,NA,NA,NA,N,3,0,1,2,A,-,09,21802,A,N,D,C,A,A,H,-,A,D,0,NA,NA,Y,NA,Y,NA,D,22,0,1,0,0,0,0,0,0,1,-,-,34.4323,-118.38241,LOS ANGELES,UNINCORPORATED,-118.38246006,34.43228009
90396955,2017,2017-02-21,9545,2017-02-11,1100,018097,NA,6,1,9,1900,0,3,5,NA,2,001,AVENUE I,110TH ST  W,0,NA,Y,B,-,N,NA,NA,NA,NA,NA,NA,NA,NA,NA,Y,4,0,2,2,A,-,09,21802,A,N,D,C,A,A,H,-,A,A,0,NA,NA,NA,NA,Y,NA,D,22,0,0,2,0,0,0,0,0,0,-,-,34.70384,-118.32428,LOS ANGELES,UNINCORPORATED,-118.32431012,34.70386012
9039696,2020,2020-03-03,1942,2020-01-16,1920,42251,1588,4,5,7,1942,0,0,0,O,0,15A67,CAHUENGA BL,BARHAM BL,255,E,N,A,-,N,NA,NA,NA,NA,NA,NA,NA,NA,NA,Y,4,0,2,3,A,-,03,22350,NA,N,C,C,A,A,H,-,C,D,0,NA,NA,NA,NA,Y,NA,A,01,0,0,2,0,0,0,0,0,0,-,-,NA,NA,LOS ANGELES,LOS ANGELES,-118.3467025756836,34.12793731689453
90397006,2017,2017-02-21,9540,2017-01-20,0840,018037,NA,5,1,9,1900,0,2,4,NA,1,104,SAN FRANCISQUITO CANYON RD. N/B,CHEROKEE CANYON LN,65,S,N,B,C,N,NA,NA,NA,NA,NA,NA,NA,NA,NA,N,4,0,1,1,A,-,03,22350,NA,N,E,J,A,B,H,-,A,D,0,NA,NA,NA,NA,Y,NA,A,01,0,0,1,0,0,0,0,0,0,-,-,34.48105,-118.5416,LOS ANGELES,UNINCORPORATED,-118.54160846,34.48145362
90397013,2017,2017-02-21,9525,2017-02-13,1400,021375,NA,1,2,4,1913,0,1,1,NA,2,210,SR-210 E/B (FOOTHILL FREEWAY),BASELINE RD.,2500,W,N,A,-,Y,NA,NA,210,NA,NA,NA,NA,NA,E,Y,4,0,2,3,A,-,03,22350,NA,N,C,C,A,A,H,-,A,D,0,NA,NA,NA,NA,Y,NA,A,08,0,0,2,0,0,0,0,0,0,-,-,34.11986,-117.70275,LOS ANGELES,CLAREMONT,-117.7027509,34.11987485