CASE_ID,ACCIDENT_YEAR,PROC_DATE,JURIS,COLLISION_DATE,COLLISION_TIME,OFFICER_ID,REPORTING_DISTRICT,DAY_OF_WEEK,CHP_SHIFT,POPULATION,CNTY_CITY_LOC,SPECIAL_COND,BEAT_TYPE,CHP_BEAT_TYPE,CITY_DIVISION_LAPD,CHP_BEAT_CLASS,BEAT_NUMBER,PRIMARY_RD,SECONDARY_RD,DISTANCE,DIRECTION,INTERSECTION,WEATHER_1,WEATHER_2,STATE_HWY_IND,CALTRANS_COUNTY,CALTRANS_DISTRICT,STATE_ROUTE,ROUTE_SUFFIX,POSTMILE_PREFIX,POSTMILE,LOCATION_TYPE,RAMP_INTERSECTION,SIDE_OF_HWY,TOW_AWAY,COLLISION_SEVERITY,NUMBER_KILLED,NUMBER_INJURED,PARTY_COUNT,PRIMARY_COLL_FACTOR,PCF_CODE_OF_VIOL,PCF_VIOL_CATEGORY,PCF_VIOLATION,PCF_VIOL_SUBSECTION,HIT_AND_RUN,TYPE_OF_COLLISION,MVIW,PED_ACTION,ROAD_SURFACE,ROAD_COND_1,ROAD_COND_2,LIGHTING,CONTROL_DEVICE,CHP_ROAD_TYPE,PEDESTRIAN_ACCIDENT,BICYCLE_ACCIDENT,MOTORCYCLE_ACCIDENT,TRUCK_ACCIDENT,NOT_PRIVATE_PROPERTY,ALCOHOL_INVOLVED,STWD_VEHTYPE_AT_FAULT,CHP_VEHTYPE_AT_FAULT,COUNT_SEVERE_INJ,COUNT_VISIBLE_INJ,COUNT_COMPLAINT_PAIN,COUNT_PED_KILLED,COUNT_PED_INJURED,COUNT_BICYCLIST_KILLED,COUNT_BICYCLIST_INJURED,COUNT_MC_KILLED,COUNT_MC_INJURED,PRIMARY_RAMP,SECONDARY_RAMP,LATITUDE,LONGITUDE,COUNTY,CITY,POINT_X,POINT_Y
9040691,2020,2020-02-24,1941,2020-01-22,1402,5462,901T,3,5,7,1941,0,0,0,NA,0,NA,PALO VERDE AV,WILLOW,0,NA,Y,A,-,N,NA,NA,NA,NA,NA,NA,NA,NA,NA,Y,4,0,1,3,D,-,00,NA,NA,N,A,C,A,A,H,-,A,A,0,NA,NA,NA,NA,Y,NA,-,-,0,0,1,0,0,0,0,0,0,-,-,NA,NA,LOS ANGELES,LONG BEACH,-118.1079330444336,33.80329895019531
90406915,2017,2017-03-07,9540,2017-02-26,0310,021395,NA,7,3,7,1942,0,1,1,NA,1,501,I-5 S/B (GOLDEN STATE FREEWAY),SAN FERNANDO MISSION BLVD,40,S,N,B,C,Y,NA,NA,5,NA,NA,NA,NA,NA,S,Y,3,0,1,1,A,-,03,22350,NA,N,E,I,A,B,H,-,C,D,0,NA,NA,NA,NA,Y,NA,A,01,0,1,0,0,0,0,0,0,0,-,-,34.27677,-118.45283,LOS ANGELES,LOS ANGELES,-118.45293067,34.27666486
9040692,2020,2020-02-25,1941,2020-01-25,1837,10221,NA,6,5,7,1941,0,0,0,NA,0,NA,CHESTNUT AV,56TH ST,125,N,N,A,-,N,NA,NA,NA,NA,NA,NA,NA,NA,NA,N,2,0,1,2,A,-,11,21956,A,N,A,B,E,A,H,-,C,D,0,Y,NA,NA,NA,Y,Y,N,NA,1,0,0,0,1,0,0,0,0,-,-,NA,NA,LOS ANGELES,LONG BEACH,-118.19542694091795,33.85788345336914
90406928,2017,2017-03-07,9540,2017-02-28,1602,021497,NA,2,2,6,1985,0,1,3,NA,2,146,SR-14 N/B (ANTELOPE VALLEY FREEWAY),OAK SPRING CANYON RD,280,S,N,A,-,Y,NA,NA,14,NA,NA,NA,NA,NA,N,N,4,0,1,2,A,-,03,22350,NA,N,C,C,A,A,H,-,A,D,0,NA,NA,NA,NA,Y,NA,A,01,0,0,1,0,0,0,0,0,0,-,-,34.4276,-118.41599,LOS ANGELES,SANTA CLARITA,-118.41598927,34.42763161
9040693,2020,2020-02-27,1942,2020-01-15,2325,40006,1033,3,5,7,1942,0,0,0,J,0,10A21,VICTORY BL,RESEDA BL,0,NA,Y,A,-,N,NA,NA,NA,NA,NA,NA,NA,NA,NA,Y,3,0,1,2,A,-,12,21453,A,N,C,C,A,A,H,-,C,A,0,NA,NA,NA,NA,Y,NA,A,01,0,1,0,0,0,0,0,0,0,-,-,NA,NA,LOS ANGELES,LOS ANGELES,-118.53601837158205,34.18656921386719
90406932,2017,2017-03-07,9565,2017-02-25,1915,021163,NA,6,2,7,1942,0,1,1,NA,2,063,I-405 S/B (SANTA MONICA FREEWAY),OLYMPIC BLVD,297,N,N,A,-,Y,NA,NA,NA,NA,NA,NA,NA,NA,NA,N,4,0,1,4,A,-,03,22350,NA,N,C,C,A,A,H,-,C,D,0,NA,NA,NA,NA,Y,NA,A,07,0,0,1,0,0,0,0,0,0,-,-,33.03924,-118.44016,LOS ANGELES,LOS ANGELES,-118.44051805,34.03965334
9040694,2020,2020-02-25,1942,2020-01-14,1300,40737,0911,2,5,7,1942,0,0,0,I,0,9A5,SEPULVEDA BL,BASSETT ST,93,S,N,A,-,N,NA,NA,NA,NA,NA,NA,NA,NA,NA,Y,4,0,1,2,A,-,08,21460,5,N,D,C,A,A,-,-,A,D,0,NA,NA,NA,NA,Y,NA,A,01,0,0,1,0,0,0,0,0,0,-,-,NA,NA,LOS ANGELES,LOS ANGELES,-118.46619415283205,34.195465087890625
90406945,2017,2017-03-07,9565,2017-02-25,1825,021154,NA,6,2,9,1900,0,1,1,NA,2,063,I-405 N/B (SANTA MONICA FREEWAY),WILSHIRE BLVD.,1000,S,N,A,-,Y,NA,NA,405,NA,NA,NA,NA,NA,N,N,4,0,2,2,A,-,03,22350,NA,N,C,C,A,A,H,-,D,D,0,NA,NA,NA,NA,Y,NA,A,07,0,0,2,0,0,0,0,0,0,-,-,34.05254,-118.44977,LOS ANGELES,UNINCORPORATED,-118.44960413,34.0526197
9040695,2020,2020-02-25,1941,2020-01-17,1549,11399,901-T,5,5,7,1941,0,0,0,NA,0,NA,3RD ST,MOLINO AV,0,NA,Y,A,-,N,NA,NA,NA,NA,NA,NA,NA,NA,NA,Y,3,0,1,2,A,-,09,21802,A,N,D,C,A,A,H,-,A,A,0,NA,NA,Y,NA,Y,NA,A,NA,0,1,0,0,0,0,0,0,1,-,-,NA,NA,LOS ANGELES,LONG BEACH,-118.16060638427734,33.76805877685547
90406955,2017,2017-03-07,9565,2017-02-28,1438,016074,NA,2,2,7,1942,0,1,1,NA,2,062,I-405 N/B (SAN DIEGO FWY),I-10 FWY,100,S,N,A,-,Y,NA,NA,405,NA,NA,NA,NA,NA,N,N,4,0,1,2,A,-,03,22350,NA,N,C,C,A,A,H,-,A,D,0,NA,NA,NA,NA,Y,NA,D,22,0,0,1,0,0,0,0,0,0,-,-,34.02835,-118.43136,LOS ANGELES,LOS ANGELES,-118.43120311,34.02847446
9040696,2020,2020-02-25,1941,2020-01-28,1513,5462,NA,2,5,7,1941,0,0,0,NA,0,NA,ATHERTON,PARK AV,0,NA,Y,A,-,N,NA,NA,NA,NA,NA,NA,NA,NA,NA,N,3,0,1,2,A,-,11,21950,B,N,D,G,A,A,H,-,A,D,0,NA,Y,NA,NA,Y,NA,L,04,0,1,0,0,0,0,1,0,0,-,-,NA,NA,LOS ANGELES,LONG BEACH,-118.13677215576172,33.789859771728516
90406966,2017,2017-03-07,9540,2017-03-04,2025,020875,NA,6,2,6,1985,0,1,3,NA,1,142,SR-14 N/B (ANTELOPE VALLEY FREEWAY),SIERRA HWY U/C,3740,N,N,A,-,Y,NA,NA,14,NA,NA,NA,NA,NA,N,Y,3,0,2,4,A,-,03,22350,NA,N,C,C,A,A,H,-,C,D,0,NA,NA,NA,NA,Y,NA,A,01,0,1,1,0,0,0,0,0,0,-,-,34.34846,-118.50363,LOS ANGELES,SANTA CLARITA,-118.50372677,34.34845591
9040697,2020,2020-02-27,1942,2020-01-15,2155,38620,1099,3,5,7,1942,0,0,0,J,0,10A99,VALLEY VISTA BL,FIRMAMENT AV,0,NA,Y,A,-,N,NA,NA,NA,NA,NA,NA,NA,NA,NA,Y,4,0,1,2,A,-,01,23152,A,N,C,E,A,A,H,-,C,D,0,NA,NA,NA,NA,Y,Y,A,01,0,0,1,0,0,0,0,0,0,-,-,NA,NA,LOS ANGELES,LOS ANGELES,-118.47245025634766,34.149681091308594
90406977,2017,2017-03-07,9590,2017-03-01,0900,016641,NA,3,1,7,1942,0,1,1,NA,2,083,I-5 S/B (GOLDEN STATE FREEWAY),HUMBOLDT ST.,200,N,N,A,-,Y,NA,NA,5,NA,NA,NA,NA,NA,S,N,4,0,2,2,A,-,03,22350,NA,N,C,C,A,A,H,-,A,D,0,NA,NA,NA,NA,Y,NA,A,01,0,0,2,0,0,0,0,0,0,-,-,34.07895,-118.22026,LOS ANGELES,LOS ANGELES,-118.22030298,34.07891915
9040699,2020,2020-02-25,1941,2020-01-13,2030,10550,NA,1,5,7,1941,0,0,0,NA,0,NA,AMBECO RD,PACIFIC PL,48,N,N,A,-,N,NA,NA,NA,NA,NA,NA,NA,NA,NA,Y,3,0,1,1,C,-,18,NA,NA,N,E,J,A,A,D,G,D,D,0,NA,NA,NA,NA,Y,NA,-,-,0,1,0,0,0,0,0,0,0,-,-,NA,NA,LOS ANGELES,LONG BEACH,-118.20058441162108,33.82583999633789
9040700,2020,2020-02-25,1941,2020-01-28,1530,11392,NA,2,5,7,1941,0,0,0,NA,0,NA,ANAHEIM ST,WALNUT AV,0,NA,Y,A,-,N,NA,NA,NA,NA,NA,NA,NA,NA,NA,Y,4,0,1,2,A,-,03,22350,NA,N,D,C,A,A,H,-,A,A,0,NA,NA,NA,NA,Y,NA,A,NA,0,0,1,0,0,0,0,0,0,-,-,NA,NA,LOS ANGELES,LONG BEACH,-118.1719970703125,33.78261184692383
9040701,2020,2020-02-26,1942,2020-01-17,2258,43226,1023,5,5,7,1942,0,0,0,J,0,10A17,VANOWEN ST,WILBUR AV,539,E,N,A,-,N,NA,NA,NA,NA,NA,NA,NA,NA,NA,Y,4,0,1,1,A,-,03,22350,NA,N,A,J,A,A,H,-,C,D,0,NA,NA,NA,NA,Y,NA,-,-,0,0,1,0,0,0,0,0,0,-,-,NA,NA,LOS ANGELES,LOS ANGELES,-118.54296875,34.19384765625
9040703,2020,2020-02-25,1941,2020-01-13,1517,11244,901T,1,5,7,1941,0,0,0,NA,0,NA,MAGNOLIA AV,7TH ST,68,N,N,A,-,N,NA,NA,NA,NA,NA,NA,NA,NA,NA,N,3,0,2,2,A,-,-,NA,NA,N,D,C,A,A,H,-,A,A,0,NA,NA,NA,NA,Y,NA,A,NA,0,1,1,0,0,0,0,0,0,-,-,NA,NA,LOS ANGELES,LONG BEACH,-118.19803619384766,33.77554702758789
9040704,2020,2020-02-25,1941,2020-01-28,1558,11364,NA,2,5,7,1941,0,0,0,NA,0,NA,6TH ST,NEWPORT AV,0,NA,Y,A,-,N,NA,NA,NA,NA,NA,NA,NA,NA,NA,Y,4,0,2,2,D,-,00,NA,NA,N,D,C,A,A,H,-,A,D,0,NA,NA,NA,NA,Y,NA,-,-,0,0,2,0,0,0,0,0,0,-,-,NA,NA,LOS ANGELES,LONG BEACH,-118.15135955810548,33.77350997924805
9040705,2020,2020-02-27,1942,2020-01-16,1910,43226,1006,4,5,7,1942,0,0,0,J,0,10A17,LOUISE AV,SATICOY ST,0,NA,Y,C,-,N,NA,NA,NA,NA,NA,NA,NA,NA,NA,Y,4,0,2,2,A,-,03,22350,NA,N,C,C,A,B,H,-,-,A,0,NA,NA,NA,NA,Y,NA,A,01,0,0,2,0,0,0,0,0,0,-,-,NA,NA,LOS ANGELES,LOS ANGELES,-118.50984191894533,34.20840835571289
9040707,2020,2020-09-15,1941,2020-01-14,0653,11348,901T,2,5,7,1941,0,0,0,NA,0,NA,MARTIN LUTHER KING JR AV,15TH ST,0,NA,Y,A,-,N,NA,NA,NA,NA,NA,NA,NA,NA,NA,N,4,0,2,3,A,-,11,21954,A,N,A,B,D,A,H,-,B,A,0,Y,NA,NA,NA,Y,NA,-,-,0,0,2,0,2,0,0,0,0,-,-,NA,NA,LOS ANGELES,LONG BEACH,-118.1806869506836,33.78578186035156
9040708,2020,2020-02-25,1942,2020-01-18,0220,43371,0669,6,5,7,1942,0,0,0,F,0,6A77,SANTA MONICA BL,OXFORD AV,0,NA,Y,A,-,N,NA,NA,NA,NA,NA,NA,NA,NA,NA,Y,3,0,1,2,A,-,01,23152,A,N,G,B,B,A,H,-,C,D,0,Y,NA,NA,NA,Y,Y,A,01,0,1,0,0,1,0,0,0,0,-,-,NA,NA,LOS ANGELES,LOS ANGELES,-118.30780029296876,34.09077072143555
9040709,2020,2020-02-27,1942,2020-01-10,1305,40341,1043,5,5,7,1942,0,0,0,J,0,10A83,RESEDA BL,BUSWAY,0,NA,Y,A,-,N,NA,NA,NA,NA,NA,NA,NA,NA,NA,Y,4,0,1,3,A,-,04,21703,NA,N,C,C,A,A,H,-,A,A,0,NA,NA,NA,NA,Y,NA,A,01,0,0,1,0,0,0,0,0,0,-,-,NA,NA,LOS ANGELES,LOS ANGELES,NA,NA
90407099,2017,2017-03-07,9550,2017-02-26,0930,020824,NA,7,1,3,1964,0,1,1,NA,2,650,I-605 S/B TO I-5 S/B,INTERSTATE 5 (SANTA ANA FREEWAY),200,S,N,B,-,Y,NA,NA,605,NA,NA,NA,R,NA,S,Y,4,0,1,1,A,-,03,22350,NA,N,E,I,A,B,H,-,A,D,0,NA,NA,NA,NA,Y,NA,A,01,0,0,1,0,0,0,0,0,0,-,-,33.94145,-118.09788,LOS ANGELES,SANTA FE SPRINGS,-118.09788,33.94145
9040710,2020,2020-09-25,1942,2020-01-28,1720,41826,0503,2,5,7,1942,0,0,0,E,0,5A18,PACIFIC COAST HWY,RT 110,10,N,N,A,-,Y,LA,7,110,-,-,4.238,R,1,S,Y,3,0,1,2,A,-,10,21950,A,N,G,G,A,A,H,-,C,A,0,NA,Y,NA,NA,Y,NA,A,01,0,1,0,0,0,0,1,0,0,-,SF,NA,NA,LOS ANGELES,LOS ANGELES,-118.28331756591795,33.79288101196289
9040711,2020,2020-03-04,1941,2020-01-20,1316,11012,901T,1,5,7,1941,0,0,0,NA,0,NA,ATLANTIC AV,7TH ST,9,S,N,B,-,N,NA,NA,NA,NA,NA,NA,NA,NA,NA,Y,3,0,5,3,A,-,-,NA,NA,N,A,C,A,A,H,-,A,A,0,NA,NA,NA,NA,Y,NA,-,-,0,2,3,0,0,0,0,0,0,-,-,NA,NA,LOS ANGELES,LONG BEACH,-118.18505096435548,33.77531433105469
9040712,2020,2020-03-10,1942,2020-01-09,1705,41416,668,4,5,7,1942,0,0,0,NA,0,6G3,WESTERN AV,FERNWOOD AV,0,NA,Y,A,-,N,NA,NA,NA,NA,NA,NA,NA,NA,NA,N,4,0,1,2,A,-,10,21950,A,N,A,B,B,A,H,-,B,A,0,Y,NA,NA,NA,Y,NA,A,01,0,0,1,0,1,0,0,0,0,-,-,NA,NA,LOS ANGELES,LOS ANGELES,-118.30919647216795,34.09577941894531
90407128,2017,2017-03-07,9575,2017-02-23,1340,015935,NA,4,1,6,1953,0,1,1,NA,2,064,I-210 W/B (FOOTHILL FREEWAY),LAKE AVE,10,W,N,A,-,Y,NA,NA,210,NA,NA,NA,NA,NA,W,Y,4,0,1,2,A,-,07,21658,A,N,B,C,A,A,H,-,A,D,0,NA,NA,NA,Y,Y,NA,G,25,0,0,1,0,0,0,0,0,0,-,-,34.15207,-118.13306,LOS ANGELES,PASADENA,-118.13306038,34.15200171
9040713,2020,2020-03-05,1942,2020-01-10,0020,38620,1078,5,5,7,1942,0,0,0,J,0,1099,VENTURA BL,HAYVENHURST AV,0,NA,Y,A,-,N,NA,NA,NA,NA,NA,NA,NA,NA,NA,Y,4,0,3,2,A,-,09,21801,A,N,A,D,A,A,H,-,C,A,0,NA,NA,NA,NA,Y,NA,-,-,0,0,3,0,0,0,0,0,0,-,-,NA,NA,LOS ANGELES,LOS ANGELES,-118.49231719970705,34.15755081176758
90407134,2017,2017-03-07,9545,2017-03-03,1815,017305,NA,5,2,6,1950,0,1,3,NA,2,021,SR-14 S/B TO AVENUE N,AVENUE N,0,NA,Y,A,-,Y,NA,NA,14,NA,NA,NA,R,NA,S,Y,4,0,1,2,A,-,09,21801,A,N,D,C,A,A,H,-,C,A,0,NA,NA,NA,NA,Y,NA,D,22,0,0,1,0,0,0,0,0,0,-,-,34.63112,-118.15457,LOS ANGELES,PALMDALE,-118.15457,34.63112
9040714,2020,2020-02-26,1942,2020-01-17,2230,41760,NA,5,5,7,1942,0,0,0,NA,0,5A55,MIRALESTE DR,CHANDELEUR DR,250,N,N,A,-,N,NA,NA,NA,NA,NA,NA,NA,NA,NA,Y,3,0,1,2,A,-,01,23152,A,N,B,C,A,A,H,-,C,B,0,NA,NA,NA,NA,Y,Y,A,01,0,1,0,0,0,0,0,0,0,-,-,NA,NA,LOS ANGELES,LOS ANGELES,-118.3188247680664,33.73991394042969
90407141,2017,2017-03-07,9530,2017-02-27,0225,021430,NA,1,3,7,1941,0,1,1,NA,2,072,I-710 N/B (LONG BEACH FREEWAY),WILLOW ST.,2000,N,N,A,-,Y,NA,NA,710,NA,NA,NA,NA,NA,N,Y,3,0,3,2,A,-,03,22350,NA,N,C,C,A,A,H,-,C,D,0,NA,NA,NA,NA,Y,NA,A,08,0,1,2,0,0,0,0,0,0,-,-,33.81064,-118.20689,LOS ANGELES,LONG BEACH,-118.20689294,33.81064002
9040715,2020,2020-03-04,1941,2020-01-24,2340,6314,901-T,5,5,7,1941,0,0,0,NA,0,NA,PIER T AV,PIER T LN,170,S,N,A,-,N,NA,NA,NA,NA,NA,NA,NA,NA,NA,Y,4,0,1,1,A,-,08,22107,NA,N,E,I,A,A,H,-,C,D,0,NA,NA,NA,NA,Y,NA,A,NA,0,0,1,0,0,0,0,0,0,-,-,NA,NA,LOS ANGELES,LONG BEACH,-118.2238540649414,33.76204299926758
90407158,2017,2017-03-07,9590,2017-03-04,1820,021133,NA,6,2,7,1942,0,1,1,NA,2,053,I-110 S/B (HARBOR FREEWAY,1ST STREET,100,N,N,B,-,Y,NA,NA,NA,NA,NA,NA,NA,NA,NA,N,4,0,1,2,A,-,07,21658,A,F,B,C,A,A,H,-,C,D,0,NA,NA,NA,NA,Y,NA,-,99,0,0,1,0,0,0,0,0,0,-,-,34.33249,-118.15117,LOS ANGELES,LOS ANGELES,NA,NA
9040716,2020,2020-02-25,1942,2020-01-12,1800,42595,0638,7,5,7,1942,0,0,0,F,0,6XL56,HOLLYWOOD BL,WESTERN AV,100,W,N,A,-,N,NA,NA,NA,NA,NA,NA,NA,NA,NA,N,4,0,1,2,A,-,11,21955,NA,N,A,B,D,A,H,-,C,D,0,Y,NA,NA,NA,Y,NA,N,60,0,0,1,0,1,0,0,0,0,-,-,NA,NA,LOS ANGELES,LOS ANGELES,-118.30960083007813,34.10174560546875
9040717,2020,2020-02-26,1942,2020-01-13,1215,38191,0961,1,5,7,1942,0,0,0,I,0,9A63,N SEPULVEDA BL,MORRISON ST,0,NA,Y,A,-,N,NA,NA,NA,NA,NA,NA,NA,NA,NA,Y,4,0,1,2,A,-,09,21802,A,N,D,C,A,A,H,-,A,A,0,NA,NA,NA,NA,Y,NA,A,01,0,0,1,0,0,0,0,0,0,-,-,NA,NA,LOS ANGELES,LOS ANGELES,-118.46614837646484,34.1602897644043
9040718,2020,2020-03-17,1942,2020-01-08,2040,39170,0541,3,5,7,1942,0,0,0,E,0,5A55,N WESTERN AV,W CRESTWOOD ST,0,NA,Y,A,-,N,NA,NA,NA,NA,NA,NA,NA,NA,NA,Y,4,0,1,2,A,-,03,22350,NA,F,D,C,A,A,H,-,C,A,0,NA,NA,NA,NA,Y,NA,A,01,0,0,1,0,0,0,0,0,0,-,-,NA,NA,LOS ANGELES,LOS ANGELES,-118.30921173095705,33.75014114379883
9040719,2020,2020-02-24,1941,2020-01-25,0251,11091,901-T,6,5,7,1941,0,0,0,NA,0,NA,ANAHEIM ST,ORIZABA AV,190,W,N,A,-,N,NA,NA,NA,NA,NA,NA,NA,NA,NA,Y,3,0,1,5,A,-,08,22107,NA,N,B,C,A,A,H,-,C,D,0,NA,NA,NA,NA,Y,NA,A,NA,0,1,0,0,0,0,0,0,0,-,-,NA,NA,LOS ANGELES,LONG BEACH,-118.15741729736328,33.78260040283203
90407199,2017,2017-03-07,9535,2017-02-26,0405,018527,NA,7,3,9,1900,0,3,5,NA,2,006,POTRERO GRANDE DR (1500 BLOCK),MOONEY DR,38,E,N,B,C,N,NA,NA,NA,NA,NA,NA,NA,NA,NA,Y,2,0,1,1,A,-,01,23152,A,N,E,I,A,B,H,-,D,D,0,NA,NA,NA,NA,Y,Y,A,01,1,0,0,0,0,0,0,0,0,-,-,34.04798,-118.09862,LOS ANGELES,UNINCORPORATED,-118.09857495,34.04796358
9040720,2020,2020-02-25,1942,2020-01-07,1545,43933,0764,2,5,7,1942,0,0,0,G,0,7A1,MEADOW BROOK AV,PICO BL,60,S,N,A,-,N,NA,NA,NA,NA,NA,NA,NA,NA,NA,N,4,0,1,3,A,-,21,22106,NA,N,H,E,E,A,H,-,A,D,0,Y,NA,NA,NA,Y,NA,A,01,0,0,1,0,1,0,0,0,0,-,-,NA,NA,LOS ANGELES,LOS ANGELES,-118.35047912597656,34.04792404174805
90407229,2017,2017-03-07,9530,2017-02-26,0020,021490,NA,7,3,7,1942,0,1,1,NA,2,200,I-105 E/B (GLENN ANDERSON FWY),FIGUEROA ST.,80,E,N,A,-,Y,NA,NA,105,NA,NA,NA,NA,NA,E,Y,3,0,1,2,A,-,08,22107,NA,N,E,I,A,A,H,-,D,D,0,NA,NA,NA,NA,Y,NA,A,01,0,1,0,0,0,0,0,0,0,-,-,33.92842,-118.28229,LOS ANGELES,LOS ANGELES,-118.28229011,33.92849943
90407255,2016,2017-03-07,9580,2016-05-25,2110,020345,NA,3,2,9,1900,0,1,3,NA,1,271,SR-27 N/B (TOPANGA CYN. BLVD.),BROOKSIDE DR,470,N,N,A,-,Y,NA,NA,27,NA,NA,NA,NA,NA,N,N,4,0,1,2,A,-,03,22350,NA,N,G,B,E,A,H,-,D,D,0,Y,NA,NA,NA,Y,NA,A,01,0,0,1,0,1,0,0,0,0,-,-,34.04902,-118.58028,LOS ANGELES,UNINCORPORATED,-118.58030908,34.04903268
90407266,2017,2017-03-07,9565,2017-02-27,0930,017574,NA,1,1,7,1942,0,1,1,NA,2,064,INTERSTATE 405 SOUTHBOUND,GETTY CENTER DR,400,S,N,B,-,Y,NA,NA,405,NA,NA,NA,NA,NA,S,N,4,0,1,3,A,-,03,22350,NA,N,C,C,A,A,H,-,A,D,0,NA,NA,NA,NA,Y,NA,A,01,0,0,1,0,0,0,0,0,0,-,-,34.08843,-118.47537,LOS ANGELES,LOS ANGELES,-118.4754046,34.08842515
9040728,2019,2020-02-13,1920,2019-12-28,0727,13118,1920,6,5,6,1920,0,0,0,NA,0,006,IMPERIAL HWY,DOWNEY AV,0,NA,Y,A,-,N,NA,NA,NA,NA,NA,NA,NA,NA,NA,Y,4,0,1,2,A,-,12,21453,A,N,D,C,A,A,H,-,A,A,0,NA,NA,NA,NA,Y,NA,-,-,0,0,1,0,0,0,0,0,0,-,-,NA,NA,LOS ANGELES,DOWNEY,-118.14688110351564,33.92131042480469
90407287,2017,2017-03-07,9590,2017-02-28,0110,021535,NA,2,3,7,1942,0,1,2,NA,2,071,US-101 S/B (SANTA ANA FREEWAY),ALAMEDA ST,170,S,N,A,-,Y,NA,NA,101,NA,NA,NA,NA,NA,S,Y,3,0,1,2,A,-,01,23152,A,N,C,C,A,A,H,-,C,D,0,NA,NA,Y,NA,Y,Y,C,02,0,1,0,0,0,0,0,0,1,-,-,34.05389,-118.23718,LOS ANGELES,LOS ANGELES,-118.23719376,34.05383996
90407296,2017,2017-03-07,9590,2017-03-03,2049,021132,NA,5,2,7,1942,0,1,1,NA,2,062,I-10 E/B (SMF),VERMON AVENUE,1220,E,N,A,-,Y,NA,NA,10,NA,NA,NA,NA,NA,E,Y,3,0,1,1,A,-,08,22107,NA,N,F,A,A,A,H,-,C,D,0,NA,NA,Y,NA,Y,NA,C,02,0,1,0,0,0,0,0,0,1,-,-,34.03687,-118.28762,LOS ANGELES,LOS ANGELES,-118.28762092,34.03679263
90407308,2017,2017-03-07,9530,2017-03-02,0715,015995,NA,4,1,9,1900,0,3,5,NA,2,001,MOUNTAIN VIEW AVE.,WALNUT ST.,0,NA,Y,A,-,N,NA,NA,NA,NA,NA,NA,NA,NA,NA,Y,4,0,1,2,A,-,09,21802,A,N,D,C,A,A,H,-,A,A,0,NA,NA,NA,NA,Y,NA,A,01,0,0,1,0,0,0,0,0,0,-,-,33.97259,-118.21783,LOS ANGELES,UNINCORPORATED,-118.21765002,33.97253003
9040732,2019,2020-02-13,1920,2019-12-21,0209,13647,1920,6,5,6,1920,0,0,0,NA,0,006,FIRESTONE BL,PATTON RD,29,W,N,A,-,N,NA,NA,NA,NA,NA,NA,NA,NA,NA,Y,3,0,1,2,A,-,08,22107,NA,M,D,C,A,A,H,-,C,A,0,NA,NA,NA,NA,Y,NA,-,NA,0,1,0,0,0,0,0,0,0,-,-,NA,NA,LOS ANGELES,DOWNEY,-118.12775421142578,33.937339782714844
90407336,2017,2017-03-07,9525,2017-03-02,0810,012772,NA,4,1,9,1900,0,3,5,NA,2,003,FRANCISQUITO AVE,LARK ELLEN AVE,0,NA,Y,A,-,N,NA,NA,NA,NA,NA,NA,NA,NA,NA,N,4,0,1,2,A,-,10,21950,A,N,G,B,B,A,H,-,A,A,0,Y,NA,NA,NA,Y,NA,A,07,0,0,1,0,1,0,0,0,0,-,-,34.05031,-117.91683,LOS ANGELES,UNINCORPORATED,-117.91688004,34.05028005
9040736,2019,2020-02-05,1920,2019-12-31,1752,13022,NA,2,5,6,1920,0,0,0,NA,0,006,STEWART AND GRAY RD,PARAMOUNT BL,365,E,N,A,-,N,NA,NA,NA,NA,NA,NA,NA,NA,NA,N,4,0,1,2,A,-,09,21801,A,N,D,C,A,A,H,-,C,A,0,NA,NA,Y,NA,Y,NA,A,01,0,0,1,0,0,0,0,0,1,-,-,NA,NA,LOS ANGELES,DOWNEY,-118.14278411865234,33.93423843383789
90407366,2017,2017-03-07,9545,2017-03-05,1420,017305,NA,7,2,9,1900,0,3,5,NA,2,002,AVENUE M,42ND STREET WEST,130,W,N,A,-,N,NA,NA,NA,NA,NA,NA,NA,NA,NA,Y,3,0,1,1,A,-,08,22107,NA,N,E,I,A,A,H,-,A,D,0,NA,NA,NA,NA,Y,NA,A,01,0,1,0,0,0,0,0,0,0,-,-,34.64643,-118.20598,LOS ANGELES,UNINCORPORATED,-118.20598,34.64643
90407380,2017,2017-03-07,9590,2017-02-12,1830,021179,NA,7,2,7,1942,0,1,2,NA,2,072,US-101 N/B (HOF),BARHAM BOULEVARD,150,N,N,A,-,Y,NA,NA,101,NA,NA,NA,NA,NA,N,N,4,0,2,2,A,-,03,22350,NA,F,C,C,A,A,H,-,C,D,0,NA,NA,NA,NA,Y,NA,-,99,0,0,2,0,0,0,0,0,0,-,-,34.12927,-118.34735,LOS ANGELES,LOS ANGELES,-118.34733974,34.12928053
90407381,2017,2017-03-07,9590,2017-02-28,1305,016127,NA,2,1,7,1942,0,1,1,NA,2,050,I-110 N/B (HARBOR FREEWAY),VERNON AVENUE,350,S,N,A,-,Y,NA,NA,110,NA,NA,NA,NA,NA,N,Y,4,0,2,2,A,-,03,22350,NA,N,C,C,A,A,H,-,A,D,0,NA,NA,NA,NA,Y,NA,A,01,0,0,2,0,0,0,0,0,0,-,-,34.00346,-118.28114,LOS ANGELES,LOS ANGELES,-118.28099633,34.00345903
9040740,2019,2020-02-05,1920,2019-12-29,2358,13285,1920,7,5,6,1920,0,0,0,NA,0,003,WILEY BURKE AV,FLORENCE AV,42,N,N,A,-,N,NA,NA,NA,NA,NA,NA,NA,NA,NA,Y,4,0,2,2,A,-,01,23152,G,N,G,B,F,A,H,-,C,A,0,Y,NA,NA,NA,Y,NA,A,01,0,0,2,0,1,0,0,0,0,-,-,NA,NA,LOS ANGELES,DOWNEY,-118.13738250732422,33.95716094970703