CASE_ID,ACCIDENT_YEAR,PROC_DATE,JURIS,COLLISION_DATE,COLLISION_TIME,OFFICER_ID,REPORTING_DISTRICT,DAY_OF_WEEK,CHP_SHIFT,POPULATION,CNTY_CITY_LOC,SPECIAL_COND,BEAT_TYPE,CHP_BEAT_TYPE,CITY_DIVISION_LAPD,CHP_BEAT_CLASS,BEAT_NUMBER,PRIMARY_RD,SECONDARY_RD,DISTANCE,DIRECTION,INTERSECTION,WEATHER_1,WEATHER_2,STATE_HWY_IND,CALTRANS_COUNTY,CALTRANS_DISTRICT,STATE_ROUTE,ROUTE_SUFFIX,POSTMILE_PREFIX,POSTMILE,LOCATION_TYPE,RAMP_INTERSECTION,SIDE_OF_HWY,TOW_AWAY,COLLISION_SEVERITY,NUMBER_KILLED,NUMBER_INJURED,PARTY_COUNT,PRIMARY_COLL_FACTOR,PCF_CODE_OF_VIOL,PCF_VIOL_CATEGORY,PCF_VIOLATION,PCF_VIOL_SUBSECTION,HIT_AND_RUN,TYPE_OF_COLLISION,MVIW,PED_ACTION,ROAD_SURFACE,ROAD_COND_1,ROAD_COND_2,LIGHTING,CONTROL_DEVICE,CHP_ROAD_TYPE,PEDESTRIAN_ACCIDENT,BICYCLE_ACCIDENT,MOTORCYCLE_ACCIDENT,TRUCK_ACCIDENT,NOT_PRIVATE_PROPERTY,ALCOHOL_INVOLVED,STWD_VEHTYPE_AT_FAULT,CHP_VEHTYPE_AT_FAULT,COUNT_SEVERE_INJ,COUNT_VISIBLE_INJ,COUNT_COMPLAINT_PAIN,COUNT_PED_KILLED,COUNT_PED_INJURED,COUNT_BICYCLIST_KILLED,COUNT_BICYCLIST_INJURED,COUNT_MC_KILLED,COUNT_MC_INJURED,PRIMARY_RAMP,SECONDARY_RAMP,LATITUDE,LONGITUDE,COUNTY,CITY,POINT_X,POINT_Y
90407402,2017,2017-03-07,9550,2017-02-26,0640,020824,NA,7,1,5,1976,0,1,1,NA,2,650,I-605 S/B FROM BEVERLY BOULEVARD,BEVERLY BOULEVARD,5,N,N,C,-,Y,NA,NA,605,NA,NA,NA,R,NA,S,Y,3,0,1,1,A,-,03,22350,NA,N,E,I,A,B,H,-,A,D,0,NA,NA,NA,NA,Y,NA,D,22,0,1,0,0,0,0,0,0,0,-,-,34.0047,-118.06385,LOS ANGELES,WHITTIER,-118.06385,34.0047
90407427,2017,2017-03-07,9575,2017-02-25,1440,021006,NA,6,2,9,1900,0,2,4,NA,2,020,ALTADENA DR.,OLIVE AVE.,0,NA,Y,A,-,N,NA,NA,NA,NA,NA,NA,NA,NA,NA,Y,4,0,1,2,A,-,09,21802,A,N,D,C,A,A,H,-,A,A,0,NA,NA,NA,NA,Y,NA,A,07,0,0,1,0,0,0,0,0,0,-,-,34.19668,-118.15403,LOS ANGELES,UNINCORPORATED,-118.15397001,34.19666011
90407433,2017,2017-03-07,9590,2017-03-04,2322,021443,NA,6,3,7,1942,0,1,1,NA,2,062,I-10 E/B (SANTA MONICA FREEWAY),VERMONT AVE.,120,W,N,A,-,Y,NA,NA,10,NA,NA,NA,NA,NA,E,Y,4,0,1,2,A,-,03,22350,NA,N,C,C,A,A,H,-,C,D,0,NA,NA,NA,NA,Y,Y,A,07,0,0,1,0,0,0,0,0,0,-,-,34.03684,-118.29153,LOS ANGELES,LOS ANGELES,-118.29153001,34.03683912
9040744,2019,2020-02-05,1920,2019-12-23,0157,11241,1920,1,5,6,1920,0,0,0,NA,0,001,WOODRUFF AV,HALL RD,8,N,N,B,-,N,NA,NA,NA,NA,NA,NA,NA,NA,NA,Y,3,0,1,1,A,-,01,23153,A,N,E,I,A,B,H,-,C,A,0,NA,NA,NA,NA,Y,Y,A,01,0,1,0,0,0,0,0,0,0,-,-,NA,NA,LOS ANGELES,DOWNEY,-118.11672973632813,33.92970275878906
90407441,2017,2017-03-07,9525,2017-02-21,1610,019698,NA,2,2,6,1975,0,1,1,NA,2,105,I-10 W/B (SAN BERNARDINO FWY),GRAND AVE,300,W,N,A,-,Y,NA,NA,10,NA,NA,NA,NA,NA,W,Y,4,0,1,2,A,-,07,21658,A,N,B,C,A,A,D,E,A,D,0,NA,NA,NA,NA,Y,NA,A,01,0,0,1,0,0,0,0,0,0,-,-,34.07181,-117.87322,LOS ANGELES,WEST COVINA,-117.87321859,34.07189528
90407476,2017,2017-03-07,9525,2017-03-02,1510,021138,NA,4,2,1,1934,0,1,1,NA,2,652,I-605 N/B (SAN GABRIEL RIVER FWY),LIVE OAK AVE.,3000,S,N,A,-,Y,NA,NA,605,NA,NA,NA,NA,NA,N,N,4,0,1,2,A,-,03,22350,NA,N,C,C,A,A,H,-,A,D,0,NA,NA,NA,NA,Y,NA,I,11,0,0,1,0,0,0,0,0,0,-,-,34.1011,-117.98437,LOS ANGELES,IRWINDALE,-117.9844024,34.10111068
9040748,2019,2020-02-05,1920,2019-12-02,1342,11792,1920,1,5,6,1920,0,0,0,NA,0,005,LAKEWOOD BL,FLORENCE AV,118,S,N,A,-,N,NA,NA,NA,NA,NA,NA,NA,NA,NA,N,4,0,1,2,A,-,03,22350,NA,N,C,C,A,A,H,-,A,A,0,NA,NA,NA,NA,Y,NA,A,07,0,0,1,0,0,0,0,0,0,-,-,NA,NA,LOS ANGELES,DOWNEY,-118.11740112304688,33.94720458984375
90407488,2017,2017-03-07,9590,2017-03-04,1030,021245,NA,6,1,7,1942,0,1,1,NA,2,021,I-10 W/B (SBF) TO I-5 S/B (GSF),I-5 S/B (GSF),225,W,N,A,-,Y,NA,NA,10,NA,NA,NA,R,NA,W,Y,3,0,1,1,A,-,01,23152,A,N,E,I,A,A,H,-,A,D,0,NA,NA,NA,NA,Y,Y,A,01,0,1,0,0,0,0,0,0,0,-,-,34.05621,-118.21526,LOS ANGELES,LOS ANGELES,-118.21526,34.05621
90407498,2017,2017-03-07,9525,2017-03-02,1530,021393,NA,4,2,6,1955,0,1,1,NA,2,110,I-10 E/B (SAN BERNARDINO FWY),WHITE AVE,528,W,N,B,-,Y,NA,NA,10,NA,NA,NA,NA,NA,E,N,4,0,1,2,A,-,03,22350,NA,N,C,C,A,A,H,-,A,D,0,NA,NA,NA,NA,Y,NA,A,01,0,0,1,0,0,0,0,0,0,-,-,34.0713,-117.76692,LOS ANGELES,POMONA,-117.76691764,34.07131472
90407499,2017,2017-03-07,9565,2017-02-25,1150,021371,NA,6,1,9,1900,0,3,5,NA,2,004,CRENSHAW BLVD,135TH ST,0,NA,Y,A,-,N,NA,NA,NA,NA,NA,NA,NA,NA,NA,N,4,0,4,2,A,-,12,21453,A,F,D,C,A,A,H,-,A,A,0,NA,NA,NA,NA,Y,NA,A,01,0,0,4,0,0,0,0,0,0,-,-,33.54331,-118.19356,LOS ANGELES,UNINCORPORATED,-118.32660012,33.90919007
90407508,2017,2017-03-07,9550,2017-02-28,1707,021121,NA,2,2,9,1900,0,2,4,NA,1,042,COLIMA ROAD,MANOR GATE ROAD,140,E,N,A,-,N,NA,NA,NA,NA,NA,NA,NA,NA,NA,N,4,0,1,2,A,-,03,22350,NA,N,C,C,A,A,H,-,B,D,0,NA,NA,NA,NA,Y,NA,A,07,0,0,1,0,0,0,0,0,0,-,-,33.99089,-117.93399,LOS ANGELES,UNINCORPORATED,-117.93407036,33.99077296
90407518,2017,2017-03-07,9525,2017-03-02,1635,019379,NA,4,2,5,1990,0,1,3,NA,2,574,SR-57 N/B (ORANGE FWY),PATHFINDER RD.,2640,N,N,A,-,Y,NA,NA,57,NA,NA,NA,NA,NA,N,N,4,0,1,3,A,-,03,22350,NA,N,C,C,A,A,H,-,A,D,0,NA,NA,NA,NA,Y,NA,A,07,0,0,1,0,0,0,0,0,0,-,-,33.99222,-117.84233,LOS ANGELES,DIAMOND BAR,-117.8422439,33.99219413
9040752,2019,2020-02-05,1920,2019-12-30,1730,10216,NA,1,5,6,1920,0,0,0,NA,0,005,LAKEWOOD BL,FIRESTONE BL,0,NA,Y,A,-,N,NA,NA,NA,NA,NA,NA,NA,NA,NA,N,4,0,1,2,A,-,12,21453,A,N,D,C,A,A,H,-,C,A,0,NA,NA,NA,NA,Y,NA,A,01,0,0,1,0,0,0,0,0,0,-,-,NA,NA,LOS ANGELES,DOWNEY,-118.1240234375,33.93553161621094
90407529,2017,2017-03-07,9565,2017-02-26,1250,020284,NA,7,1,7,1942,0,1,1,NA,2,083,I-10 W/B (SANTA MONICA FREEWAY),NATIONAL BLVD.,800,E,N,B,-,Y,NA,NA,NA,NA,NA,NA,NA,NA,NA,N,4,0,3,2,A,-,03,22350,NA,N,C,C,A,A,H,-,A,D,0,NA,NA,NA,NA,Y,NA,D,22,0,0,3,0,0,0,0,0,0,-,-,34.14551,-118.23552,LOS ANGELES,LOS ANGELES,-118.41597525,34.03191
90407534,2017,2017-03-07,9525,2017-03-02,1615,019491,NA,4,2,5,1926,0,1,1,NA,2,206,I-210 E/B (FOOTHILL FWY),SUNFLOWER AVENUE,1000,W,N,A,-,Y,NA,NA,210,NA,NA,NA,NA,NA,E,Y,3,0,1,3,A,-,03,22350,NA,N,C,C,A,A,H,-,A,D,0,NA,NA,NA,NA,Y,NA,A,01,0,1,0,0,0,0,0,0,0,-,-,34.11748,-117.85239,LOS ANGELES,GLENDORA,-117.8523898,34.11753111
90407548,2017,2017-03-07,9580,2017-02-23,2233,021492,NA,4,3,7,1942,0,1,2,NA,2,103,US-101 S/B (VENTURA FREEWAY),KESTER AVE,900,S,N,A,-,Y,NA,NA,101,NA,NA,NA,NA,NA,S,Y,4,0,1,2,A,-,03,22350,NA,N,C,C,A,A,H,-,D,D,0,NA,NA,NA,NA,Y,NA,A,01,0,0,1,0,0,0,0,0,0,-,-,34.15776,-118.45415,LOS ANGELES,LOS ANGELES,-118.45415905,34.15765702
90407558,2017,2017-03-07,9590,2017-03-01,1400,016230,NA,3,2,7,1942,0,1,1,NA,2,083,I-5 S/B GSF TO I-10 E/B SBF,STATE STREET,100,N,N,A,-,Y,NA,NA,NA,NA,NA,NA,NA,NA,NA,Y,3,0,1,1,A,-,08,22107,NA,N,E,I,A,A,H,-,A,D,0,NA,NA,Y,NA,Y,NA,C,02,0,1,0,0,0,0,0,0,1,-,-,34.03341,-118.21598,LOS ANGELES,LOS ANGELES,NA,NA
9040756,2019,2020-02-05,1920,2019-12-28,2325,13321,NA,6,5,6,1920,0,0,0,NA,0,NA,CEDARTREE RD,EGLISE AV,56,E,N,A,-,N,NA,NA,NA,NA,NA,NA,NA,NA,NA,Y,4,0,1,5,A,-,01,23152,A,N,A,C,A,A,H,-,C,A,0,NA,NA,NA,NA,Y,Y,A,01,0,0,1,0,0,0,0,0,0,-,-,NA,NA,LOS ANGELES,DOWNEY,-118.10222625732422,33.95418930053711
90407568,2017,2018-04-20,9535,2017-02-25,2008,021000,NA,6,2,9,1900,0,1,3,NA,2,601,SR-60 (POMONA FREEWAY) W/B,DANGLER AVE,444,E,N,A,-,Y,NA,NA,60,NA,NA,NA,NA,NA,W,Y,4,0,1,1,A,-,08,22107,NA,N,E,I,A,A,H,-,D,D,0,NA,NA,NA,NA,Y,NA,A,01,0,0,1,0,0,0,0,0,0,-,-,34.03665,-118.16359,LOS ANGELES,UNINCORPORATED,-118.16358895,34.03661141
90407578,2017,2017-03-07,9580,2017-02-27,0120,021079,NA,1,3,7,1942,0,1,2,NA,2,101,US-101 S/B (VENTURA FREEWAY),TUJUNGA AVE,75,S,N,B,-,Y,NA,NA,101,NA,NA,NA,NA,NA,S,Y,3,0,1,1,A,-,01,23152,A,N,E,I,A,A,H,-,C,D,0,NA,NA,NA,NA,Y,Y,A,01,0,1,0,0,0,0,0,0,0,-,-,34.15392,-118.37889,LOS ANGELES,LOS ANGELES,-118.37889428,34.15390706
90407581,2017,2017-03-07,9550,2017-02-28,2104,019293,NA,2,2,4,1936,0,1,1,NA,2,501,I-5 N/B,VALLEY VIEW AVENUE,1000,S,N,A,-,Y,NA,NA,5,NA,NA,NA,NA,NA,N,Y,4,0,2,2,A,-,03,22350,NA,N,C,C,A,A,H,-,C,D,0,NA,NA,NA,NA,Y,NA,A,01,0,0,2,0,0,0,0,0,0,-,-,33.8828,-118.0263,LOS ANGELES,LA MIRADA,-118.02631747,33.88276778
9040760,2019,2020-02-05,1920,2019-12-15,1134,13118,1920,7,5,6,1920,0,0,0,NA,0,004,GALLATIN RD,ARRINGTON AV,0,NA,Y,A,-,N,NA,NA,NA,NA,NA,NA,NA,NA,NA,Y,4,0,4,2,A,-,08,22107,NA,N,D,C,A,A,H,-,A,D,0,NA,NA,NA,NA,Y,NA,A,07,0,0,4,0,0,0,0,0,0,-,-,NA,NA,LOS ANGELES,DOWNEY,-118.11209869384766,33.95336151123047
90407604,2017,2017-03-07,9580,2017-02-19,2214,020095,NA,7,3,9,1900,0,2,4,NA,1,128,KANAN RD,TUNNEL #2,250,S,N,C,-,N,NA,NA,NA,NA,NA,NA,NA,NA,NA,Y,3,0,1,1,A,-,01,23152,A,N,E,I,A,B,A,-,A,D,0,NA,NA,NA,NA,Y,Y,A,01,0,1,0,0,0,0,0,0,0,-,-,34.104730000000004,-118.81238,LOS ANGELES,UNINCORPORATED,-118.81163262,34.10515032
90407610,2017,2017-03-07,9535,2017-02-27,1020,021381,NA,1,1,5,1901,0,1,1,NA,2,420,I-10 E/B FROM N/B GARFIELD AVE.,GARFIELD AVE.,152,E,N,A,-,Y,NA,NA,10,NA,NA,NA,R,NA,E,N,4,0,1,2,A,-,03,22350,NA,N,C,C,A,A,H,-,A,A,0,NA,NA,NA,NA,Y,NA,A,01,0,0,1,0,0,0,0,0,0,-,-,34.07129,-118.12232,LOS ANGELES,ALHAMBRA,-118.12232,34.07129
90407619,2017,2017-03-07,9530,2017-02-24,0300,021430,NA,5,3,7,1941,0,1,1,NA,2,430,I-405 S/B TO STUDEBAKER RD,I-405 S/B (SAN DIEGO FREEWAY),9,S,N,A,-,Y,NA,NA,405,NA,NA,NA,R,NA,S,Y,3,0,2,2,A,-,03,22350,NA,F,C,C,A,A,H,-,C,A,0,NA,NA,NA,NA,Y,NA,-,99,0,1,1,0,0,0,0,0,0,-,-,33.79091,-118.10026,LOS ANGELES,LONG BEACH,-118.10026,33.79091
90407621,2017,2017-03-07,9525,2017-03-03,0740,015445,NA,5,1,6,1975,0,1,1,NA,2,106,I-10 E/B (SAN BERNARDINO FWY),HOLT AVE,2800,E,N,A,-,Y,NA,NA,NA,NA,NA,NA,NA,NA,NA,Y,4,0,2,4,A,-,03,22350,NA,N,C,C,A,A,C,D,A,D,0,NA,NA,NA,NA,Y,NA,D,22,0,0,2,0,0,0,0,0,0,-,-,34.0681,-117.8556,LOS ANGELES,WEST COVINA,-117.85608579,34.06804219
90407639,2017,2017-03-07,9550,2017-02-28,0820,015329,NA,2,1,3,1903,0,1,3,NA,2,091,STATE ROUTE 91 W/B (ARTESIA FREEWAY),GRIDLEY RD.,800,E,N,A,-,Y,NA,NA,91,NA,NA,NA,NA,NA,W,N,4,0,1,2,A,-,03,22350,NA,N,C,C,A,A,H,-,A,D,0,NA,NA,NA,NA,Y,NA,A,07,0,0,1,0,0,0,0,0,0,-,-,33.87667,-118.08962,LOS ANGELES,ARTESIA,-118.089619,33.87642639
9040764,2019,2020-02-05,1920,2019-12-24,1549,13022,NA,2,5,6,1920,0,0,0,NA,0,005,FLORENCE AV,BROOKSHIRE AV,0,NA,Y,A,-,N,NA,NA,NA,NA,NA,NA,NA,NA,NA,Y,3,0,2,2,A,-,12,21453,A,N,D,C,A,A,H,-,A,A,0,NA,NA,NA,NA,Y,NA,A,01,0,2,0,0,0,0,0,0,0,-,-,NA,NA,LOS ANGELES,DOWNEY,-118.12184143066406,33.9498405456543
90407657,2017,2017-03-07,9530,2017-03-06,0745,018385,NA,1,1,7,1942,0,1,1,NA,2,110,I-110 S/B (HARBOR FREEWAY),ROSECRANS AVE.,400,S,N,A,-,Y,NA,NA,110,NA,NA,NA,NA,NA,S,Y,4,0,1,3,A,-,03,22350,NA,N,C,C,A,A,H,-,A,D,0,NA,NA,NA,NA,Y,NA,A,07,0,0,1,0,0,0,0,0,0,-,-,33.89863,-118.28675,LOS ANGELES,LOS ANGELES,-118.28673713,33.89863052
90407661,2017,2017-03-07,9525,2017-02-16,2100,020869,NA,4,2,9,1900,1,4,S,NA,2,901,TEMPLE AVE (13200 BLOCK),BALDWIN PARK BLVD,528,E,N,A,-,N,NA,NA,NA,NA,NA,NA,NA,NA,NA,Y,4,0,2,3,A,-,08,22107,NA,N,B,C,A,A,H,-,D,D,0,NA,NA,NA,NA,Y,NA,D,22,0,0,2,0,0,0,0,0,0,-,-,34.0559,-117.9897,LOS ANGELES,UNINCORPORATED,-117.99039123,34.05630766
90407665,2017,2017-03-07,9580,2017-02-22,0935,017228,NA,3,1,7,1942,0,1,2,NA,2,100,US-101 N/B (HOLLYWOOD FWY),LOS ANGELES RIVER,300,S,N,A,-,Y,NA,NA,101,NA,NA,NA,NA,NA,N,Y,4,0,3,3,A,-,02,22400,A,N,C,C,A,A,H,-,A,D,0,NA,NA,NA,NA,Y,NA,A,01,0,0,3,0,0,0,0,0,0,-,-,34.15538,-118.43849,LOS ANGELES,LOS ANGELES,-118.43848833,34.15575663
9040768,2019,2020-02-05,1920,2019-12-10,1856,11241,1920,2,5,6,1920,0,0,0,NA,0,005,BROOKSHIRE AV,5TH ST,0,NA,Y,A,-,N,NA,NA,NA,NA,NA,NA,NA,NA,NA,Y,4,0,2,2,A,-,09,21801,A,N,D,C,A,A,H,-,C,A,0,NA,NA,NA,NA,Y,NA,A,07,0,0,2,0,0,0,0,0,0,-,-,NA,NA,LOS ANGELES,DOWNEY,-118.12663269042967,33.942161560058594
90407703,2017,2017-03-07,9525,2017-03-03,1515,021080,NA,5,2,9,1900,0,3,5,NA,2,004,DON JULIAN RD.,5TH AVE,0,NA,Y,A,-,N,NA,NA,NA,NA,NA,NA,NA,NA,NA,Y,3,0,2,2,A,-,09,21802,A,N,D,C,A,A,H,-,A,A,0,NA,NA,NA,NA,Y,NA,A,01,0,2,0,0,0,0,0,0,0,-,-,34.03375,-117.9877,LOS ANGELES,UNINCORPORATED,-117.98758005,34.03389009
90407731,2017,2017-03-07,9580,2017-02-23,1935,020451,NA,4,2,7,1942,0,1,1,NA,2,404,I-405 N/B (SAN DIEGO FWY),VANOWEN ST,150,N,N,A,-,Y,NA,NA,405,NA,NA,NA,NA,NA,N,N,4,0,1,2,A,-,03,22350,NA,M,C,C,A,A,H,-,D,D,0,NA,NA,NA,NA,Y,NA,-,99,0,0,1,0,0,0,0,0,0,-,-,34.19529,-118.47416,LOS ANGELES,LOS ANGELES,-118.47420692,34.19528925
90407732,2017,2017-03-07,9590,2017-02-24,0010,021480,NA,5,3,7,1942,0,1,1,NA,2,011,SR-110 S/B (ARROYO SECO PARKWAY),YALE ST. PED O/C,300,N,N,A,-,Y,NA,NA,110,NA,NA,NA,NA,NA,S,N,3,0,1,1,A,-,03,22350,NA,N,F,A,A,A,H,-,C,D,0,NA,NA,Y,NA,Y,Y,C,02,0,1,0,0,0,0,0,0,1,-,-,34.06782,-118.23833,LOS ANGELES,LOS ANGELES,-118.23834382,34.06784766
90407745,2017,2017-03-07,9525,2017-03-05,1300,020341,NA,7,1,5,1990,0,1,3,NA,2,571,SR-57 S/B TO SR-60 W/B,SR-60 W/B (POMONA FWY),150,N,N,B,C,Y,NA,NA,57,NA,NA,NA,R,NA,S,N,4,0,1,2,A,-,03,22350,NA,N,C,C,A,B,H,-,A,D,0,NA,NA,NA,NA,Y,NA,A,01,0,0,1,0,0,0,0,0,0,-,-,34.0227,-117.81338,LOS ANGELES,DIAMOND BAR,-117.81338,34.0227
90407748,2017,2017-03-07,9590,2017-03-03,0007,021504,NA,5,3,7,1942,0,1,1,NA,2,051,I-110 S/B (HARBOR FREEWAY) HOT,W. 83RD STREET,35,S,N,A,-,Y,NA,NA,110,NA,NA,NA,NA,NA,S,N,3,0,1,1,A,-,08,22107,NA,N,F,A,A,A,H,-,C,D,0,NA,NA,Y,NA,Y,NA,C,02,0,1,0,0,0,0,0,0,1,-,-,33.96429,-118.2809,LOS ANGELES,LOS ANGELES,-118.28094015,33.96429001
90407753,2017,2017-03-08,9590,2017-03-04,1850,021111,NA,6,2,7,1942,0,1,1,NA,2,050,I-110 N/B (HARBOR FREEWAY),92ND STREET,300,N,N,A,-,Y,NA,NA,110,NA,NA,NA,NA,NA,N,Y,4,0,1,2,A,-,03,22350,NA,N,C,C,A,A,H,-,C,D,0,NA,NA,NA,NA,Y,NA,A,01,0,0,1,0,0,0,0,0,0,-,-,33.95389,-118.28032,LOS ANGELES,LOS ANGELES,-118.28052869,33.95384796
90407761,2017,2017-03-08,9565,2017-02-23,1555,021383,NA,4,2,9,1900,0,2,4,NA,2,022,NORMANDIE AVE,106TH ST,0,NA,Y,A,-,N,NA,NA,NA,NA,NA,NA,NA,NA,NA,Y,4,0,2,2,A,-,12,21453,A,N,D,C,A,A,H,-,A,A,0,NA,NA,NA,NA,Y,NA,A,01,0,0,2,0,0,0,0,0,0,-,-,33.94003,-118.30024,LOS ANGELES,UNINCORPORATED,-118.30030011,33.94002006
90407766,2017,2017-03-08,9565,2017-02-24,1225,021383,NA,5,1,9,1900,0,3,5,NA,2,004,LA CIENEGA BLVD,CENTURY BLVD,100,S,N,A,-,N,NA,NA,NA,NA,NA,NA,NA,NA,NA,Y,4,0,1,2,A,-,08,22107,NA,N,A,C,A,A,H,-,A,D,0,NA,NA,NA,NA,Y,NA,A,01,0,0,1,0,0,0,0,0,0,-,-,33.94513,-118.37004,LOS ANGELES,UNINCORPORATED,-118.37005297,33.94513578
90407767,2017,2017-03-08,9525,2017-02-21,1511,019698,NA,2,2,5,1906,0,1,1,NA,2,103,I-10 W/B (SAN BERNARDINO FWY),FRAZIER ST.,300,E,N,A,-,Y,NA,NA,10,NA,NA,NA,NA,NA,W,Y,4,0,3,2,A,-,03,22350,NA,N,C,C,A,A,H,-,A,D,0,NA,NA,NA,NA,Y,NA,A,07,0,0,3,0,0,0,0,0,0,-,-,34.06711,-117.98695,LOS ANGELES,BALDWIN PARK,-117.98692547,34.06692626
90407775,2017,2017-03-08,9590,2017-03-07,0710,016689,NA,2,1,7,1942,0,1,1,NA,2,062,I-10 E/B,BROADWAY,100,E,N,A,-,Y,NA,NA,10,NA,NA,NA,NA,NA,E,Y,4,0,1,3,A,-,03,22350,NA,N,C,C,A,A,H,-,A,D,0,NA,NA,NA,NA,Y,NA,A,01,0,0,1,0,0,0,0,0,0,-,-,34.03281,-118.26412,LOS ANGELES,LOS ANGELES,-118.26413478,34.0327829
90407807,2017,2017-03-08,9575,2017-02-23,1659,017491,NA,4,2,7,1942,0,1,1,NA,2,050,I-5 N/B (GOLDEN STATE FREEWAY),SR-134 E/B (VENTURA FREEWAY),1056,N,N,A,-,Y,NA,NA,5,NA,NA,NA,NA,NA,N,N,4,0,2,2,A,-,03,22350,NA,N,C,C,A,A,D,-,A,D,0,NA,NA,NA,NA,Y,NA,A,01,0,0,2,0,0,0,0,0,0,-,-,34.15295,-118.28444,LOS ANGELES,LOS ANGELES,-118.2844317,34.1529744
90407834,2017,2017-03-08,9525,2017-03-01,1640,020058,NA,3,2,9,1900,0,3,5,NA,2,002,GLADSTONE ST.,VERNON AVE,0,NA,Y,A,-,N,NA,NA,NA,NA,NA,NA,NA,NA,NA,Y,3,0,2,2,A,-,09,21801,A,N,C,C,A,A,H,-,A,D,0,NA,NA,NA,NA,Y,NA,A,01,0,1,1,0,0,0,0,0,0,-,-,34.11431,-117.91637,LOS ANGELES,UNINCORPORATED,-117.91638003,34.11430002
9040784,2019,2020-02-05,1900,2019-12-09,1530,522950,0455,1,5,6,1949,0,0,0,NA,0,43T1/P,NORWALK BL,CHESHIRE ST,0,NA,Y,A,-,N,NA,NA,NA,NA,NA,NA,NA,NA,NA,Y,4,0,1,2,A,-,09,21801,A,N,D,C,A,A,H,-,A,A,0,NA,NA,NA,NA,Y,NA,A,07,0,0,1,0,0,0,0,0,0,-,-,NA,NA,LOS ANGELES,NORWALK,-118.07289123535156,33.89039993286133
90407840,2017,2017-03-08,9535,2017-02-26,0341,021538,NA,7,3,9,1900,0,2,4,NA,2,011,EASTERN AVE. (1600 BLOCK),RAMONA BLVD,105,N,N,B,C,N,NA,NA,NA,NA,NA,NA,NA,NA,NA,Y,3,0,2,1,A,-,01,23152,A,N,E,I,A,B,H,-,C,A,0,NA,NA,NA,NA,Y,Y,A,01,0,1,1,0,0,0,0,0,0,-,-,34.0595,-118.17283,LOS ANGELES,UNINCORPORATED,-118.17302785,34.05982177
90407842,2017,2018-04-09,9530,2017-02-26,1715,021380,NA,7,2,7,1942,0,1,1,NA,2,110,I-110 S/B (HARBOR FREEWAY),ROSECRANS AVE.,530,N,N,B,-,Y,NA,NA,110,NA,NA,NA,NA,NA,S,N,4,0,2,3,A,-,07,21658,A,F,B,C,A,A,H,-,B,D,0,NA,NA,NA,NA,Y,NA,-,99,0,0,2,0,0,0,0,0,0,-,-,33.9028,-118.2868,LOS ANGELES,LOS ANGELES,-118.28673844,33.90279981
90407871,2017,2017-03-08,9550,2017-02-25,2015,021261,NA,6,2,9,1900,0,3,5,NA,2,005,NOGALES STREET,DAISETTA ST,12,S,N,A,-,N,NA,NA,NA,NA,NA,NA,NA,NA,NA,N,3,0,1,2,A,-,10,21950,A,F,G,B,B,A,H,-,C,A,0,Y,NA,NA,NA,Y,NA,-,99,0,1,0,0,1,0,0,0,0,-,-,33.98992,-117.88917,LOS ANGELES,UNINCORPORATED,-117.88918298,33.9899772
9040788,2019,2020-02-05,1900,2019-12-21,1818,608235,0469,6,5,4,1936,0,0,0,NA,0,46T1,EL MORO AV,BORA DR,0,NA,Y,A,-,N,NA,NA,NA,NA,NA,NA,NA,NA,NA,N,4,0,1,2,A,-,10,21950,A,F,G,B,B,A,H,-,C,D,0,Y,NA,NA,NA,Y,NA,A,01,0,0,1,0,1,0,0,0,0,-,-,NA,NA,LOS ANGELES,LA MIRADA,-118.03575134277344,33.90496826171875
90407880,2017,2017-03-08,9575,2017-02-28,0810,020182,NA,2,1,7,1942,0,1,1,NA,2,053,I-5 N/B (GOLDEN STATE FREEWAY),VAN NUYS BLVD.,400,S,N,A,-,Y,NA,NA,5,NA,NA,NA,NA,NA,N,Y,4,0,1,2,D,-,00,NA,NA,N,C,C,A,A,H,-,A,D,0,NA,NA,NA,Y,Y,NA,-,-,0,0,1,0,0,0,0,0,0,-,-,34.25567,-118.4336,LOS ANGELES,LOS ANGELES,-118.43371631,34.25554667
90407892,2017,2017-03-08,9525,2017-03-02,0730,014971,NA,4,1,5,1906,0,1,1,NA,2,103,I-10 W/B (SAN BERNARDINO FWY),PUENTE AVE,528,W,N,A,-,Y,NA,NA,10,NA,NA,NA,NA,NA,W,Y,3,0,1,3,A,-,07,21658,A,N,B,C,A,A,D,E,A,D,0,NA,NA,Y,NA,Y,NA,A,01,0,1,0,0,0,0,0,0,1,-,-,34.06995,-117.96385,LOS ANGELES,BALDWIN PARK,-117.96385285,34.06997064
90407905,2017,2017-03-08,9535,2017-02-27,1745,021000,NA,1,2,9,1900,0,2,4,NA,2,025,ATLANTIC BLVD S/B (1300 BLOCK),TELEGRAPH RD,56,N,N,A,-,N,NA,NA,NA,NA,NA,NA,NA,NA,NA,N,3,0,1,2,A,-,07,21658,A,N,B,C,A,A,H,-,C,D,0,NA,NA,Y,NA,Y,NA,C,02,0,1,0,0,0,0,0,0,1,-,-,34.01112,-118.15914,LOS ANGELES,UNINCORPORATED,-118.15886344,34.01087419