CASE_ID,ACCIDENT_YEAR,PROC_DATE,JURIS,COLLISION_DATE,COLLISION_TIME,OFFICER_ID,REPORTING_DISTRICT,DAY_OF_WEEK,CHP_SHIFT,POPULATION,CNTY_CITY_LOC,SPECIAL_COND,BEAT_TYPE,CHP_BEAT_TYPE,CITY_DIVISION_LAPD,CHP_BEAT_CLASS,BEAT_NUMBER,PRIMARY_RD,SECONDARY_RD,DISTANCE,DIRECTION,INTERSECTION,WEATHER_1,WEATHER_2,STATE_HWY_IND,CALTRANS_COUNTY,CALTRANS_DISTRICT,STATE_ROUTE,ROUTE_SUFFIX,POSTMILE_PREFIX,POSTMILE,LOCATION_TYPE,RAMP_INTERSECTION,SIDE_OF_HWY,TOW_AWAY,COLLISION_SEVERITY,NUMBER_KILLED,NUMBER_INJURED,PARTY_COUNT,PRIMARY_COLL_FACTOR,PCF_CODE_OF_VIOL,PCF_VIOL_CATEGORY,PCF_VIOLATION,PCF_VIOL_SUBSECTION,HIT_AND_RUN,TYPE_OF_COLLISION,MVIW,PED_ACTION,ROAD_SURFACE,ROAD_COND_1,ROAD_COND_2,LIGHTING,CONTROL_DEVICE,CHP_ROAD_TYPE,PEDESTRIAN_ACCIDENT,BICYCLE_ACCIDENT,MOTORCYCLE_ACCIDENT,TRUCK_ACCIDENT,NOT_PRIVATE_PROPERTY,ALCOHOL_INVOLVED,STWD_VEHTYPE_AT_FAULT,CHP_VEHTYPE_AT_FAULT,COUNT_SEVERE_INJ,COUNT_VISIBLE_INJ,COUNT_COMPLAINT_PAIN,COUNT_PED_KILLED,COUNT_PED_INJURED,COUNT_BICYCLIST_KILLED,COUNT_BICYCLIST_INJURED,COUNT_MC_KILLED,COUNT_MC_INJURED,PRIMARY_RAMP,SECONDARY_RAMP,LATITUDE,LONGITUDE,COUNTY,CITY,POINT_X,POINT_Y
9041465,2019,2020-02-14,1942,2019-12-19,1012,03566,1494,4,5,7,1942,0,0,0,N,0,5M22,WORLD WY,WORLD WY 500,0,NA,-,A,-,N,NA,NA,NA,NA,NA,NA,NA,NA,NA,N,3,0,1,2,B,-,22,NA,NA,N,G,B,D,A,H,-,A,D,0,Y,NA,NA,NA,Y,NA,N,60,0,1,0,0,1,0,0,0,0,-,-,NA,NA,LOS ANGELES,LOS ANGELES,NA,NA
90414674,2017,2017-03-17,9525,2017-03-16,1725,020216,NA,4,2,6,1975,0,1,1,NA,2,106,I-10 E/B (SAN BERNARDINO FWY),AZUSA AVE.,2640,W,N,A,-,Y,NA,NA,10,NA,NA,NA,NA,NA,E,Y,4,0,1,2,A,-,03,22350,NA,N,C,C,A,A,D,E,A,D,0,NA,NA,NA,NA,Y,NA,A,01,0,0,1,0,0,0,0,0,0,-,-,34.07231,-117.91376,LOS ANGELES,WEST COVINA,-117.91376081,34.07211799
9041468,2020,2020-02-28,1942,2020-01-30,1339,41671,2011,4,5,7,1942,0,0,0,NA,0,20A1,W 3RD ST,S NORTON AV,45,E,N,A,-,N,NA,NA,NA,NA,NA,NA,NA,NA,NA,Y,4,0,1,2,A,-,03,22350,NA,N,C,C,A,A,H,-,A,D,0,NA,NA,NA,NA,Y,NA,D,22,0,0,1,0,0,0,0,0,0,-,-,NA,NA,LOS ANGELES,LOS ANGELES,-118.317138671875,34.0689582824707
90414688,2017,2017-03-17,9550,2017-03-12,1935,021150,NA,7,2,3,1964,0,1,1,NA,2,501,INTERSTATE 5 N/B (SANTA ANA FREEWAY),CARMENITA ROAD,500,S,N,A,-,Y,NA,NA,5,NA,NA,NA,NA,NA,N,N,4,0,1,2,A,-,03,22350,NA,N,C,C,A,A,H,-,C,D,0,NA,NA,NA,NA,Y,NA,A,01,0,0,1,0,0,0,0,0,0,-,-,33.89297,-118.0453,LOS ANGELES,SANTA FE SPRINGS,-118.04527445,33.89301714
90414704,2017,2017-03-17,9550,2017-03-12,1435,021202,NA,7,2,5,1908,0,1,3,NA,2,091,STATE ROUTE 91 (ARTESIA FREEWAY),I-605,485,W,N,A,-,Y,NA,NA,91,NA,NA,NA,NA,NA,NA,Y,4,0,2,3,A,-,03,22350,NA,N,C,C,A,A,H,-,A,D,0,NA,NA,NA,NA,Y,NA,A,01,0,0,2,0,0,0,0,0,0,-,-,33.87674,-118.10957,LOS ANGELES,BELLFLOWER,-118.10956523,33.87677606
90414709,2017,2017-03-17,9525,2017-03-11,1934,019632,NA,6,2,5,1990,0,1,3,NA,2,584,SR-57 N/B (ORANGE FWY),SR-60,1500,S,N,A,-,Y,NA,NA,57,NA,NA,NA,NA,NA,N,Y,4,0,2,2,A,-,03,22350,NA,N,C,C,A,A,H,-,C,D,0,NA,NA,NA,NA,Y,NA,A,07,0,0,2,0,0,0,0,0,0,-,-,33.9973,-117.83917,LOS ANGELES,DIAMOND BAR,-117.83914455,33.99727503
9041471,2020,2020-02-25,1900,2020-01-19,1305,514671,2607,7,5,6,1950,0,0,0,NA,0,264T1,EVERGEM AV,TACKSTEM ST,0,NA,Y,A,-,N,NA,NA,NA,NA,NA,NA,NA,NA,NA,Y,3,0,1,4,A,-,09,21804,A,N,D,B,A,A,H,-,A,D,0,NA,NA,NA,NA,Y,NA,M,94,0,1,0,0,0,0,0,0,0,-,-,34.56734848022461,-118.03341674804688,LOS ANGELES,PALMDALE,-118.03356170654295,34.567100524902344
90414715,2017,2017-03-17,9525,2017-03-08,1910,020346,NA,3,2,3,1921,0,1,1,NA,2,202,I-210 E/B FROM MOUNTAIN AVE,BUENA VISTA ST.,800,W,N,A,-,Y,NA,NA,210,NA,NA,NA,R,NA,E,Y,4,0,2,2,A,-,03,22350,NA,N,C,C,A,A,H,-,D,D,0,NA,NA,NA,NA,Y,NA,D,22,0,0,2,0,0,0,0,0,0,-,-,34.1351,-117.9791,LOS ANGELES,DUARTE,-117.9791,34.1351
90414723,2017,2017-03-17,9525,2017-03-10,1803,021074,NA,5,2,4,1960,0,1,1,NA,2,218,SR-210 E/B (FOOTHILL FWY),SAN DIMAS AVE,1000,E,N,A,-,Y,NA,NA,210,NA,NA,NA,NA,NA,E,Y,4,0,2,2,A,-,03,22350,NA,N,C,C,A,A,H,-,A,D,0,NA,NA,NA,NA,Y,NA,A,07,0,0,2,0,0,0,0,0,0,-,-,34.11973,-117.79641,LOS ANGELES,SAN DIMAS,-117.79640989,34.11969618
9041476,2020,2020-06-09,1942,2020-02-03,0715,34959,2062,1,5,7,1942,0,0,0,NA,0,20A53,SAINT ANDREWS PL,OLYMPIC BL,0,NA,Y,G,-,N,NA,NA,NA,NA,NA,NA,NA,NA,NA,N,3,0,1,2,A,-,10,21950,A,N,G,B,B,A,H,-,A,A,0,Y,NA,NA,Y,Y,NA,F,55,0,1,0,0,1,0,0,0,0,-,-,NA,NA,LOS ANGELES,LOS ANGELES,-118.31114959716795,34.05263900756836
90414776,2017,2017-03-17,9525,2017-03-08,1405,019698,NA,3,2,6,1975,0,1,1,NA,2,106,I-10 E/B (SAN BERNARDINO FWY),HOLT AVE,1320,E,N,A,-,Y,NA,NA,10,NA,NA,NA,NA,NA,E,Y,3,0,1,2,A,-,03,22350,NA,N,B,C,A,A,D,E,A,D,0,NA,NA,NA,Y,Y,NA,A,01,0,1,0,0,0,0,0,0,0,-,-,34.06788,-117.8576,LOS ANGELES,WEST COVINA,-117.85760164,34.06794958
90414779,2017,2017-03-17,9550,2017-03-09,0115,020948,NA,4,3,9,1900,0,1,1,NA,2,650,INTERSTATE 605 N/B,PECK ROAD,1000,S,N,A,-,Y,NA,NA,605,NA,NA,NA,NA,NA,N,Y,4,0,1,3,A,-,08,22107,NA,F,B,C,A,A,H,-,C,D,0,NA,NA,NA,Y,Y,NA,-,99,0,0,1,0,0,0,0,0,0,-,-,34.02541,-118.04035,LOS ANGELES,UNINCORPORATED,-118.04041948,34.02552101
90414782,2017,2017-03-17,9580,2017-03-09,1250,020788,NA,4,1,7,1942,0,1,1,NA,2,404,I-405 N/B (SAN DIEGO FWY),SEPULVEDA BLVD,1500,S,N,A,-,Y,NA,NA,405,NA,NA,NA,NA,NA,N,Y,4,0,2,2,A,-,07,21658,A,N,D,C,A,A,H,-,A,D,0,NA,NA,NA,NA,Y,NA,D,22,0,0,2,0,0,0,0,0,0,-,-,34.14474,-118.47095,LOS ANGELES,LOS ANGELES,-118.47098456,34.14475002
90414789,2017,2017-03-17,9580,2017-03-07,0830,020619,NA,2,1,7,1942,0,1,2,NA,2,102,US-101 N/B (VENTURA FREEWAY),SEPULVEDA BLVD,1000,S,N,A,-,Y,NA,NA,101,NA,NA,NA,NA,NA,N,N,3,0,1,2,D,-,00,NA,NA,N,B,C,A,A,H,-,A,D,0,NA,NA,Y,NA,Y,NA,-,-,0,1,0,0,0,0,0,0,1,-,-,34.15958,-118.46175,LOS ANGELES,LOS ANGELES,-118.46175206,34.15950504
9041479,2020,2020-02-25,1900,2020-01-18,0200,538684,2607,6,5,6,1950,0,0,0,NA,0,264T1,FORT TEJON RD,PEARBLOSSOM HWY,1848,N,N,A,-,N,NA,NA,NA,NA,NA,NA,NA,NA,NA,Y,2,0,1,1,A,-,08,22107,NA,N,E,I,A,A,H,-,C,D,0,NA,NA,NA,NA,Y,Y,D,22,1,0,0,0,0,0,0,0,0,-,-,34.32463073730469,-118.26799774169922,LOS ANGELES,PALMDALE,-118.03491973876952,34.54610824584961
9041480,2020,2020-03-17,1906,2020-01-21,1406,4422,NA,2,5,5,1906,0,0,0,NA,0,003,DALEWOOD ST,MAINE AV,0,NA,Y,-,-,N,NA,NA,NA,NA,NA,NA,NA,NA,NA,Y,4,0,1,2,A,-,09,21801,A,N,-,-,A,-,-,-,-,-,0,NA,NA,NA,NA,Y,NA,D,22,0,0,1,0,0,0,0,0,0,-,-,NA,NA,LOS ANGELES,BALDWIN PARK,-117.9811782836914,34.06660842895508
9041481,2020,2020-02-28,1942,2020-01-20,1730,42834,0899,1,5,7,1942,0,0,0,H,0,8A95,VENICE BL,CATTARAUGUS AV,0,NA,Y,A,-,N,NA,NA,NA,NA,NA,NA,NA,NA,NA,Y,2,0,1,2,A,-,09,21801,A,N,D,C,A,A,H,-,C,A,0,NA,NA,Y,Y,Y,NA,F,26,1,0,0,0,0,0,0,0,1,-,-,NA,NA,LOS ANGELES,LOS ANGELES,-118.3823471069336,34.03281021118164
90414824,2017,2017-03-17,9580,2017-03-07,1340,019715,NA,2,1,7,1942,0,1,2,NA,2,102,US-101 N/B (VENTURA FREEWAY),HAYVENHURST AVE,900,S,N,A,-,Y,NA,NA,101,NA,NA,NA,NA,NA,N,N,4,0,2,2,A,-,03,22350,NA,N,C,C,A,A,H,-,A,D,0,NA,NA,NA,NA,Y,NA,A,01,0,0,2,0,0,0,0,0,0,-,-,34.16531,-118.48753,LOS ANGELES,LOS ANGELES,-118.48753021,34.16532588
9041483,2020,2020-02-24,1900,2020-01-17,1418,615106,2607,5,5,6,1950,0,0,0,NA,0,262T1,AVE S,47TH ST EAST,630,E,N,A,-,N,NA,NA,NA,NA,NA,NA,NA,NA,NA,Y,4,0,1,2,A,-,03,22350,NA,N,D,C,A,A,H,-,A,D,0,NA,NA,NA,NA,Y,NA,A,07,0,0,1,0,0,0,0,0,0,-,-,34.55805969238281,-118.04302215576172,LOS ANGELES,PALMDALE,-118.04317474365234,34.55809783935547
9041485,2020,2020-02-27,1942,2020-01-19,1930,4357,0899,7,5,7,1942,0,0,0,H,0,8A29-W,VENICE BL,LA CIENEGA BL,0,NA,Y,B,-,N,NA,NA,NA,NA,NA,NA,NA,NA,NA,N,3,0,1,2,A,-,11,21954,A,N,G,B,E,A,H,-,C,D,0,Y,NA,NA,NA,Y,Y,N,60,0,1,0,0,1,0,0,0,0,-,-,NA,NA,LOS ANGELES,LOS ANGELES,-118.37789154052734,34.03517150878906
90414868,2017,2017-03-17,9590,2017-03-10,1714,021542,NA,5,2,7,1942,0,1,2,NA,2,071,US-101 S/B (HOLLYWOOD FREEWAY),ROSEMONT AVE,200,N,N,A,-,Y,NA,NA,NA,NA,NA,NA,NA,NA,NA,N,4,0,1,2,A,-,03,22350,NA,N,C,C,A,A,H,-,B,D,0,NA,NA,NA,NA,Y,NA,A,01,0,0,1,0,0,0,0,0,0,-,-,34.42636,-118.16113,LOS ANGELES,LOS ANGELES,-118.26980687,34.07314947
90414876,2017,2017-03-20,9590,2017-03-16,0620,020617,NA,4,1,7,1942,0,1,2,NA,2,071,US-101 S/B (HOF),EDGEWARE ROAD,200,S,N,A,-,Y,NA,NA,101,NA,NA,NA,NA,NA,S,N,4,0,1,3,A,-,03,22350,NA,N,C,C,A,A,H,-,C,D,0,NA,NA,NA,NA,Y,NA,A,01,0,0,1,0,0,0,0,0,0,-,-,34.06592,-118.25295,LOS ANGELES,LOS ANGELES,-118.25293579,34.06593983
9041490,2020,2020-02-21,1900,2020-01-31,1320,536383,2313,5,5,5,1919,0,0,0,NA,0,230T,DEL AMO BL,CABRILLO LN,63,W,N,A,-,N,NA,NA,NA,NA,NA,NA,NA,NA,NA,N,4,0,2,2,A,-,03,22350,NA,N,B,C,A,A,H,-,A,A,0,NA,NA,NA,NA,Y,NA,D,22,0,0,2,0,0,0,0,0,0,-,-,NA,NA,LOS ANGELES,CERRITOS,-118.07992553710938,33.8460807800293
9041491,2020,2020-02-26,1942,2020-02-04,1350,41003,0749,2,5,7,1942,0,0,0,G,0,7A47,S VICTORIA AV,W OLYMPIC BL,0,NA,Y,A,-,N,NA,NA,NA,NA,NA,NA,NA,NA,NA,Y,4,0,1,2,A,-,09,21801,A,N,D,C,A,A,H,-,A,D,0,NA,NA,NA,NA,Y,NA,D,22,0,0,1,0,0,0,0,0,0,-,-,NA,NA,LOS ANGELES,LOS ANGELES,-118.32430267333984,34.05485153198242
9041495,2020,2020-02-21,1942,2020-01-31,1340,38262,0773,5,5,7,1942,0,0,0,G,0,7A73,VENICE BL,REDONDO BL,15,W,N,A,-,N,NA,NA,NA,NA,NA,NA,NA,NA,NA,N,4,0,1,2,A,-,03,22350,NA,N,C,C,A,A,H,-,A,A,0,NA,NA,NA,NA,Y,NA,A,01,0,0,1,0,0,0,0,0,0,-,-,NA,NA,LOS ANGELES,LOS ANGELES,-118.35047912597656,34.04511260986328
9041496,2020,2020-05-18,1942,2020-01-11,0550,38502,0182,6,5,7,1942,0,0,0,A,0,1A61,S OLIVE ST,W OLYMPIC BL,300,N,N,A,-,N,NA,NA,NA,NA,NA,NA,NA,NA,NA,N,4,0,1,2,A,-,03,22350,NA,N,D,C,A,A,H,-,B,D,0,NA,NA,NA,NA,Y,NA,A,01,0,0,1,0,0,0,0,0,0,-,-,NA,NA,LOS ANGELES,LOS ANGELES,-118.25890350341795,34.04297637939453
90414984,2017,2017-03-20,9565,2017-03-17,1506,020442,NA,5,2,9,1900,0,1,1,NA,2,063,I-405 N/B (SAN DIEGO FWY),WILSHIRE BLVD.,150,S,N,A,-,Y,NA,NA,405,NA,NA,NA,NA,NA,N,Y,4,0,1,2,A,-,03,22350,NA,N,C,C,A,A,H,-,A,D,0,NA,NA,NA,NA,Y,NA,A,01,0,0,1,0,0,0,0,0,0,-,-,34.0554,-118.4517,LOS ANGELES,UNINCORPORATED,-118.45169675,34.05540282
9041499,2020,2020-06-09,1942,2020-02-03,0640,41139,0738,1,5,7,1942,0,0,0,G,0,7A17,WILSHIRE BL,MCCADDEN PL,9,E,N,A,G,N,NA,NA,NA,NA,NA,NA,NA,NA,NA,N,3,0,6,2,A,-,08,22100,A,N,D,C,A,A,H,-,A,D,0,NA,NA,NA,NA,Y,NA,A,01,0,1,5,0,0,0,0,0,0,-,-,NA,NA,LOS ANGELES,LOS ANGELES,-118.33712005615234,34.06209945678711
90414990,2017,2017-03-20,9590,2017-03-03,1124,021317,NA,5,1,7,1942,0,1,1,NA,2,014,SR-110 N/B (ARROYO SECO PARKWAY),ORANGE GROVE AVENUE,1000,S,N,A,-,Y,NA,NA,NA,NA,NA,NA,NA,NA,NA,N,3,0,1,2,A,-,03,22350,NA,N,C,C,A,A,H,-,A,D,0,NA,NA,NA,NA,Y,NA,A,08,0,1,0,0,0,0,0,0,0,-,-,34.11884,-118.16305,LOS ANGELES,LOS ANGELES,-118.1585,34.119
90414997,2017,2017-03-20,9530,2017-03-09,1250,021004,NA,4,1,5,1943,0,1,1,NA,2,210,I-105 E/B (GLENN ANDERSON FWY),LONG BEACH BLVD.,897,W,N,A,-,Y,NA,NA,105,NA,NA,NA,NA,NA,E,N,4,0,1,2,A,-,03,22350,NA,N,C,C,A,A,H,-,A,D,0,NA,NA,NA,NA,Y,NA,D,22,0,0,1,0,0,0,0,0,0,-,-,33.92844,-118.21756,LOS ANGELES,LYNWOOD,-118.21769791,33.92812514
9041500,2020,2020-06-23,1942,2020-01-02,1735,42932,0119,4,5,7,1942,0,0,0,A,0,1A1,E CESAR E CHAVEZ AV,N VIGNES ST,0,NA,Y,A,-,N,NA,NA,NA,NA,NA,NA,NA,NA,NA,N,4,0,1,2,A,-,11,21950,B,N,G,B,B,A,H,-,B,A,0,Y,NA,NA,NA,Y,NA,I,10,0,0,1,0,1,0,0,0,0,-,-,NA,NA,LOS ANGELES,LOS ANGELES,-118.23182678222656,34.05659103393555
90415021,2017,2017-03-20,9530,2017-03-10,1635,021380,NA,5,2,4,1939,0,1,1,NA,2,400,I-405 S/B (SAN DIEGO FREEWAY),INGLEWOOD AVE.,680,S,N,A,B,Y,NA,NA,405,NA,NA,NA,NA,NA,S,N,4,0,1,3,A,-,03,22350,NA,N,C,C,A,A,H,-,A,D,0,NA,NA,NA,NA,Y,NA,A,08,0,0,1,0,0,0,0,0,0,-,-,33.8887,-118.3585,LOS ANGELES,LAWNDALE,-118.35845817,33.88875598
90415029,2017,2017-03-20,9530,2017-03-10,0620,021089,NA,5,1,5,1977,0,1,3,NA,2,310,SR-91 W/B (ARTESIA FREEWAY),CENTRAL AVE.,451,W,N,A,-,Y,NA,NA,91,NA,NA,NA,NA,NA,W,N,4,0,1,2,A,-,03,22350,NA,N,C,C,A,A,H,-,A,D,0,NA,NA,NA,NA,Y,NA,A,01,0,0,1,0,0,0,0,0,0,-,-,33.87386,-118.25289,LOS ANGELES,CARSON,-118.25289354,33.87377816
9041503,2020,2020-02-26,1942,2020-02-01,1155,38262,0775,6,5,7,1942,0,0,0,G,0,7A85,LONGWOOD AV,WASHINGTON BL,0,NA,Y,A,-,N,NA,NA,NA,NA,NA,NA,NA,NA,NA,Y,3,0,4,2,A,-,09,21802,A,N,D,C,A,A,H,-,A,A,0,NA,NA,NA,NA,Y,NA,A,07,0,1,3,0,0,0,0,0,0,-,-,NA,NA,LOS ANGELES,LOS ANGELES,-118.34542846679688,34.03995895385742
90415030,2017,2017-03-20,9530,2017-03-18,1605,019941,NA,6,2,7,1942,0,1,3,NA,1,470,SR-47 S/B (VINCENT THOMAS BRIDGE),HARBOR BLVD.,800,N,N,A,-,Y,NA,NA,47,NA,NA,NA,NA,NA,S,N,4,0,1,2,A,-,07,21658,A,N,C,C,A,A,H,-,A,D,0,NA,NA,NA,NA,Y,NA,A,01,0,0,1,0,0,0,0,0,0,-,-,33.74964,-118.27218,LOS ANGELES,LOS ANGELES,-118.27219689,33.74953027
90415058,2017,2017-03-20,9530,2017-03-11,1410,020137,NA,6,2,7,1941,0,1,1,NA,2,430,I-405 S/B (SAN DIEGO FREEWAY),I-605,528,N,N,A,-,Y,NA,NA,405,NA,NA,NA,NA,NA,S,Y,3,0,1,2,A,-,07,21658,A,N,B,C,A,A,H,-,A,D,0,NA,NA,Y,NA,Y,NA,-,-,0,1,0,0,0,0,0,0,1,-,-,33.78739,-118.09547,LOS ANGELES,LONG BEACH,-118.09542267,33.78745553
90415060,2017,2018-03-06,9530,2017-03-11,1530,020349,NA,6,2,9,1900,0,3,5,NA,2,002,ROSECRANS AVE. (900 BLOCK),CAIRN AVE.,190,E,N,A,-,N,NA,NA,NA,NA,NA,NA,NA,NA,NA,Y,4,0,1,2,A,-,07,21658,A,N,B,C,A,A,H,-,A,D,0,NA,NA,NA,NA,Y,NA,D,22,0,0,1,0,0,0,0,0,0,-,-,33.90266,-118.25786,LOS ANGELES,UNINCORPORATED,-118.25781623,33.9024115
90415061,2017,2017-03-20,9530,2017-03-11,1703,020349,NA,6,2,5,1977,0,1,3,NA,2,310,SR-91 W/B (ARTESIA FREEWAY),MAIN ST.,500,E,N,A,-,Y,NA,NA,91,NA,NA,NA,NA,NA,W,Y,3,0,3,4,A,-,03,22350,NA,N,C,C,A,A,H,-,A,D,0,NA,NA,NA,NA,Y,NA,D,22,0,1,2,0,0,0,0,0,0,-,-,33.87291,-118.26725,LOS ANGELES,CARSON,-118.26729999,33.87321135
90415065,2017,2017-03-20,9530,2017-03-11,0058,021038,NA,6,3,7,1941,0,1,1,NA,2,072,I-710 N/B (LONG BEACH FREEWAY) TO P.C.H,PACIFIC COAST HWY.,400,N,N,A,-,Y,NA,NA,NA,NA,NA,NA,NA,NA,NA,Y,4,0,1,1,A,-,03,22350,NA,N,E,I,A,A,H,-,C,D,0,NA,NA,NA,NA,Y,NA,A,01,0,0,1,0,0,0,0,0,0,-,-,33.47192,-118.1227,LOS ANGELES,LONG BEACH,-118.20771617,33.79100556
90415067,2017,2017-03-20,9530,2017-03-12,1723,020349,NA,7,2,9,1900,0,3,5,NA,2,001,SLAUSON AVE. (1800 BLOCK),HOLMES AVE.,100,E,N,A,-,N,NA,NA,NA,NA,NA,NA,NA,NA,NA,N,4,0,1,2,A,-,09,21801,NA,F,D,C,A,A,H,-,A,D,0,NA,NA,NA,NA,Y,NA,-,99,0,0,1,0,0,0,0,0,0,-,-,33.98921,-118.2481,LOS ANGELES,UNINCORPORATED,-118.24086079,33.98954695
90415078,2017,2017-03-20,9530,2017-03-14,0630,020134,NA,2,1,7,1942,0,1,1,NA,2,200,I-105 W/B (GLENN ANDERSON FWY),I-110 N/B (HARBOR FREEWAY),1000,E,N,A,-,Y,NA,NA,105,NA,NA,NA,NA,NA,W,N,4,0,1,2,A,-,07,21658,A,N,B,C,A,A,H,-,B,D,0,NA,NA,Y,NA,Y,NA,A,07,0,0,1,0,0,0,0,0,1,-,-,33.92766,-118.26623,LOS ANGELES,LOS ANGELES,-118.26623,33.92765084
9041511,2020,2020-02-26,1942,2020-02-05,0655,42656,0732,3,5,7,1942,0,0,0,G,0,7A21,FAIRFAX AV,WILSHIRE BL,0,NA,Y,A,-,N,NA,NA,NA,NA,NA,NA,NA,NA,NA,Y,2,0,2,2,A,-,09,21801,A,N,D,C,A,A,H,-,A,A,0,NA,NA,NA,NA,Y,NA,A,01,1,1,0,0,0,0,0,0,0,-,-,NA,NA,LOS ANGELES,LOS ANGELES,-118.36139678955078,34.06296920776367
90415128,2017,2017-03-20,9575,2017-03-11,1135,021006,NA,6,1,6,1953,0,1,3,NA,2,302,SR-2 (ANGELES CREST HIGHWAY),MT. WILSON RED BOX RD.,4488,E,N,A,-,Y,NA,NA,NA,NA,NA,NA,NA,NA,NA,Y,4,0,1,1,A,-,03,22350,NA,N,F,A,A,D,H,-,A,D,0,NA,NA,Y,NA,Y,NA,C,02,0,0,1,0,0,0,0,0,1,-,-,34.25944,-118.10372,LOS ANGELES,PASADENA,NA,NA
90415135,2017,2017-03-20,9590,2017-03-03,1900,021504,NA,5,2,7,1942,0,1,2,NA,2,070,US-101 N/B (HOF) FROM SILVER LAKE BLVD.,SILVER LAKE BLVD.,395,N,N,A,-,Y,NA,NA,101,NA,NA,NA,R,NA,N,N,2,0,1,2,A,-,03,22350,NA,N,C,C,A,A,H,-,C,A,0,NA,NA,Y,NA,Y,NA,C,02,1,0,0,0,0,0,0,0,1,-,-,34.07758,-118.2825,LOS ANGELES,LOS ANGELES,-118.2825,34.07758
90415138,2017,2017-03-20,9590,2017-03-04,1825,021504,NA,6,2,7,1942,0,1,1,NA,2,062,I-10 E/B (SMF) COLLECTOR ROAD,HOOVER STREET,1200,W,N,A,-,Y,NA,NA,10,NA,NA,NA,NA,NA,E,N,4,0,1,2,A,-,03,22350,NA,F,C,C,A,A,H,-,C,D,0,NA,NA,NA,NA,Y,NA,A,07,0,0,1,0,0,0,0,0,0,-,-,34.03662,-118.28709,LOS ANGELES,LOS ANGELES,-118.28709136,34.03679462
90415148,2017,2017-03-20,9590,2017-03-03,0010,021504,NA,5,3,7,1942,0,1,1,NA,2,501,I-110 S/B (HAF) HOT LANES,W 83RD STREET U/C,85,N,N,A,-,Y,NA,NA,110,NA,NA,NA,NA,NA,S,Y,3,0,1,2,A,-,03,22350,NA,F,C,C,A,A,H,-,C,D,0,NA,NA,NA,NA,Y,NA,-,99,0,1,0,0,0,0,0,0,0,-,-,33.96449,-118.28089,LOS ANGELES,LOS ANGELES,-118.28094008,33.96449002
90415157,2017,2017-03-20,9575,2017-03-05,1405,020536,NA,7,2,6,1953,0,1,1,NA,2,065,I-210 E/B (FOOTHILL FREEWAY),ROSEMEAD BLVD.,1320,W,N,B,C,Y,NA,NA,210,NA,NA,NA,NA,NA,E,N,4,0,1,2,A,-,03,22350,NA,N,C,C,A,B,H,-,A,D,0,NA,NA,NA,NA,Y,NA,A,07,0,0,1,0,0,0,0,0,0,-,-,34.14793,-118.07481,LOS ANGELES,PASADENA,-118.07482042,34.14800431
9041516,2019,2020-02-21,1942,2019-12-18,1615,37952,1317,3,5,7,1942,0,0,0,M,0,13A9,HEMLOCK ST,E 12TH ST,100,N,N,A,-,N,NA,NA,NA,NA,NA,NA,NA,NA,NA,N,4,0,1,2,A,-,09,21804,A,N,D,C,A,A,H,-,A,D,0,NA,NA,NA,NA,Y,NA,D,22,0,0,1,0,0,0,0,0,0,-,-,NA,NA,LOS ANGELES,LOS ANGELES,-118.24466705322266,34.03010559082031
90415174,2017,2017-03-20,9575,2017-03-05,0114,020691,NA,7,3,6,1953,0,1,3,NA,2,040,SR-134 W/B (VENTURA FREEWAY),SAN RAFAEL AVE.,1200,W,N,A,-,Y,NA,NA,134,NA,NA,NA,NA,NA,W,Y,2,0,3,3,A,-,01,23152,A,N,C,C,A,A,D,-,D,A,0,NA,NA,NA,NA,Y,Y,A,01,1,1,1,0,0,0,0,0,0,-,-,34.14198,-118.17477,LOS ANGELES,PASADENA,-118.17475938,34.14194885
90415188,2017,2017-03-20,9575,2017-03-07,0719,020536,NA,2,1,9,1900,0,2,4,NA,2,082,HUNTINGTON DRIVE,MUSCATEL AVE.,0,NA,Y,A,-,N,NA,NA,NA,NA,NA,NA,NA,NA,NA,Y,3,0,2,2,A,-,09,21802,A,N,D,C,A,A,H,-,A,D,0,NA,NA,NA,NA,Y,NA,A,01,0,1,1,0,0,0,0,0,0,-,-,34.12958,-118.07951,LOS ANGELES,UNINCORPORATED,-118.0794001,34.12956003
90415200,2017,2017-03-20,9540,2017-03-09,1955,021464,NA,4,2,6,1985,0,1,3,NA,1,144,SR-14 N/B (ANTELOPE VALLEY FREEWAY),NEWHALL AVE,600,S,N,A,-,Y,NA,NA,14,NA,NA,NA,NA,NA,N,Y,3,0,3,2,A,-,03,22350,NA,N,C,C,A,A,H,-,C,D,0,NA,NA,NA,NA,Y,NA,D,22,0,1,2,0,0,0,0,0,0,-,-,34.36374,-118.50425,LOS ANGELES,SANTA CLARITA,-118.50416809,34.36369387
9041521,2020,2020-02-27,1942,2020-01-29,0900,37437,0854,3,5,7,1942,0,0,0,H,0,8A35,MASSACHUSETTS ST,S SEPULVEDA BL,4,E,N,A,-,N,NA,NA,NA,NA,NA,NA,NA,NA,NA,N,3,0,1,2,A,-,09,21804,A,N,D,G,A,A,H,-,A,A,0,NA,Y,NA,NA,Y,NA,L,04,0,1,0,0,0,0,1,0,0,-,-,NA,NA,LOS ANGELES,LOS ANGELES,-118.44558715820313,34.049137115478516