CASE_ID,ACCIDENT_YEAR,PROC_DATE,JURIS,COLLISION_DATE,COLLISION_TIME,OFFICER_ID,REPORTING_DISTRICT,DAY_OF_WEEK,CHP_SHIFT,POPULATION,CNTY_CITY_LOC,SPECIAL_COND,BEAT_TYPE,CHP_BEAT_TYPE,CITY_DIVISION_LAPD,CHP_BEAT_CLASS,BEAT_NUMBER,PRIMARY_RD,SECONDARY_RD,DISTANCE,DIRECTION,INTERSECTION,WEATHER_1,WEATHER_2,STATE_HWY_IND,CALTRANS_COUNTY,CALTRANS_DISTRICT,STATE_ROUTE,ROUTE_SUFFIX,POSTMILE_PREFIX,POSTMILE,LOCATION_TYPE,RAMP_INTERSECTION,SIDE_OF_HWY,TOW_AWAY,COLLISION_SEVERITY,NUMBER_KILLED,NUMBER_INJURED,PARTY_COUNT,PRIMARY_COLL_FACTOR,PCF_CODE_OF_VIOL,PCF_VIOL_CATEGORY,PCF_VIOLATION,PCF_VIOL_SUBSECTION,HIT_AND_RUN,TYPE_OF_COLLISION,MVIW,PED_ACTION,ROAD_SURFACE,ROAD_COND_1,ROAD_COND_2,LIGHTING,CONTROL_DEVICE,CHP_ROAD_TYPE,PEDESTRIAN_ACCIDENT,BICYCLE_ACCIDENT,MOTORCYCLE_ACCIDENT,TRUCK_ACCIDENT,NOT_PRIVATE_PROPERTY,ALCOHOL_INVOLVED,STWD_VEHTYPE_AT_FAULT,CHP_VEHTYPE_AT_FAULT,COUNT_SEVERE_INJ,COUNT_VISIBLE_INJ,COUNT_COMPLAINT_PAIN,COUNT_PED_KILLED,COUNT_PED_INJURED,COUNT_BICYCLIST_KILLED,COUNT_BICYCLIST_INJURED,COUNT_MC_KILLED,COUNT_MC_INJURED,PRIMARY_RAMP,SECONDARY_RAMP,LATITUDE,LONGITUDE,COUNTY,CITY,POINT_X,POINT_Y
90415218,2017,2017-03-20,9540,2017-03-07,0035,021370,NA,2,3,7,1942,0,1,1,NA,1,502,I-5 N/B (GOLDEN STATE FREEWAY),I-210,30,S,N,A,-,Y,NA,NA,5,NA,NA,NA,NA,NA,N,Y,3,0,3,3,A,-,03,22350,NA,N,C,C,A,A,H,-,D,D,0,NA,NA,NA,NA,Y,NA,A,01,0,1,2,0,0,0,0,0,0,-,-,34.31181,-118.48707,LOS ANGELES,LOS ANGELES,-118.48707802,34.31180411
9041522,2020,2020-02-26,1942,2020-01-26,0800,43692,0976,7,5,7,1942,0,0,0,I,0,9A63,FULTON AV,VALLEHEART DR,0,NA,-,B,-,N,NA,NA,NA,NA,NA,NA,NA,NA,NA,Y,4,0,2,2,A,-,09,21801,A,N,D,C,A,A,H,-,A,D,0,NA,NA,NA,NA,Y,NA,-,NA,0,0,2,0,0,0,0,0,0,-,-,NA,NA,LOS ANGELES,LOS ANGELES,-118.42250823974608,34.14958953857422
9041523,2020,2020-03-02,1942,2020-01-26,1845,39022,1458,7,5,7,1942,0,0,0,N,0,14A49,BRADDOCK DR,SLAUSON AV,0,NA,Y,A,-,N,NA,NA,NA,NA,NA,NA,NA,NA,NA,Y,2,0,1,2,A,-,08,22107,NA,F,C,C,A,A,H,-,C,A,0,NA,NA,NA,NA,Y,NA,M,96,1,0,0,0,0,0,0,0,0,-,-,NA,NA,LOS ANGELES,LOS ANGELES,-118.41158294677734,33.996639251708984
9041524,2020,2020-02-25,1942,2020-01-08,1545,40487,2029,3,5,7,1942,0,0,0,NA,0,20XL3,HOOVER ST,7TH ST,80,N,N,A,-,N,NA,NA,NA,NA,NA,NA,NA,NA,NA,N,4,0,2,2,A,-,09,21804,A,N,D,C,A,A,H,-,A,D,0,NA,NA,NA,NA,Y,NA,A,07,0,0,2,0,0,0,0,0,0,-,-,NA,NA,LOS ANGELES,LOS ANGELES,-118.2842025756836,34.06003952026367
90415242,2017,2017-03-20,9550,2017-03-12,1815,021141,NA,7,2,6,1920,0,1,1,NA,2,500,INTERSTATE 5 S/B (SANTA ANA FREEWAY),INTERSTATE 605 S/B,3000,N,N,A,-,Y,NA,NA,5,NA,NA,NA,NA,NA,S,Y,4,0,1,2,A,-,03,22350,NA,N,C,C,A,A,H,-,A,D,0,NA,NA,NA,NA,Y,Y,A,07,0,0,1,0,0,0,0,0,0,-,-,33.94856,-118.10171,LOS ANGELES,DOWNEY,-118.10165202,33.9485986
9041525,2020,2020-02-27,1942,2020-01-28,1025,42987,0808,2,5,7,1942,0,0,0,H,0,8A95,BENEDICT CANYON DR,CIELO DR,481,N,N,A,-,N,NA,NA,NA,NA,NA,NA,NA,NA,NA,N,4,0,1,2,A,-,04,21703,NA,N,C,C,A,A,H,-,A,A,0,NA,NA,Y,NA,Y,NA,C,02,0,0,1,0,0,0,0,0,1,-,-,NA,NA,LOS ANGELES,LOS ANGELES,-118.43008422851564,34.09601593017578
9041526,2020,2020-02-26,1942,2020-01-23,0750,42789,0648,4,5,7,1942,0,0,0,F,0,6A77,SAINT ANDREWS PL,CARLTON WY,6,N,N,A,-,N,NA,NA,NA,NA,NA,NA,NA,NA,NA,Y,4,0,1,2,A,-,12,22450,A,F,G,B,B,A,H,-,A,A,0,Y,NA,NA,NA,Y,NA,A,01,0,0,1,0,1,0,0,0,0,-,-,NA,NA,LOS ANGELES,LOS ANGELES,-118.31149291992188,34.10052490234375
9041527,2020,2020-03-02,1942,2020-01-29,2005,41516,1435,3,5,7,1942,0,0,0,N,0,14A25,VENICE BL,N MCLAUGHLIN AV,27,E,N,A,-,N,NA,NA,NA,NA,NA,NA,NA,NA,NA,N,2,0,1,2,A,-,12,21453,A,N,H,G,A,A,H,-,C,A,0,NA,Y,NA,NA,Y,NA,L,04,1,0,0,0,0,0,1,0,0,-,-,NA,NA,LOS ANGELES,LOS ANGELES,-118.42457580566406,34.00876235961914
9041528,2020,2020-02-25,1942,2020-01-03,2018,38721,2013,5,5,7,1942,0,0,0,NA,0,20A13,OXFORD AV,2ND ST W,295,S,N,A,-,N,NA,NA,NA,NA,NA,NA,NA,NA,NA,N,4,0,1,2,A,-,21,22106,NA,N,B,C,A,A,H,-,C,A,0,NA,NA,NA,NA,Y,NA,A,01,0,0,1,0,0,0,0,0,0,-,-,NA,NA,LOS ANGELES,LOS ANGELES,-118.3078842163086,34.070289611816406
9041529,2020,2020-02-27,1942,2020-01-24,0550,41210,0899,5,5,7,1942,0,0,0,H,0,NA,LA CIENEGA BL,VENICE BL,445,N,N,A,-,N,NA,NA,NA,NA,NA,NA,NA,NA,NA,N,2,0,1,2,A,-,11,21956,A,N,G,B,E,A,H,-,C,A,0,Y,NA,NA,NA,Y,NA,N,60,1,0,0,0,1,0,0,0,0,-,-,NA,NA,LOS ANGELES,LOS ANGELES,-118.37762451171876,34.03636932373047
9041530,2020,2020-03-03,1942,2020-01-06,1635,41446,635,1,5,7,1942,0,0,0,NA,0,6A15,CAHUENGA BL,CAHUENGA TER,0,NA,Y,A,-,N,NA,NA,NA,NA,NA,NA,NA,NA,NA,Y,4,0,1,2,A,-,05,21650,A,F,D,C,A,A,H,-,A,A,0,NA,NA,NA,NA,Y,NA,-,99,0,0,1,0,0,0,0,0,0,-,-,NA,NA,LOS ANGELES,LOS ANGELES,-118.33528137207033,34.112159729003906
9041531,2020,2020-03-02,1942,2020-01-27,1400,42640,1488,1,5,7,1942,0,0,0,N,0,14A67,AIRPORT BL,98TH ST,0,NA,Y,A,-,N,NA,NA,NA,NA,NA,NA,NA,NA,NA,Y,3,0,1,2,A,-,12,21453,A,N,D,C,A,A,H,-,A,A,0,NA,NA,NA,NA,Y,NA,A,01,0,1,0,0,0,0,0,0,0,-,-,NA,NA,LOS ANGELES,LOS ANGELES,-118.385986328125,33.94734191894531
9041532,2019,2020-02-25,1942,2019-01-06,0705,42656,2005,7,5,7,1942,0,0,0,NA,0,20A13,N ARDMORE AV,MELROSE AV,295,S,N,A,-,N,NA,NA,NA,NA,NA,NA,NA,NA,NA,N,4,0,2,2,A,-,09,21804,A,N,D,C,A,A,H,-,B,D,0,NA,NA,NA,NA,Y,NA,A,01,0,0,2,0,0,0,0,0,0,-,-,NA,NA,LOS ANGELES,LOS ANGELES,-118.30171966552734,34.082740783691406
9041533,2020,2020-02-27,1942,2020-01-14,0954,43998,2149,2,5,7,1942,0,0,0,NA,0,21A43,VICTORY BL,ROYER AV,12,E,N,A,-,N,NA,NA,NA,NA,NA,NA,NA,NA,NA,N,4,0,1,2,A,-,03,22350,NA,F,D,G,A,A,H,-,C,A,0,NA,Y,NA,NA,Y,NA,-,NA,0,0,1,0,0,0,1,0,0,-,-,NA,NA,LOS ANGELES,LOS ANGELES,-118.62767791748048,34.186439514160156
9041534,2020,2020-02-26,1942,2020-01-22,0750,33169,0668,3,5,7,1942,0,0,0,F,0,6A79,WESTERN AV,LEXINGTON AV,125,N,N,A,-,N,NA,NA,NA,NA,NA,NA,NA,NA,NA,N,4,0,1,2,A,-,03,22350,NA,F,C,C,A,A,H,-,A,D,0,NA,NA,NA,NA,Y,NA,-,99,0,0,1,0,0,0,0,0,0,-,-,NA,NA,LOS ANGELES,LOS ANGELES,-118.3092041015625,34.09324264526367
90415342,2017,2017-03-20,9530,2017-03-04,2330,020714,NA,6,3,9,1900,0,3,5,NA,2,001,HOOPER AVE.,FIRESTONE BLVD.,0,NA,Y,B,-,N,NA,NA,NA,NA,NA,NA,NA,NA,NA,Y,3,0,1,1,A,-,01,23152,A,N,E,I,A,A,H,-,C,A,0,NA,NA,NA,NA,Y,Y,A,01,0,1,0,0,0,0,0,0,0,-,-,33.76268,-118.34012,LOS ANGELES,UNINCORPORATED,-118.25403001,33.96015005
9041535,2020,2020-03-02,1942,2020-01-24,1410,41671,1441,5,5,7,1942,0,0,0,N,0,14A11,WASHINGTON BL,STRONGS DR,0,NA,Y,A,-,N,NA,NA,NA,NA,NA,NA,NA,NA,NA,N,3,0,1,2,A,-,11,21954,A,N,G,B,D,A,H,-,A,A,0,Y,NA,NA,NA,Y,NA,N,60,0,1,0,0,1,0,0,0,0,-,-,NA,NA,LOS ANGELES,LOS ANGELES,-118.46524810791016,33.97996139526367
9041536,2020,2020-02-25,1942,2020-01-13,1521,41671,2058,1,5,7,1942,0,0,0,NA,0,20A68,W OLYMPIC BL,MENLO AV,0,NA,Y,A,-,N,NA,NA,NA,NA,NA,NA,NA,NA,NA,Y,4,0,2,2,A,-,09,21801,A,N,D,C,A,A,H,-,A,D,0,NA,NA,NA,NA,Y,NA,A,01,0,0,2,0,0,0,0,0,0,-,-,NA,NA,LOS ANGELES,LOS ANGELES,-118.29071807861328,34.05241012573242
9041537,2020,2020-02-27,1942,2020-01-29,1015,31688,2139,3,5,7,1942,0,0,0,NA,0,21A29,SATICOY ST,WINNETKA AV,630,W,N,A,-,N,NA,NA,NA,NA,NA,NA,NA,NA,NA,N,4,0,1,2,A,-,04,21703,NA,F,C,C,A,A,H,-,A,D,0,NA,NA,NA,NA,Y,NA,-,99,0,0,1,0,0,0,0,0,0,-,-,NA,NA,LOS ANGELES,LOS ANGELES,-118.57308197021484,34.2083625793457
90415370,2017,2017-03-20,9550,2017-03-12,1600,021405,NA,7,2,5,1976,0,2,4,NA,1,022,LEFFINGWELL ROAD,STAMY ROAD,50,E,N,A,-,N,NA,NA,NA,NA,NA,NA,NA,NA,NA,Y,4,0,2,1,A,-,08,22107,NA,N,F,I,A,A,H,-,A,D,0,NA,NA,NA,NA,Y,NA,D,22,0,0,2,0,0,0,0,0,0,-,-,33.92851,-118.00508,LOS ANGELES,WHITTIER,-118.00613114,33.92821547
90415375,2017,2017-03-20,9580,2017-03-09,1455,020396,NA,4,2,9,1900,0,1,2,NA,2,100,ENCINAL CANYON RD,CLUBHOUSE DR,1065,W,N,A,-,Y,NA,NA,NA,NA,NA,NA,NA,NA,NA,Y,3,0,1,2,A,-,08,22107,NA,N,E,I,A,A,H,-,A,D,0,NA,NA,NA,NA,Y,NA,A,01,0,1,0,0,0,0,0,0,0,-,-,34.08736,-118.85863,LOS ANGELES,UNINCORPORATED,-118.85878228,34.08723985
9041538,2020,2020-02-26,1942,2020-01-31,0910,41376,0646,5,5,7,1942,0,0,0,F,0,6A63,W SUNSET BL,VINE ST,70,E,N,A,-,N,NA,NA,NA,NA,NA,NA,NA,NA,NA,Y,4,0,1,4,A,-,07,21658,A,F,C,C,A,A,H,-,A,D,0,NA,NA,NA,NA,Y,NA,-,99,0,0,1,0,0,0,0,0,0,-,-,NA,NA,LOS ANGELES,LOS ANGELES,-118.32640075683594,34.09800720214844
90415387,2017,2017-03-20,9530,2017-03-05,0010,021490,NA,7,3,9,1900,0,3,5,NA,2,002,BROADWAY (13000 BLOCK),131ST ST.,92,N,N,A,-,N,NA,NA,NA,NA,NA,NA,NA,NA,NA,Y,4,0,2,3,A,-,08,22102,NA,N,D,C,A,A,H,-,C,D,0,NA,NA,NA,NA,Y,NA,A,01,0,0,2,0,0,0,0,0,0,-,-,33.91364,-118.27835,LOS ANGELES,UNINCORPORATED,-118.27838,33.91368232
9041539,2020,2020-03-16,1942,2020-01-19,1514,42664,1469,7,5,7,1942,0,0,0,N,0,14A67,KNOWLTON ST,LA TIJERA BL,0,NA,Y,B,-,N,NA,NA,NA,NA,NA,NA,NA,NA,NA,Y,3,0,3,2,A,-,17,21451,A,N,D,C,A,A,H,-,A,A,0,NA,NA,NA,NA,Y,NA,A,01,0,1,2,0,0,0,0,0,0,-,-,NA,NA,LOS ANGELES,LOS ANGELES,-118.37317657470705,33.97611999511719
90415392,2017,2017-03-20,9550,2017-03-12,0140,021486,NA,7,3,9,1900,0,2,4,NA,1,031,7TH AVENUE,PALM AVENUE,495,N,N,A,-,N,NA,NA,NA,NA,NA,NA,NA,NA,NA,Y,4,0,1,1,A,-,08,22107,NA,N,E,I,A,A,H,-,C,D,0,NA,NA,NA,NA,Y,NA,A,01,0,0,1,0,0,0,0,0,0,-,-,34.016,-117.99,LOS ANGELES,UNINCORPORATED,-117.98917225,34.0177322
9041540,2020,2020-02-25,1942,2020-01-04,1201,34959,2021,6,5,7,1942,0,0,0,NA,0,20A1,WILSHIRE BL,WINDSOR BL,73,E,N,A,-,N,NA,NA,NA,NA,NA,NA,NA,NA,NA,N,4,0,1,2,A,-,21,22106,NA,N,C,C,A,A,H,-,A,D,0,NA,NA,NA,NA,Y,NA,A,07,0,0,1,0,0,0,0,0,0,-,-,NA,NA,LOS ANGELES,LOS ANGELES,-118.32118988037108,34.0617561340332
90415405,2017,2017-03-20,9550,2017-03-12,1400,021405,NA,7,2,9,1900,0,3,5,NA,2,002,LAMBERT ROAD W/B,COLIMA ROAD,100,E,N,A,-,N,NA,NA,NA,NA,NA,NA,NA,NA,NA,Y,4,0,3,3,A,-,03,22350,NA,N,C,C,A,A,H,-,A,A,0,NA,NA,NA,NA,Y,NA,A,01,0,0,3,0,0,0,0,0,0,-,-,33.94193,-118.01119,LOS ANGELES,UNINCORPORATED,-118.0114162,33.94197137
9041541,2020,2020-02-27,1942,2020-01-23,1840,39308,0911,4,5,7,1942,0,0,0,I,0,9X84,VANOWEN ST,PEACH AV,195,W,N,A,-,N,NA,NA,NA,NA,NA,NA,NA,NA,NA,Y,4,0,2,3,A,-,03,22350,NA,N,C,C,A,A,H,-,C,D,0,NA,NA,NA,NA,Y,NA,A,07,0,0,2,0,0,0,0,0,0,-,-,NA,NA,LOS ANGELES,LOS ANGELES,-118.4690399169922,34.19392013549805
9041542,2020,2020-02-26,1942,2020-01-31,2250,41455,1431,5,5,7,1942,0,0,0,N,0,14A31,WINDWARD AV,SPEEDWAY AV,0,NA,Y,A,-,N,NA,NA,NA,NA,NA,NA,NA,NA,NA,N,4,0,1,2,A,-,11,21954,A,F,G,B,D,A,H,-,C,D,0,Y,NA,NA,NA,Y,NA,N,60,0,0,1,0,1,0,0,0,0,-,-,NA,NA,LOS ANGELES,LOS ANGELES,-118.47325897216795,33.987091064453125
9041543,2020,2020-03-02,1942,2020-01-01,0330,43454,1454,3,5,7,1942,0,0,0,N,0,14A45,MAXELLA AV,LINCOLN BL,0,NA,Y,A,-,N,NA,NA,NA,NA,NA,NA,NA,NA,NA,N,4,0,1,2,A,-,00,20015,A,N,C,C,A,A,H,-,C,A,0,NA,NA,NA,NA,Y,NA,A,08,0,0,1,0,0,0,0,0,0,-,-,NA,NA,LOS ANGELES,LOS ANGELES,-118.44347381591795,33.985618591308594
9041544,2020,2020-02-25,1942,2020-01-18,0846,36705,0857,6,5,7,1942,0,0,0,H,0,8A95,W PICO BL,S DOHENY DR,10,E,N,A,-,N,NA,NA,NA,NA,NA,NA,NA,NA,NA,N,3,0,1,2,A,-,10,21950,A,N,G,B,B,A,H,-,A,A,0,Y,NA,NA,NA,Y,NA,A,01,0,1,0,0,1,0,0,0,0,-,-,NA,NA,LOS ANGELES,LOS ANGELES,-118.38993072509766,34.055259704589844
90415443,2017,2017-03-20,9530,2017-03-11,1250,020427,NA,6,1,7,1941,0,1,1,NA,2,072,I-710 N/B (LONG BEACH FREEWAY),WARDLOW RD.,250,S,N,A,-,Y,NA,NA,710,NA,NA,NA,NA,NA,N,Y,4,0,1,2,A,-,03,22350,NA,N,C,C,A,A,H,-,A,D,0,NA,NA,NA,NA,Y,NA,A,01,0,0,1,0,0,0,0,0,0,-,-,33.824,-118.2071,LOS ANGELES,LONG BEACH,-118.20690114,33.8240215
9041545,2020,2020-02-27,1942,2020-01-18,1735,42921,985,6,5,7,1942,0,0,0,NA,0,9X6,MOORPARK ST,HAZELTINE AV,0,NA,Y,A,-,N,NA,NA,NA,NA,NA,NA,NA,NA,NA,N,3,0,2,2,A,-,09,21801,A,N,A,C,A,A,H,-,D,A,0,NA,NA,NA,NA,Y,NA,A,01,0,1,1,0,0,0,0,0,0,-,-,NA,NA,LOS ANGELES,LOS ANGELES,-118.44001007080078,34.15045928955078
90415453,2017,2017-03-20,9565,2017-03-10,1045,020239,NA,5,1,7,1942,0,1,1,NA,2,064,I-405 SOUTHBOUND (SAN DIEGO FREEWAY),BEL AIR CREST RD,1000,N,N,A,-,Y,NA,NA,405,NA,NA,NA,NA,NA,S,Y,4,0,2,3,A,-,03,22350,NA,F,C,C,A,A,H,-,A,D,0,NA,NA,NA,NA,Y,NA,A,01,0,0,2,0,0,0,0,0,0,-,-,34.11281,-118.48216,LOS ANGELES,LOS ANGELES,-118.48224677,34.1128161
9041546,2020,2020-02-26,1942,2020-01-17,1910,43441,0849,5,5,7,1942,0,0,0,H,0,8A59,OLYMPIC BL,CORNING AV,0,NA,Y,A,-,N,NA,NA,NA,NA,NA,NA,NA,NA,NA,Y,3,0,1,2,A,-,09,21801,A,N,D,C,A,A,H,-,C,D,0,NA,NA,NA,NA,Y,NA,A,01,0,1,0,0,0,0,0,0,0,-,-,NA,NA,LOS ANGELES,LOS ANGELES,-118.37728881835938,34.05937194824219
90415460,2017,2017-03-20,9575,2017-03-07,1514,017354,NA,2,2,7,1942,0,1,3,NA,2,043,SR-134 E/B (VENTURA FREEWAY),RIVERSIDE DR. (VICTORY BLVD.) O/C,1500,W,N,A,-,Y,NA,NA,134,NA,NA,NA,NA,NA,E,Y,3,0,3,4,A,-,03,22350,NA,N,C,C,A,A,H,-,A,D,0,NA,NA,NA,NA,Y,NA,A,01,0,1,2,0,0,0,0,0,0,-,-,34.1558,-118.2981,LOS ANGELES,LOS ANGELES,-118.29810458,34.15577182
90415462,2017,2017-03-20,9530,2017-03-13,1530,019412,NA,1,2,9,1900,0,3,5,NA,2,002,SAN PEDRO ST. (12100 BLOCK),122ND ST.,100,N,N,A,-,Y,NA,NA,NA,NA,NA,NA,NA,NA,NA,Y,4,0,2,2,A,-,09,21801,A,N,D,C,A,A,H,-,A,D,0,NA,NA,NA,NA,Y,NA,A,07,0,0,2,0,0,0,0,0,0,-,-,33.55181,-118.16105,LOS ANGELES,UNINCORPORATED,-118.26958714,33.92156424
90415466,2017,2017-03-20,9525,2017-02-25,1740,021392,NA,6,2,9,1900,0,2,4,NA,2,045,VALLEY BLVD (1300 BLOCK),WORKMAN MILL RD.,300,E,N,B,-,N,NA,NA,NA,NA,NA,NA,NA,NA,NA,Y,3,0,1,2,A,-,06,21754,NA,N,B,C,A,A,D,-,C,D,0,NA,NA,Y,NA,Y,NA,C,02,0,1,0,0,0,0,0,0,1,-,-,34.0438,-117.9878,LOS ANGELES,UNINCORPORATED,-117.98784158,34.04388281
9041547,2020,2020-03-02,1942,2020-01-21,1000,38282,1427,2,5,7,1942,0,0,0,N,0,14A27,S SEPULVEDA BL,NATIONAL BL,320,S,N,B,-,N,NA,NA,NA,NA,NA,NA,NA,NA,NA,Y,4,0,2,2,A,-,09,21804,A,N,D,C,A,A,H,-,A,D,0,NA,NA,NA,NA,Y,NA,A,01,0,0,2,0,0,0,0,0,0,-,-,NA,NA,LOS ANGELES,LOS ANGELES,-118.42808532714844,34.02662658691406
9041548,2020,2020-02-25,1942,2020-01-17,1510,37966,0826,5,5,7,1942,0,0,0,H,0,8A13,SUNSET BL,KENTER AV,125,W,N,A,-,N,NA,NA,NA,NA,NA,NA,NA,NA,NA,N,4,0,3,3,A,-,03,22350,NA,F,C,C,A,A,H,-,A,D,0,NA,NA,NA,NA,Y,NA,-,99,0,0,3,0,0,0,0,0,0,-,-,NA,NA,LOS ANGELES,LOS ANGELES,-118.47864532470705,34.058406829833984
9041549,2020,2020-02-27,1942,2020-01-27,1910,33504,0964,1,5,7,1942,0,0,0,I,0,9A63,RIVERSIDE DR,WOODMAN AV,0,NA,Y,A,-,N,NA,NA,NA,NA,NA,NA,NA,NA,NA,Y,3,0,2,2,A,-,09,21801,NA,N,D,C,A,A,H,-,C,A,0,NA,NA,NA,NA,Y,NA,A,01,0,2,0,0,0,0,0,0,0,-,-,NA,NA,LOS ANGELES,LOS ANGELES,-118.43123626708984,34.15761184692383
9041550,2020,2020-02-26,1942,2020-01-25,1255,34959,0886,6,5,7,1942,0,0,0,H,0,8A95,PICO BL,ROXBURY DR,0,NA,Y,A,-,N,NA,NA,NA,NA,NA,NA,NA,NA,NA,Y,4,0,2,2,A,-,21,22106,NA,N,C,C,A,A,H,-,A,D,0,NA,NA,NA,NA,Y,NA,A,07,0,0,2,0,0,0,0,0,0,-,-,NA,NA,LOS ANGELES,LOS ANGELES,-118.40219116210938,34.05398178100586
90415508,2017,2017-03-20,9535,2017-03-08,1240,021381,NA,3,1,9,1900,0,1,1,NA,2,420,I-10 E/B TO CITY TERRACE DR. OFF-RAMP,CITY TERRACE DR.,170,N,N,A,-,Y,NA,NA,10,NA,NA,NA,R,NA,E,Y,3,0,1,1,A,-,03,22350,NA,N,F,A,A,A,H,-,A,D,0,NA,NA,NA,Y,Y,NA,F,21,0,1,0,0,0,0,0,0,0,-,-,34.05648,-118.18116,LOS ANGELES,UNINCORPORATED,-118.18116,34.05648
90415509,2017,2017-03-20,9525,2017-03-05,1325,021392,NA,7,1,9,1900,0,1,3,NA,1,024,SR-39 (SAN GABRIEL CANYON RD.),OLD SAN GABRIEL CANYON RD.,2640,N,N,B,C,N,NA,NA,39,NA,NA,NA,NA,NA,NA,Y,3,0,2,2,A,-,03,22350,NA,N,A,C,A,B,H,-,A,D,0,NA,NA,NA,NA,Y,NA,A,01,0,1,1,0,0,0,0,0,0,-,-,34.16834,-117.89225,LOS ANGELES,UNINCORPORATED,-117.89225133,34.16834018
9041551,2020,2020-03-02,1942,2020-01-19,1340,42834,1407,7,5,7,1942,0,0,0,N,0,14A27,PALMS BL,MOTOR AV,0,NA,Y,A,-,N,NA,NA,NA,NA,NA,NA,NA,NA,NA,Y,4,0,2,2,A,-,12,21453,A,N,A,C,A,A,H,-,A,A,0,NA,NA,NA,NA,Y,NA,A,07,0,0,2,0,0,0,0,0,0,-,-,NA,NA,LOS ANGELES,LOS ANGELES,-118.40853118896484,34.02640151977539
90415514,2017,2017-03-20,9535,2017-03-08,1415,021505,NA,3,2,9,1900,0,2,4,NA,2,022,OLYMPIC BLVD. (BLOCK #4400),WILKINS AVE.,20,W,N,A,-,N,NA,NA,NA,NA,NA,NA,NA,NA,NA,N,4,0,2,2,A,-,03,22350,NA,N,C,C,A,A,H,-,A,A,0,NA,NA,NA,NA,Y,NA,A,08,0,0,2,0,0,0,0,0,0,-,-,34.0189,-118.17493,LOS ANGELES,UNINCORPORATED,-118.17501583,34.01891183
90415518,2017,2017-03-20,9535,2017-03-06,1550,021505,NA,1,2,5,1969,0,1,1,NA,2,074,I-710 N/B (LONG BEACH FREEWAY),FIRESTONE BOULEVARD,3000,S,N,A,-,Y,NA,NA,NA,NA,NA,NA,NA,NA,NA,N,4,0,1,2,A,-,03,22350,NA,N,C,C,A,A,H,-,A,D,0,NA,NA,NA,NA,Y,NA,A,08,0,0,1,0,0,0,0,0,0,-,-,34.94108,-118.1711,LOS ANGELES,SOUTH GATE,-118.17110238,33.94154337
9041552,2020,2020-02-25,1942,2020-01-19,0228,33403,0841,7,5,7,1942,0,0,0,H,0,8A59,SANTA MONICA BL,BUNDY DR,100,E,N,A,-,N,NA,NA,NA,NA,NA,NA,NA,NA,NA,N,2,0,1,2,A,-,11,21955,NA,N,G,B,D,A,H,-,C,A,0,Y,NA,NA,NA,Y,NA,N,60,1,0,0,0,1,0,0,0,0,-,-,NA,NA,LOS ANGELES,LOS ANGELES,-118.4630126953125,34.0406608581543
9041553,2020,2020-02-27,1942,2020-01-27,1014,38191,0974,1,5,7,1942,0,0,0,I,0,9A63,CEDROS AV,MOORPARK ST,4,S,N,A,-,N,NA,NA,NA,NA,NA,NA,NA,NA,NA,Y,3,0,2,2,A,-,09,21801,A,N,D,C,A,A,H,-,A,A,0,NA,NA,NA,NA,Y,NA,A,01,0,1,1,0,0,0,0,0,0,-,-,NA,NA,LOS ANGELES,LOS ANGELES,-118.4530792236328,34.152610778808594
9041554,2020,2020-03-16,1942,2020-01-27,2030,35330,1407,1,5,7,1942,0,0,0,N,0,14A27,PALM BL,NATIONAL BL,0,NA,Y,A,-,N,NA,NA,NA,NA,NA,NA,NA,NA,NA,N,4,0,1,2,A,-,10,21950,A,N,G,B,B,A,H,-,C,A,0,Y,NA,NA,NA,Y,NA,A,01,0,0,1,0,1,0,0,0,0,-,-,NA,NA,LOS ANGELES,LOS ANGELES,-118.4036102294922,34.029090881347656
90415549,2017,2017-03-20,9525,2017-03-05,1037,021007,NA,7,1,9,1900,0,1,1,NA,2,106,I-10 E/B (SAN BERNARDINO FWY),HOLT AVE,800,E,N,A,-,Y,NA,NA,10,NA,NA,NA,NA,NA,E,Y,4,0,1,2,A,-,03,22350,NA,N,C,C,A,A,H,-,A,D,0,NA,NA,NA,NA,Y,NA,A,01,0,0,1,0,0,0,0,0,0,-,-,34.0683,-117.8482,LOS ANGELES,UNINCORPORATED,-117.8482029,34.06819278
9041555,2020,2020-03-02,1942,2020-01-23,1610,37966,0635,4,5,7,1942,0,0,0,F,0,6A31,N HIGHLAND AV,ODIN ST,43,N,N,A,-,N,NA,NA,NA,NA,NA,NA,NA,NA,NA,Y,4,0,1,1,A,-,03,22350,NA,N,E,I,A,A,H,-,A,D,0,NA,NA,NA,NA,Y,NA,A,07,0,0,1,0,0,0,0,0,0,-,-,NA,NA,LOS ANGELES,LOS ANGELES,-118.33644104003906,34.110015869140625
90415553,2017,2017-03-20,9575,2017-03-09,1210,020030,NA,4,1,6,1925,0,1,1,NA,2,050,I-5 S/B (GOLDEN STATE FREEWAY),WESTERN AVE.,130,S,N,A,-,Y,NA,NA,5,NA,NA,NA,NA,NA,S,Y,3,0,1,5,A,-,03,22350,NA,N,C,C,A,A,H,-,A,D,0,NA,NA,NA,NA,Y,NA,A,01,0,1,0,0,0,0,0,0,0,-,-,34.16422,-118.29661,LOS ANGELES,GLENDALE,-118.29645814,34.16442453
90415555,2017,2017-03-20,9525,2017-03-07,0826,021007,NA,2,1,5,1990,0,1,3,NA,2,601,SR-60 W/B TO SR-57 S/B,GRAND AVE,950,W,N,A,-,Y,NA,NA,60,NA,NA,NA,R,NA,W,N,4,0,1,3,A,-,03,22350,NA,N,C,C,A,A,H,-,A,D,0,NA,NA,NA,NA,Y,NA,A,01,0,0,1,0,0,0,0,0,0,-,-,34.0039,-117.8312,LOS ANGELES,DIAMOND BAR,-117.8312,34.0039