CASE_ID,ACCIDENT_YEAR,PROC_DATE,JURIS,COLLISION_DATE,COLLISION_TIME,OFFICER_ID,REPORTING_DISTRICT,DAY_OF_WEEK,CHP_SHIFT,POPULATION,CNTY_CITY_LOC,SPECIAL_COND,BEAT_TYPE,CHP_BEAT_TYPE,CITY_DIVISION_LAPD,CHP_BEAT_CLASS,BEAT_NUMBER,PRIMARY_RD,SECONDARY_RD,DISTANCE,DIRECTION,INTERSECTION,WEATHER_1,WEATHER_2,STATE_HWY_IND,CALTRANS_COUNTY,CALTRANS_DISTRICT,STATE_ROUTE,ROUTE_SUFFIX,POSTMILE_PREFIX,POSTMILE,LOCATION_TYPE,RAMP_INTERSECTION,SIDE_OF_HWY,TOW_AWAY,COLLISION_SEVERITY,NUMBER_KILLED,NUMBER_INJURED,PARTY_COUNT,PRIMARY_COLL_FACTOR,PCF_CODE_OF_VIOL,PCF_VIOL_CATEGORY,PCF_VIOLATION,PCF_VIOL_SUBSECTION,HIT_AND_RUN,TYPE_OF_COLLISION,MVIW,PED_ACTION,ROAD_SURFACE,ROAD_COND_1,ROAD_COND_2,LIGHTING,CONTROL_DEVICE,CHP_ROAD_TYPE,PEDESTRIAN_ACCIDENT,BICYCLE_ACCIDENT,MOTORCYCLE_ACCIDENT,TRUCK_ACCIDENT,NOT_PRIVATE_PROPERTY,ALCOHOL_INVOLVED,STWD_VEHTYPE_AT_FAULT,CHP_VEHTYPE_AT_FAULT,COUNT_SEVERE_INJ,COUNT_VISIBLE_INJ,COUNT_COMPLAINT_PAIN,COUNT_PED_KILLED,COUNT_PED_INJURED,COUNT_BICYCLIST_KILLED,COUNT_BICYCLIST_INJURED,COUNT_MC_KILLED,COUNT_MC_INJURED,PRIMARY_RAMP,SECONDARY_RAMP,LATITUDE,LONGITUDE,COUNTY,CITY,POINT_X,POINT_Y
90418218,2017,2017-03-23,9535,2017-03-08,0940,021353,NA,3,1,5,1969,0,1,1,NA,2,075,I-710 S/B FROM FIRESTONE W/B,FILESTONE BLVD,100,N,N,A,-,Y,NA,NA,710,NA,NA,NA,R,NA,S,Y,3,0,2,2,A,-,03,22350,NA,N,C,C,A,A,H,-,A,A,0,NA,NA,NA,NA,Y,NA,-,-,0,2,0,0,0,0,0,0,0,-,-,33.9502,-118.1707,LOS ANGELES,SOUTH GATE,-118.1707,33.9502
90418247,2017,2017-03-23,9530,2017-03-16,2220,021273,NA,4,3,9,1900,0,3,5,NA,2,006,CARSON ST. (700 BLOCK),I-110 S/B (HARBOR FREEWAY),270,W,N,A,-,N,NA,NA,NA,NA,NA,NA,NA,NA,NA,N,4,0,2,2,A,-,03,22350,NA,N,C,C,A,A,H,-,C,D,0,NA,NA,NA,NA,Y,NA,A,01,0,0,2,0,0,0,0,0,0,-,-,33.83158,-118.28858,LOS ANGELES,UNINCORPORATED,-118.28838527,33.83160726
90418258,2017,2017-03-23,9540,2017-03-08,0553,014902,NA,3,3,9,1900,0,1,3,NA,2,147,SR-14 S/B (ANTELOPE VALLEY FWY),SPRING CANYON RD,1584,N,N,A,-,Y,NA,NA,14,NA,NA,NA,NA,NA,S,N,4,0,1,2,A,-,03,22350,NA,F,C,C,A,A,H,-,D,D,0,NA,NA,NA,NA,Y,NA,-,99,0,0,1,0,0,0,0,0,0,-,-,34.43726,-118.37322,LOS ANGELES,UNINCORPORATED,-118.37320896,34.43722323
90418259,2017,2017-03-23,9550,2017-03-20,1325,020151,NA,1,1,5,1919,0,1,3,NA,2,092,STATE ROUTE 91 W/B,PIONEER BLVD.,500,E,N,A,-,Y,NA,NA,NA,NA,NA,NA,NA,NA,NA,Y,3,0,2,2,A,-,03,22350,NA,N,C,C,A,A,H,-,A,D,0,NA,NA,NA,NA,Y,NA,A,01,0,1,1,0,0,0,0,0,0,-,-,NA,NA,LOS ANGELES,CERRITOS,-118.08223,33.87655
90418269,2017,2017-03-23,9545,2017-03-22,0330,018342,NA,3,3,9,1900,0,3,5,NA,2,003,SOLEDAD CANYON ROAD,HORNDEAN AVENUE,191,N,N,A,-,N,NA,NA,NA,NA,NA,NA,NA,NA,NA,Y,2,0,1,1,A,-,01,23152,A,N,E,I,A,A,H,-,D,D,0,NA,NA,NA,NA,Y,Y,A,01,1,0,0,0,0,0,0,0,0,-,-,34.28512,-118.0903,LOS ANGELES,UNINCORPORATED,-118.15179,34.48082
90418351,2017,2017-03-23,9565,2017-03-16,1640,015587,NA,4,2,9,1900,0,3,5,NA,2,002,IMPERIAL HWY (BLOCK 1000),NEW HAMPSHIRE AVE,138,W,N,A,-,N,NA,NA,NA,NA,NA,NA,NA,NA,NA,Y,4,0,1,2,A,-,09,21801,A,N,D,C,A,A,H,-,A,D,0,NA,NA,NA,NA,Y,NA,A,01,0,0,1,0,0,0,0,0,0,-,-,33.93085,-118.29376,LOS ANGELES,UNINCORPORATED,-118.29365402,33.93097595
90418367,2017,2017-03-23,9550,2017-02-26,0139,020932,NA,7,3,5,1908,0,1,3,NA,2,090,STATE ROUTE 91 W/B (ARTESIA FREEWAY),CHERRY AVENUE,92,W,N,A,-,Y,NA,NA,NA,NA,NA,NA,NA,NA,NA,Y,2,0,1,2,A,-,01,23152,A,N,C,C,A,A,H,-,C,D,0,NA,NA,NA,NA,Y,Y,A,01,1,0,0,0,0,0,0,0,0,-,-,33.87614,-118.19618,LOS ANGELES,BELLFLOWER,-118.16900024,33.87620817
90418372,2017,2017-03-23,9575,2017-03-16,0735,015935,NA,4,1,9,1900,0,3,5,NA,2,008,S/B MICHILINDA AVE (100 BLOCK),COLORADO BL,80,N,N,A,-,N,NA,NA,NA,NA,NA,NA,NA,NA,NA,N,4,0,1,3,A,-,21,22106,NA,N,C,C,A,A,H,-,A,A,0,NA,NA,NA,NA,Y,NA,A,01,0,0,1,0,0,0,0,0,0,-,-,34.14812,-118.06785,LOS ANGELES,UNINCORPORATED,-118.06778619,34.14811633
9041839,2020,2020-02-26,1942,2020-01-10,1100,43887,2076,5,5,7,1942,0,0,0,NA,0,20A44,NORMANDIE AV,VENICE BL,0,NA,Y,A,-,N,NA,NA,NA,NA,NA,NA,NA,NA,NA,NA,4,0,1,2,A,-,09,21801,A,N,D,C,A,A,H,-,A,A,0,NA,NA,NA,NA,Y,NA,A,01,0,0,1,0,0,0,0,0,0,-,-,NA,NA,LOS ANGELES,LOS ANGELES,-118.30101776123048,34.043670654296875
90418393,2017,2017-03-23,9550,2017-03-17,0435,020932,NA,5,3,9,1900,0,2,4,NA,1,011,NORWALK BOULEVARD,MINES AVENUE,40,N,N,A,-,N,NA,NA,NA,NA,NA,NA,NA,NA,NA,Y,2,0,1,2,A,-,01,23152,A,N,C,C,A,A,H,-,C,A,0,NA,NA,NA,NA,Y,Y,A,01,1,0,0,0,0,0,0,0,0,-,-,33.98276,-118.07117,LOS ANGELES,UNINCORPORATED,-118.07127425,33.98259323
90418414,2017,2017-03-23,9590,2017-03-22,2149,018345,NA,3,2,7,1942,0,1,1,NA,2,041,I-5 S/B (SANTA ANA FREEWAY),LORENA ST.,170,N,N,A,-,Y,NA,NA,5,NA,NA,NA,NA,NA,S,Y,4,0,1,2,A,-,03,22350,NA,N,C,C,A,A,H,-,D,D,0,NA,NA,NA,NA,Y,NA,A,01,0,0,1,0,0,0,0,0,0,-,-,34.02462,-118.2038,LOS ANGELES,LOS ANGELES,-118.20381937,34.02457482
90418415,2017,2017-03-23,9540,2017-02-09,1455,019337,NA,4,2,9,1900,0,1,1,NA,2,508,I-5 N/B (GOLDEN STATE FREEWAY),TEMPLIN HIGHWAY,8976,S,N,A,-,Y,NA,NA,5,NA,NA,NA,NA,NA,N,N,4,0,2,1,C,-,18,NA,NA,N,H,A,A,A,H,-,A,D,0,NA,NA,NA,NA,Y,NA,-,-,0,0,2,0,0,0,0,0,0,-,-,34.55075,-118.6697,LOS ANGELES,UNINCORPORATED,-118.66980874,34.55066396
90418420,2017,2017-03-23,9550,2017-03-18,0755,021311,NA,6,1,9,1900,0,1,1,NA,2,650,I-605 (SAN GABRIEL RIVER FWY) N/B,DUNLAP CROSSING RD.,300,N,N,B,-,Y,NA,NA,605,NA,NA,NA,NA,NA,N,N,4,0,4,3,A,-,07,21658,A,N,B,C,A,A,H,-,A,D,0,NA,NA,NA,NA,Y,NA,A,01,0,0,4,0,0,0,0,0,0,-,-,33.9842,-118.07255,LOS ANGELES,UNINCORPORATED,-118.07257168,33.98421689
90418435,2017,2017-03-23,9550,2017-03-21,1650,020928,NA,2,2,9,1900,0,3,5,NA,2,003,COLIMA ROAD W/B,HACIENDA BOULEVARD,275,E,N,C,-,N,NA,NA,NA,NA,NA,NA,NA,NA,NA,N,4,0,1,2,A,-,03,22350,NA,N,C,C,A,B,H,-,A,A,0,NA,NA,NA,NA,Y,NA,A,01,0,0,1,0,0,0,0,0,0,-,-,33.9816,-117.9723,LOS ANGELES,UNINCORPORATED,-117.97219037,33.98138795
90418503,2017,2017-03-23,9530,2017-03-14,1048,015995,NA,2,1,9,1900,0,3,5,NA,2,001,FIRESTONE BLVD.,FIR AVE.,0,NA,Y,A,-,N,NA,NA,NA,NA,NA,NA,NA,NA,NA,Y,2,0,1,3,A,-,12,21453,A,N,D,C,A,A,H,-,A,A,0,NA,NA,Y,NA,Y,NA,C,02,1,0,0,0,0,0,0,0,1,-,-,33.96015,-118.23729,LOS ANGELES,UNINCORPORATED,-118.2374301,33.96014008
90418516,2017,2017-03-23,9575,2017-03-15,2240,019211,NA,3,3,6,1953,0,1,1,NA,2,064,I-210 E/B (FOOTHILL FREEWAY),LAKE AVE.,1000,W,N,A,-,Y,NA,NA,210,NA,NA,NA,NA,NA,E,Y,4,0,1,2,A,-,03,22350,NA,F,C,C,A,A,H,-,C,D,0,NA,NA,NA,NA,Y,NA,-,99,0,0,1,0,0,0,0,0,0,-,-,34.15177,-118.13433,LOS ANGELES,PASADENA,-118.13432964,34.15166349
90418520,2017,2017-03-23,9590,2017-03-20,1420,016692,NA,1,2,7,1942,0,1,2,NA,2,071,US-101 S/B (HOLLYWOOD FWY.),ALAMEDA ST. O/C,115,S,N,A,-,Y,NA,NA,NA,NA,NA,NA,NA,NA,NA,Y,4,0,1,3,A,-,03,22350,NA,N,C,C,A,A,H,-,A,D,0,NA,NA,NA,NA,Y,NA,A,01,0,0,1,0,0,0,0,0,0,-,-,34.31416,-118.14145,LOS ANGELES,LOS ANGELES,-118.23756347,34.05399517
90418521,2017,2017-03-23,9530,2017-03-16,1330,021089,NA,4,1,9,1900,0,3,5,NA,2,003,ELIZABETH ST.,PANNES AVE.,0,NA,Y,A,-,N,NA,NA,NA,NA,NA,NA,NA,NA,NA,Y,4,0,1,2,A,-,12,22450,A,F,D,C,A,A,H,-,A,A,0,NA,NA,NA,NA,Y,NA,-,99,0,0,1,0,0,0,0,0,0,-,-,33.88783,-118.20204,LOS ANGELES,UNINCORPORATED,-118.20210007,33.88783008
90418522,2017,2017-03-23,9540,2017-03-13,0620,016130,NA,1,1,9,1900,0,2,4,NA,1,201,SIERRA HIGHWAY N/B,DAVENPORT RD,5280,N,N,A,-,N,NA,NA,NA,NA,NA,NA,NA,NA,NA,Y,3,0,1,1,A,-,01,23152,F,N,E,I,A,A,H,-,D,D,0,NA,NA,NA,NA,Y,NA,A,01,0,1,0,0,0,0,0,0,0,-,-,34.48717,-118.38803,LOS ANGELES,UNINCORPORATED,-118.38494259,34.49572057
90418552,2017,2017-03-23,9565,2017-03-14,1600,016074,NA,2,2,7,1942,0,1,1,NA,2,083,I-10 E/B (SANTA MONICA FWY),ROBERTSON BLVD,100,E,N,A,-,Y,NA,NA,10,NA,NA,NA,NA,NA,E,Y,3,0,1,2,A,-,08,22107,NA,F,B,C,A,A,H,-,A,D,0,NA,NA,Y,NA,Y,NA,A,01,0,1,0,0,0,0,0,0,1,-,-,34.03226,-118.38817,LOS ANGELES,LOS ANGELES,-118.38822153,34.03234737
90418570,2017,2017-03-23,9530,2017-03-17,1709,017755,NA,5,2,7,1941,0,1,1,NA,2,071,I-710 N/B (LONG BEACH FREEWAY),LONG BEACH BLVD.,580,N,N,A,-,Y,NA,NA,NA,NA,NA,NA,NA,NA,NA,N,4,0,1,2,A,-,03,22350,NA,N,C,C,A,A,H,-,A,D,0,NA,NA,NA,NA,Y,NA,A,01,0,0,1,0,0,0,0,0,0,-,-,33.87441,-118.18766,LOS ANGELES,LONG BEACH,-118.19837346,33.8637968
90418574,2017,2017-03-23,9550,2017-03-16,1455,021311,NA,4,2,9,1900,0,1,1,NA,2,650,I-605 (SAN GABRIEL RIVER FWY) S/B,ROSE HILLS ROAD,2000,N,N,A,-,Y,NA,NA,NA,NA,NA,NA,NA,NA,NA,N,4,0,1,2,A,-,03,22350,NA,N,C,C,A,A,H,-,A,D,0,NA,NA,NA,NA,Y,NA,D,22,0,0,1,0,0,0,0,0,0,-,-,34.02322,-118.04398,LOS ANGELES,UNINCORPORATED,-118.04764265,34.02129136
90418589,2017,2017-03-23,9545,2017-03-13,1740,018033,NA,1,2,9,1900,0,3,5,NA,2,001,AVENUE L,45TH ST WEST,220,E,N,A,-,N,NA,NA,NA,NA,NA,NA,NA,NA,NA,Y,4,0,3,4,C,-,18,NA,NA,N,C,C,A,A,H,-,A,D,0,NA,NA,NA,NA,Y,NA,-,-,0,0,3,0,0,0,0,0,0,-,-,34.66022,-118.20925,LOS ANGELES,UNINCORPORATED,-118.2093899,34.6602
9041859,2020,2020-03-10,1942,2020-01-07,0857,38357,0415,2,5,7,1942,0,0,0,D,0,4A15,EASTLAKE AV,N BROADWAY,0,NA,Y,A,-,N,NA,NA,NA,NA,NA,NA,NA,NA,NA,N,2,0,1,2,A,-,10,21950,A,N,G,B,B,A,H,-,A,D,0,Y,NA,NA,NA,Y,NA,D,22,1,0,0,0,1,0,0,0,0,-,-,NA,NA,LOS ANGELES,LOS ANGELES,-118.20783996582033,34.07374954223633
90418590,2017,2017-03-23,9530,2017-03-18,1455,017755,NA,6,2,7,1941,0,1,1,NA,2,072,I-710 N/B (LONG BEACH FREEWAY),WILLOW ST.,1056,N,N,A,-,Y,NA,NA,710,NA,NA,NA,NA,NA,N,N,4,0,2,2,A,-,03,22350,NA,N,C,C,A,A,H,-,A,D,0,NA,NA,NA,NA,Y,NA,A,07,0,0,2,0,0,0,0,0,0,-,-,33.81115,-118.2068,LOS ANGELES,LONG BEACH,-118.20689014,33.81115049
90418599,2017,2017-03-23,9580,2017-03-13,1600,016550,NA,1,2,9,1900,0,1,3,NA,1,270,SR-27 N/B (TOPANGA CYN. BLVD.),HIGHVALE TRL,65,N,N,A,-,Y,NA,NA,27,NA,NA,NA,NA,NA,N,Y,4,0,1,1,A,-,08,22107,NA,N,E,I,A,A,H,-,A,D,0,NA,NA,NA,NA,Y,NA,A,01,0,0,1,0,0,0,0,0,0,-,-,34.09867,-118.59936,LOS ANGELES,UNINCORPORATED,-118.59928193,34.09860824
90418605,2017,2017-03-23,9530,2017-03-22,0720,020315,NA,3,1,7,1942,0,1,1,NA,2,200,I-105 E/B (GLENN ANDERSON FWY),CENTRAL AVENUE,300,W,N,A,-,Y,NA,NA,105,NA,NA,NA,NA,NA,E,Y,4,0,1,2,A,-,03,22350,NA,N,C,C,A,A,H,-,A,D,0,NA,NA,NA,NA,Y,NA,A,08,0,0,1,0,0,0,0,0,0,-,-,33.92816,-118.25411,LOS ANGELES,LOS ANGELES,-118.2540824,33.92795093
90418630,2017,2017-03-23,9545,2017-03-16,0815,018758,NA,4,1,9,1900,0,1,3,NA,1,042,SR-134 W/B,SR-18,1584,E,N,A,-,Y,NA,NA,NA,NA,NA,NA,NA,NA,NA,Y,3,0,1,1,A,-,08,22107,NA,N,F,A,A,A,H,-,A,D,0,NA,NA,NA,NA,Y,NA,A,01,0,1,0,0,0,0,0,0,0,-,-,34.49619,-117.7347,LOS ANGELES,UNINCORPORATED,NA,NA
90418647,2017,2017-03-23,9565,2017-03-15,1930,021453,NA,3,2,4,1918,0,1,1,NA,2,061,I-405 S/B (SAN DIEGO FWY),MCDONALD ST.,100,S,N,A,-,Y,NA,NA,405,NA,NA,NA,NA,NA,S,N,4,0,1,2,A,-,03,22350,NA,F,C,C,A,A,H,-,C,D,0,NA,NA,NA,NA,Y,NA,A,01,0,0,1,0,0,0,0,0,0,-,-,33.99351,-118.40383,LOS ANGELES,CULVER CITY,-118.40380864,33.99352699
90418659,2017,2017-03-23,9530,2017-03-22,1355,015995,NA,3,1,9,1900,0,3,5,NA,2,002,EL SEGUNDO BLVD. (100 BLOCK),CARLTON AVE.,60,W,N,B,-,N,NA,NA,NA,NA,NA,NA,NA,NA,NA,N,4,0,1,2,A,-,03,22350,NA,N,D,C,A,A,H,-,A,D,0,NA,NA,NA,NA,Y,NA,A,01,0,0,1,0,0,0,0,0,0,-,-,33.9163,-118.27354,LOS ANGELES,UNINCORPORATED,-118.27302738,33.91641
90418725,2017,2017-03-23,9550,2017-03-18,2254,021185,NA,6,3,6,1949,0,1,1,NA,2,651,I-605 S/B,ALONDRA BOULEVARD,1800,N,N,A,-,Y,NA,NA,605,NA,NA,NA,NA,NA,S,Y,3,0,1,1,A,-,08,22107,NA,N,E,I,A,A,H,-,C,D,0,NA,NA,NA,NA,Y,NA,A,01,0,1,0,0,0,0,0,0,0,-,-,33.89269,-118.10481,LOS ANGELES,NORWALK,-118.10487773,33.892686
9041876,2020,2020-02-24,1942,2020-01-14,1510,40165,1517,2,5,7,1942,0,0,0,O,0,15A27,VINELAND AV,KITTRIDGE ST,0,NA,Y,A,-,N,NA,NA,NA,NA,NA,NA,NA,NA,NA,N,3,0,1,2,A,-,10,21950,A,N,G,B,B,A,H,-,A,A,0,Y,NA,NA,NA,Y,NA,D,22,0,1,0,0,1,0,0,0,0,-,-,NA,NA,LOS ANGELES,LOS ANGELES,-118.37033081054688,34.19028854370117
90418764,2017,2017-03-23,9580,2017-03-21,1410,020400,NA,2,2,7,1942,0,1,3,NA,2,171,SR-170 S/B (HOLLYWOOD FWY.),VICTORY BLVD,100,S,N,C,-,Y,NA,NA,170,NA,NA,NA,NA,NA,S,Y,4,0,1,1,A,-,08,22107,NA,N,E,I,A,B,H,-,A,D,0,NA,NA,NA,NA,Y,NA,A,01,0,0,1,0,0,0,0,0,0,-,-,34.18581,-118.40127,LOS ANGELES,LOS ANGELES,-118.4011883,34.18585194
90418772,2017,2017-03-23,9580,2017-03-21,1620,018185,NA,2,2,9,1900,0,1,2,NA,2,109,US-101 S/B  FROM KANAN RD S/B,KANAN RD,30,N,N,B,C,Y,NA,NA,NA,NA,NA,NA,NA,NA,NA,N,4,0,2,1,A,-,03,22350,NA,N,E,J,A,B,H,-,A,D,0,NA,NA,NA,NA,Y,NA,A,01,0,0,2,0,0,0,0,0,0,-,-,34.14587,-118.76167,LOS ANGELES,UNINCORPORATED,-118.76141757,34.14594394
90418773,2017,2017-03-23,9580,2017-03-21,1535,018185,NA,2,2,7,1942,0,1,2,NA,2,105,US-101 S/B (VENTURA FREEWAY),VALLEY CIRCLE BLVD,1056,S,N,B,C,Y,NA,NA,101,NA,NA,NA,NA,NA,S,N,4,0,1,2,A,-,03,22350,NA,N,C,C,A,B,H,-,A,D,0,NA,NA,NA,NA,Y,NA,A,01,0,0,1,0,0,0,0,0,0,-,-,34.16112,-118.63312,LOS ANGELES,LOS ANGELES,-118.63306369,34.16096678
90418780,2017,2017-03-23,9535,2017-03-14,1310,021381,NA,2,1,6,1922,0,1,1,NA,2,401,I-10 (SAN BERNARDINO FREEWAY) W/B,PECK RD.,1500,E,N,A,-,Y,NA,NA,10,NA,NA,NA,NA,NA,W,Y,3,0,3,2,A,-,07,21658,A,F,B,C,A,A,H,-,A,D,0,NA,NA,NA,Y,Y,NA,F,26,0,1,2,0,0,0,0,0,0,-,-,34.06609,-118.01738,LOS ANGELES,EL MONTE,-118.01737264,34.06610964
90418783,2017,2017-03-23,9550,2017-03-19,1015,021311,NA,7,1,9,1900,0,3,5,NA,2,004,HALLIBURTON ROAD,EMBER GLEN RD.,0,NA,Y,A,-,N,NA,NA,NA,NA,NA,NA,NA,NA,NA,Y,4,0,1,2,A,-,12,21453,A,N,D,C,A,A,H,-,A,A,0,NA,NA,NA,NA,Y,NA,-,-,0,0,1,0,0,0,0,0,0,-,-,33.99257,-117.94773,LOS ANGELES,UNINCORPORATED,-117.94763011,33.99261004
90418785,2017,2017-03-23,9580,2017-03-21,1120,016088,NA,2,1,7,1942,0,1,2,NA,2,101,US-101 S/B (VENTURA FREEWAY),WOODMAN AVE,80,S,N,B,-,Y,NA,NA,101,NA,NA,NA,NA,NA,S,Y,4,0,1,2,A,-,03,22350,NA,N,C,C,A,A,H,-,A,D,0,NA,NA,NA,NA,Y,NA,A,07,0,0,1,0,0,0,0,0,0,-,-,34.15547,-118.43048,LOS ANGELES,LOS ANGELES,-118.43047976,34.15552608
90418788,2017,2017-03-23,9580,2017-03-21,0832,015348,NA,2,1,7,1942,0,1,2,NA,2,105,US-101 S/B (VENTURA FREEWAY),TAMPA AVENUE,2640,S,N,B,-,Y,NA,NA,101,NA,NA,NA,NA,NA,S,Y,4,0,1,2,A,-,03,22350,NA,N,C,C,A,A,H,-,A,D,0,NA,NA,NA,NA,Y,NA,D,22,0,0,1,0,0,0,0,0,0,-,-,34.17346,-118.55142,LOS ANGELES,LOS ANGELES,-118.55142044,34.17343225
90418796,2017,2017-03-23,9580,2017-03-20,1850,020153,NA,1,2,7,1942,0,1,2,NA,2,102,US-101 N/B (VENTURA FREEWAY),WHITE OAK AVE,1200,S,N,A,-,Y,NA,NA,101,NA,NA,NA,NA,NA,N,Y,4,0,1,2,A,-,03,22350,NA,N,C,C,A,A,H,-,B,D,0,NA,NA,NA,NA,Y,NA,D,22,0,0,1,0,0,0,0,0,0,-,-,34.17137,-118.51327,LOS ANGELES,LOS ANGELES,-118.51327008,34.17128299
90418797,2017,2017-03-23,9535,2017-03-13,0840,021441,NA,1,1,9,1900,0,1,1,NA,2,111,I-10 (SAN BERNARDINO FREEWAY) W/B HOT,HERBERT AVE,1150,E,N,A,-,Y,NA,NA,NA,NA,NA,NA,NA,NA,NA,Y,3,0,1,2,A,-,03,22350,NA,N,C,C,A,A,H,-,A,D,0,NA,NA,NA,NA,Y,NA,A,01,0,1,0,0,0,0,0,0,0,-,-,34.14566,-118.56678,LOS ANGELES,UNINCORPORATED,-118.18146219,34.05731908
9041880,2020,2020-02-24,1942,2020-01-20,1320,32263,1555,1,5,7,1942,0,0,0,O,0,15A67,LANKERSHIM BL,HESBY ST,30,N,N,B,-,N,NA,NA,NA,NA,NA,NA,NA,NA,NA,N,3,0,1,2,A,-,11,21954,A,N,G,B,D,A,H,-,A,A,0,Y,NA,NA,NA,Y,NA,N,60,0,1,0,0,1,0,0,0,0,-,-,NA,NA,LOS ANGELES,LOS ANGELES,-118.37299346923828,34.16212463378906
90418800,2017,2017-03-23,9580,2017-03-17,0850,018448,NA,5,1,7,1942,0,1,1,NA,2,405,I-405 S/B (SAN DIEGO FWY),SHERMAN WAY,200,S,N,A,-,Y,NA,NA,NA,NA,NA,NA,NA,NA,NA,Y,4,0,1,2,A,-,03,22350,NA,N,C,C,A,A,H,-,A,D,0,NA,NA,NA,NA,Y,NA,A,01,0,0,1,0,0,0,0,0,0,-,-,34.22157,-118.48366,LOS ANGELES,LOS ANGELES,-118.47368966,34.20057654
90418803,2017,2017-03-23,9580,2017-03-20,1930,018185,NA,1,2,9,1900,0,1,2,NA,2,108,US-101 N/B (VENTURA FREEWAY),PALO COMADO CANYON RD,750,N,N,B,-,Y,NA,NA,NA,NA,NA,NA,NA,NA,NA,Y,4,0,1,2,A,-,03,22350,NA,N,C,C,A,A,H,-,C,D,0,NA,NA,NA,Y,Y,NA,A,01,0,0,1,0,0,0,0,0,0,-,-,34.14329,-118.74146,LOS ANGELES,UNINCORPORATED,-118.7405813,34.14328524
90418806,2017,2017-03-23,9580,2017-03-16,0800,016413,NA,4,1,7,1942,0,1,3,NA,2,115,SR-118 W/B (RONALD REAGAN FWY.),SEPULVEDA BLVD,528,E,N,A,-,Y,NA,NA,NA,NA,NA,NA,NA,NA,NA,Y,4,0,4,4,A,-,03,22350,NA,N,C,C,A,A,H,-,A,D,0,NA,NA,NA,NA,Y,NA,D,22,0,0,4,0,0,0,0,0,0,-,-,34.17357,-118.56258,LOS ANGELES,LOS ANGELES,-118.46723,34.26605
90418813,2017,2017-03-23,9550,2017-03-19,0219,021129,NA,7,3,9,1900,0,3,5,NA,2,002,CALMADA AVENUE,MYSTIC STREET,500,N,N,A,-,N,NA,NA,NA,NA,NA,NA,NA,NA,NA,Y,3,0,1,3,A,-,01,23152,A,N,B,E,A,A,H,-,C,D,0,NA,NA,NA,NA,Y,Y,A,07,0,1,0,0,0,0,0,0,0,-,-,33.94661,-118.03707,LOS ANGELES,UNINCORPORATED,-118.03709687,33.94653315
9041884,2020,2020-05-15,1942,2020-01-05,1430,36599,1541,7,5,7,1942,0,0,0,O,0,26TL77,MAGNOLIA ST,TREELANE AV,0,NA,Y,A,-,N,NA,NA,NA,NA,NA,NA,NA,NA,NA,Y,3,0,1,4,A,-,05,21651,B,N,B,C,A,A,H,-,A,A,0,NA,NA,NA,Y,Y,NA,A,01,0,1,0,0,0,0,0,0,0,-,-,NA,NA,LOS ANGELES,LOS ANGELES,NA,NA
90418842,2017,2017-03-23,9530,2017-03-09,0715,020096,NA,4,1,9,1900,0,3,5,NA,2,001,HOOPER AVENUE (8400 BLOCK),84TH ST.,0,NA,Y,A,-,N,NA,NA,NA,NA,NA,NA,NA,NA,NA,Y,4,0,1,2,A,-,05,21460,A,N,A,C,A,A,H,-,A,D,0,NA,NA,NA,NA,Y,NA,A,01,0,0,1,0,0,0,0,0,0,-,-,33.96288,-118.25395,LOS ANGELES,UNINCORPORATED,-118.25401009,33.96288006
9041887,2020,2020-02-24,1916,2020-01-22,1512,2599,W22S1,3,5,4,1916,0,0,0,NA,0,WEST,PUENTE AV,HOLLENBECK AV,34,E,N,A,-,N,NA,NA,NA,NA,NA,NA,NA,NA,NA,N,3,0,1,2,A,-,03,22350,NA,N,C,C,A,A,H,-,A,A,0,NA,NA,NA,NA,Y,NA,A,01,0,1,0,0,0,0,0,0,0,-,-,34.08269119262695,-117.89894104003906,LOS ANGELES,COVINA,-117.89883422851564,34.08268737792969
9041888,2020,2020-02-24,1942,2020-01-29,1205,42029,1513,3,5,7,1942,0,0,0,O,0,15A21,SHERMAN WY,WHITSETT AV,70,W,N,A,-,N,NA,NA,NA,NA,NA,NA,NA,NA,NA,N,4,0,2,3,A,-,08,22102,NA,N,D,C,A,A,H,-,A,D,0,NA,NA,NA,NA,Y,NA,D,22,0,0,2,0,0,0,0,0,0,-,-,NA,NA,LOS ANGELES,LOS ANGELES,-118.40541839599608,34.201210021972656
90418880,2017,2017-03-23,9580,2017-03-13,0840,021498,NA,1,1,9,1900,0,1,2,NA,2,106,US-101 N/B (VENTURA FREEWAY),LAS VIRGENES RD,5280,S,N,A,-,Y,NA,NA,101,NA,NA,NA,NA,NA,N,N,4,0,1,2,A,-,03,22350,NA,N,C,C,A,A,H,-,A,D,0,NA,NA,NA,NA,Y,NA,A,01,0,0,1,0,0,0,0,0,0,-,-,34.15117,-118.69053,LOS ANGELES,UNINCORPORATED,-118.69054943,34.15108822
90418903,2017,2017-03-23,9565,2017-03-15,1223,017574,NA,3,1,4,1918,0,1,1,NA,2,061,INTERSTATE 405 NORTHBOUND,CULVER BLVD,300,S,N,A,-,Y,NA,NA,405,NA,NA,NA,NA,NA,N,N,4,0,1,2,A,-,03,22350,NA,N,C,C,A,A,H,-,A,D,0,NA,NA,NA,NA,Y,NA,A,01,0,0,1,0,0,0,0,0,0,-,-,34.00247,-118.41057,LOS ANGELES,CULVER CITY,-118.41059844,34.00244711