CASE_ID,ACCIDENT_YEAR,PROC_DATE,JURIS,COLLISION_DATE,COLLISION_TIME,OFFICER_ID,REPORTING_DISTRICT,DAY_OF_WEEK,CHP_SHIFT,POPULATION,CNTY_CITY_LOC,SPECIAL_COND,BEAT_TYPE,CHP_BEAT_TYPE,CITY_DIVISION_LAPD,CHP_BEAT_CLASS,BEAT_NUMBER,PRIMARY_RD,SECONDARY_RD,DISTANCE,DIRECTION,INTERSECTION,WEATHER_1,WEATHER_2,STATE_HWY_IND,CALTRANS_COUNTY,CALTRANS_DISTRICT,STATE_ROUTE,ROUTE_SUFFIX,POSTMILE_PREFIX,POSTMILE,LOCATION_TYPE,RAMP_INTERSECTION,SIDE_OF_HWY,TOW_AWAY,COLLISION_SEVERITY,NUMBER_KILLED,NUMBER_INJURED,PARTY_COUNT,PRIMARY_COLL_FACTOR,PCF_CODE_OF_VIOL,PCF_VIOL_CATEGORY,PCF_VIOLATION,PCF_VIOL_SUBSECTION,HIT_AND_RUN,TYPE_OF_COLLISION,MVIW,PED_ACTION,ROAD_SURFACE,ROAD_COND_1,ROAD_COND_2,LIGHTING,CONTROL_DEVICE,CHP_ROAD_TYPE,PEDESTRIAN_ACCIDENT,BICYCLE_ACCIDENT,MOTORCYCLE_ACCIDENT,TRUCK_ACCIDENT,NOT_PRIVATE_PROPERTY,ALCOHOL_INVOLVED,STWD_VEHTYPE_AT_FAULT,CHP_VEHTYPE_AT_FAULT,COUNT_SEVERE_INJ,COUNT_VISIBLE_INJ,COUNT_COMPLAINT_PAIN,COUNT_PED_KILLED,COUNT_PED_INJURED,COUNT_BICYCLIST_KILLED,COUNT_BICYCLIST_INJURED,COUNT_MC_KILLED,COUNT_MC_INJURED,PRIMARY_RAMP,SECONDARY_RAMP,LATITUDE,LONGITUDE,COUNTY,CITY,POINT_X,POINT_Y
90420880,2017,2017-03-27,9525,2017-03-11,1918,021417,NA,6,2,9,1900,0,3,5,NA,2,003,GLENHOPE DRIVE (16300 BLOCK),LINFORD AVENUE (700 BLOCK),52,E,N,A,-,N,NA,NA,NA,NA,NA,NA,NA,NA,NA,Y,4,0,2,2,A,-,08,22107,NA,N,C,E,A,A,H,-,C,D,0,NA,NA,NA,NA,Y,NA,D,22,0,0,2,0,0,0,0,0,0,-,-,34.03231,-117.93105,LOS ANGELES,UNINCORPORATED,-117.93162258,34.03245209
90420882,2017,2017-03-27,9525,2017-03-16,2115,020230,NA,4,2,5,1990,0,1,3,NA,2,602,SR-60 E/B (POMONA FWY),GRAND AVE,600,W,N,A,-,Y,NA,NA,60,NA,NA,NA,NA,NA,E,Y,4,0,3,2,A,-,03,22350,NA,N,C,C,A,A,H,-,C,D,0,NA,NA,NA,NA,Y,NA,A,01,0,0,3,0,0,0,0,0,0,-,-,34.00831,-117.82472,LOS ANGELES,DIAMOND BAR,-117.82487839,34.00847704
90420896,2017,2017-04-04,9550,2017-03-21,0220,020531,NA,2,3,9,1900,0,3,5,NA,2,005,SIERRA LEONE AVE,PHILBROOK ST,20,N,N,A,-,N,NA,NA,NA,NA,NA,NA,NA,NA,NA,Y,3,0,1,6,A,-,01,23152,A,N,B,E,A,A,H,-,C,D,0,NA,NA,NA,NA,Y,Y,A,07,0,1,0,0,0,0,0,0,0,-,-,33.97386,-117.89446,LOS ANGELES,UNINCORPORATED,-117.89445123,33.97375255
90420898,2017,2017-03-27,9550,2017-03-25,0120,020553,NA,6,3,1,1932,0,1,3,NA,2,600,STATE ROUTE 60 W/B (POMONA FREEWAY),INTERSTATE 605 N/B,150,E,N,A,-,Y,NA,NA,60,NA,NA,NA,NA,NA,W,Y,4,0,1,1,A,-,01,23152,A,N,E,I,A,A,H,-,D,D,0,NA,NA,Y,NA,Y,Y,C,02,0,0,1,0,0,0,0,0,1,-,-,34.0332,-118.02436,LOS ANGELES,INDUSTRY,-118.02452461,34.0328502
90420919,2017,2017-03-27,9575,2017-03-16,1720,020918,NA,4,2,6,1953,0,1,1,NA,2,064,I-210 E/B (FOOTHILL FREEWAY),MADRE ST.,500,W,N,A,-,Y,NA,NA,210,NA,NA,NA,NA,NA,E,Y,4,0,2,3,A,-,03,22350,NA,N,C,C,A,A,H,-,A,D,0,NA,NA,NA,NA,Y,NA,A,01,0,0,2,0,0,0,0,0,0,-,-,34.15251,-118.09635,LOS ANGELES,PASADENA,-118.0963487,34.15239976
90420926,2017,2017-03-27,9575,2017-03-16,1457,021006,NA,4,2,9,1900,0,2,4,NA,2,025,LAKE AVE.,NEW YORK DR.,0,NA,Y,A,-,N,NA,NA,NA,NA,NA,NA,NA,NA,NA,Y,4,0,3,2,A,-,09,21801,A,N,D,C,A,A,H,-,A,A,0,NA,NA,NA,NA,Y,NA,A,01,0,0,3,0,0,0,0,0,0,-,-,34.17847,-118.1318,LOS ANGELES,UNINCORPORATED,-118.13182002,34.17844005
90420956,2017,2017-03-27,9530,2017-03-19,1410,021493,NA,7,2,9,1900,0,3,5,NA,2,002,WILMINGTON AVE. (12300 BLOCK),123RD ST.,100,S,N,A,-,N,NA,NA,NA,NA,NA,NA,NA,NA,NA,N,3,0,1,2,A,-,11,21954,A,F,G,B,D,A,H,-,A,D,0,Y,NA,NA,NA,Y,NA,N,60,0,1,0,0,1,0,0,0,0,-,-,33.9205,-118.2391,LOS ANGELES,UNINCORPORATED,-118.23933,33.92085
90420965,2017,2017-03-27,9575,2017-03-17,0740,020887,NA,5,1,6,1912,0,1,1,NA,2,051,I-5 S/B (GOLDEN STATE FREEWAY),HOLLYWOOD WAY,1000,S,N,A,-,Y,NA,NA,NA,NA,NA,NA,NA,NA,NA,N,4,0,1,2,A,-,07,21658,A,N,B,C,A,A,H,-,A,D,0,NA,NA,NA,Y,Y,NA,-,99,0,0,1,0,0,0,0,0,0,-,-,34.20959,-118.34575,LOS ANGELES,BURBANK,-118.34621629,34.20997984
90420982,2017,2017-03-27,9545,2017-03-18,0805,018353,NA,6,1,9,1900,0,3,5,NA,2,004,SIERRA HWY,AVE Q,0,NA,Y,A,-,N,NA,NA,NA,NA,NA,NA,NA,NA,NA,Y,3,0,1,2,A,-,01,23152,A,N,D,C,A,A,H,-,A,A,0,NA,NA,NA,NA,Y,Y,A,01,0,1,0,0,0,0,0,0,0,-,-,34.58727,-118.11781,LOS ANGELES,UNINCORPORATED,-118.11783002,34.58721
90421028,2017,2017-03-27,9590,2017-03-17,1130,017520,NA,5,1,7,1942,0,1,1,NA,2,050,I-110 N/B (HAF),FLORENCE AVE,200,S,N,A,-,Y,NA,NA,NA,NA,NA,NA,NA,NA,NA,N,4,0,1,2,A,-,03,22350,NA,N,C,C,A,A,H,-,A,D,0,NA,NA,NA,NA,Y,NA,A,08,0,0,1,0,0,0,0,0,0,-,-,33.22165,-118.56649,LOS ANGELES,LOS ANGELES,-118.28074731,33.97410153
90421032,2017,2017-03-27,9545,2017-03-18,1850,020849,NA,6,2,9,1900,0,3,5,NA,2,002,RAMBLER AVE,AVENUE Q,528,N,N,A,-,N,NA,NA,NA,NA,NA,NA,NA,NA,NA,N,4,0,1,2,A,-,11,21956,NA,N,D,B,D,A,H,-,A,D,0,Y,NA,NA,NA,Y,NA,N,60,0,0,1,0,1,0,0,0,0,-,-,34.58882,-118.1156,LOS ANGELES,UNINCORPORATED,-118.11556,34.58870768
90421049,2017,2017-03-27,9545,2017-03-18,1510,020849,NA,6,2,9,1900,0,3,5,NA,2,004,164TH ST  E,CHUKA AVE,519,N,N,A,-,N,NA,NA,NA,NA,NA,NA,NA,NA,NA,N,2,0,2,2,A,-,11,21956,NA,N,G,B,D,A,H,-,A,D,0,Y,NA,Y,NA,Y,NA,N,60,2,0,0,0,1,0,0,0,1,-,-,34.58968,-117.83689,LOS ANGELES,UNINCORPORATED,-117.83686,34.58959094
90421052,2017,2017-03-27,9575,2017-03-17,2010,021188,NA,5,2,6,1925,0,1,1,NA,2,050,I-5 S/B (GOLDEN STATE FREEWAY),WESTERN AVE.,200,N,N,A,-,Y,NA,NA,NA,NA,NA,NA,NA,NA,NA,Y,4,0,1,3,A,-,03,22350,NA,N,C,C,A,A,H,-,D,D,0,NA,NA,NA,NA,Y,NA,A,01,0,0,1,0,0,0,0,0,0,-,-,34.09891,-118.17831,LOS ANGELES,GLENDALE,-118.29710984,34.16489809
90421064,2017,2017-03-29,9530,2017-03-26,1245,021235,NA,7,1,7,1942,0,1,1,NA,2,200,I-105 E/B (GLENN ANDERSON FWY),AVALON BLVD.,190,E,N,A,-,Y,NA,NA,105,NA,NA,NA,NA,NA,E,Y,3,0,2,2,A,-,01,23152,A,N,C,C,A,A,H,-,A,D,0,NA,NA,NA,NA,Y,Y,A,01,0,1,1,0,0,0,0,0,0,-,-,33.92728,-118.26475,LOS ANGELES,LOS ANGELES,-118.26474999,33.9273083
90421073,2017,2017-03-27,9575,2017-03-17,1205,020620,NA,5,1,7,1942,0,1,3,NA,2,041,SR-134 E/B (VENTURA FREEWAY),FOREST LAWN DR.,110,E,N,A,-,Y,NA,NA,134,NA,NA,NA,NA,NA,E,Y,4,0,1,2,A,-,03,22350,NA,N,C,C,A,A,H,-,A,D,0,NA,NA,NA,NA,Y,NA,A,01,0,0,1,0,0,0,0,0,0,-,-,34.15575,-118.3067,LOS ANGELES,LOS ANGELES,-118.30672435,34.15585155
9042109,2019,2020-02-07,1942,2019-12-21,0745,43603,0507,6,5,7,1942,0,0,0,E,0,541,NORMANDIE AV,223RD ST,0,NA,Y,A,B,N,NA,NA,NA,NA,NA,NA,NA,NA,NA,Y,4,0,1,2,A,-,12,21453,A,M,D,C,A,A,H,-,A,A,0,NA,NA,NA,NA,Y,NA,-,99,0,0,1,0,0,0,0,0,0,-,-,NA,NA,LOS ANGELES,LOS ANGELES,-118.29956817626952,33.82448959350586
90421116,2017,2017-03-27,9545,2017-03-19,1035,018353,NA,7,1,9,1900,0,3,5,NA,2,004,AVE W,FORT TEJON RD,700,E,N,A,-,N,NA,NA,NA,NA,NA,NA,NA,NA,NA,Y,4,0,1,1,C,-,18,NA,NA,N,F,A,A,A,B,C,A,D,0,NA,NA,Y,NA,Y,NA,-,-,0,0,1,0,0,0,0,0,1,-,-,34.49942,-117.95356,LOS ANGELES,UNINCORPORATED,-117.95364206,34.49939003
90421130,2017,2017-03-27,9545,2017-03-19,1036,018353,NA,7,1,9,1900,0,3,5,NA,2,004,AVE W,FORT TEJON RD,680,E,N,A,-,N,NA,NA,NA,NA,NA,NA,NA,NA,NA,Y,4,0,1,1,C,-,18,NA,NA,N,F,A,A,A,B,C,A,D,0,NA,NA,Y,NA,Y,NA,-,-,0,0,1,0,0,0,0,0,1,-,-,34.49942,-117.95356,LOS ANGELES,UNINCORPORATED,-117.95370828,34.49939003
90421141,2017,2017-03-27,9545,2017-03-19,1207,018862,NA,7,1,6,1950,0,1,3,NA,2,021,SR-14 S/B TO PALMDALE BLVD,PALMDALE BLVD,40,N,N,A,-,Y,NA,NA,14,NA,NA,NA,R,NA,S,N,4,0,2,2,A,-,21,22106,NA,N,C,C,A,A,H,-,A,A,0,NA,NA,NA,NA,Y,NA,D,22,0,0,2,0,0,0,0,0,0,-,-,34.58234,-118.13552,LOS ANGELES,PALMDALE,-118.13552,34.58234
90421144,2017,2017-03-27,9550,2017-03-19,1850,021261,NA,7,2,9,1900,0,2,4,NA,1,042,COLIMA RD E/B,AZUSA AVENUE,300,E,N,A,-,N,NA,NA,NA,NA,NA,NA,NA,NA,NA,Y,4,0,1,2,A,-,09,21804,A,N,D,C,A,A,H,-,B,A,0,NA,NA,NA,NA,Y,NA,A,01,0,0,1,0,0,0,0,0,0,-,-,33.99087,-117.92904,LOS ANGELES,UNINCORPORATED,-117.93094274,33.99108552
90421148,2017,2017-03-27,9530,2017-03-20,2045,021541,NA,1,2,9,1900,0,3,5,NA,2,002,WILMINGTON AVE.,119TH ST.,0,NA,Y,A,-,N,NA,NA,NA,NA,NA,NA,NA,NA,NA,N,4,0,1,2,A,-,09,21801,A,N,D,C,A,A,H,-,C,A,0,NA,NA,NA,NA,Y,NA,A,01,0,0,1,0,0,0,0,0,0,-,-,33.9246,-118.2389,LOS ANGELES,UNINCORPORATED,-118.23902013,33.92462009
90421153,2017,2017-03-27,9530,2017-03-25,2210,021463,NA,6,3,9,1900,0,3,5,NA,2,001,HOLMES AVE. (8000 BLOCK),81ST ST.,6,N,N,A,-,N,NA,NA,NA,NA,NA,NA,NA,NA,NA,Y,4,0,1,1,A,-,01,23152,A,N,E,I,A,A,H,-,C,D,0,NA,NA,NA,NA,Y,Y,A,01,0,0,1,0,0,0,0,0,0,-,-,33.96574,-118.24108,LOS ANGELES,UNINCORPORATED,-118.24107,33.96570645
90421196,2017,2017-03-27,9530,2017-03-16,1920,020349,NA,4,2,7,1942,0,1,3,NA,1,470,SR-47 S/B (VINCENT THOMAS BRIDGE),FERRY ST,200,N,N,A,-,Y,NA,NA,47,NA,NA,NA,NA,NA,S,Y,4,0,1,2,A,-,07,21658,A,F,B,C,A,A,H,-,B,D,0,NA,NA,NA,NA,Y,NA,-,99,0,0,1,0,0,0,0,0,0,-,-,33.7491,-118.2696,LOS ANGELES,LOS ANGELES,-118.26959381,33.74914217
90421211,2017,2017-03-27,9530,2017-03-17,0835,020096,NA,5,1,4,1939,0,1,1,NA,2,400,I-405 N/B (SAN DIEGO FREEWAY),MANHATTAN BEACH BLVD.,50,N,N,A,-,Y,NA,NA,405,NA,NA,NA,NA,NA,N,N,4,0,1,3,A,-,03,22350,NA,N,C,C,A,A,H,-,A,D,0,NA,NA,NA,NA,Y,NA,A,01,0,0,1,0,0,0,0,0,0,-,-,33.88758,-118.35637,LOS ANGELES,LAWNDALE,-118.35639601,33.8875434
90421252,2017,2017-03-27,9530,2017-03-17,2327,021016,NA,5,3,7,1941,0,1,1,NA,2,430,I-405 S/B (SAN DIEGO FREEWAY),WOODRUFF AVE.,200,N,N,A,-,Y,NA,NA,NA,NA,NA,NA,NA,NA,NA,Y,3,0,1,2,A,-,07,21658,A,N,B,C,A,A,H,-,C,D,0,NA,NA,NA,NA,Y,NA,A,01,0,1,0,0,0,0,0,0,0,-,-,33.4874,-118.65528,LOS ANGELES,LONG BEACH,-118.11528929,33.80203806
90421268,2017,2017-03-27,9545,2017-03-23,1605,020849,NA,4,2,9,1900,0,3,5,NA,2,004,40TH ST  E,AVENUE P,20,N,N,A,-,N,NA,NA,NA,NA,NA,NA,NA,NA,NA,N,4,0,3,2,A,-,03,22350,NA,M,C,C,A,A,H,-,A,B,0,NA,NA,NA,NA,Y,Y,-,99,0,0,3,0,0,0,0,0,0,-,-,34.6022,-118.05883,LOS ANGELES,UNINCORPORATED,-118.05858022,34.60215483
90421308,2017,2017-03-27,9545,2017-03-25,0950,018862,NA,6,1,9,1900,0,1,3,NA,1,042,SR-138,85TH ST  E,300,W,N,A,-,Y,NA,NA,138,NA,NA,NA,NA,NA,NA,N,4,0,1,2,A,-,03,22350,NA,N,C,C,A,A,H,-,A,D,0,NA,NA,NA,NA,Y,NA,A,01,0,0,1,0,0,0,0,0,0,-,-,34.52107,-117.98033,LOS ANGELES,UNINCORPORATED,-117.98033,34.52113292
90421351,2017,2017-03-27,9545,2017-03-18,1020,018862,NA,6,1,9,1900,0,3,5,NA,2,003,ANGELES FOREST HWY,FOREST RIDGE RD,1584,S,N,A,-,N,NA,NA,NA,NA,NA,NA,NA,NA,NA,N,3,0,1,1,C,-,18,NA,NA,N,F,A,A,A,H,-,A,D,0,NA,NA,Y,NA,Y,NA,-,-,0,1,0,0,0,0,0,0,1,-,-,34.46202,-118.11262,LOS ANGELES,UNINCORPORATED,-118.11259214,34.46188781
90421361,2017,2017-03-27,9530,2017-03-17,0940,021458,NA,5,1,7,1941,0,1,1,NA,2,420,I-405 S/B (SAN DIEGO FREEWAY),PACIFIC AVE.,750,S,N,A,-,Y,NA,NA,405,NA,NA,NA,NA,NA,S,Y,4,0,1,4,A,-,08,22107,NA,N,C,E,A,A,H,-,A,D,0,NA,NA,NA,NA,Y,NA,A,01,0,0,1,0,0,0,0,0,0,-,-,33.8218,-118.1965,LOS ANGELES,LONG BEACH,-118.19643438,33.82193298
90421372,2017,2017-03-27,9545,2017-03-25,0610,018097,NA,6,1,9,1900,0,3,5,NA,1,006,50TH STREET WEST,AVENUE L-10,182,S,N,A,-,N,NA,NA,NA,NA,NA,NA,NA,NA,NA,N,2,0,1,2,A,-,11,21954,A,N,G,B,D,A,H,-,D,D,0,Y,NA,NA,NA,Y,NA,N,60,1,0,0,0,1,0,0,0,0,-,-,34.65051,-118.21861,LOS ANGELES,UNINCORPORATED,-118.21855709,34.65056105
90421373,2017,2017-03-27,9530,2017-03-18,0930,021004,NA,6,1,5,1977,0,1,1,NA,2,410,I-405 N/B (SAN DIEGO FREEWAY),CARSON ST.,841,S,N,A,-,Y,NA,NA,405,NA,NA,NA,NA,NA,N,N,4,0,1,2,A,-,03,22350,NA,N,C,C,A,A,H,-,A,D,0,NA,NA,NA,NA,Y,NA,A,01,0,0,1,0,0,0,0,0,0,-,-,33.83122,-118.25484,LOS ANGELES,CARSON,-118.25506638,33.83099767
90421423,2017,2017-03-27,9545,2017-03-17,1120,018353,NA,5,1,6,1992,0,3,5,NA,2,004,90TH ST  E,AVE J-10,10,N,N,A,-,N,NA,NA,NA,NA,NA,NA,NA,NA,NA,Y,4,0,1,1,A,-,08,22107,NA,N,F,A,A,A,H,-,A,D,0,NA,NA,Y,NA,Y,NA,C,02,0,0,1,0,0,0,0,0,1,-,-,34.68121,-117.96966,LOS ANGELES,LANCASTER,-117.969703,34.681105
90421426,2017,2017-03-27,9590,2017-03-12,1850,016915,NA,7,2,7,1942,0,1,2,NA,2,042,US-101 N/B (SANTA ANA FREEWAY),1ST STREET,1375,N,N,A,-,Y,NA,NA,101,NA,NA,NA,NA,NA,N,Y,3,0,1,1,A,-,01,23152,A,N,E,I,A,A,H,-,A,D,0,NA,NA,NA,NA,Y,Y,A,01,0,1,0,0,0,0,0,0,0,-,-,34.05113,-118.22308,LOS ANGELES,LOS ANGELES,-118.22312093,34.05110912
90421443,2017,2017-03-27,9525,2017-03-23,1640,015980,NA,4,2,5,1990,0,1,3,NA,2,574,SR-57 N/B (ORANGE FWY),GOLDEN SPRINGS DR,1584,S,N,A,-,Y,NA,NA,57,NA,NA,NA,NA,NA,N,Y,4,0,1,2,A,-,03,22350,NA,N,C,C,A,A,H,-,A,D,0,NA,NA,NA,NA,Y,NA,A,07,0,0,1,0,0,0,0,0,0,-,-,33.99751,-117.83896,LOS ANGELES,DIAMOND BAR,-117.83893656,33.99748701
90421502,2017,2017-03-27,9530,2017-03-18,0135,021490,NA,6,3,9,1900,0,3,5,NA,2,002,EL SEGUNDO BLVD. (600 BLOCK),SAN PEDRO ST.,15,E,N,A,-,N,NA,NA,NA,NA,NA,NA,NA,NA,NA,Y,3,0,1,2,A,-,01,23152,A,N,C,C,A,A,H,-,C,A,0,NA,NA,NA,NA,Y,Y,A,01,0,1,0,0,0,0,0,0,0,-,-,33.91634,-118.26936,LOS ANGELES,UNINCORPORATED,-118.26957066,33.91642
90421523,2017,2017-03-27,9550,2017-03-18,1245,021405,NA,6,1,9,1900,0,2,4,NA,1,011,WORKMAN MILL ROAD,SYCAMORE CANYON RD.,28,S,N,A,-,N,NA,NA,NA,NA,NA,NA,NA,NA,NA,N,3,0,1,2,A,-,03,22350,NA,N,H,E,A,A,H,-,A,D,0,NA,Y,NA,NA,Y,NA,L,04,0,1,0,0,0,0,1,0,0,-,-,34.00475,-118.05596,LOS ANGELES,UNINCORPORATED,-118.05600031,34.00483371
90421573,2017,2017-03-27,9565,2017-03-17,2120,021118,NA,5,2,7,1942,0,1,1,NA,2,064,I-405 N/B (SAN DIEGO FREEWAY),GETTY CENTER DR,2400,S,N,A,-,Y,NA,NA,405,NA,NA,NA,NA,NA,N,Y,4,0,1,2,A,-,03,22350,NA,N,C,C,A,A,H,-,D,D,0,NA,NA,NA,NA,Y,NA,A,08,0,0,1,0,0,0,0,0,0,-,-,34.08168,-118.47359,LOS ANGELES,LOS ANGELES,-118.47364377,34.08165045
90421613,2017,2017-03-27,9535,2017-03-19,0305,019363,NA,7,3,6,1922,0,1,1,NA,2,400,I-10 (SAN BERNARDINO FREEWAY) E/B,BALDWIN AVE,300,E,N,A,-,Y,NA,NA,10,NA,NA,NA,NA,NA,E,Y,3,0,1,1,A,-,01,23152,A,N,E,I,A,A,H,-,C,D,0,NA,NA,NA,NA,Y,Y,A,01,0,1,0,0,0,0,0,0,0,-,-,34.07214,-118.05281,LOS ANGELES,EL MONTE,-118.05280371,34.07220198
90421652,2017,2017-03-27,9535,2017-03-15,0745,021462,NA,3,1,6,1922,0,1,1,NA,2,400,I-10 E/B TO PECK RD. N/B,I-10 (SAN BERNARDINO FREEWAY) E/B,60,S,N,A,-,Y,NA,NA,10,NA,NA,NA,R,NA,E,N,4,0,1,2,A,-,21,22106,NA,N,C,C,A,A,H,-,A,D,0,NA,NA,NA,NA,Y,NA,A,01,0,0,1,0,0,0,0,0,0,-,-,34.06763,-118.02917,LOS ANGELES,EL MONTE,-118.02917,34.06763
90421659,2017,2017-03-27,9530,2017-03-19,2058,020714,NA,7,2,9,1900,0,3,5,NA,2,001,SANTA FE AVE. (7400 BLOCK),CALIFORNIA ST.,225,S,N,A,-,N,NA,NA,NA,NA,NA,NA,NA,NA,NA,Y,3,0,1,2,A,-,01,23152,A,N,C,E,A,A,H,-,C,D,0,NA,NA,NA,NA,Y,Y,A,01,0,1,0,0,0,0,0,0,0,-,-,33.97247,-118.23019,LOS ANGELES,UNINCORPORATED,-118.23027,33.97241296
90421672,2017,2017-03-28,9530,2017-03-20,0805,020175,NA,1,1,7,1942,0,1,1,NA,2,200,I-105 W/B (GLENN ANDERSON FWY),I-110,150,E,N,B,-,Y,NA,NA,105,NA,NA,NA,NA,NA,W,Y,4,0,1,2,A,-,07,21658,A,N,C,C,A,A,H,-,A,D,0,NA,NA,Y,NA,Y,NA,A,01,0,0,1,0,0,0,0,0,1,-,-,33.9289,-118.2797,LOS ANGELES,LOS ANGELES,-118.27970004,33.92890567
90421681,2017,2017-03-27,9550,2017-03-25,1835,020959,NA,6,2,3,1964,0,1,1,NA,2,650,INTERSTATE 605 S/B,TELEGRAPH ROAD,1530,N,N,A,-,Y,NA,NA,605,NA,NA,NA,NA,NA,S,N,4,0,1,3,A,-,03,22350,NA,N,C,C,A,A,H,-,A,D,0,NA,NA,NA,NA,Y,NA,A,01,0,0,1,0,0,0,0,0,0,-,-,33.95365,-118.08972,LOS ANGELES,SANTA FE SPRINGS,-118.08976332,33.95367656
90421698,2017,2017-03-27,9590,2017-03-21,1918,019805,NA,2,2,7,1942,0,1,3,NA,2,095,SR-2 W/B (GLENDALE FREEWAY),VERDUGO RD.,70,E,N,B,C,Y,NA,NA,2,NA,NA,NA,NA,NA,W,Y,4,0,1,2,A,-,08,22107,NA,N,D,C,A,B,H,-,C,D,0,NA,NA,NA,NA,Y,NA,A,07,0,0,1,0,0,0,0,0,0,-,-,34.12169,-118.22969,LOS ANGELES,LOS ANGELES,-118.22967755,34.12168107
90421709,2017,2017-03-27,9535,2017-03-18,0520,021149,NA,6,3,9,1900,0,2,4,NA,2,025,ATLANTIC BLVD.,6TH ST.,0,NA,Y,A,-,N,NA,NA,NA,NA,NA,NA,NA,NA,NA,Y,4,0,1,2,A,-,12,21453,A,M,D,C,A,A,H,-,C,A,0,NA,NA,NA,NA,Y,NA,D,22,0,0,1,0,0,0,0,0,0,-,-,34.02491,-118.15587,LOS ANGELES,UNINCORPORATED,-118.15593008,34.02489008
90421718,2017,2017-03-27,9535,2017-03-18,0100,021305,NA,6,3,9,1900,0,1,1,NA,2,501,I-5 (SANTA ANA FREEWAY) S/B,DOWNEY RD.,100,N,N,A,-,Y,NA,NA,5,NA,NA,NA,NA,NA,S,N,4,0,1,4,A,-,03,22350,NA,N,C,C,A,A,H,-,C,D,0,NA,NA,NA,NA,Y,NA,A,01,0,0,1,0,0,0,0,0,0,-,-,34.01956,-118.1804,LOS ANGELES,UNINCORPORATED,-118.18038188,34.01962706
90421730,2017,2017-03-27,9550,2017-03-17,1705,021261,NA,5,2,3,1903,0,1,3,NA,2,091,SR-91 W/B FROM PIONEER BL S/B,PIONEER BLVD,1000,W,N,A,-,Y,NA,NA,91,NA,NA,NA,R,NA,W,Y,3,0,4,3,A,-,03,22350,NA,N,C,C,A,A,H,-,A,D,0,NA,NA,NA,NA,Y,NA,A,01,0,1,3,0,0,0,0,0,0,-,-,33.876689999999996,-118.08575,LOS ANGELES,ARTESIA,-118.08575,33.876689999999996
90421738,2017,2017-03-27,9535,2017-03-20,1640,019125,NA,1,2,9,1900,0,1,3,NA,2,600,SR-60 (POMONA FREEWAY) E/B,FORD BLVD,300,E,N,B,-,Y,NA,NA,NA,NA,NA,NA,NA,NA,NA,N,4,0,1,2,A,-,03,22350,NA,N,C,C,A,A,H,-,A,D,0,NA,NA,NA,NA,Y,NA,D,22,0,0,1,0,0,0,0,0,0,-,-,34.07855,-118.09758,LOS ANGELES,UNINCORPORATED,-118.1691,34.03568
90421763,2017,2017-03-27,9550,2017-03-16,1055,018187,NA,4,1,9,1900,0,3,5,NA,2,002,LUKAY ST (SOUTHBOUND),MITONY AVE,57,S,N,A,-,N,NA,NA,NA,NA,NA,NA,NA,NA,NA,Y,2,0,1,2,A,-,03,22350,NA,N,E,I,A,A,H,-,A,D,0,NA,NA,NA,NA,Y,NA,A,01,1,0,0,0,0,0,0,0,0,-,-,33.92637,-118.04412,LOS ANGELES,UNINCORPORATED,-118.04417112,33.92650448
90421769,2017,2017-03-27,9530,2017-03-20,1300,021463,NA,1,1,9,1900,0,1,1,NA,2,120,I-110 S/B (HARBOR FREEWAY),SEPULVEDA BLVD.,500,N,N,A,-,Y,NA,NA,110,NA,NA,NA,NA,NA,S,Y,4,0,1,2,A,-,03,22350,NA,N,C,C,A,A,H,-,A,D,0,NA,NA,NA,Y,Y,NA,A,01,0,0,1,0,0,0,0,0,0,-,-,33.81478,-118.28752,LOS ANGELES,UNINCORPORATED,-118.28742071,33.8147803
90421775,2017,2017-03-27,9550,2017-03-20,0100,020959,NA,1,3,6,1949,0,1,1,NA,2,651,INTERSTATE 605 S/B,FIRESTONE BOULEVARD,812,N,N,A,-,Y,NA,NA,605,NA,NA,NA,NA,NA,S,Y,3,0,1,2,A,-,03,22350,NA,F,C,C,A,A,H,-,C,D,0,NA,NA,NA,NA,Y,NA,A,01,0,1,0,0,0,0,0,0,0,-,-,33.92723,-118.10374,LOS ANGELES,NORWALK,-118.10362597,33.92719677
90421787,2017,2017-03-27,9565,2017-03-17,1740,020086,NA,5,2,7,1942,0,1,1,NA,2,062,I-405 N/B (SAN DIEGO FWY),PALMS BLVD,800,S,N,B,-,Y,NA,NA,405,NA,NA,NA,NA,NA,N,N,4,0,1,3,A,-,07,21658,A,N,B,C,A,A,H,-,A,D,0,NA,NA,Y,NA,Y,NA,A,01,0,0,1,0,0,0,0,0,1,-,-,34.01751,-118.4225,LOS ANGELES,LOS ANGELES,-118.4225153,34.0174979
90421814,2017,2017-06-27,9550,2017-03-19,2000,020959,NA,7,2,9,1900,0,2,4,NA,1,012,WASHINGTON BOULEVARD,PIONEER ROAD,588,E,N,A,-,N,NA,NA,NA,NA,NA,NA,NA,NA,NA,N,2,0,1,1,A,-,01,23152,A,N,F,A,A,A,H,-,C,D,0,NA,NA,Y,NA,Y,Y,C,02,1,0,0,0,0,0,0,0,1,-,-,33.97323,-118.07706,LOS ANGELES,UNINCORPORATED,-118.07735003,33.97307001