CASE_ID,ACCIDENT_YEAR,PROC_DATE,JURIS,COLLISION_DATE,COLLISION_TIME,OFFICER_ID,REPORTING_DISTRICT,DAY_OF_WEEK,CHP_SHIFT,POPULATION,CNTY_CITY_LOC,SPECIAL_COND,BEAT_TYPE,CHP_BEAT_TYPE,CITY_DIVISION_LAPD,CHP_BEAT_CLASS,BEAT_NUMBER,PRIMARY_RD,SECONDARY_RD,DISTANCE,DIRECTION,INTERSECTION,WEATHER_1,WEATHER_2,STATE_HWY_IND,CALTRANS_COUNTY,CALTRANS_DISTRICT,STATE_ROUTE,ROUTE_SUFFIX,POSTMILE_PREFIX,POSTMILE,LOCATION_TYPE,RAMP_INTERSECTION,SIDE_OF_HWY,TOW_AWAY,COLLISION_SEVERITY,NUMBER_KILLED,NUMBER_INJURED,PARTY_COUNT,PRIMARY_COLL_FACTOR,PCF_CODE_OF_VIOL,PCF_VIOL_CATEGORY,PCF_VIOLATION,PCF_VIOL_SUBSECTION,HIT_AND_RUN,TYPE_OF_COLLISION,MVIW,PED_ACTION,ROAD_SURFACE,ROAD_COND_1,ROAD_COND_2,LIGHTING,CONTROL_DEVICE,CHP_ROAD_TYPE,PEDESTRIAN_ACCIDENT,BICYCLE_ACCIDENT,MOTORCYCLE_ACCIDENT,TRUCK_ACCIDENT,NOT_PRIVATE_PROPERTY,ALCOHOL_INVOLVED,STWD_VEHTYPE_AT_FAULT,CHP_VEHTYPE_AT_FAULT,COUNT_SEVERE_INJ,COUNT_VISIBLE_INJ,COUNT_COMPLAINT_PAIN,COUNT_PED_KILLED,COUNT_PED_INJURED,COUNT_BICYCLIST_KILLED,COUNT_BICYCLIST_INJURED,COUNT_MC_KILLED,COUNT_MC_INJURED,PRIMARY_RAMP,SECONDARY_RAMP,LATITUDE,LONGITUDE,COUNTY,CITY,POINT_X,POINT_Y
90424753,2017,2017-03-30,9565,2017-03-16,2010,021453,NA,4,2,7,1942,0,1,1,NA,2,064,I-405 N/B TO MORAGA DR.,SEPULVEDA BLVD,100,W,N,A,-,Y,NA,NA,405,NA,NA,NA,R,NA,N,N,4,0,1,2,A,-,03,22350,NA,F,C,C,A,A,H,-,C,D,0,NA,NA,NA,NA,Y,NA,A,01,0,0,1,0,0,0,0,0,0,-,-,34.07719,-118.46947,LOS ANGELES,LOS ANGELES,-118.46947,34.07719
90424763,2017,2017-03-30,9550,2017-03-27,0950,020131,NA,1,1,6,1949,0,1,1,NA,2,651,I-605 NORTHBOUND,FIRESTONE BOULEVARD,1500,N,N,A,-,Y,NA,NA,605,NA,NA,NA,NA,NA,N,N,4,0,1,2,A,-,03,22350,NA,N,C,C,A,A,H,-,A,D,0,NA,NA,NA,NA,Y,NA,A,01,0,0,1,0,0,0,0,0,0,-,-,33.92779,-118.10299,LOS ANGELES,NORWALK,-118.10309012,33.92782114
90424765,2017,2017-03-30,9525,2017-03-30,1145,012820,NA,4,1,4,1905,0,1,1,NA,2,203,I-210 W/B (FOOTHILL FWY),CITRUS AVE,300,W,N,A,-,Y,NA,NA,210,NA,NA,NA,NA,NA,W,Y,4,0,2,3,A,-,03,22350,NA,N,C,C,A,A,H,-,A,D,0,NA,NA,NA,NA,Y,NA,A,01,0,0,2,0,0,0,0,0,0,-,-,34.1211,-117.89678,LOS ANGELES,AZUSA,-117.89678102,34.12112642
90424769,2017,2017-03-30,9535,2017-03-24,1755,020818,NA,5,2,6,1922,0,1,1,NA,2,401,I-10 (SAN BERNARDINO FREEWAY) W/B,RIO HONDO RIVER,380,E,N,A,-,Y,NA,NA,10,NA,NA,NA,NA,NA,W,N,4,0,1,2,A,-,03,22350,NA,N,C,C,A,A,H,-,A,D,0,NA,NA,NA,NA,Y,NA,A,01,0,0,1,0,0,0,0,0,0,-,-,34.07057,-118.04765,LOS ANGELES,EL MONTE,-118.04765576,34.07055648
90424785,2017,2017-03-30,9550,2017-03-27,0820,021269,NA,1,1,9,1900,0,1,1,NA,2,650,I-605 S/B TO WASHINGTON BLVD,WASHINGTON BOULEVARD,15,N,N,A,-,Y,NA,NA,605,NA,NA,NA,R,NA,S,N,4,0,1,2,A,-,08,22107,NA,N,H,G,A,A,H,-,A,A,0,NA,Y,NA,NA,Y,NA,L,04,0,0,1,0,0,0,1,0,0,-,-,33.97489,-118.0816,LOS ANGELES,UNINCORPORATED,-118.0816,33.97489
9042483,2019,2020-03-02,1900,2019-12-17,2212,636283,1126,2,5,6,1992,0,0,0,NA,0,112T1,AVE L,COSTA EXIT RD SOUTH,0,NA,Y,A,-,N,NA,NA,NA,NA,NA,NA,NA,NA,NA,Y,3,0,1,2,A,-,12,21453,A,N,D,C,A,A,H,-,C,A,0,NA,NA,NA,NA,Y,NA,A,01,0,1,0,0,0,0,0,0,0,-,-,NA,NA,LOS ANGELES,LANCASTER,NA,NA
9042485,2019,2020-02-12,1942,2019-11-26,2030,30251,0501,2,5,7,1942,0,0,0,E,0,5A1,190TH ST,HAMILTON AV,5,W,N,A,-,N,NA,NA,NA,NA,NA,NA,NA,NA,NA,Y,4,0,1,2,A,-,01,23152,A,N,B,C,A,A,H,-,C,D,0,NA,NA,NA,NA,Y,Y,A,01,0,0,1,0,0,0,0,0,0,-,-,NA,NA,LOS ANGELES,LOS ANGELES,-118.28609466552734,33.86081314086914
90424854,2017,2017-03-30,9535,2017-03-23,0750,012767,NA,4,1,5,1959,0,1,3,NA,2,621,SR-60 (POMONA FREEWAY) W/B,SAN GABRIEL BOULEVARD,1133,E,N,A,-,Y,NA,NA,60,NA,NA,NA,NA,NA,W,Y,4,0,1,2,A,-,07,21658,A,N,B,C,A,A,H,-,A,D,0,NA,NA,Y,NA,Y,NA,A,01,0,0,1,0,0,0,0,0,1,-,-,34.04055,-118.07695,LOS ANGELES,ROSEMEAD,-118.07696099,34.0406303
90424859,2017,2017-05-18,9535,2017-03-21,1940,021462,NA,2,2,9,1900,0,2,4,NA,2,016,1ST ST.,GAGE AVE,0,NA,Y,B,C,N,NA,NA,NA,NA,NA,NA,NA,NA,NA,N,3,0,2,3,A,-,01,23153,A,N,G,B,B,B,H,-,C,A,0,Y,NA,NA,NA,Y,Y,D,22,0,2,0,0,2,0,0,0,0,-,-,34.03603,-118.18462,LOS ANGELES,UNINCORPORATED,-118.18464012,34.03603005
90424869,2017,2017-03-30,9535,2017-03-24,1550,020347,NA,5,2,9,1900,0,3,5,NA,2,001,FISHER AVE. (4200 BLOCK),EASTERN AVE,100,W,N,A,-,N,NA,NA,NA,NA,NA,NA,NA,NA,NA,N,3,0,1,1,C,-,18,NA,NA,N,G,A,A,A,H,-,A,D,0,NA,NA,Y,NA,Y,NA,-,-,0,1,0,0,0,0,0,0,1,-,-,34.04325,-118.17407,LOS ANGELES,UNINCORPORATED,-118.17396942,34.04328
90424874,2016,2017-03-30,9535,2016-11-11,1150,018221,NA,5,1,5,1901,0,1,1,NA,2,110,I-10 (SAN BERNARDINO FREEWAY) E/B,ALMANSOR STREET OVERCROSSING,513,E,N,A,-,Y,NA,NA,10,NA,NA,NA,NA,NA,E,Y,1,1,0,2,A,-,01,23152,E,N,C,C,A,A,H,-,A,D,0,NA,NA,Y,NA,Y,NA,D,22,0,0,0,0,0,0,0,1,0,-,-,34.0717,-118.11721,LOS ANGELES,ALHAMBRA,-118.11720641,34.07152939
9042489,2019,2020-02-12,1942,2019-11-26,1150,01484,1494,2,5,7,1942,0,0,0,N,0,5M23,SEPULVEDA BL,IMPERIAL HWY,0,NA,Y,A,-,N,NA,NA,NA,NA,NA,NA,NA,NA,NA,Y,4,0,2,2,A,-,03,22350,NA,N,D,C,A,A,H,-,A,A,0,NA,NA,NA,NA,Y,NA,A,01,0,0,2,0,0,0,0,0,0,-,-,NA,NA,LOS ANGELES,LOS ANGELES,-118.396240234375,33.930870056152344
90424891,2017,2017-03-30,9535,2017-03-27,1839,020347,NA,1,2,9,1900,0,2,4,NA,2,022,OLYMPIC BLVD (4400 BLOCK),MARIANNA AVE,20,W,N,A,-,N,NA,NA,NA,NA,NA,NA,NA,NA,NA,Y,4,0,1,3,A,-,03,22350,NA,N,C,C,A,A,H,-,A,D,0,NA,NA,NA,NA,Y,NA,A,01,0,0,1,0,0,0,0,0,0,-,-,34.01894,-118.17601,LOS ANGELES,UNINCORPORATED,-118.17593586,34.01892
90424898,2017,2017-03-30,9550,2017-03-25,1520,018187,NA,6,2,9,1900,0,3,5,NA,2,002,SHOEMAKER AVE (SOUTHBOUND),SUNSHINE AVE,0,NA,Y,A,-,Y,NA,NA,NA,NA,NA,NA,NA,NA,NA,Y,3,0,3,3,A,-,09,21801,A,N,D,C,A,A,H,-,A,D,0,NA,NA,NA,NA,Y,NA,A,07,0,1,2,0,0,0,0,0,0,-,-,33.92084,-118.05517999999999,LOS ANGELES,UNINCORPORATED,-118.05523001,33.92079002
90424909,2017,2017-07-13,9535,2017-03-24,1345,021505,NA,5,1,5,1906,0,1,1,NA,2,651,I-605 (SAN GABRIEL FREEWAY) S/B,I-10 (SAN BERNARDINO FREEWAY) E/B,400,S,N,A,-,Y,NA,NA,605,NA,NA,NA,NA,NA,S,Y,4,0,1,2,A,-,03,22350,NA,N,B,C,A,A,H,-,A,D,0,NA,NA,NA,NA,Y,NA,A,01,0,0,1,0,0,0,0,0,0,-,-,34.05972,-118.00167,LOS ANGELES,BALDWIN PARK,-118.00159007,34.0596924
90424917,2017,2017-03-31,9525,2017-03-17,2355,020572,NA,5,3,6,1975,0,1,1,NA,2,105,I-10 W/B (SAN BERNARDINO FWY),HOLT AVE,2640,E,N,A,-,Y,NA,NA,10,NA,NA,NA,NA,NA,W,Y,4,0,5,1,A,-,08,22107,NA,N,E,J,A,A,D,E,D,D,0,NA,NA,NA,NA,Y,NA,A,01,0,0,5,0,0,0,0,0,0,-,-,34.06782,-117.8565,LOS ANGELES,WEST COVINA,-117.85653509,34.06818737
90424923,2017,2017-03-31,9525,2017-03-23,2355,020499,NA,4,3,6,1975,0,1,1,NA,2,105,I-10 W/B (SAN BERNARDINO FWY),VINCENT AVE,2640,E,N,A,-,Y,NA,NA,10,NA,NA,NA,NA,NA,W,Y,3,0,1,1,A,-,01,23152,A,N,E,I,A,A,D,E,C,D,0,NA,NA,NA,NA,Y,Y,A,01,0,1,0,0,0,0,0,0,0,-,-,34.0723,-117.9191,LOS ANGELES,WEST COVINA,-117.91909957,34.07233428
90424929,2017,2017-03-31,9535,2017-02-16,1320,019839,NA,4,1,9,1900,0,2,4,NA,2,024,WHITTIER BLVD,VIA CLEMENTE ST,0,NA,Y,A,-,N,NA,NA,NA,NA,NA,NA,NA,NA,NA,N,4,0,2,3,A,-,09,21801,A,N,B,C,A,A,H,-,A,D,0,NA,NA,NA,NA,Y,NA,A,01,0,0,2,0,0,0,0,0,0,-,-,34.01486,-118.13096,LOS ANGELES,UNINCORPORATED,-118.13097002,34.0148701
90424942,2017,2017-03-31,9550,2017-03-20,1235,020551,NA,1,1,6,1920,0,1,1,NA,2,500,I-5 SOUTHBOUND,PARAMOUNT BOULEVARD,100,N,N,A,-,Y,NA,NA,5,NA,NA,NA,NA,NA,S,N,4,0,1,2,A,-,08,22107,NA,N,B,C,A,A,H,-,A,D,0,NA,NA,NA,Y,Y,NA,G,25,0,0,1,0,0,0,0,0,0,-,-,33.9652,-118.1207,LOS ANGELES,DOWNEY,-118.12079476,33.96513729
90424948,2017,2017-03-31,9575,2017-03-21,2340,019211,NA,2,3,7,1942,0,1,3,NA,2,044,SR-134 E/B FROM RIVERSIDE DR.,RIVERSIDE DR.,17,N,N,B,C,Y,NA,NA,134,NA,NA,NA,R,NA,E,Y,2,0,1,1,A,-,01,23152,A,N,E,I,A,B,H,-,C,D,0,NA,NA,NA,NA,Y,Y,A,01,1,0,0,0,0,0,0,0,0,-,-,34.15239,-118.3691,LOS ANGELES,LOS ANGELES,-118.3691,34.15239
9042495,2020,2020-06-04,1900,2020-02-01,0747,551435,1135,6,5,6,1992,0,0,0,NA,0,112T2,AVE J,50TH ST EAST,0,NA,Y,A,-,N,NA,NA,NA,NA,NA,NA,NA,NA,NA,N,4,0,4,2,D,-,00,NA,NA,N,D,C,A,A,H,-,A,A,0,NA,NA,NA,NA,Y,NA,-,-,0,0,4,0,0,0,0,0,0,-,-,NA,NA,LOS ANGELES,LANCASTER,-118.04120635986328,34.68996047973633
90424950,2017,2017-03-31,9550,2017-03-28,1420,020340,NA,2,2,3,1964,0,3,5,NA,2,002,IMPERIAL HIGHWAY,MARQUARDT AVENUE,0,NA,Y,A,-,N,NA,NA,NA,NA,NA,NA,NA,NA,NA,Y,2,0,5,2,A,-,12,21453,A,N,D,C,A,A,H,-,A,A,0,NA,NA,NA,NA,Y,NA,A,01,1,2,2,0,0,0,0,0,0,-,-,33.91698,-118.03795,LOS ANGELES,SANTA FE SPRINGS,-118.03802006,33.91699002
90424953,2017,2017-03-31,9575,2017-03-21,1540,017354,NA,2,2,7,1942,0,1,3,NA,2,043,SR-134 W/B (VENTURA FWY) TO FOREST LAWN,FOREST LAWN DR.,50,E,N,C,-,Y,NA,NA,134,NA,NA,NA,R,NA,W,N,4,0,1,2,A,-,03,22350,NA,N,C,C,A,B,H,-,A,D,0,NA,NA,NA,NA,Y,NA,A,01,0,0,1,0,0,0,0,0,0,-,-,34.15514,-118.31095,LOS ANGELES,LOS ANGELES,-118.31095,34.15514
90424954,2017,2017-03-31,9575,2017-03-21,1525,017354,NA,2,2,7,1942,0,1,3,NA,2,043,SR-134 E/B (VENTURA FREEWAY),RIVERSIDE DR. (VICTORY BLVD.) O/C,1320,W,N,C,-,Y,NA,NA,134,NA,NA,NA,NA,NA,E,N,4,0,1,2,A,-,03,22350,NA,N,C,C,A,B,H,-,A,D,0,NA,NA,NA,NA,Y,NA,A,01,0,0,1,0,0,0,0,0,0,-,-,34.1562,-118.301,LOS ANGELES,LOS ANGELES,-118.3009939,34.15623835
90424955,2017,2017-03-31,9575,2017-03-21,0855,017354,NA,2,1,7,1942,0,1,3,NA,2,043,SR-134 E/B (VENTURA FREEWAY),LOS ANGELES RIVER U/C,2640,W,N,B,-,Y,NA,NA,134,NA,NA,NA,NA,NA,E,Y,4,0,1,2,A,-,03,22350,NA,N,C,C,A,A,H,-,A,D,0,NA,NA,NA,NA,Y,NA,A,07,0,0,1,0,0,0,0,0,0,-,-,34.15198,-118.28391,LOS ANGELES,LOS ANGELES,-118.28388596,34.15220648
90424962,2017,2017-03-31,9550,2017-03-26,1950,020795,NA,7,2,5,1976,0,1,1,NA,2,650,INTERSTATE 605 (SAN GABRIEL RIVER FWY),WHITTIER BOULEVARD,1600,S,N,A,-,Y,NA,NA,NA,NA,NA,NA,NA,NA,NA,Y,3,0,2,2,A,-,07,21658,A,N,C,C,A,A,H,-,A,D,0,NA,NA,NA,NA,Y,NA,A,01,0,2,0,0,0,0,0,0,0,-,-,33.98895,-118.07055,LOS ANGELES,WHITTIER,-118.07041171,33.98919671
90424982,2017,2017-03-31,9565,2017-03-24,1625,021621,NA,5,2,9,1900,0,2,4,NA,2,024,IMPERIAL HIGHWAY E/B,SAINT ANDREWS PL,100,W,N,A,-,Y,NA,NA,NA,NA,NA,NA,NA,NA,NA,N,4,0,3,2,A,-,03,22350,NA,N,C,C,A,A,H,-,A,D,0,NA,NA,NA,NA,Y,NA,A,07,0,0,3,0,0,0,0,0,0,-,-,33.93088,-118.31162,LOS ANGELES,UNINCORPORATED,-118.31161903,33.93116
90424985,2017,2017-03-31,9565,2017-03-24,1310,021621,NA,5,1,7,1942,0,1,1,NA,2,062,I-405 S/B (SAN DIEGO FWY),PALMS BLVD.,1150,N,N,A,-,Y,NA,NA,405,NA,NA,NA,NA,NA,S,Y,4,0,2,3,A,-,03,22350,NA,N,C,C,A,A,H,-,A,D,0,NA,NA,NA,NA,Y,NA,D,22,0,0,2,0,0,0,0,0,0,-,-,34.02155,-118.42585,LOS ANGELES,LOS ANGELES,-118.425942,34.02147721
90424988,2017,2017-03-31,9525,2017-03-24,1135,021362,NA,5,1,9,1900,0,2,4,NA,2,032,VALLEY BLVD,TEMPLE AVE,100,E,N,A,-,N,NA,NA,NA,NA,NA,NA,NA,NA,NA,N,4,0,1,2,A,-,21,22106,NA,N,C,C,A,A,H,-,A,D,0,NA,NA,NA,NA,Y,NA,A,08,0,0,1,0,0,0,0,0,0,-,-,34.0531,-118.0021,LOS ANGELES,UNINCORPORATED,-117.81218101,34.04865527
9042499,2020,2020-02-19,1900,2020-01-27,1837,620752,1126,1,5,6,1992,0,0,0,NA,0,111T2,AVENUE K,15TH ST WEST,0,NA,Y,A,-,N,NA,NA,NA,NA,NA,NA,NA,NA,NA,Y,4,0,2,2,A,-,09,21801,A,N,A,C,A,A,H,-,C,A,0,NA,NA,NA,NA,Y,NA,D,22,0,0,2,0,0,0,0,0,0,-,-,NA,NA,LOS ANGELES,LANCASTER,-118.15550231933594,34.67499923706055
90424998,2017,2017-03-31,9545,2017-03-12,0130,019345,NA,7,3,9,1900,0,1,3,NA,2,011,SR-14 S/B,AVENUE C,1320,S,N,A,-,Y,NA,NA,14,NA,NA,NA,NA,NA,S,Y,4,0,1,2,A,-,03,22350,NA,N,C,C,A,A,H,-,D,D,0,NA,NA,NA,NA,Y,NA,A,07,0,0,1,0,0,0,0,0,0,-,-,34.78065,-118.17085,LOS ANGELES,UNINCORPORATED,-118.17091618,34.78064906
90425008,2017,2017-03-31,9545,2017-03-21,1950,018033,NA,2,2,9,1900,0,3,5,NA,2,004,170TH ST  E,AVENUE S,0,NA,Y,B,-,N,NA,NA,NA,NA,NA,NA,NA,NA,NA,Y,2,0,1,2,A,-,12,22450,A,N,D,C,A,A,H,-,D,D,0,NA,NA,NA,Y,Y,NA,D,22,1,0,0,0,0,0,0,0,0,-,-,34.5588,-117.82647,LOS ANGELES,UNINCORPORATED,-117.82648002,34.55798002
90425013,2017,2017-04-21,9525,2017-03-24,0910,016679,NA,5,1,5,1990,0,1,3,NA,2,574,SR-57 N/B TO SR-60 W/B,PATHFINDER RD.,5880,N,N,A,-,Y,NA,NA,57,NA,NA,NA,R,NA,N,Y,4,0,1,2,A,-,07,21658,A,N,B,C,A,A,H,-,A,D,0,NA,NA,NA,NA,Y,NA,D,22,0,0,1,0,0,0,0,0,0,-,-,34.0006,-117.837,LOS ANGELES,DIAMOND BAR,-117.837,34.0006
90425017,2017,2017-03-31,9545,2017-03-25,0348,021518,NA,6,3,9,1900,0,1,3,NA,2,031,SR-14 NORTHBOUND,SANTIAGO RD,4224,S,N,A,-,Y,NA,NA,14,NA,NA,NA,NA,NA,N,Y,3,0,1,1,A,-,03,22350,NA,N,F,A,A,B,H,-,D,D,0,NA,NA,NA,NA,Y,NA,A,07,0,1,0,0,0,0,0,0,0,-,-,34.49279,-118.17664,LOS ANGELES,UNINCORPORATED,-118.17659881,34.49264313
90425018,2017,2017-03-31,9545,2017-03-26,1130,018758,NA,7,1,9,1900,0,3,5,NA,2,002,SPUNKY CANYON RD,CALLE BONITA,792,E,N,A,-,N,NA,NA,NA,NA,NA,NA,NA,NA,NA,Y,4,0,1,1,A,-,03,22350,NA,N,E,I,A,A,H,-,A,D,0,NA,NA,NA,NA,Y,NA,A,01,0,0,1,0,0,0,0,0,0,-,-,34.60955,-118.3915,LOS ANGELES,UNINCORPORATED,-118.39211497,34.60995904
90425038,2017,2017-03-31,9565,2017-03-24,1330,021576,NA,5,1,9,1900,0,2,4,NA,2,024,IMPERIAL HWY. W/B,NORMANDIE AVE.,100,W,N,A,-,N,NA,NA,NA,NA,NA,NA,NA,NA,NA,Y,3,0,1,2,A,-,07,21658,A,N,B,C,A,A,H,-,A,D,0,NA,NA,Y,NA,Y,Y,A,07,0,1,0,0,0,0,0,0,1,-,-,33.93103,-118.30054,LOS ANGELES,UNINCORPORATED,-118.30064901,33.93102206
90425060,2017,2017-03-31,9535,2017-02-12,0211,021505,NA,7,3,9,1900,0,1,1,NA,2,420,I-10 (SAN BERNARDINO FREEWAY) E/B,CAMPUS RD,500,E,N,A,-,Y,NA,NA,10,NA,NA,NA,NA,NA,E,Y,3,0,2,2,A,-,03,22350,NA,N,D,C,A,A,H,-,D,D,0,NA,NA,NA,NA,Y,Y,A,01,0,1,1,0,0,0,0,0,0,-,-,34.06127,-118.16779,LOS ANGELES,UNINCORPORATED,-118.16777971,34.06134942
90425062,2017,2017-03-31,9535,2017-02-15,1100,012767,NA,3,1,5,1947,0,1,3,NA,2,621,SR-60 (POMONA FREEWAY) W/B,MARKLAND DRIVE,1408,E,N,A,-,Y,NA,NA,60,NA,NA,NA,NA,NA,W,N,4,0,1,2,A,-,04,21703,NA,M,C,C,A,A,H,-,A,D,0,NA,NA,NA,NA,Y,NA,A,01,0,0,1,0,0,0,0,0,0,-,-,34.03348,-118.11331,LOS ANGELES,MONTEBELLO,-118.1133093,34.0334504
9042507,2020,2020-05-29,1900,2020-02-03,1646,620752,1127,1,5,6,1992,0,0,0,NA,0,111T2,25TH ST WEST,CENTRAL CT,0,NA,Y,A,-,N,NA,NA,NA,NA,NA,NA,NA,NA,NA,Y,4,0,1,2,A,-,09,21802,A,N,D,C,A,A,H,-,A,A,0,NA,NA,NA,NA,Y,NA,D,22,0,0,1,0,0,0,0,0,0,-,-,NA,NA,LOS ANGELES,LANCASTER,-118.17465972900392,34.691978454589844
90425078,2017,2017-03-31,9535,2017-02-20,1252,017302,NA,1,1,9,1900,0,2,4,NA,2,024,WHITTIER BOULEVARD,INDIANA STREET,0,NA,Y,A,-,N,NA,NA,NA,NA,NA,NA,NA,NA,NA,Y,4,0,1,4,A,-,12,21453,A,N,D,C,A,A,H,-,A,A,0,NA,NA,NA,NA,Y,NA,A,01,0,0,1,0,0,0,0,0,0,-,-,34.02396,-118.19229,LOS ANGELES,UNINCORPORATED,-118.19265007,34.0241201
9042509,2019,2020-02-12,1938,2019-11-18,1650,184,NA,1,5,4,1938,0,0,0,NA,0,002,D ST,ARROW HWY,245,N,N,A,-,N,NA,NA,NA,NA,NA,NA,NA,NA,NA,N,3,0,1,2,A,-,11,21954,A,N,G,B,D,A,H,-,C,A,0,Y,NA,NA,NA,Y,NA,N,60,0,1,0,0,1,0,0,0,0,-,-,34.09775161743164,-117.7712173461914,LOS ANGELES,LA VERNE,-117.77102661132813,34.09836959838867
9042513,2019,2020-02-26,1938,2019-11-09,1059,1084,AREA1,6,5,4,1938,0,0,0,NA,0,001,BASELINE RD,POLE  #2131073E,11,W,N,A,-,N,NA,NA,NA,NA,NA,NA,NA,NA,NA,N,4,0,1,2,A,-,09,21801,B,N,D,G,A,A,H,-,A,A,0,NA,Y,NA,NA,Y,NA,A,01,0,0,1,0,0,0,1,0,0,-,-,NA,NA,LOS ANGELES,LA VERNE,NA,NA
90425130,2017,2017-03-31,9590,2017-03-29,0720,011420,NA,3,1,7,1942,0,1,1,NA,2,061,I-10 W/B (SANTA MONICA FWY),CRENSHAW BL.,1000,E,N,A,-,Y,NA,NA,10,NA,NA,NA,NA,NA,W,N,4,0,1,2,A,-,03,22350,NA,N,C,C,A,A,H,-,A,D,0,NA,NA,NA,NA,Y,NA,A,01,0,0,1,0,0,0,0,0,0,-,-,34.03577,-118.3309,LOS ANGELES,LOS ANGELES,-118.33087615,34.03530607
90425155,2017,2017-03-31,9525,2017-03-09,1800,019491,NA,4,2,5,1926,0,1,1,NA,2,216,I-210 E/B (FOOTHILL FWY),SUNFLOWER AVE.,500,E,N,A,-,Y,NA,NA,210,NA,NA,NA,NA,NA,E,Y,4,0,1,2,A,-,07,21658,A,N,B,C,A,A,H,-,B,D,0,NA,NA,Y,NA,Y,NA,A,08,0,0,1,0,0,0,0,0,1,-,-,34.1176,-117.8446,LOS ANGELES,GLENDORA,-117.84459879,34.1175258
90425176,2017,2017-03-31,9525,2017-03-17,1530,021375,NA,5,2,9,1900,0,3,5,NA,2,002,LARK ELLEN AVE,ARROW HIGHWAY,100,S,N,A,-,N,NA,NA,NA,NA,NA,NA,NA,NA,NA,N,4,0,2,3,A,-,07,21658,A,N,B,C,A,A,H,-,A,A,0,NA,NA,NA,NA,Y,NA,A,01,0,0,2,0,0,0,0,0,0,-,-,34.10686,-117.91653,LOS ANGELES,UNINCORPORATED,-117.91678,34.10671538
90425178,2017,2017-03-31,9525,2017-03-23,1830,021138,NA,4,2,4,1946,0,1,1,NA,2,211,I-210 W/B (FOOTHILL FWY),MYRTLE AVE,1200,W,N,A,-,Y,NA,NA,210,NA,NA,NA,NA,NA,W,N,4,0,1,5,A,-,03,22350,NA,N,C,C,A,A,H,-,A,D,0,NA,NA,NA,NA,Y,NA,A,01,0,0,1,0,0,0,0,0,0,-,-,34.13551,-118.00521,LOS ANGELES,MONROVIA,-118.0052083,34.13554444
90425186,2017,2017-03-31,9525,2017-03-17,2005,021375,NA,5,2,9,1900,0,3,5,NA,2,002,ARROW HIGHWAY,BONNIE COVE AVE,0,NA,Y,A,-,N,NA,NA,NA,NA,NA,NA,NA,NA,NA,Y,4,0,2,2,A,-,09,21801,A,N,D,C,A,A,H,-,C,A,0,NA,NA,NA,NA,Y,NA,A,01,0,0,2,0,0,0,0,0,0,-,-,34.10704,-117.85517,LOS ANGELES,UNINCORPORATED,-117.85509004,34.10674007
9042519,2020,2020-03-06,1900,2020-01-28,1400,431934,0541,2,5,3,1921,0,0,0,NA,0,58B2/A,CENTRAL AV,BUENA VISTA ST,93,W,N,A,-,N,NA,NA,NA,NA,NA,NA,NA,NA,NA,Y,2,0,2,4,A,-,05,21651,B,N,H,A,A,A,H,-,A,A,0,NA,NA,NA,NA,Y,NA,D,22,2,0,0,0,0,0,0,0,0,-,-,34.135948181152344,-117.97889709472656,LOS ANGELES,DUARTE,-117.97787475585938,34.13591003417969
90425190,2017,2017-03-31,9590,2017-03-17,0235,021179,NA,5,3,7,1942,0,1,1,NA,2,050,I-110 N/B (HAF) TO SLAUSON AVE,OLIVE ST,148,W,N,A,-,Y,NA,NA,110,NA,NA,NA,R,NA,N,Y,3,0,1,1,A,-,08,22107,NA,N,E,I,A,A,H,-,C,D,0,NA,NA,NA,NA,Y,NA,A,01,0,1,0,0,0,0,0,0,0,-,-,33.98802,-118.27975,LOS ANGELES,LOS ANGELES,-118.27975,33.98802
90425195,2017,2017-03-31,9535,2017-03-24,0555,019778,NA,5,3,4,1907,0,1,1,NA,2,072,I-710 (LONG BEACH FREEWAY) N/B,GAGE AVE.,175,S,N,A,-,Y,NA,NA,710,NA,NA,NA,NA,NA,N,N,4,0,1,3,A,-,07,21658,A,M,B,C,A,A,H,-,A,D,0,NA,NA,NA,Y,Y,NA,D,22,0,0,1,0,0,0,0,0,0,-,-,33.97513,-118.16747,LOS ANGELES,BELL,-118.16756509,33.97514516
90425196,2017,2017-03-31,9590,2017-03-17,2300,021504,NA,5,3,7,1942,0,1,1,NA,2,052,I-110 NB (HARBOR FREEWAY),W. 1ST STREET U/C,100,S,N,A,-,Y,NA,NA,110,NA,NA,NA,NA,NA,N,N,4,0,2,3,A,-,03,22350,NA,N,C,C,A,A,H,-,C,D,0,NA,NA,NA,NA,Y,NA,A,01,0,0,2,0,0,0,0,0,0,-,-,34.05842,-118.25346,LOS ANGELES,LOS ANGELES,-118.25351446,34.05847631
90425198,2017,2017-03-31,9590,2017-03-17,2113,021504,NA,5,2,7,1942,0,1,1,NA,2,052,I-110 N/B (HAF) COLLECTOR ROAD,WILSHIRE BLVD. O/C,50,S,N,A,-,Y,NA,NA,110,NA,NA,NA,NA,NA,N,N,4,0,3,2,A,-,03,22350,NA,N,C,C,A,A,H,-,C,D,0,NA,NA,NA,NA,Y,NA,A,01,0,0,3,0,0,0,0,0,0,-,-,34.05084,-118.26127,LOS ANGELES,LOS ANGELES,-118.26136217,34.05099543