CASE_ID,ACCIDENT_YEAR,PROC_DATE,JURIS,COLLISION_DATE,COLLISION_TIME,OFFICER_ID,REPORTING_DISTRICT,DAY_OF_WEEK,CHP_SHIFT,POPULATION,CNTY_CITY_LOC,SPECIAL_COND,BEAT_TYPE,CHP_BEAT_TYPE,CITY_DIVISION_LAPD,CHP_BEAT_CLASS,BEAT_NUMBER,PRIMARY_RD,SECONDARY_RD,DISTANCE,DIRECTION,INTERSECTION,WEATHER_1,WEATHER_2,STATE_HWY_IND,CALTRANS_COUNTY,CALTRANS_DISTRICT,STATE_ROUTE,ROUTE_SUFFIX,POSTMILE_PREFIX,POSTMILE,LOCATION_TYPE,RAMP_INTERSECTION,SIDE_OF_HWY,TOW_AWAY,COLLISION_SEVERITY,NUMBER_KILLED,NUMBER_INJURED,PARTY_COUNT,PRIMARY_COLL_FACTOR,PCF_CODE_OF_VIOL,PCF_VIOL_CATEGORY,PCF_VIOLATION,PCF_VIOL_SUBSECTION,HIT_AND_RUN,TYPE_OF_COLLISION,MVIW,PED_ACTION,ROAD_SURFACE,ROAD_COND_1,ROAD_COND_2,LIGHTING,CONTROL_DEVICE,CHP_ROAD_TYPE,PEDESTRIAN_ACCIDENT,BICYCLE_ACCIDENT,MOTORCYCLE_ACCIDENT,TRUCK_ACCIDENT,NOT_PRIVATE_PROPERTY,ALCOHOL_INVOLVED,STWD_VEHTYPE_AT_FAULT,CHP_VEHTYPE_AT_FAULT,COUNT_SEVERE_INJ,COUNT_VISIBLE_INJ,COUNT_COMPLAINT_PAIN,COUNT_PED_KILLED,COUNT_PED_INJURED,COUNT_BICYCLIST_KILLED,COUNT_BICYCLIST_INJURED,COUNT_MC_KILLED,COUNT_MC_INJURED,PRIMARY_RAMP,SECONDARY_RAMP,LATITUDE,LONGITUDE,COUNTY,CITY,POINT_X,POINT_Y
90431879,2017,2017-04-11,9525,2017-03-24,1245,021080,NA,5,1,4,1960,0,1,1,NA,2,207,SR-210 W/B (FOOTHILL FWY),LONE HILL AVE,2640,E,N,A,-,Y,NA,NA,NA,NA,NA,NA,NA,NA,NA,Y,4,0,1,3,A,-,07,21658,A,F,C,C,A,A,H,-,A,D,0,NA,NA,NA,NA,Y,NA,A,01,0,0,1,0,0,0,0,0,0,-,-,34.1206,-117.82371,LOS ANGELES,SAN DIMAS,-117.82883,34.12106
90431886,2017,2017-04-11,9530,2017-04-01,0004,020699,NA,6,3,7,1942,0,1,1,NA,2,120,I-110 S/B (HARBOR FREEWAY),LOMITA BLVD.,530,S,N,A,-,Y,NA,NA,110,NA,NA,NA,NA,NA,S,Y,2,0,2,2,A,-,03,22350,NA,F,C,C,A,A,H,-,C,D,0,NA,NA,NA,NA,Y,NA,-,99,1,1,0,0,0,0,0,0,0,-,-,33.79685,-118.28606,LOS ANGELES,LOS ANGELES,-118.28605146,33.79685794
90431892,2016,2017-04-11,9580,2016-06-04,0402,020832,NA,6,3,7,1942,0,1,2,NA,2,100,US-101 N/B (VENTURA FREEWAY),TUJUNGA AVENUE,1091,W,N,A,-,Y,NA,NA,101,NA,NA,NA,NA,NA,N,Y,1,1,1,2,A,-,01,23152,A,N,A,C,A,A,H,-,C,D,0,NA,NA,NA,NA,Y,Y,A,01,1,0,0,0,0,0,0,0,0,-,-,34.15454,-118.38457,LOS ANGELES,LOS ANGELES,-118.38457044,34.15456671
90431896,2017,2017-04-11,9525,2017-03-27,2116,015980,NA,1,2,9,1900,0,1,3,NA,2,574,SR-57 N/B (ORANGE FWY),BREA CANYON RD.,100,N,N,A,-,Y,NA,NA,57,NA,NA,NA,NA,NA,N,Y,3,0,1,2,C,-,18,NA,NA,N,B,C,A,A,H,-,C,D,0,NA,NA,NA,NA,Y,NA,-,-,0,1,0,0,0,0,0,0,0,-,-,33.95964,-117.85593,LOS ANGELES,UNINCORPORATED,-117.85609769,33.96001268
90431898,2017,2017-04-11,9530,2017-04-03,1500,018385,NA,1,2,5,1977,0,1,1,NA,2,120,I-110 S/B (HARBOR FREEWAY),SEPULVEDA BLVD.,600,N,N,A,-,Y,NA,NA,110,NA,NA,NA,NA,NA,S,Y,4,0,4,3,A,-,03,22350,NA,N,C,C,A,A,H,-,A,D,0,NA,NA,NA,NA,Y,NA,A,01,0,0,4,0,0,0,0,0,0,-,-,33.81506,-118.28753,LOS ANGELES,CARSON,-118.28742156,33.81506033
9043190,2020,2020-02-20,1942,2020-01-12,1345,35078,1591,7,5,7,1942,0,0,0,O,0,15A33,VENTURA BL,WHITSETT AV,0,NA,Y,A,-,N,NA,NA,NA,NA,NA,NA,NA,NA,NA,N,4,0,1,2,A,-,09,21801,A,N,D,C,A,A,H,-,A,A,0,NA,NA,NA,NA,Y,NA,A,01,0,0,1,0,0,0,0,0,0,-,-,NA,NA,LOS ANGELES,LOS ANGELES,-118.40518188476564,34.1426887512207
90431917,2017,2017-04-11,9590,2017-03-25,2217,021480,NA,6,3,7,1942,0,1,2,NA,2,070,US-101 NORTHBOUND (SANTA ANA FREEWAY),GRAND AVENUE,500,S,N,A,-,Y,NA,NA,101,NA,NA,NA,NA,NA,N,N,4,0,2,3,A,-,03,22350,NA,N,C,C,A,A,H,-,C,D,0,NA,NA,NA,NA,Y,NA,A,07,0,0,2,0,0,0,0,0,0,-,-,34.0583,-118.24441,LOS ANGELES,LOS ANGELES,-118.24437337,34.05834914
90431927,2017,2017-05-17,9565,2017-03-31,0843,019138,NA,5,1,7,1942,0,1,1,NA,2,064,I-405 SB (SAN DIEGO FREEWAY),SEPULVEDA BLVD,1325,S,N,A,-,Y,NA,NA,405,NA,NA,NA,NA,NA,S,Y,2,0,1,2,A,-,03,22350,NA,N,C,C,A,A,H,-,A,D,0,NA,NA,Y,NA,Y,NA,C,02,1,0,0,0,0,0,0,0,1,-,-,34.0931,-118.47609,LOS ANGELES,LOS ANGELES,-118.47606111,34.09310405
90431931,2017,2017-04-11,9565,2017-03-23,0635,021632,NA,4,1,5,1928,0,1,1,NA,2,010,I-105 WESTBOUND (CENTURY FREEWAY),HAWTHORNE BLVD,200,W,N,A,-,Y,NA,NA,105,NA,NA,NA,NA,NA,W,Y,3,0,1,2,A,-,08,22107,NA,N,B,C,A,A,H,-,A,D,0,NA,NA,NA,NA,Y,NA,A,01,0,1,0,0,0,0,0,0,0,-,-,33.93383,-118.35401,LOS ANGELES,HAWTHORNE,-118.35400557,33.93390034
90431936,2017,2017-04-11,9525,2017-03-28,1800,019698,NA,2,2,9,1900,0,1,3,NA,1,024,SR-39 (SAN GABRIEL CANYON RD.),EAST FORK RD.,21120,N,N,A,-,N,NA,NA,39,NA,NA,NA,NA,NA,NA,Y,4,0,1,1,A,-,03,22350,NA,N,E,I,A,A,H,-,A,D,0,NA,NA,NA,NA,Y,NA,A,01,0,0,1,0,0,0,0,0,0,-,-,34.26242,-117.851,LOS ANGELES,UNINCORPORATED,-117.8509077,34.26250126
9043194,2020,2020-02-20,1941,2020-01-19,1738,11104,2001,7,5,7,1941,0,0,0,NA,0,NA,ATLANTIC AV,14TH ST,50,S,N,A,-,N,NA,NA,NA,NA,NA,NA,NA,NA,NA,N,2,0,1,2,A,-,11,21954,A,F,A,B,D,A,H,-,B,D,0,Y,NA,NA,NA,Y,NA,N,60,1,0,0,0,1,0,0,0,0,-,-,NA,NA,LOS ANGELES,LONG BEACH,-118.18504333496094,33.783634185791016
90431959,2017,2017-04-11,9565,2017-03-28,1345,021632,NA,2,1,7,1942,0,1,1,NA,2,062,I-405 NORTHBOUND (SAN DIEGO FREEWAY),NATIONAL BLVD,400,S,N,A,-,Y,NA,NA,405,NA,NA,NA,NA,NA,N,Y,4,0,1,3,A,-,03,22350,NA,N,C,C,A,A,H,-,A,D,0,NA,NA,NA,NA,Y,NA,A,01,0,0,1,0,0,0,0,0,0,-,-,34.02459,-118.42807,LOS ANGELES,LOS ANGELES,-118.42810406,34.02456305
90431967,2017,2017-04-11,9550,2017-03-19,1430,020974,NA,7,2,1,1932,0,1,3,NA,2,600,SR-60 W/B,CROSSROADS PARKWAY,900,E,N,A,-,Y,NA,NA,60,NA,NA,NA,NA,NA,W,N,4,0,1,3,A,-,07,21658,A,N,C,C,A,A,H,-,A,D,0,NA,NA,NA,NA,Y,NA,A,08,0,0,1,0,0,0,0,0,0,-,-,34.02919,-118.00947,LOS ANGELES,INDUSTRY,-118.00947039,34.02922633
90431999,2017,2017-04-11,9525,2017-03-31,1710,021375,NA,5,2,9,1900,0,3,5,NA,2,002,CONEY AVE. (4600 BLOCK),CYPRESS ST.,0,NA,Y,A,-,N,NA,NA,NA,NA,NA,NA,NA,NA,NA,N,4,0,2,2,A,-,09,21801,A,N,D,C,A,A,H,-,A,D,0,NA,NA,NA,NA,Y,NA,A,07,0,0,2,0,0,0,0,0,0,-,-,34.09606,-117.92265,LOS ANGELES,UNINCORPORATED,-117.92275001,34.09600002
9043202,2020,2020-05-29,1942,2020-02-04,1750,41608,1525,2,5,7,1942,0,0,0,O,0,15A39,BURBANK BL,COLFAX AV,150,W,N,A,-,N,NA,NA,NA,NA,NA,NA,NA,NA,NA,N,2,0,1,2,A,-,09,21801,A,F,D,J,A,A,H,-,C,D,0,NA,NA,Y,NA,Y,NA,-,99,1,0,0,0,0,0,0,0,1,-,-,NA,NA,LOS ANGELES,LOS ANGELES,-118.38826751708984,34.17215347290039
9043203,2020,2020-10-13,1941,2020-02-05,1945,6260,NA,3,5,7,1941,0,0,0,NA,0,NA,TRAFFIC CIR,PACIFIC COAST HWY,0,NA,Y,A,-,Y,LA,7,1,-,-,3.516,I,5,S,Y,4,0,1,2,A,-,08,22107,NA,N,D,C,A,A,H,-,C,D,0,NA,NA,NA,NA,Y,NA,A,NA,0,0,1,0,0,0,0,0,0,-,-,NA,NA,LOS ANGELES,LONG BEACH,-118.14295959472656,33.78949737548828
90432031,2017,2017-04-11,9535,2017-04-03,1725,021126,NA,1,2,9,1900,0,1,1,NA,2,070,I-710 (LONG BEACH FREEWAY) N/B,1ST ST,200,S,N,A,-,Y,NA,NA,710,NA,NA,NA,NA,NA,N,N,4,0,1,3,A,-,03,22350,NA,N,C,C,A,A,H,-,A,D,0,NA,NA,NA,NA,Y,NA,A,01,0,0,1,0,0,0,0,0,0,-,-,34.03499,-118.16985,LOS ANGELES,UNINCORPORATED,-118.16989547,34.03498896
9043206,2020,2020-05-29,1961,2020-02-03,1630,43367,1913,1,5,3,1961,0,0,0,NA,0,19X99,POLK ST,GLENOAKS BL,10,W,N,A,-,N,NA,NA,NA,NA,NA,NA,NA,NA,NA,Y,2,0,1,2,A,-,10,21950,A,F,G,B,B,A,H,-,A,A,0,Y,NA,NA,NA,Y,NA,A,01,1,0,0,0,1,0,0,0,0,-,-,NA,NA,LOS ANGELES,SAN FERNANDO,-118.44971466064452,34.30759048461914
90432066,2017,2017-04-11,9550,2017-04-06,0555,020025,NA,4,3,9,1900,0,2,4,NA,1,031,HACIENDA BOULEVARD,LUJON STREET,80,N,N,A,-,N,NA,NA,NA,NA,NA,NA,NA,NA,NA,Y,4,0,1,4,A,-,03,22350,NA,N,C,C,A,A,H,-,C,D,0,NA,NA,NA,NA,Y,NA,A,01,0,0,1,0,0,0,0,0,0,-,-,34.00151,-117.96633,LOS ANGELES,UNINCORPORATED,-117.96632036,34.00147906
9043207,2020,2020-07-08,1941,2020-02-05,1939,10140,NA,3,5,7,1941,0,0,0,NA,0,NA,SOUTH ST,DOWNEY AV,896,E,N,A,-,N,NA,NA,NA,NA,NA,NA,NA,NA,NA,Y,4,0,1,2,A,-,08,22107,NA,N,D,C,A,A,H,-,C,D,0,NA,NA,NA,NA,Y,NA,A,NA,0,0,1,0,0,0,0,0,0,-,-,NA,NA,LOS ANGELES,LONG BEACH,-118.14823150634766,33.860233306884766
90432072,2017,2017-04-11,9580,2017-03-29,1830,019319,NA,3,2,7,1942,0,1,3,NA,2,116,SR-118 E/B (RONALD REAGAN FWY.),PORTER RANCH DRIVE,528,W,N,A,-,Y,NA,NA,NA,NA,NA,NA,NA,NA,NA,Y,4,0,1,2,A,-,03,22350,NA,N,C,C,A,A,H,-,A,D,0,NA,NA,NA,NA,Y,NA,A,07,0,0,1,0,0,0,0,0,0,-,-,NA,NA,LOS ANGELES,LOS ANGELES,-118.57143384,34.27339418
90432073,2017,2017-04-11,9590,2017-04-05,1828,016611,NA,3,2,7,1942,0,1,1,NA,2,060,I-10 E/B (SANTA MONICA FREEWAY),LA BREA AVE.,200,E,N,A,-,Y,NA,NA,10,NA,NA,NA,NA,NA,E,Y,3,0,1,2,A,-,03,22350,NA,N,B,C,A,A,H,-,A,D,0,NA,NA,Y,NA,Y,NA,C,02,0,1,0,0,0,0,0,0,1,-,-,34.03419,-118.34836,LOS ANGELES,LOS ANGELES,-118.34836516,34.03429587
90432074,2017,2017-04-11,9580,2017-03-29,1700,019319,NA,3,2,7,1942,0,1,3,NA,2,116,SR-118 E/B (RONALD REAGAN FWY.),RESEDA BLVD,1056,W,N,A,-,Y,NA,NA,118,NA,NA,NA,NA,NA,E,N,4,0,3,3,A,-,03,22350,NA,N,C,C,A,A,H,-,A,D,0,NA,NA,NA,NA,Y,NA,A,01,0,0,3,0,0,0,0,0,0,-,-,34.2742,-118.5441,LOS ANGELES,LOS ANGELES,-118.54410212,34.27424182
90432082,2017,2017-04-11,9530,2017-04-03,1712,020388,NA,1,2,9,1900,0,3,5,NA,2,007,1ST ST. (900 BLOCK),MEYLER ST.,100,W,N,A,-,N,NA,NA,NA,NA,NA,NA,NA,NA,NA,Y,3,0,3,2,A,-,05,21460,A,N,A,C,A,A,H,-,A,A,0,NA,NA,NA,NA,Y,NA,A,01,0,1,2,0,0,0,0,0,0,-,-,33.7433,-118.2983,LOS ANGELES,UNINCORPORATED,-118.2970683,33.74333149
9043210,2020,2020-05-29,1942,2020-02-02,1515,40165,1547,7,5,7,1942,0,0,0,O,0,15A67,CAMARILLO ST,TUJUNGA AV,0,NA,Y,A,-,N,NA,NA,NA,NA,NA,NA,NA,NA,NA,Y,3,0,3,2,A,-,09,21801,A,N,D,C,A,A,H,-,A,A,0,NA,NA,NA,NA,Y,NA,A,01,0,1,2,0,0,0,0,0,0,-,-,NA,NA,LOS ANGELES,LOS ANGELES,-118.3790283203125,34.157649993896484
9043211,2020,2020-05-28,1941,2020-02-06,0636,11406,NA,4,5,7,1941,0,0,0,NA,0,NA,SANTA FE,PACIFIC COAST HWY,0,NA,Y,A,-,N,NA,NA,NA,NA,NA,NA,NA,NA,NA,Y,4,0,1,2,A,-,09,21801,A,N,D,C,A,A,H,-,A,A,0,NA,NA,NA,NA,Y,NA,A,NA,0,0,1,0,0,0,0,0,0,-,-,NA,NA,LOS ANGELES,LONG BEACH,-118.21547698974608,33.789859771728516
90432125,2017,2017-04-11,9550,2017-04-06,0735,020928,NA,4,1,9,1900,0,2,4,NA,1,022,TELEGRAPH RD W/B,LEFFINGWELL ROAD,160,N,N,A,-,N,NA,NA,NA,NA,NA,NA,NA,NA,NA,N,2,0,1,2,A,-,11,21954,A,N,G,B,D,A,H,-,A,A,0,Y,NA,NA,NA,Y,NA,N,60,1,0,0,0,1,0,0,0,0,-,-,33.92461,-118.02379,LOS ANGELES,UNINCORPORATED,-118.02369548,33.92449924
9043215,2020,2020-05-28,1941,2020-02-06,0900,10130,NA,4,5,7,1941,0,0,0,NA,0,NA,PICO AV,HARBOR PLZ,250,N,N,-,-,N,NA,NA,NA,NA,NA,NA,NA,NA,NA,Y,3,0,1,2,A,-,03,22350,NA,N,C,C,A,A,H,-,-,A,0,NA,NA,NA,Y,Y,NA,A,NA,0,1,0,0,0,0,0,0,0,-,-,NA,NA,LOS ANGELES,LONG BEACH,-118.20417022705078,33.756591796875
90432158,2017,2017-04-11,9535,2017-03-31,1527,021638,NA,5,2,9,1900,0,1,3,NA,2,600,SR-60 (POMONA FREEWAY) E/B,ROWAN AVE,150,W,N,A,-,Y,NA,NA,60,NA,NA,NA,NA,NA,E,N,4,0,1,2,A,-,03,22350,NA,N,C,C,A,A,H,-,A,D,0,NA,NA,NA,NA,Y,NA,A,01,0,0,1,0,0,0,0,0,0,-,-,34.03168,-118.18788,LOS ANGELES,UNINCORPORATED,-118.18787998,34.03167911
90432159,2017,2017-04-11,9580,2017-03-31,1315,019451,NA,5,1,7,1942,0,1,1,NA,2,406,I-405 N/B TO ROSCOE BLVD.,ROSCOE BLVD,100,S,N,A,-,Y,NA,NA,405,NA,NA,NA,R,NA,N,Y,2,0,1,4,A,-,03,22350,NA,M,C,C,A,A,H,-,A,D,0,NA,NA,Y,NA,Y,NA,C,02,1,0,0,0,0,0,0,0,1,-,-,34.22089,-118.47274,LOS ANGELES,LOS ANGELES,-118.47274,34.22089
90432162,2017,2017-04-11,9580,2017-03-30,1750,019715,NA,4,2,7,1942,0,1,1,NA,2,404,I-405 NB (SAN DIEGO FREEWAY),VICTORY BLVD.,800,N,N,A,-,Y,NA,NA,405,NA,NA,NA,NA,NA,N,Y,4,0,1,3,A,-,08,22107,NA,N,B,C,A,A,H,-,A,D,0,NA,NA,NA,NA,Y,NA,D,22,0,0,1,0,0,0,0,0,0,-,-,34.18889,-118.47398,LOS ANGELES,LOS ANGELES,-118.47410401,34.18888801
90432177,2017,2017-04-11,9525,2017-03-31,1833,021080,NA,5,2,4,1946,0,1,1,NA,2,202,I-210 E/B (FOOTHILL FWY),MYRTLE AVE,1320,W,N,A,-,Y,NA,NA,210,NA,NA,NA,NA,NA,E,Y,4,0,1,2,A,-,03,22350,NA,N,C,C,A,A,H,-,A,D,0,NA,NA,NA,NA,Y,NA,A,01,0,0,1,0,0,0,0,0,0,-,-,34.13525,-118.00571,LOS ANGELES,MONROVIA,-118.00571,34.13540588
9043218,2020,2020-05-29,1942,2020-02-02,1705,42757,1503,7,5,7,1942,0,0,0,O,0,15A44,LAUREL CANYON BL,VOSE ST,0,NA,Y,A,-,N,NA,NA,NA,NA,NA,NA,NA,NA,NA,Y,4,0,1,2,A,-,09,21802,A,N,D,C,A,A,H,-,B,A,0,NA,NA,NA,NA,Y,NA,A,01,0,0,1,0,0,0,0,0,0,-,-,NA,NA,LOS ANGELES,LOS ANGELES,-118.39649963378906,34.198429107666016
9043219,2020,2020-05-28,1941,2020-02-03,1450,10008,NA,1,5,7,1941,0,0,0,NA,0,NA,ATLANTIC AV,59TH ST,0,NA,Y,A,-,N,NA,NA,NA,NA,NA,NA,NA,NA,NA,N,4,0,1,2,A,-,10,21950,A,F,-,B,B,A,H,-,A,A,0,Y,NA,NA,NA,Y,NA,A,NA,0,0,1,0,1,0,0,0,0,-,-,NA,NA,LOS ANGELES,LONG BEACH,-118.18504333496094,33.86188888549805
90432206,2017,2017-04-11,9550,2017-04-05,1440,018408,NA,3,2,9,1900,0,1,1,NA,2,650,I-605 N/B,WASHINGTON BOULEVARD,400,S,N,A,-,Y,NA,NA,605,NA,NA,NA,NA,NA,N,Y,4,0,1,2,A,-,03,22350,NA,N,C,C,A,A,H,-,A,D,0,NA,NA,NA,NA,Y,NA,A,01,0,0,1,0,0,0,0,0,0,-,-,33.9713,-118.081,LOS ANGELES,UNINCORPORATED,-118.08104678,33.97132237
9043222,2020,2020-05-29,1942,2020-02-01,1900,39260,1504,6,5,7,1942,0,0,0,O,0,15A3,SHERMAN WY,LANKERSHIM BL,0,E,N,A,-,N,NA,NA,NA,NA,NA,NA,NA,NA,NA,Y,4,0,3,2,A,-,04,21703,NA,N,C,C,A,A,H,-,C,A,0,NA,NA,NA,NA,Y,NA,A,01,0,0,3,0,0,0,0,0,0,-,-,NA,NA,LOS ANGELES,LOS ANGELES,-118.38777923583984,34.20119094848633
90432225,2017,2017-04-11,9565,2017-04-02,1612,017574,NA,7,2,6,1933,0,1,1,NA,2,060,I-405 NB,LA CIENEGA BLVD.,100,S,N,A,-,Y,NA,NA,405,NA,NA,NA,NA,NA,N,N,4,0,2,2,A,-,03,22350,NA,N,C,C,A,A,H,-,A,D,0,NA,NA,NA,NA,Y,NA,A,01,0,0,2,0,0,0,0,0,0,-,-,33.965,-118.37,LOS ANGELES,INGLEWOOD,-118.37022457,33.96492582
90432229,2017,2017-04-11,9535,2017-04-04,0350,021305,NA,2,3,5,1906,0,1,1,NA,2,650,I-605 N/B (SAN GABRIEL FREEWAY),I-10,847,S,N,A,-,Y,NA,NA,605,NA,NA,NA,NA,NA,N,N,3,0,1,1,A,-,08,22107,NA,N,E,I,A,A,H,-,C,D,0,NA,NA,Y,NA,Y,NA,C,02,0,1,0,0,0,0,0,0,1,-,-,34.06259,-118.00016,LOS ANGELES,BALDWIN PARK,-118.00027946,34.06261578
9043223,2020,2020-07-08,1941,2020-02-06,0800,10997,NA,4,5,7,1941,0,0,0,NA,0,NA,IROQUOIS AV,ANAHEIM RD,13,S,N,A,-,N,NA,NA,NA,NA,NA,NA,NA,NA,NA,N,3,0,1,2,A,-,00,20001,NA,N,G,B,B,A,H,-,A,D,0,Y,NA,NA,NA,Y,NA,A,NA,0,1,0,0,1,0,0,0,0,-,-,NA,NA,LOS ANGELES,LONG BEACH,-118.10616302490234,33.7815055847168
90432237,2017,2017-04-11,9525,2017-04-01,1830,021375,NA,6,2,4,1960,0,1,1,NA,2,218,SR-210 E/B (FOOTHILL FWY),FOOTHILL BLVD,2000,W,N,A,-,Y,NA,NA,210,NA,NA,NA,NA,NA,E,Y,3,0,1,2,A,-,03,22350,NA,N,C,C,A,A,H,-,A,D,0,NA,NA,NA,NA,Y,NA,D,22,0,1,0,0,0,0,0,0,0,-,-,34.11963,-117.79244,LOS ANGELES,SAN DIMAS,-117.79244062,34.11971859
90432243,2017,2017-04-12,9535,2017-04-05,0850,019778,NA,3,1,9,1900,0,2,4,NA,2,014,CESAR E CHAVEZ AVE,EASTERN AVE.,0,NA,Y,A,-,N,NA,NA,NA,NA,NA,NA,NA,NA,NA,N,3,0,1,2,A,-,12,21453,A,N,D,G,A,A,H,-,A,A,0,NA,Y,NA,NA,Y,NA,L,04,0,1,0,0,0,0,1,0,0,-,-,34.04054,-118.17358,LOS ANGELES,UNINCORPORATED,-118.17362003,34.04056005
90432251,2017,2017-04-12,9580,2017-03-30,1250,020983,NA,4,1,7,1942,0,1,2,NA,2,105,US-101 S/B (VENTURA FREEWAY),WINNETKA AVE,300,N,N,A,-,Y,NA,NA,101,NA,NA,NA,NA,NA,S,N,4,0,2,3,A,-,03,22350,NA,N,C,C,A,A,H,-,A,D,0,NA,NA,NA,NA,Y,NA,A,01,0,0,2,0,0,0,0,0,0,-,-,34.17076,-118.57465,LOS ANGELES,LOS ANGELES,-118.57464001,34.17073353
90432256,2017,2017-04-12,9580,2017-03-30,1330,021475,NA,4,1,7,1942,0,1,1,NA,2,405,I-405 S/B (SAN DIEGO FWY),VENTURA BLVD,400,S,N,A,-,Y,NA,NA,405,NA,NA,NA,NA,NA,S,N,4,0,1,3,A,-,03,22350,NA,N,C,C,A,A,H,-,A,D,0,NA,NA,NA,NA,Y,NA,A,01,0,0,1,0,0,0,0,0,0,-,-,34.15362,-118.46826,LOS ANGELES,LOS ANGELES,-118.46813995,34.15362975
9043226,2020,2020-05-29,1942,2020-02-05,1745,26319,1511,3,5,7,1942,0,0,0,O,0,26TL73,SHERMAN WAY,COLDWATER CANYON AV,220,E,N,A,-,N,NA,NA,NA,NA,NA,NA,NA,NA,NA,Y,4,0,1,2,A,-,09,21801,A,N,B,C,A,A,H,-,B,D,0,NA,NA,NA,NA,Y,NA,A,01,0,0,1,0,0,0,0,0,0,-,-,NA,NA,LOS ANGELES,LOS ANGELES,-118.41307067871094,34.20119094848633
90432262,2017,2017-04-12,9580,2017-03-31,1605,020788,NA,5,2,7,1942,0,1,1,NA,2,404,I-405 N/B (SAN DIEGO FREEWAY),BURBANK BLVD,300,N,N,A,-,Y,NA,NA,405,NA,NA,NA,NA,NA,N,Y,4,0,1,3,A,-,03,22350,NA,N,C,C,A,A,H,-,A,D,0,NA,NA,NA,NA,Y,NA,A,07,0,0,1,0,0,0,0,0,0,-,-,34.17447,-118.46752,LOS ANGELES,LOS ANGELES,-118.46761419,34.1744637
90432264,2017,2017-04-12,9550,2017-04-07,1810,021311,NA,5,2,9,1900,0,1,1,NA,2,650,I-605 (SAN GABRIEL RIVER FWY) N/B,SR-60,1450,S,N,A,-,Y,NA,NA,605,NA,NA,NA,NA,NA,N,Y,4,0,1,2,A,-,08,22107,NA,N,B,C,A,A,H,-,A,D,0,NA,NA,Y,NA,Y,NA,C,02,0,0,1,0,0,0,0,0,1,-,-,34.03096,-118.03102,LOS ANGELES,UNINCORPORATED,-118.03097542,34.03089398
90432265,2017,2017-04-12,9535,2017-04-04,1710,017789,NA,2,2,4,1907,0,1,1,NA,2,073,I-710 (LONG BEACH FREEWAY) S/B,GAGE AVE,1200,N,N,A,-,Y,NA,NA,710,NA,NA,NA,NA,NA,S,Y,3,0,1,3,A,-,03,22350,NA,N,C,C,A,A,H,-,A,D,0,NA,NA,NA,NA,Y,NA,A,08,0,1,0,0,0,0,0,0,0,-,-,33.97891,-118.1675,LOS ANGELES,BELL,-118.16750389,33.97890991
90432266,2017,2017-04-12,9580,2017-03-31,1530,021461,NA,5,2,7,1942,0,1,2,NA,2,100,US-101 N/B (HOLLYWOOD FWY),MOORPARK ST,400,S,N,A,-,Y,NA,NA,101,NA,NA,NA,NA,NA,N,N,4,0,1,2,A,-,03,22350,NA,M,C,C,A,A,H,-,A,D,0,NA,NA,NA,NA,Y,NA,-,99,0,0,1,0,0,0,0,0,0,-,-,34.14854,-118.37241,LOS ANGELES,LOS ANGELES,-118.37241979,34.14852721
9043227,2020,2020-05-28,1941,2020-02-07,1259,10951,NA,5,5,7,1941,0,0,0,NA,0,NA,NEWPORT AV,6TH ST,0,NA,Y,A,-,N,NA,NA,NA,NA,NA,NA,NA,NA,NA,Y,4,0,2,2,A,-,12,22450,NA,F,D,C,A,A,H,-,A,A,0,NA,NA,NA,NA,Y,NA,A,NA,0,0,2,0,0,0,0,0,0,-,-,NA,NA,LOS ANGELES,LONG BEACH,-118.15135955810548,33.77350997924805
90432275,2017,2017-04-12,9535,2017-04-04,1720,019125,NA,2,2,5,1947,0,1,3,NA,2,600,SR-60 (POMONA FREEWAY) E/B,GARFIELD AVE,580,W,N,A,-,Y,NA,NA,60,NA,NA,NA,NA,NA,E,Y,4,0,1,2,A,-,04,21703,NA,N,C,C,A,A,H,-,A,D,0,NA,NA,NA,NA,Y,NA,A,01,0,0,1,0,0,0,0,0,0,-,-,34.0329,-118.1275,LOS ANGELES,MONTEBELLO,-118.12750278,34.03306319
9043230,2020,2020-06-10,1942,2020-02-02,0900,42639,1545,7,5,7,1942,0,0,0,O,0,15A85,MAGNOLIA BL,LAUREL CANYON BL,0,NA,Y,A,-,N,NA,NA,NA,NA,NA,NA,NA,NA,NA,N,4,0,1,2,A,-,08,22107,NA,N,B,C,A,A,H,-,A,A,0,NA,NA,NA,NA,Y,NA,A,07,0,0,1,0,0,0,0,0,0,-,-,NA,NA,LOS ANGELES,LOS ANGELES,-118.39649963378906,34.164878845214844
9043231,2020,2020-05-28,1941,2020-02-03,1440,11396,NA,1,5,7,1941,0,0,0,NA,0,NA,LONG BEACH BL,8TH ST,0,NA,Y,A,-,N,NA,NA,NA,NA,NA,NA,NA,NA,NA,Y,4,0,1,3,A,-,03,22350,NA,N,C,C,A,A,H,-,A,A,0,NA,NA,NA,NA,Y,NA,A,NA,0,0,1,0,0,0,0,0,0,-,-,NA,NA,LOS ANGELES,LONG BEACH,-118.18949127197266,33.77655029296875