CASE_ID,ACCIDENT_YEAR,PROC_DATE,JURIS,COLLISION_DATE,COLLISION_TIME,OFFICER_ID,REPORTING_DISTRICT,DAY_OF_WEEK,CHP_SHIFT,POPULATION,CNTY_CITY_LOC,SPECIAL_COND,BEAT_TYPE,CHP_BEAT_TYPE,CITY_DIVISION_LAPD,CHP_BEAT_CLASS,BEAT_NUMBER,PRIMARY_RD,SECONDARY_RD,DISTANCE,DIRECTION,INTERSECTION,WEATHER_1,WEATHER_2,STATE_HWY_IND,CALTRANS_COUNTY,CALTRANS_DISTRICT,STATE_ROUTE,ROUTE_SUFFIX,POSTMILE_PREFIX,POSTMILE,LOCATION_TYPE,RAMP_INTERSECTION,SIDE_OF_HWY,TOW_AWAY,COLLISION_SEVERITY,NUMBER_KILLED,NUMBER_INJURED,PARTY_COUNT,PRIMARY_COLL_FACTOR,PCF_CODE_OF_VIOL,PCF_VIOL_CATEGORY,PCF_VIOLATION,PCF_VIOL_SUBSECTION,HIT_AND_RUN,TYPE_OF_COLLISION,MVIW,PED_ACTION,ROAD_SURFACE,ROAD_COND_1,ROAD_COND_2,LIGHTING,CONTROL_DEVICE,CHP_ROAD_TYPE,PEDESTRIAN_ACCIDENT,BICYCLE_ACCIDENT,MOTORCYCLE_ACCIDENT,TRUCK_ACCIDENT,NOT_PRIVATE_PROPERTY,ALCOHOL_INVOLVED,STWD_VEHTYPE_AT_FAULT,CHP_VEHTYPE_AT_FAULT,COUNT_SEVERE_INJ,COUNT_VISIBLE_INJ,COUNT_COMPLAINT_PAIN,COUNT_PED_KILLED,COUNT_PED_INJURED,COUNT_BICYCLIST_KILLED,COUNT_BICYCLIST_INJURED,COUNT_MC_KILLED,COUNT_MC_INJURED,PRIMARY_RAMP,SECONDARY_RAMP,LATITUDE,LONGITUDE,COUNTY,CITY,POINT_X,POINT_Y
90434205,2017,2017-04-14,9565,2017-04-03,2200,021575,NA,1,3,5,1928,0,1,1,NA,2,012,I-105 W/B (CENTURY FWY),CRENSHAW BLVD,1580,W,N,A,-,Y,NA,NA,105,NA,NA,NA,NA,NA,W,Y,3,0,3,2,A,-,03,22350,NA,N,C,C,A,A,H,-,D,D,0,NA,NA,NA,NA,Y,Y,A,01,0,1,2,0,0,0,0,0,0,-,-,33.92503,-118.33197,LOS ANGELES,HAWTHORNE,-118.33197341,33.92507761
9043421,2020,2020-02-21,1942,2020-01-19,1815,384799,0702,7,5,7,1942,0,0,0,G,0,7EL2W4,MELROSE AV,SPAULDING AV,15,W,N,A,-,N,NA,NA,NA,NA,NA,NA,NA,NA,NA,N,3,0,1,2,A,-,03,22350,NA,F,B,E,A,A,H,-,C,A,0,NA,NA,NA,NA,Y,NA,-,99,0,1,0,0,0,0,0,0,0,-,-,NA,NA,LOS ANGELES,LOS ANGELES,-118.35742950439452,34.083740234375
9043422,2020,2020-05-29,1942,2020-02-02,1520,43764,1469,7,5,7,1942,0,0,0,N,0,14A67,LA CIENEGA BL,CIENTENELA AV,50,S,N,A,-,N,NA,NA,NA,NA,NA,NA,NA,NA,NA,N,4,0,1,2,A,-,03,22350,NA,F,C,C,A,A,H,-,A,D,0,NA,NA,NA,NA,Y,NA,-,99,0,0,1,0,0,0,0,0,0,-,-,NA,NA,LOS ANGELES,LOS ANGELES,-118.3702392578125,33.9771614074707
9043425,2020,2020-02-21,1942,2020-01-06,1840,34197,0648,1,5,7,1942,0,0,0,F,0,6XL42,CARLTON WY,SAINT ANDREWS PL,0,NA,Y,A,-,N,NA,NA,NA,NA,NA,NA,NA,NA,NA,N,4,0,1,2,A,-,12,22450,NA,F,D,C,A,A,H,-,C,A,0,NA,NA,NA,NA,Y,NA,-,99,0,0,1,0,0,0,0,0,0,-,-,NA,NA,LOS ANGELES,LOS ANGELES,-118.31149291992188,34.10050964355469
90434255,2017,2017-04-14,9545,2017-04-12,0605,016885,NA,3,1,6,1950,0,1,3,NA,2,031,SR-14 N/B,ANGELES FOREST HIGHWAY,1500,S,N,A,-,Y,NA,NA,NA,NA,NA,NA,NA,NA,NA,N,4,0,1,2,A,-,03,22350,NA,F,C,C,A,A,H,-,A,D,0,NA,NA,NA,NA,Y,NA,A,07,0,0,1,0,0,0,0,0,0,-,-,34.50602,-118.1142,LOS ANGELES,PALMDALE,NA,NA
9043426,2020,2020-06-03,1942,2020-02-01,1240,44001,637,6,5,7,1942,0,0,0,NA,0,6A22,VINE ST,YUCCA ST,200,S,N,A,-,N,NA,NA,NA,NA,NA,NA,NA,NA,NA,N,4,0,1,2,A,-,04,21703,NA,F,C,C,A,A,H,-,A,A,0,NA,NA,NA,NA,Y,NA,A,01,0,0,1,0,0,0,0,0,0,-,-,NA,NA,LOS ANGELES,LOS ANGELES,-118.32671356201172,34.1031608581543
90434284,2017,2017-04-14,9550,2017-04-06,1030,020025,NA,4,1,9,1900,0,1,3,NA,2,601,STATE ROUTE 60 (POMONA FREEWAY),AZUSA AVENUE,400,E,N,A,-,Y,NA,NA,60,NA,NA,NA,NA,NA,NA,Y,4,0,2,5,A,-,03,22350,NA,N,C,C,A,A,H,-,A,D,0,NA,NA,NA,NA,Y,NA,A,08,0,0,2,0,0,0,0,0,0,-,-,33.996809999999996,-117.92958,LOS ANGELES,UNINCORPORATED,-117.92957568,33.99684705
90434287,2017,2017-04-14,9565,2017-04-12,0750,021621,NA,3,1,6,1933,0,1,1,NA,2,060,I-405 N/B (SAN DIEGO FWY),CENTURY BLVD,300,S,N,A,-,Y,NA,NA,405,NA,NA,NA,NA,NA,N,N,4,0,1,2,A,-,03,22350,NA,N,C,C,A,A,H,-,A,D,0,NA,NA,NA,NA,Y,NA,A,07,0,0,1,0,0,0,0,0,0,-,-,33.94447,-118.36826,LOS ANGELES,INGLEWOOD,-118.36821288,33.94446964
9043429,2020,2020-02-21,1942,2020-01-04,1340,44001,0644,6,5,7,1942,0,0,0,F,0,6A22,SUNSET BL,LA BREA,80,W,N,A,-,N,NA,NA,NA,NA,NA,NA,NA,NA,NA,N,3,0,2,2,A,-,08,22102,NA,N,B,C,A,A,H,-,A,A,0,NA,NA,Y,NA,Y,NA,A,01,0,2,0,0,0,0,0,0,1,-,-,NA,NA,LOS ANGELES,LOS ANGELES,-118.34440612792967,34.09797668457031
90434296,2017,2017-04-14,9525,2017-04-01,0248,020572,NA,6,3,5,1990,0,1,3,NA,2,604,SR-60 E/B (POMONA FWY),DIAMOND BAR BLVD.,528,W,N,A,-,Y,NA,NA,60,NA,NA,NA,NA,NA,E,Y,4,0,1,4,A,-,07,21658,A,N,B,C,E,A,H,-,D,D,0,Y,NA,NA,Y,Y,NA,G,25,0,0,1,0,1,0,0,0,0,-,-,34.01994,-117.81485,LOS ANGELES,DIAMOND BAR,-117.81490432,34.0199807
9043430,2020,2020-05-29,1942,2020-02-02,0500,43806,1494,7,5,7,1942,0,0,0,N,0,14A27,IMPERIAL HWY,DOUGLAS ST,0,NA,Y,A,-,N,NA,NA,NA,NA,NA,NA,NA,NA,NA,Y,2,0,1,1,A,-,03,22350,NA,N,E,I,A,A,H,-,C,A,0,NA,NA,NA,NA,Y,NA,A,01,1,0,0,0,0,0,0,0,0,-,-,NA,NA,LOS ANGELES,LOS ANGELES,-118.3833465576172,33.93149185180664
90434308,2017,2017-04-14,9550,2017-04-06,1330,017511,NA,4,1,1,1932,0,1,3,NA,2,600,SR-60 W/B (POMONA FREEWAY),CROSSROADS PARKWAY O/C,400,W,N,A,-,Y,NA,NA,60,NA,NA,NA,NA,NA,W,N,4,0,1,2,A,-,03,22350,NA,N,C,C,A,A,H,-,A,D,0,NA,NA,NA,NA,Y,NA,A,07,0,0,1,0,0,0,0,0,0,-,-,34.02927,-118.01404,LOS ANGELES,INDUSTRY,-118.01404039,34.02920249
90434313,2017,2017-04-14,9550,2017-04-06,1425,017511,NA,4,2,1,1932,0,1,3,NA,2,600,SR-60 W/B (POMONA FREEWAY),CROSSROADS PARKWAY O/C,1500,E,N,A,-,Y,NA,NA,60,NA,NA,NA,NA,NA,W,N,4,0,1,2,A,-,03,22350,NA,N,C,C,A,A,H,-,A,D,0,NA,NA,NA,Y,Y,NA,G,25,0,0,1,0,0,0,0,0,0,-,-,34.0293,-118.00741,LOS ANGELES,INDUSTRY,-118.00740944,34.02924861
90434314,2017,2017-04-14,9545,2017-04-04,1525,018033,NA,2,2,9,1900,0,3,5,NA,2,003,SIERRA HWY,ANGELES FOREST HWY,0,NA,Y,A,-,Y,NA,NA,14,NA,NA,NA,NA,NA,NA,Y,4,0,1,2,A,-,09,21802,A,N,D,C,A,A,H,-,A,D,0,NA,NA,NA,NA,Y,NA,A,01,0,0,1,0,0,0,0,0,0,-,-,34.50921,-118.11111,LOS ANGELES,UNINCORPORATED,-118.11179313,34.50965853
90434322,2017,2017-04-14,9565,2017-04-05,0030,021575,NA,3,3,5,1928,0,1,1,NA,2,060,I-405 S/B (SAN DIEGO FWY),ROSECRANS AVE,300,S,N,A,-,Y,NA,NA,405,NA,NA,NA,NA,NA,S,Y,3,0,1,2,A,-,03,22350,NA,N,C,C,A,A,H,-,D,D,0,NA,NA,NA,NA,Y,NA,A,01,0,1,0,0,0,0,0,0,0,-,-,33.90087,-118.37063,LOS ANGELES,HAWTHORNE,-118.37053946,33.90087165
90434323,2017,2017-04-14,9545,2017-04-13,1800,017305,NA,4,2,9,1900,0,1,3,NA,2,021,SR-14 S/B,AVENUE Q,415,S,N,B,-,Y,NA,NA,NA,NA,NA,NA,NA,NA,NA,N,4,0,1,2,A,-,03,22350,NA,N,C,C,A,A,H,-,A,D,0,NA,NA,NA,NA,Y,NA,A,01,0,0,1,0,0,0,0,0,0,-,-,34.58594,-118.13391,LOS ANGELES,UNINCORPORATED,NA,NA
9043433,2020,2020-02-21,1942,2020-01-05,1440,41671,0676,7,5,7,1942,0,0,0,F,0,6A77,VINE ST,WILLOUGHBY AV,69,N,N,A,-,N,NA,NA,NA,NA,NA,NA,NA,NA,NA,Y,4,0,2,2,A,-,04,21703,NA,N,C,C,A,A,H,-,A,D,0,NA,NA,NA,NA,Y,NA,A,01,0,0,2,0,0,0,0,0,0,-,-,NA,NA,LOS ANGELES,LOS ANGELES,-118.3266143798828,34.08728790283203
90434337,2017,2017-04-14,9530,2017-03-31,1930,021273,NA,5,2,5,1943,0,1,1,NA,2,210,I-105 E/B (GLENN ANDERSON FWY),LONG BEACH BLVD.,800,E,N,A,-,Y,NA,NA,105,NA,NA,NA,NA,NA,E,N,4,0,1,3,A,-,03,22350,NA,F,C,C,A,A,H,-,C,D,0,NA,NA,NA,NA,Y,NA,-,99,0,0,1,0,0,0,0,0,0,-,-,33.92375,-118.20773,LOS ANGELES,LYNWOOD,-118.20774372,33.92371744
9043434,2020,2020-05-29,1942,2020-02-03,0835,44032,0637,1,5,7,1942,0,0,0,F,0,20A69,HOLLYWOOD BL,GOWER ST,0,NA,Y,A,-,N,NA,NA,NA,NA,NA,NA,NA,NA,NA,N,3,0,1,2,A,-,11,21950,B,N,G,B,B,A,H,-,A,A,0,Y,NA,NA,NA,Y,NA,N,60,0,1,0,0,1,0,0,0,0,-,-,NA,NA,LOS ANGELES,LOS ANGELES,-118.3223876953125,34.10165023803711
90434341,2017,2017-04-14,9530,2017-04-03,2238,020293,NA,1,3,9,1900,0,3,5,NA,2,001,SANTA FE AVE. (8300 BLOCK),CASS PL.,180,N,N,A,-,N,NA,NA,NA,NA,NA,NA,NA,NA,NA,Y,3,0,1,1,A,-,08,22107,NA,N,E,I,A,A,H,-,C,D,0,NA,NA,NA,NA,Y,NA,A,01,0,1,0,0,0,0,0,0,0,-,-,33.96251,-118.23007,LOS ANGELES,UNINCORPORATED,-118.23000959,33.96250188
90434351,2017,2017-04-14,9540,2017-04-07,2230,021361,NA,5,3,9,1900,0,1,3,NA,1,144,SR-14 N/B (ANTELOPE VALLEY FREEWAY),PLACERITA CANYON RD,1830,N,N,A,-,Y,NA,NA,14,NA,NA,NA,NA,NA,N,N,4,0,1,2,A,-,07,21658,A,N,B,C,A,A,H,-,C,D,0,NA,NA,NA,NA,Y,NA,A,01,0,0,1,0,0,0,0,0,0,-,-,34.38144,-118.48883,LOS ANGELES,UNINCORPORATED,-118.48894753,34.38157478
90434362,2017,2017-04-14,9530,2017-04-03,0635,021430,NA,1,1,7,1941,0,1,1,NA,2,420,I-405 S/B (SAN DIEGO FREEWAY),ORANGE AVE.,0,N,N,A,-,Y,NA,NA,NA,NA,NA,NA,NA,NA,NA,Y,3,0,3,4,A,-,08,22107,NA,N,F,C,A,A,H,-,A,D,0,NA,NA,NA,NA,Y,NA,A,07,0,2,1,0,0,0,0,0,0,-,-,33.485,-118.103,LOS ANGELES,LONG BEACH,-118.17633013,33.81422006
90434367,2017,2017-04-14,9540,2017-04-01,2025,021389,NA,6,2,9,1900,0,1,1,NA,2,513,I-5 S/B (GOLDEN STATE FREEWAY),SMOKEY BEAR RD,3168,S,N,A,-,Y,NA,NA,NA,NA,NA,NA,NA,NA,NA,Y,4,0,2,2,A,-,07,21658,A,N,B,C,A,A,H,-,D,D,0,NA,NA,NA,Y,Y,NA,A,01,0,0,2,0,0,0,0,0,0,-,-,34.69991,-118.19297,LOS ANGELES,UNINCORPORATED,-118.79290382,34.6995971
9043437,2020,2020-02-21,1942,2020-01-12,0015,43214,0701,7,5,7,1942,0,0,0,G,0,7A1,MELROSE AV,HARBOR AV,0,NA,N,A,-,N,NA,NA,NA,NA,NA,NA,NA,NA,NA,N,2,0,1,2,A,-,11,21955,NA,F,G,B,D,A,H,-,C,D,0,Y,NA,NA,NA,Y,NA,N,60,1,0,0,0,1,0,0,0,0,-,-,NA,NA,LOS ANGELES,LOS ANGELES,NA,NA
90434382,2017,2017-04-14,9590,2017-03-30,0700,021222,NA,4,1,7,1942,0,1,1,NA,2,051,I-110 S/B (HARBOR FREEWAY),VERNON AVENUE,100,N,N,A,-,Y,NA,NA,NA,NA,NA,NA,NA,NA,NA,N,4,0,1,2,A,-,03,22350,NA,N,C,C,A,A,H,-,A,D,0,NA,NA,NA,NA,Y,NA,A,01,0,0,1,0,0,0,0,0,0,-,-,34.13499,-118.28133,LOS ANGELES,LOS ANGELES,-118.28124,34.00404425
90434410,2017,2017-04-14,9550,2017-04-12,1105,015329,NA,3,1,7,1941,0,1,3,NA,2,090,STATE ROUTE 91 E/B (ARTESIA FREEWAY),ORANGE AVENUE,200,W,N,A,-,Y,NA,NA,91,NA,NA,NA,NA,NA,E,Y,3,0,1,2,A,-,03,22350,NA,N,C,C,A,A,H,-,A,D,0,NA,NA,NA,NA,Y,NA,A,01,0,1,0,0,0,0,0,0,0,-,-,33.87665,-118.17838,LOS ANGELES,LONG BEACH,-118.17838131,33.87687543
90434428,2017,2017-04-14,9590,2017-04-01,1845,021190,NA,6,2,7,1942,0,1,3,NA,2,095,SR-2 W/B,SR-2,500,S,N,A,-,Y,NA,NA,NA,NA,NA,NA,NA,NA,NA,N,4,0,6,2,A,-,03,22350,NA,N,C,C,A,A,H,-,B,D,0,NA,NA,NA,NA,Y,NA,A,01,0,0,6,0,0,0,0,0,0,-,-,34.10017,-118.2489,LOS ANGELES,LOS ANGELES,NA,NA
90434431,2017,2017-04-14,9580,2017-04-08,0307,019876,NA,6,3,7,1942,0,1,2,NA,2,104,US-101 N/B (VENTURA FREEWAY),LINDLEY AVE,50,S,N,C,-,Y,NA,NA,101,NA,NA,NA,NA,NA,N,Y,4,0,3,3,A,-,03,22350,NA,N,C,C,A,B,H,-,D,D,0,NA,NA,NA,NA,Y,NA,A,07,0,0,3,0,0,0,0,0,0,-,-,34.17112,-118.52557,LOS ANGELES,LOS ANGELES,-118.52557058,34.17128198
90434437,2017,2017-04-14,9580,2017-04-12,0335,018297,NA,3,3,7,1942,0,1,2,NA,2,105,US-101 S/B (VENTURA FREEWAY),SHOUP AVE,275,N,N,A,-,Y,NA,NA,101,NA,NA,NA,NA,NA,S,Y,3,0,2,1,A,-,08,22107,NA,N,E,I,A,A,H,-,C,D,0,NA,NA,NA,NA,Y,NA,A,01,0,2,0,0,0,0,0,0,0,-,-,34.1673,-118.61487,LOS ANGELES,LOS ANGELES,-118.614891,34.16733653
90434438,2017,2017-04-14,9580,2017-04-08,1035,020619,NA,6,1,7,1942,0,1,2,NA,2,105,US-101 S/B (VENTURA FREEWAY),CANOGA AVE,300,N,N,A,-,Y,NA,NA,101,NA,NA,NA,NA,NA,S,N,4,0,5,2,A,-,03,22350,NA,N,C,C,A,A,H,-,A,D,0,NA,NA,NA,NA,Y,NA,A,01,0,0,5,0,0,0,0,0,0,-,-,34.16944,-118.59808,LOS ANGELES,LOS ANGELES,-118.59807781,34.16945422
9043444,2019,2020-02-27,1942,2019-12-24,2330,44042,LAPD,2,5,7,1942,0,0,0,NA,0,11A25,FIGUEROA ST,LA LOMA AV,0,NA,Y,A,-,N,NA,NA,NA,NA,NA,NA,NA,NA,NA,Y,3,0,2,2,A,-,01,23153,A,N,A,C,A,A,H,-,C,D,0,NA,NA,Y,NA,Y,Y,D,22,0,1,1,0,0,0,0,0,2,-,-,NA,NA,LOS ANGELES,LOS ANGELES,-118.18810272216795,34.136680603027344
90434444,2017,2017-04-14,9580,2017-04-10,0755,015926,NA,1,1,7,1942,0,1,3,NA,2,116,SR-118 E/B (RONALD REAGAN FWY.),WOODLEY AVE,1056,W,N,A,-,Y,NA,NA,118,NA,NA,NA,NA,NA,E,Y,4,0,2,2,A,-,03,22350,NA,N,C,C,A,A,H,-,A,D,0,NA,NA,NA,NA,Y,NA,A,01,0,0,2,0,0,0,0,0,0,-,-,34.27018,-118.48818,LOS ANGELES,LOS ANGELES,-118.4880822,34.27029851
90434471,2017,2017-04-14,9580,2017-04-12,1810,018185,NA,3,2,9,1900,0,1,2,NA,2,109,US-101 S/B (VENTURA FREEWAY),LIBERTY CANYON RD,528,N,N,A,-,Y,NA,NA,101,NA,NA,NA,NA,NA,S,Y,4,0,1,1,A,-,08,22107,NA,N,E,I,A,A,H,-,A,D,0,NA,NA,NA,NA,Y,NA,A,01,0,0,1,0,0,0,0,0,0,-,-,34.13787,-118.72751,LOS ANGELES,UNINCORPORATED,-118.72751021,34.13786815
90434488,2017,2017-04-14,9550,2017-04-13,1045,021177,NA,4,1,6,1920,0,1,1,NA,2,150,INTERSTATE 105 E/B (CENTURY FREEWAY),COLUMBIA WAY,150,W,N,A,-,Y,NA,NA,105,NA,NA,NA,NA,NA,E,Y,4,0,2,3,A,-,03,22350,NA,N,C,C,A,A,H,-,A,D,0,NA,NA,NA,NA,Y,NA,A,01,0,0,2,0,0,0,0,0,0,-,-,33.91298,-118.1348,LOS ANGELES,DOWNEY,-118.13479998,33.91296093
90434529,2017,2017-04-14,9530,2017-04-07,1550,020137,NA,5,2,7,1941,0,1,1,NA,2,430,I-405 S/B (SAN DIEGO FREEWAY),LAKEWOOD BLVD.,528,N,N,A,-,Y,NA,NA,405,NA,NA,NA,NA,NA,S,Y,4,0,1,3,A,-,03,22350,NA,N,C,C,A,A,H,-,A,D,0,NA,NA,Y,NA,Y,NA,C,02,0,0,1,0,0,0,0,0,1,-,-,33.80918,-118.15763,LOS ANGELES,LONG BEACH,-118.15759409,33.80924031
9043456,2020,2020-03-02,1942,2020-01-04,0430,42798,0138,6,5,7,1942,0,0,0,A,0,1A29,LOS ANGELES ST,3RD ST,0,NA,Y,A,-,N,NA,NA,NA,NA,NA,NA,NA,NA,NA,Y,3,0,2,2,A,-,12,21453,A,F,D,C,A,A,H,-,C,A,0,NA,NA,NA,NA,Y,Y,D,22,0,1,1,0,0,0,0,0,0,-,-,NA,NA,LOS ANGELES,LOS ANGELES,-118.24474334716795,34.04851150512695
90434574,2017,2017-04-14,9580,2017-04-04,0950,015348,NA,2,1,9,1900,0,2,4,NA,1,131,MULHOLLAND HIGHWAY,LAKE VISTA DRIVE,22,E,N,A,-,N,NA,NA,NA,NA,NA,NA,NA,NA,NA,N,4,0,1,2,A,-,07,21658,A,F,F,A,A,A,H,-,A,D,0,NA,Y,NA,NA,Y,NA,-,99,0,0,1,0,0,0,1,0,0,-,-,34.11016,-118.7676,LOS ANGELES,UNINCORPORATED,-118.76768699,34.11030138
90434576,2017,2017-04-14,9550,2017-02-23,2006,020340,NA,4,2,9,1900,0,2,4,NA,1,013,NORWALK BOULEVARD,ROCKNE AVENUE,15,N,N,A,-,N,NA,NA,NA,NA,NA,NA,NA,NA,NA,N,1,1,0,2,A,-,11,21954,A,N,G,B,D,A,H,-,C,D,0,Y,NA,NA,NA,Y,NA,N,60,0,0,0,1,0,0,0,0,0,-,-,33.97596,-118.07822,LOS ANGELES,UNINCORPORATED,-118.07496634,33.97483881
90434577,2017,2017-04-14,9580,2017-04-04,1230,016003,NA,2,1,7,1942,0,1,1,NA,2,406,I-405 N/B (SAN DIEGO FWY),SHERMAN WAY,528,N,N,A,-,Y,NA,NA,405,NA,NA,NA,NA,NA,N,Y,4,0,1,2,A,-,03,22350,NA,N,C,C,A,A,H,-,A,D,0,NA,NA,NA,NA,Y,NA,A,01,0,0,1,0,0,0,0,0,0,-,-,34.20279,-118.47314,LOS ANGELES,LOS ANGELES,-118.47327032,34.20279128
90434585,2017,2017-04-14,9530,2017-04-07,1700,020175,NA,5,2,5,1977,0,1,1,NA,2,410,I-405 S/B (SAN DIEGO FREEWAY),DEL AMO BLVD.,1637,N,N,A,-,Y,NA,NA,405,NA,NA,NA,NA,NA,S,N,4,0,1,2,A,-,03,22350,NA,N,C,C,A,A,H,-,A,D,0,NA,NA,NA,Y,Y,NA,G,25,0,0,1,0,0,0,0,0,0,-,-,33.84953,-118.27515,LOS ANGELES,CARSON,-118.27518183,33.84948348
90434591,2017,2017-04-14,9580,2017-04-10,2345,018297,NA,1,3,7,1942,0,1,2,NA,2,104,US-101 N/B (VENTURA FREEWAY),DE SOTO AVE,2112,S,N,A,-,Y,NA,NA,101,NA,NA,NA,NA,NA,N,Y,3,0,1,1,A,-,01,23152,A,N,E,I,A,A,H,-,D,D,0,NA,NA,NA,NA,Y,Y,A,01,0,1,0,0,0,0,0,0,0,-,-,34.16848,-118.58146,LOS ANGELES,LOS ANGELES,-118.58147249,34.16853127
9043460,2020,2020-03-02,1942,2020-01-08,2335,31713,0163,3,5,7,1942,0,0,0,A,0,1A85,W 9TH ST,S BROADWAY,0,NA,Y,A,-,N,NA,NA,NA,NA,NA,NA,NA,NA,NA,Y,4,0,3,3,A,-,17,21657,NA,F,D,C,A,A,H,-,C,A,0,NA,NA,NA,NA,Y,NA,A,07,0,0,3,0,0,0,0,0,0,-,-,NA,NA,LOS ANGELES,LOS ANGELES,-118.256103515625,34.042301177978516
90434619,2017,2017-04-14,9550,2017-04-08,1340,021532,NA,6,1,6,1949,0,1,1,NA,2,150,INTERSTATE 105 E/B,INTERSTATE 605,300,W,N,A,-,Y,NA,NA,NA,NA,NA,NA,NA,NA,NA,Y,4,0,2,3,A,-,03,22350,NA,N,C,C,A,A,H,-,A,D,0,NA,NA,NA,NA,Y,NA,A,01,0,0,2,0,0,0,0,0,0,-,-,33.9137,-118.11441,LOS ANGELES,NORWALK,-118.10591955,33.91380738
90434639,2017,2017-04-14,9545,2017-04-09,0916,018353,NA,7,1,9,1900,0,3,5,NA,2,004,87TH ST  E,CALIFORNIA AQUEDUCT,700,S,N,A,-,N,NA,NA,NA,NA,NA,NA,NA,NA,NA,Y,4,0,1,1,A,-,08,22107,NA,N,F,A,A,A,H,-,A,D,0,NA,NA,NA,NA,Y,NA,A,01,0,0,1,0,0,0,0,0,0,-,-,34.51799,-117.97487,LOS ANGELES,UNINCORPORATED,NA,NA
9043464,2019,2020-02-27,1942,2019-12-21,0030,42347,0195,6,5,7,1942,0,0,0,A,0,1X23,16TH ST,MAPLE AV,0,NA,Y,A,-,N,NA,NA,NA,NA,NA,NA,NA,NA,NA,Y,4,0,1,2,A,-,00,2180,A,N,D,C,A,A,H,-,C,A,0,NA,NA,NA,NA,Y,Y,D,22,0,0,1,0,0,0,0,0,0,-,-,NA,NA,LOS ANGELES,LOS ANGELES,-118.25942230224608,34.031829833984375
90434642,2017,2017-04-14,9525,2017-04-13,0805,016677,NA,4,1,5,1990,0,1,3,NA,2,604,SR-60 E/B (POMONA FWY),GRAND AVE,2200,E,N,B,-,Y,NA,NA,60,NA,NA,NA,NA,NA,E,Y,4,0,1,3,A,-,03,22350,NA,F,C,C,A,A,H,-,A,D,0,NA,NA,NA,Y,Y,NA,G,25,0,0,1,0,0,0,0,0,0,-,-,34.01478,-117.81874,LOS ANGELES,DIAMOND BAR,-117.81879441,34.01482363
90434651,2017,2017-04-14,9590,2017-04-07,0455,021504,NA,5,3,7,1942,0,1,2,NA,2,073,US-101 S/B (HOLLYWOOD FREEWAY),MULHOLLAND DRIVE O/C,350,N,N,A,-,Y,NA,NA,101,NA,NA,NA,NA,NA,S,N,4,0,1,2,A,-,03,22350,NA,N,B,C,A,A,H,-,C,D,0,NA,NA,NA,NA,Y,NA,A,01,0,0,1,0,0,0,0,0,0,-,-,34.12395,-118.34278,LOS ANGELES,LOS ANGELES,-118.34279485,34.12393235
9043467,2020,2020-06-04,1902,2020-02-14,1026,783,23,5,5,5,1902,0,0,0,NA,0,002,DUARTE RD,S 3RD AV,100,W,N,A,-,N,NA,NA,NA,NA,NA,NA,NA,NA,NA,N,4,0,1,2,D,-,00,NA,NA,N,B,E,A,A,H,-,A,D,0,NA,NA,NA,NA,Y,NA,-,-,0,0,1,0,0,0,0,0,0,-,-,NA,NA,LOS ANGELES,ARCADIA,-118.02379608154295,34.130592346191406
90434672,2017,2017-04-17,9540,2017-04-12,1720,020790,NA,3,2,7,1942,0,1,1,NA,2,500,I-5 N/B (GOLDEN STATE FWY.),LAUREL CANYON BLVD,5280,N,N,A,-,Y,NA,NA,5,NA,NA,NA,NA,NA,N,N,3,0,4,2,A,-,03,22350,NA,N,C,C,A,A,H,-,A,D,0,NA,NA,NA,NA,Y,NA,A,01,0,1,3,0,0,0,0,0,0,-,-,34.2899,-118.46639,LOS ANGELES,LOS ANGELES,-118.46634977,34.28994007
90434675,2017,2017-04-17,9540,2017-04-14,0037,021360,NA,5,3,9,1900,0,1,3,NA,2,146,SR-14 N/B (ANTELOPE VALLEY FREEWAY),AGUA DULCE CYN RD,6864,S,N,A,-,Y,NA,NA,14,NA,NA,NA,NA,NA,N,Y,3,0,2,2,A,-,01,23152,A,N,C,C,A,A,H,-,D,D,0,NA,NA,NA,NA,Y,Y,A,01,0,2,0,0,0,0,0,0,0,-,-,34.46106,-118.343,LOS ANGELES,UNINCORPORATED,-118.34302932,34.46108066
90434686,2017,2017-04-17,9530,2017-04-06,1740,021235,NA,4,2,9,1900,0,3,5,NA,2,006,E. 223RD ST. (1900 BLOCK),WILMINGTON AVE.,180,W,N,A,-,N,NA,NA,NA,NA,NA,NA,NA,NA,NA,N,4,0,1,2,A,-,03,22350,NA,N,C,C,A,A,H,-,A,D,0,NA,NA,NA,NA,Y,NA,D,23,0,0,1,0,0,0,0,0,0,-,-,33.82418,-118.24167,LOS ANGELES,UNINCORPORATED,-118.24307086,33.82423814
90434688,2017,2017-04-17,9540,2017-04-13,1700,020837,NA,4,2,6,1985,0,1,3,NA,1,142,SR-14 N/B (ANTELOPE VALLEY FWY),NEWHALL AVE,1000,S,N,A,-,Y,NA,NA,14,NA,NA,NA,NA,NA,N,N,4,0,1,3,A,-,03,22350,NA,N,C,C,A,A,H,-,A,D,0,NA,NA,NA,NA,Y,NA,A,08,0,0,1,0,0,0,0,0,0,-,-,34.36055,-118.50589,LOS ANGELES,SANTA CLARITA,-118.50583832,34.36052809