CASE_ID,ACCIDENT_YEAR,PROC_DATE,JURIS,COLLISION_DATE,COLLISION_TIME,OFFICER_ID,REPORTING_DISTRICT,DAY_OF_WEEK,CHP_SHIFT,POPULATION,CNTY_CITY_LOC,SPECIAL_COND,BEAT_TYPE,CHP_BEAT_TYPE,CITY_DIVISION_LAPD,CHP_BEAT_CLASS,BEAT_NUMBER,PRIMARY_RD,SECONDARY_RD,DISTANCE,DIRECTION,INTERSECTION,WEATHER_1,WEATHER_2,STATE_HWY_IND,CALTRANS_COUNTY,CALTRANS_DISTRICT,STATE_ROUTE,ROUTE_SUFFIX,POSTMILE_PREFIX,POSTMILE,LOCATION_TYPE,RAMP_INTERSECTION,SIDE_OF_HWY,TOW_AWAY,COLLISION_SEVERITY,NUMBER_KILLED,NUMBER_INJURED,PARTY_COUNT,PRIMARY_COLL_FACTOR,PCF_CODE_OF_VIOL,PCF_VIOL_CATEGORY,PCF_VIOLATION,PCF_VIOL_SUBSECTION,HIT_AND_RUN,TYPE_OF_COLLISION,MVIW,PED_ACTION,ROAD_SURFACE,ROAD_COND_1,ROAD_COND_2,LIGHTING,CONTROL_DEVICE,CHP_ROAD_TYPE,PEDESTRIAN_ACCIDENT,BICYCLE_ACCIDENT,MOTORCYCLE_ACCIDENT,TRUCK_ACCIDENT,NOT_PRIVATE_PROPERTY,ALCOHOL_INVOLVED,STWD_VEHTYPE_AT_FAULT,CHP_VEHTYPE_AT_FAULT,COUNT_SEVERE_INJ,COUNT_VISIBLE_INJ,COUNT_COMPLAINT_PAIN,COUNT_PED_KILLED,COUNT_PED_INJURED,COUNT_BICYCLIST_KILLED,COUNT_BICYCLIST_INJURED,COUNT_MC_KILLED,COUNT_MC_INJURED,PRIMARY_RAMP,SECONDARY_RAMP,LATITUDE,LONGITUDE,COUNTY,CITY,POINT_X,POINT_Y
90434716,2017,2017-04-17,9575,2017-04-07,1515,020846,NA,5,2,7,1942,0,1,3,NA,2,043,SR-134 E/B (VENTURA FREEWAY),FOREST LAWN DR.,400,W,N,A,-,Y,NA,NA,134,NA,NA,NA,NA,NA,E,N,4,0,1,2,A,-,03,22350,NA,N,C,C,A,A,H,-,A,D,0,NA,NA,NA,NA,Y,NA,A,01,0,0,1,0,0,0,0,0,0,-,-,34.15427,-118.31467,LOS ANGELES,LOS ANGELES,-118.31464629,34.15444555
90434722,2017,2017-04-17,9575,2017-04-08,2155,020681,NA,6,2,7,1942,0,1,1,NA,2,053,I-5 N/B (GOLDEN STATE FREEWAY),VAN NUYS BLVD.,2000,N,N,A,-,Y,NA,NA,5,NA,NA,NA,NA,NA,N,Y,4,0,1,2,A,-,03,22350,NA,N,C,C,A,A,H,-,C,D,0,NA,NA,NA,NA,Y,NA,A,01,0,0,1,0,0,0,0,0,0,-,-,34.25899,-118.4373,LOS ANGELES,LOS ANGELES,-118.43732546,34.25896315
90434733,2017,2017-04-17,9535,2017-04-05,2255,021538,NA,3,3,9,1900,0,2,4,NA,2,024,WHITTIER BLVD (4500 BLOCK),MC BRIDE AVE,3,W,N,A,-,N,NA,NA,NA,NA,NA,NA,NA,NA,NA,N,4,0,1,2,A,-,10,21950,A,F,G,B,B,A,H,-,C,A,0,Y,NA,NA,NA,Y,NA,-,99,0,0,1,0,1,0,0,0,0,-,-,34.02303,-118.16978,LOS ANGELES,UNINCORPORATED,-118.16903958,34.02289201
90434739,2017,2017-04-17,9530,2017-04-10,0635,016110,NA,1,1,9,1900,0,3,5,NA,2,002,SAN PEDRO ST.,EL SEGUNDO BLVD.,0,NA,Y,A,-,N,NA,NA,NA,NA,NA,NA,NA,NA,NA,Y,4,0,1,2,A,-,12,21453,A,F,D,C,A,A,H,-,A,A,0,NA,NA,NA,NA,Y,NA,A,07,0,0,1,0,0,0,0,0,0,-,-,33.9165,-118.2694,LOS ANGELES,UNINCORPORATED,-118.26962011,33.91642011
90434741,2017,2017-04-17,9535,2017-04-06,1105,021599,NA,4,1,6,1922,0,1,1,NA,2,401,I-10 (SAN BERNARDINO FREEWAY) W/B,RIO HONDO RIVER,140,E,N,A,-,Y,NA,NA,10,NA,NA,NA,NA,NA,W,Y,4,0,2,2,A,-,03,22350,NA,N,C,C,A,A,H,-,A,D,0,NA,NA,NA,NA,Y,NA,A,01,0,0,2,0,0,0,0,0,0,-,-,34.0714,-118.0494,LOS ANGELES,EL MONTE,-118.04943551,34.0713241
90434758,2017,2017-04-17,9540,2017-04-08,1355,020862,NA,6,1,9,1900,0,1,1,NA,1,503,I-5 SOUTHBOUND (GSF),WELDON CANYON RD,100,N,N,A,-,Y,NA,NA,5,NA,NA,NA,NA,NA,S,Y,4,0,2,3,A,-,03,22350,NA,N,C,C,A,A,H,-,A,D,0,NA,NA,NA,NA,Y,NA,A,01,0,0,2,0,0,0,0,0,0,-,-,34.34099,-118.5234,LOS ANGELES,UNINCORPORATED,-118.52340132,34.34097959
9043476,2020,2020-03-03,1924,2020-01-23,1615,80437,34,4,5,5,1924,0,0,0,NA,0,0G4,REDONDO BEACH BL,CATALINA AV,0,NA,Y,A,-,N,NA,NA,NA,NA,NA,NA,NA,NA,NA,N,4,0,1,2,A,-,09,21801,A,N,D,C,A,A,H,-,B,D,0,NA,NA,NA,NA,Y,NA,D,22,0,0,1,0,0,0,0,0,0,-,-,33.90180969238281,-118.29425048828124,LOS ANGELES,GARDENA,-118.29503631591795,33.89237976074219
90434765,2017,2017-08-28,9540,2017-04-07,1735,021497,NA,5,2,9,1900,0,2,4,NA,1,201,SIERRA HWY,VASQUEZ WAY,347,S,N,A,-,N,NA,NA,NA,NA,NA,NA,NA,NA,NA,Y,4,0,1,2,A,-,08,22107,NA,N,D,C,A,A,H,-,A,D,0,NA,NA,NA,NA,Y,NA,A,01,0,0,1,0,0,0,0,0,0,-,-,34.46125,-118.41433,LOS ANGELES,UNINCORPORATED,-118.41435234,34.46125987
90434766,2017,2017-04-17,9525,2017-04-10,0840,012820,NA,1,1,5,1926,0,1,1,NA,2,205,I-210 W/B (FOOTHILL FWY),BARRANCA AVE,200,E,N,A,-,Y,NA,NA,210,NA,NA,NA,NA,NA,W,Y,4,0,1,3,A,-,03,22350,NA,N,C,C,A,A,H,-,A,D,0,NA,NA,NA,NA,Y,NA,A,01,0,0,1,0,0,0,0,0,0,-,-,34.12107,-117.88072,LOS ANGELES,GLENDORA,-117.88072012,34.121065
90434774,2017,2017-04-17,9575,2017-04-04,0908,021669,NA,2,1,7,1942,0,1,1,NA,2,052,I-5 S/B (GOLDEN STATE FREEWAY),SUNLAND BOULEVARD,700,S,N,A,-,Y,NA,NA,5,NA,NA,NA,NA,NA,S,N,4,0,2,3,A,-,03,22350,NA,N,C,C,A,A,H,-,A,D,0,NA,NA,NA,NA,Y,NA,A,07,0,0,2,0,0,0,0,0,0,-,-,34.22193,-118.36553,LOS ANGELES,LOS ANGELES,-118.36553355,34.22186995
90434783,2017,2017-04-17,9545,2017-04-09,1300,018353,NA,7,1,9,1900,0,3,5,NA,2,004,AVE S,96TH ST E,0,NA,Y,A,-,N,NA,NA,NA,NA,NA,NA,NA,NA,NA,Y,4,0,2,2,A,-,09,21801,A,N,A,C,A,A,H,-,A,D,0,NA,NA,NA,NA,Y,NA,D,22,0,0,2,0,0,0,0,0,0,-,-,NA,NA,LOS ANGELES,UNINCORPORATED,-117.9581801,34.55789006
90434801,2017,2017-04-17,9565,2017-04-05,1030,017574,NA,3,1,5,1965,0,1,1,NA,2,081,I-10 WESTBOUND TO 4TH ST,4TH STREET,4,W,N,A,-,Y,NA,NA,NA,NA,NA,NA,NA,NA,NA,N,4,0,1,2,A,-,11,21456,B,F,G,B,B,A,H,-,A,A,0,Y,NA,NA,NA,Y,NA,N,60,0,0,1,0,1,0,0,0,0,-,-,34.012,-118.49,LOS ANGELES,SANTA MONICA,-118.49067,34.01258
90434824,2017,2017-04-17,9565,2017-04-04,1900,021575,NA,2,2,6,1933,0,1,1,NA,2,060,I-405 S/B FROM OLIVE ST,ARBOR VITAE ST,1060,S,N,A,-,Y,NA,NA,405,NA,NA,NA,R,NA,S,Y,4,0,1,2,A,-,08,22107,NA,N,B,C,A,A,H,-,B,D,0,NA,NA,NA,NA,Y,NA,A,01,0,0,1,0,0,0,0,0,0,-,-,33.94975,-118.36917,LOS ANGELES,INGLEWOOD,-118.36917,33.94975
90434838,2017,2017-04-17,9550,2017-04-06,1735,017511,NA,4,2,9,1900,0,1,3,NA,2,601,SR-60 E/B (POMONA FREEWAY),BARFORD AVE PEDESTRIAN O/C,100,W,N,A,-,Y,NA,NA,60,NA,NA,NA,NA,NA,E,Y,4,0,1,2,A,-,03,22350,NA,N,C,C,A,A,H,-,A,D,0,NA,NA,NA,NA,Y,NA,A,07,0,0,1,0,0,0,0,0,0,-,-,34.00392,-117.95494,LOS ANGELES,UNINCORPORATED,-117.9549433,34.0039094
90434856,2017,2017-04-17,9550,2017-04-09,1920,021532,NA,7,2,6,1920,0,1,1,NA,2,500,INTERSTATE 5 N/B,LAKEWOOD BOULEVARD,250,S,N,A,-,Y,NA,NA,5,NA,NA,NA,NA,NA,N,Y,4,0,1,2,A,-,08,22107,NA,N,B,C,A,A,H,-,C,D,0,NA,NA,NA,NA,Y,NA,A,01,0,0,1,0,0,0,0,0,0,-,-,33.96227,-118.11776,LOS ANGELES,DOWNEY,-118.11774876,33.96228555
90434861,2017,2017-04-17,9525,2017-04-10,1515,020216,NA,1,2,5,1906,0,1,1,NA,2,651,I-605 S/B TO I-10 E/B,FRAZIER ST.,2112,W,N,A,-,Y,NA,NA,605,NA,NA,NA,R,NA,S,N,4,0,1,2,A,-,03,22350,NA,N,C,C,A,A,H,-,A,D,0,NA,NA,NA,NA,Y,NA,A,01,0,0,1,0,0,0,0,0,0,-,-,34.06579,-117.99841,LOS ANGELES,BALDWIN PARK,-117.99841,34.06579
90434867,2017,2017-04-17,9535,2017-04-07,1120,019778,NA,5,1,9,1900,0,2,4,NA,2,016,1ST ST. (4100 BLOCK),MARIANNA AVE,10,W,N,A,-,N,NA,NA,NA,NA,NA,NA,NA,NA,NA,N,4,0,3,2,A,-,03,22350,NA,N,C,C,A,A,H,-,A,A,0,NA,NA,NA,NA,Y,NA,D,22,0,0,3,0,0,0,0,0,0,-,-,34.03695,-118.17575,LOS ANGELES,UNINCORPORATED,-118.17578286,34.03695815
90434876,2017,2017-04-17,9530,2017-04-08,1125,020240,NA,6,1,9,1900,0,3,5,NA,2,003,BULLIS RD.,ELIZABETH ST.,0,NA,Y,A,-,N,NA,NA,NA,NA,NA,NA,NA,NA,NA,N,4,0,1,2,A,-,09,21802,A,N,D,C,A,A,H,-,A,A,0,NA,NA,NA,NA,Y,NA,A,01,0,0,1,0,0,0,0,0,0,-,-,33.88785,-118.20595,LOS ANGELES,UNINCORPORATED,-118.20606006,33.88781002
9043492,2020,2020-03-03,1924,2020-01-05,1308,80429,26,7,5,5,1924,0,0,0,NA,0,004,BUDLONG AV,MARINE AV,0,NA,Y,A,-,N,NA,NA,NA,NA,NA,NA,NA,NA,NA,Y,3,0,5,3,A,-,12,21453,A,N,D,D,A,A,H,-,A,A,0,NA,NA,NA,NA,Y,NA,A,01,0,1,4,0,0,0,0,0,0,-,-,33.8946418762207,-118.29605865478516,LOS ANGELES,GARDENA,-118.2960968017578,33.8946418762207
90434950,2017,2017-04-17,9525,2017-04-10,0930,012772,NA,1,1,9,1900,0,2,4,NA,2,045,VALLEY BLVD (13200 BLK),COVINA BLVD,60,E,N,A,-,N,NA,NA,NA,NA,NA,NA,NA,NA,NA,Y,3,0,1,2,A,-,16,24002,A,N,H,A,A,A,H,-,A,D,0,NA,Y,NA,NA,Y,NA,A,01,0,1,0,0,0,0,1,0,0,-,-,34.05026,-117.99825,LOS ANGELES,UNINCORPORATED,-117.99794246,34.05041068
90434995,2017,2017-04-17,9580,2017-04-04,1730,021544,NA,2,2,7,1942,0,1,3,NA,2,170,SR-170 N/B (HOLLYWOOD FWY.),STRATHERN ST,300,N,N,A,-,Y,NA,NA,170,NA,NA,NA,NA,NA,N,Y,4,0,1,2,A,-,08,22107,NA,N,B,C,A,A,H,-,A,D,0,NA,NA,NA,NA,Y,NA,A,01,0,0,1,0,0,0,0,0,0,-,-,34.21656,-118.40861,LOS ANGELES,LOS ANGELES,-118.40865199,34.21654862
90435004,2017,2017-04-17,9580,2017-04-04,1530,021491,NA,2,2,7,1942,0,1,1,NA,2,404,I-405 N/B (SAN DIEGO FWY),MULHOLLAND DR,500,N,N,A,-,Y,NA,NA,405,NA,NA,NA,NA,NA,N,Y,4,0,1,3,A,-,03,22350,NA,N,C,C,A,A,H,-,A,D,0,NA,NA,NA,NA,Y,NA,A,07,0,0,1,0,0,0,0,0,0,-,-,34.12748,-118.47468,LOS ANGELES,LOS ANGELES,-118.4745967,34.1274262
90435032,2017,2017-04-17,9575,2017-04-04,1120,017354,NA,2,1,7,1942,0,1,3,NA,2,044,SR-134 W/B (VENTURA FREEWAY),LEDGE AVE. U/C,100,E,N,A,-,Y,NA,NA,134,NA,NA,NA,NA,NA,W,N,4,0,1,2,A,-,07,21658,A,N,B,C,A,A,H,-,A,D,0,NA,NA,NA,NA,Y,NA,A,01,0,0,1,0,0,0,0,0,0,-,-,34.1534,-118.36013,LOS ANGELES,LOS ANGELES,-118.36013697,34.1532517
90435038,2017,2017-04-17,9575,2017-03-31,0130,020393,NA,5,3,9,1900,0,1,3,NA,2,300,SR-2 (ANGELES CREST HIGHWAY),RANGER STATION,10560,E,N,A,-,Y,NA,NA,2,NA,NA,NA,NA,NA,NA,Y,3,0,1,1,A,-,08,22107,NA,N,E,I,A,A,H,-,D,D,0,NA,NA,NA,NA,Y,NA,A,01,0,1,0,0,0,0,0,0,0,-,-,34.2518,-118.1967,LOS ANGELES,UNINCORPORATED,-118.19670119,34.25184878
90435045,2017,2017-04-17,9575,2017-03-31,1040,020887,NA,5,1,7,1942,0,1,1,NA,2,052,I-5 S/B (GOLDEN STATE FREEWAY),HOLLYWOOD WAY,250,S,N,A,-,Y,NA,NA,5,NA,NA,NA,NA,NA,S,Y,3,0,1,2,A,-,07,21658,A,N,F,A,A,A,H,-,A,D,0,NA,NA,Y,NA,Y,NA,A,07,0,1,0,0,0,0,0,0,1,-,-,34.21082,-118.34705,LOS ANGELES,LOS ANGELES,-118.34705291,34.21081659
90435051,2017,2017-11-17,9575,2017-03-31,0600,020945,NA,5,1,9,1900,0,1,3,NA,2,300,SR-2 (ANGELES CREST HIGHWAY),ANGELES FOREST HIGHWAY,1478,W,N,A,-,Y,NA,NA,2,NA,NA,NA,NA,NA,NA,N,4,0,1,1,C,-,18,NA,NA,N,E,I,A,A,G,-,D,D,0,NA,NA,NA,NA,Y,NA,-,-,0,0,1,0,0,0,0,0,0,-,-,34.26749,-118.16154,LOS ANGELES,UNINCORPORATED,-118.16155581,34.2675522
90435058,2017,2017-04-17,9575,2017-04-01,1425,019990,NA,6,2,9,1900,0,3,5,NA,2,003,LITTLE TUJUNGA CANYON ROAD,UPPER MAREK MTWY,148,S,N,A,-,N,NA,NA,NA,NA,NA,NA,NA,NA,NA,Y,2,0,6,2,A,-,03,22350,NA,N,A,C,A,A,H,-,A,D,0,NA,NA,NA,NA,Y,NA,A,01,1,3,2,0,0,0,0,0,0,-,-,34.3062,-118.3464,LOS ANGELES,UNINCORPORATED,-118.34651699,34.30593922
90435066,2017,2017-04-17,9580,2017-04-04,1735,021544,NA,2,2,7,1942,0,1,3,NA,2,170,SR-170 N/B (HOLLYWOOD FWY.),SHELDON ST,400,N,N,A,-,Y,NA,NA,170,NA,NA,NA,NA,NA,N,Y,4,0,2,2,A,-,08,22107,NA,N,B,C,A,A,H,-,A,D,0,NA,NA,NA,NA,Y,NA,A,01,0,0,2,0,0,0,0,0,0,-,-,34.22943,-118.41,LOS ANGELES,LOS ANGELES,-118.40981722,34.2293485
90435072,2017,2017-04-17,9575,2017-04-07,1550,020620,NA,5,2,6,1925,0,1,3,NA,2,042,SR-134 E/B (VENTURA FREEWAY),PACIFIC AVE.,230,W,N,A,-,Y,NA,NA,134,NA,NA,NA,NA,NA,E,Y,3,0,1,5,A,-,07,21658,A,F,B,C,A,A,H,-,A,D,0,NA,NA,NA,NA,Y,NA,A,01,0,1,0,0,0,0,0,0,0,-,-,34.15552,-118.26684,LOS ANGELES,GLENDALE,-118.26687502,34.15569824
90435137,2017,2017-04-17,9550,2017-04-05,0630,018187,NA,3,1,9,1900,0,3,5,NA,2,001,WHITTIER BLVD (WESTBOUND),I-605,222,E,N,A,-,N,NA,NA,NA,NA,NA,NA,NA,NA,NA,Y,3,0,2,2,A,-,03,22350,NA,N,C,C,A,A,H,-,A,D,0,NA,NA,NA,NA,Y,Y,A,01,0,1,1,0,0,0,0,0,0,-,-,33.993,-118.06847,LOS ANGELES,UNINCORPORATED,-118.06876149,33.99310766
90435151,2017,2017-04-17,9575,2017-04-08,1225,020846,NA,6,1,7,1942,0,1,3,NA,2,043,SR-134 E/B FROM FOREST LAWN DR.,FOREST LAWN DR.,125,E,N,B,-,Y,NA,NA,134,NA,NA,NA,R,NA,E,N,4,0,2,3,A,-,03,22350,NA,N,C,C,A,A,H,-,A,D,0,NA,NA,NA,NA,Y,NA,A,08,0,0,2,0,0,0,0,0,0,-,-,34.1553,-118.30876,LOS ANGELES,LOS ANGELES,-118.30876,34.1553
90435152,2017,2017-04-17,9575,2017-04-13,1545,020620,NA,4,2,6,1925,0,1,3,NA,2,042,SR-134 W/B (VENTURA FREEWAY),GENEVA ST.,80,W,N,A,-,Y,NA,NA,134,NA,NA,NA,NA,NA,W,Y,4,0,1,2,A,-,08,22107,NA,N,D,C,A,A,H,-,A,D,0,NA,NA,NA,Y,Y,NA,A,07,0,0,1,0,0,0,0,0,0,-,-,34.15647,-118.25568,LOS ANGELES,GLENDALE,-118.25567917,34.15642088
90435154,2017,2017-04-17,9575,2017-04-07,1020,020945,NA,5,1,9,1900,0,2,4,NA,2,014,MONTROSE AVE.,FLORENCITA DR.,0,NA,Y,A,-,N,NA,NA,NA,NA,NA,NA,NA,NA,NA,Y,4,0,2,2,A,-,09,21801,A,N,A,C,A,A,H,-,A,A,0,NA,NA,NA,NA,Y,NA,A,01,0,0,2,0,0,0,0,0,0,-,-,34.20651,-118.22473,LOS ANGELES,UNINCORPORATED,-118.2321601,34.21113004
90435171,2017,2017-04-17,9550,2017-04-13,2225,021196,NA,4,3,6,1920,0,1,1,NA,2,151,I-105 W/B TO LAKEWOOD BLVD,LAKEWOOD BLVD,80,E,N,A,-,Y,NA,NA,105,NA,NA,NA,R,NA,W,Y,3,0,2,3,A,-,01,23152,A,F,C,C,A,A,H,-,C,A,0,NA,NA,NA,NA,Y,Y,A,01,0,1,1,0,0,0,0,0,0,-,-,33.91366,-118.13971,LOS ANGELES,DOWNEY,-118.13971,33.91366
90435176,2017,2017-04-17,9575,2017-04-02,1335,020620,NA,7,1,6,1925,0,1,1,NA,2,050,I-5 S/B (GOLDEN STATE FREEWAY),WESTERN AVE.,1090,S,N,A,-,Y,NA,NA,5,NA,NA,NA,NA,NA,S,Y,4,0,1,2,A,-,08,22107,NA,N,B,C,A,A,H,-,A,D,0,NA,NA,Y,NA,Y,NA,A,01,0,0,1,0,0,0,0,0,1,-,-,34.15863,-118.29173,LOS ANGELES,GLENDALE,-118.29182595,34.1585745
90435177,2017,2017-04-17,9575,2017-04-02,2242,020691,NA,7,3,7,1942,0,1,3,NA,2,044,SR-134 E/B (VENTURA FREEWAY),VINELAND AVENUE,100,W,N,B,-,Y,NA,NA,134,NA,NA,NA,NA,NA,E,Y,3,0,2,2,A,-,07,21658,A,N,B,C,A,A,H,-,D,D,0,NA,NA,NA,NA,Y,NA,A,01,0,1,1,0,0,0,0,0,0,-,-,34.15297,-118.36993,LOS ANGELES,LOS ANGELES,-118.36992557,34.15289402
90435180,2017,2017-04-17,9575,2017-04-02,1555,020119,NA,7,2,6,1953,0,1,1,NA,2,064,I-210 E/B (FOOTHILL FREEWAY),MARENGO AVE.,20,E,N,A,-,Y,NA,NA,210,NA,NA,NA,NA,NA,E,Y,4,0,3,2,A,-,03,22350,NA,N,C,C,A,A,H,-,A,D,0,NA,NA,NA,NA,Y,NA,A,01,0,0,3,0,0,0,0,0,0,-,-,34.15145,-118.14627,LOS ANGELES,PASADENA,-118.14626605,34.15168216
90435183,2017,2017-04-17,9575,2017-04-05,0900,017354,NA,3,1,6,1925,0,1,3,NA,2,042,SR-134 W/B (VENTURA FREEWAY),CONCORD ST. U/C,800,E,N,A,-,Y,NA,NA,134,NA,NA,NA,NA,NA,W,Y,4,0,2,3,A,-,03,22350,NA,N,C,C,A,A,H,-,A,D,0,NA,NA,NA,NA,Y,NA,A,01,0,0,2,0,0,0,0,0,0,-,-,34.1554,-118.26935,LOS ANGELES,GLENDALE,-118.26933235,34.1553324
90435185,2017,2017-04-17,9575,2017-04-05,1100,017354,NA,3,1,9,1900,0,2,4,NA,2,012,FOOTHILL BLVD. (2600 BLOCK),RAYMOND AVE.,300,E,N,A,-,N,NA,NA,NA,NA,NA,NA,NA,NA,NA,N,4,0,1,2,A,-,08,22107,NA,N,D,C,A,A,H,-,A,D,0,NA,NA,NA,NA,Y,NA,A,01,0,0,1,0,0,0,0,0,0,-,-,34.22195,-118.23658,LOS ANGELES,UNINCORPORATED,-118.23671061,34.22215437
90435206,2017,2017-04-17,9590,2017-04-01,0058,021480,NA,6,3,7,1942,0,1,1,NA,2,052,I-110 N/B (HARBOR FREEWAY),WILSHIRE BLVD.,100,N,N,A,-,Y,NA,NA,110,NA,NA,NA,NA,NA,N,Y,4,0,1,3,A,-,03,22350,NA,F,C,C,A,A,H,-,C,D,0,NA,NA,NA,NA,Y,NA,A,01,0,0,1,0,0,0,0,0,0,-,-,34.04788,-118.26656,LOS ANGELES,LOS ANGELES,-118.26655096,34.04786458
90435208,2017,2017-04-17,9590,2017-04-02,0605,021040,NA,7,1,7,1942,0,1,1,NA,2,083,I-5 S/B (GOLDEN STATE FREEWAY),RIVERSIDE DR.,850,N,N,A,-,Y,NA,NA,5,NA,NA,NA,NA,NA,S,Y,3,0,1,1,A,-,01,23152,A,N,E,I,A,A,H,-,B,D,0,NA,NA,NA,NA,Y,Y,A,01,0,1,0,0,0,0,0,0,0,-,-,34.09658,-118.24527,LOS ANGELES,LOS ANGELES,-118.24515989,34.09668771
90435210,2017,2017-04-17,9590,2017-04-09,0005,020934,NA,7,3,7,1942,0,1,1,NA,2,060,I-10 E/B (SANTA MONICA FREEWAY),LA BREA AVENUE,800,E,N,A,-,Y,NA,NA,10,NA,NA,NA,NA,NA,E,Y,3,0,2,2,A,-,01,23152,A,N,B,C,A,A,H,-,C,D,0,NA,NA,NA,NA,Y,Y,A,07,0,1,1,0,0,0,0,0,0,-,-,34.03426,-118.3472,LOS ANGELES,LOS ANGELES,-118.3472045,34.0343524
9043522,2020,2020-05-28,1942,2020-02-04,0800,41729,0353,2,5,7,1942,0,0,0,C,0,25TL25,OBAMA BL,VICTORIA AV,0,NA,Y,A,-,N,NA,NA,NA,NA,NA,NA,NA,NA,NA,N,3,0,2,3,A,-,09,21802,A,N,D,C,A,A,H,-,A,A,0,NA,NA,NA,NA,Y,NA,A,01,0,1,1,0,0,0,0,0,0,-,-,NA,NA,LOS ANGELES,LOS ANGELES,-118.33635,34.02144
9043526,2020,2020-05-28,1942,2020-02-02,1700,43509,0337,7,5,7,1942,0,0,0,C,0,3A98,HARVARD BL,29TH ST,0,NA,Y,B,-,N,NA,NA,NA,NA,NA,NA,NA,NA,NA,N,3,0,1,2,A,-,12,22450,NA,F,G,B,B,A,H,-,C,A,0,Y,NA,NA,NA,Y,NA,-,99,0,1,0,0,1,0,0,0,0,-,-,NA,NA,LOS ANGELES,LOS ANGELES,-118.3066635131836,34.029109954833984
90435286,2017,2017-04-17,9550,2017-04-10,0300,021037,NA,1,3,9,1900,0,3,5,NA,2,003,HALLIBURTON ROAD,PASO VERDE DR,15,W,N,A,-,N,NA,NA,NA,NA,NA,NA,NA,NA,NA,Y,3,0,1,1,A,-,08,22107,NA,N,E,I,A,A,H,-,C,D,0,NA,NA,NA,NA,Y,NA,A,01,0,1,0,0,0,0,0,0,0,-,-,33.9952,-117.95077,LOS ANGELES,UNINCORPORATED,-117.9501316,33.9945016
90435290,2017,2017-04-17,9550,2017-04-10,0210,021410,NA,1,3,9,1900,0,1,3,NA,2,600,SR-60 (POMONA FREEWAY) W/B,CROSSROADS PARKWAY,50,W,N,A,-,Y,NA,NA,60,NA,NA,NA,NA,NA,W,Y,4,0,1,1,A,-,01,23152,A,N,E,I,A,A,H,-,D,D,0,NA,NA,NA,NA,Y,Y,A,01,0,0,1,0,0,0,0,0,0,-,-,34.02925,-118.01334,LOS ANGELES,UNINCORPORATED,-118.0133403,34.02919849
9043530,2020,2020-05-28,1942,2020-02-01,1700,39151,0392,6,5,7,1942,0,0,0,C,0,3A54,50TH ST,8TH AV,10,E,N,A,-,N,NA,NA,NA,NA,NA,NA,NA,NA,NA,N,3,0,1,1,A,-,03,22350,A,N,A,I,A,A,H,-,A,D,0,NA,NA,NA,NA,Y,NA,A,08,0,1,0,0,0,0,0,0,0,-,-,NA,NA,LOS ANGELES,LOS ANGELES,-118.32579803466795,33.99814987182617
90435309,2017,2017-04-17,9530,2017-04-01,0005,020699,NA,6,3,7,1942,0,1,1,NA,2,120,I-110 SB,LOMITA BLVD.,535,S,N,A,-,Y,NA,NA,110,NA,NA,NA,NA,NA,S,Y,2,0,2,4,A,-,03,22350,NA,N,C,C,E,A,H,-,C,D,0,Y,NA,NA,NA,Y,NA,A,07,2,0,0,0,2,0,0,0,0,-,-,33.79685,-118.28606,LOS ANGELES,LOS ANGELES,-118.28605146,33.79685794
90435329,2017,2017-04-17,9540,2017-04-08,1035,021434,NA,6,1,7,1942,0,1,1,NA,1,503,I-5 S/B (GOLDEN STATE FREEWAY),BALBOA BLVD.,575,N,N,A,-,Y,NA,NA,5,NA,NA,NA,NA,NA,S,Y,4,0,3,5,A,-,03,22350,NA,N,E,I,A,A,H,-,A,D,0,NA,NA,NA,NA,Y,NA,A,07,0,0,3,0,0,0,0,0,0,-,-,34.32185,-118.49777,LOS ANGELES,LOS ANGELES,-118.49782472,34.32175327
90435330,2017,2017-04-17,9550,2017-04-05,2025,020709,NA,3,2,6,1949,0,1,1,NA,2,501,INTERSTATE 5 (SANTA ANA FREEWAY),CARMENITA ROAD,50,N,N,A,-,Y,NA,NA,5,NA,NA,NA,NA,NA,NA,Y,4,0,1,3,A,-,03,22350,NA,F,C,C,A,A,H,-,C,D,0,NA,NA,NA,NA,Y,NA,-,99,0,0,1,0,0,0,0,0,0,-,-,33.89405,-118.04732,LOS ANGELES,NORWALK,-118.04728897,33.89410748
9043534,2020,2020-05-27,1942,2020-02-01,1150,40404,0378,6,5,7,1942,0,0,0,C,0,3A57,W 39TH ST,S FIGUEROA ST,25,E,N,A,-,N,NA,NA,NA,NA,NA,NA,NA,NA,NA,Y,4,0,2,2,A,-,21,22106,NA,F,C,C,A,A,H,-,A,A,0,NA,NA,NA,NA,Y,NA,A,01,0,0,2,0,0,0,0,0,0,-,-,NA,NA,LOS ANGELES,LOS ANGELES,-118.28267669677734,34.013999938964844
90435349,2017,2017-04-17,9590,2017-04-16,0330,021291,NA,7,3,7,1942,0,1,1,NA,2,013,SR-110 S/B (ARROYO SECO PARKWAY),MARMION WAY,200,S,N,A,-,Y,NA,NA,110,NA,NA,NA,NA,NA,S,Y,3,0,4,2,A,-,01,23152,A,N,C,C,A,A,H,-,C,D,0,NA,NA,NA,NA,Y,Y,A,01,0,1,3,0,0,0,0,0,0,-,-,34.1113,-118.18137,LOS ANGELES,LOS ANGELES,-118.18137849,34.11125878