CASE_ID,ACCIDENT_YEAR,PROC_DATE,JURIS,COLLISION_DATE,COLLISION_TIME,OFFICER_ID,REPORTING_DISTRICT,DAY_OF_WEEK,CHP_SHIFT,POPULATION,CNTY_CITY_LOC,SPECIAL_COND,BEAT_TYPE,CHP_BEAT_TYPE,CITY_DIVISION_LAPD,CHP_BEAT_CLASS,BEAT_NUMBER,PRIMARY_RD,SECONDARY_RD,DISTANCE,DIRECTION,INTERSECTION,WEATHER_1,WEATHER_2,STATE_HWY_IND,CALTRANS_COUNTY,CALTRANS_DISTRICT,STATE_ROUTE,ROUTE_SUFFIX,POSTMILE_PREFIX,POSTMILE,LOCATION_TYPE,RAMP_INTERSECTION,SIDE_OF_HWY,TOW_AWAY,COLLISION_SEVERITY,NUMBER_KILLED,NUMBER_INJURED,PARTY_COUNT,PRIMARY_COLL_FACTOR,PCF_CODE_OF_VIOL,PCF_VIOL_CATEGORY,PCF_VIOLATION,PCF_VIOL_SUBSECTION,HIT_AND_RUN,TYPE_OF_COLLISION,MVIW,PED_ACTION,ROAD_SURFACE,ROAD_COND_1,ROAD_COND_2,LIGHTING,CONTROL_DEVICE,CHP_ROAD_TYPE,PEDESTRIAN_ACCIDENT,BICYCLE_ACCIDENT,MOTORCYCLE_ACCIDENT,TRUCK_ACCIDENT,NOT_PRIVATE_PROPERTY,ALCOHOL_INVOLVED,STWD_VEHTYPE_AT_FAULT,CHP_VEHTYPE_AT_FAULT,COUNT_SEVERE_INJ,COUNT_VISIBLE_INJ,COUNT_COMPLAINT_PAIN,COUNT_PED_KILLED,COUNT_PED_INJURED,COUNT_BICYCLIST_KILLED,COUNT_BICYCLIST_INJURED,COUNT_MC_KILLED,COUNT_MC_INJURED,PRIMARY_RAMP,SECONDARY_RAMP,LATITUDE,LONGITUDE,COUNTY,CITY,POINT_X,POINT_Y
90449756,2017,2017-05-05,9545,2017-04-26,0220,019951,NA,3,3,9,1900,0,1,3,NA,2,011,SR-14 S/B,AVENUE D,2318,N,N,A,-,Y,NA,NA,NA,NA,NA,NA,NA,NA,NA,Y,4,0,1,1,A,-,01,23152,A,N,E,I,A,A,H,-,D,D,0,NA,NA,NA,NA,Y,Y,A,01,0,0,1,0,0,0,0,0,0,-,-,34.47003,-118.10155,LOS ANGELES,UNINCORPORATED,-118.17091067,34.78328586
9044978,2020,2020-03-04,1942,2020-01-29,1425,38947,1753,3,5,7,1942,0,0,0,Q,0,17A81,LASSEN ST,WINNETKA AV,63,W,N,A,-,N,NA,NA,NA,NA,NA,NA,NA,NA,NA,Y,4,0,1,2,A,-,21,22106,NA,N,C,C,A,A,H,-,A,A,0,NA,NA,NA,NA,Y,NA,A,01,0,0,1,0,0,0,0,0,0,-,-,NA,NA,LOS ANGELES,LOS ANGELES,-118.57142639160156,34.2499885559082
9044981,2020,2020-10-19,1942,2020-01-31,0625,30452,2177,5,5,7,1942,0,0,0,NA,0,21A97,DE SOTO AV,RT 101,0,NA,Y,A,-,Y,LA,7,101,-,-,24.488,R,4,N,Y,3,0,4,2,A,-,09,21801,A,N,D,C,A,A,H,-,C,A,0,NA,NA,NA,NA,Y,NA,A,01,0,1,3,0,0,0,0,0,0,-,NO,NA,NA,LOS ANGELES,LOS ANGELES,-118.59107208251952,34.16857147216797
90449811,2017,2017-05-05,9580,2017-04-25,1535,020153,NA,2,2,7,1942,0,1,3,NA,2,170,SR-170 N/B (HOLLYWOOD FWY.),BURBANK BLVD,1330,N,N,A,-,Y,NA,NA,170,NA,NA,NA,NA,NA,N,Y,3,0,2,2,A,-,08,22107,NA,N,B,C,A,A,H,-,A,D,0,NA,NA,NA,Y,Y,NA,A,01,0,1,1,0,0,0,0,0,0,-,-,34.17562,-118.39308,LOS ANGELES,LOS ANGELES,-118.39303382,34.17565468
90449817,2017,2017-05-05,9580,2017-04-25,1345,019715,NA,2,1,7,1942,0,1,2,NA,2,102,US-101 N/B (VENTURA FREEWAY),LOUISE AVE.,100,N,N,A,-,Y,NA,NA,101,NA,NA,NA,NA,NA,N,N,4,0,1,1,C,-,18,NA,NA,N,E,J,A,A,H,-,A,D,0,NA,NA,NA,NA,Y,NA,-,-,0,0,1,0,0,0,0,0,0,-,-,34.17125,-118.51046,LOS ANGELES,LOS ANGELES,-118.51045997,34.17128043
90449858,2017,2017-05-05,9525,2017-05-02,1744,019495,NA,2,2,4,1946,0,1,1,NA,2,202,I-210 E/B (FOOTHILL FWY),BUENA VISTA ST.,2640,W,N,A,-,Y,NA,NA,NA,NA,NA,NA,NA,NA,NA,N,4,0,2,2,A,-,07,21658,A,N,B,C,A,A,H,-,A,D,0,NA,NA,NA,NA,Y,NA,A,07,0,0,2,0,0,0,0,0,0,-,-,34.1354,-117.9824,LOS ANGELES,MONROVIA,-117.9862524,34.13537
90449874,2017,2017-05-05,9530,2017-05-01,1240,013990,NA,1,1,7,1941,0,1,1,NA,2,072,I-710 S/B (LONG BEACH FREEWAY),PACIFIC COAST HWY.,2640,N,N,A,-,Y,NA,NA,710,NA,NA,NA,NA,NA,S,Y,3,0,1,2,A,-,07,21658,A,N,B,C,A,A,H,-,A,D,0,NA,NA,Y,NA,Y,NA,A,01,0,1,0,0,0,0,0,0,1,-,-,33.79682,-118.20712,LOS ANGELES,LONG BEACH,-118.20703988,33.79681919
90449876,2017,2017-05-05,9525,2017-05-02,2015,016342,NA,2,2,4,1960,0,1,1,NA,2,208,SR-210 E/B (FOOTHILL FWY),SAN DIMAS AVE.,1584,W,N,A,-,Y,NA,NA,210,NA,NA,NA,NA,NA,E,Y,4,0,1,2,A,-,03,22350,NA,N,C,C,A,A,H,-,C,D,0,NA,NA,NA,NA,Y,NA,E,22,0,0,1,0,0,0,0,0,0,-,-,34.11973,-117.81737,LOS ANGELES,SAN DIMAS,-117.81735759,34.11986617
90449891,2017,2017-05-05,9550,2017-04-27,1628,020948,NA,4,2,9,1900,0,3,5,NA,2,002,MILLS AVENUE,REIS STREET,0,NA,Y,A,-,N,NA,NA,NA,NA,NA,NA,NA,NA,NA,N,4,0,1,2,A,-,05,21650,NA,N,D,G,A,A,H,-,A,D,0,NA,Y,NA,NA,Y,NA,L,04,0,0,1,0,0,0,1,0,0,-,-,33.93983,-118.03465,LOS ANGELES,UNINCORPORATED,-118.03446005,33.93979009
9044990,2020,2020-09-25,1941,2020-02-14,0606,11385,NA,5,5,7,1941,0,0,0,NA,0,NA,PACIFIC COAST HWY,BELLFLOWER BL,0,NA,Y,A,-,Y,LA,7,1,-,-,1.84,H,-,N,Y,4,0,1,2,A,-,03,22350,NA,N,C,C,A,A,H,-,A,A,0,NA,NA,Y,NA,Y,NA,A,NA,0,0,1,0,0,0,0,0,1,-,-,NA,NA,LOS ANGELES,LONG BEACH,-118.12071228027344,33.77394485473633
90449913,2017,2017-05-05,9525,2017-05-01,2030,019188,NA,1,2,4,1938,0,1,1,NA,2,207,SR-210 W/B (FOOTHILL FWY),BIXBY DR,150,E,N,A,-,Y,NA,NA,210,NA,NA,NA,NA,NA,W,Y,3,0,1,1,A,-,08,22107,NA,N,E,I,A,A,H,-,D,D,0,NA,NA,NA,NA,Y,NA,A,01,0,1,0,0,0,0,0,0,0,-,-,34.1197,-117.76946,LOS ANGELES,LA VERNE,-117.76946174,34.11973588
90449922,2017,2017-05-05,9540,2017-04-28,1745,021078,NA,5,2,7,1942,0,1,1,NA,1,502,I-5 N/B (GOLDEN STATE FWY.),BALBOA BLVD.,340,N,N,A,-,Y,NA,NA,5,NA,NA,NA,NA,NA,N,Y,3,0,1,2,A,-,07,21658,A,N,F,C,A,A,H,-,A,D,0,NA,NA,Y,NA,Y,NA,A,01,0,1,0,0,0,0,0,0,1,-,-,34.32132,-118.49672,LOS ANGELES,LOS ANGELES,-118.49668566,34.32138096
90449933,2017,2017-05-05,9530,2017-05-01,0815,018745,NA,1,1,9,1900,0,3,5,NA,2,002,133RD ST. (2500 BLOCK),MONA BLVD.,215,E,N,A,-,N,NA,NA,NA,NA,NA,NA,NA,NA,NA,N,3,0,1,2,A,-,11,21955,NA,N,G,B,D,A,H,-,A,D,0,Y,NA,NA,NA,Y,NA,N,60,0,1,0,0,1,0,0,0,0,-,-,33.91151,-118.22486,LOS ANGELES,UNINCORPORATED,-118.22493282,33.91149
90449951,2017,2017-05-05,9525,2017-05-03,1540,019379,NA,3,2,6,1955,0,1,3,NA,2,604,SR-60 E/B (POMONA FWY),PHILLIPS RANCH RD.,500,W,N,A,-,Y,NA,NA,60,NA,NA,NA,NA,NA,E,N,4,0,1,3,A,-,07,21658,A,N,B,C,A,A,H,-,A,D,0,NA,NA,NA,NA,Y,NA,D,22,0,0,1,0,0,0,0,0,0,-,-,34.02465,-117.77432,LOS ANGELES,POMONA,-117.77426046,34.02480728
90449958,2017,2017-05-05,9540,2017-04-28,0520,020079,NA,5,3,7,1942,0,1,1,NA,1,501,I-5 S/B (GOLDEN STATE FREEWAY),SAN FERNANDO MISSION BLVD,6336,N,N,A,-,Y,NA,NA,5,NA,NA,NA,NA,NA,S,Y,3,0,1,2,A,-,03,22350,NA,N,C,C,A,A,H,-,D,D,0,NA,NA,Y,NA,Y,NA,A,01,0,1,0,0,0,0,0,0,1,-,-,34.29194,-118.46852,LOS ANGELES,LOS ANGELES,-118.46853694,34.29192302
90449961,2017,2017-05-05,9530,2017-04-29,1610,021582,NA,6,2,9,1900,0,3,5,NA,2,002,WILLOWBROOK AVE.,124TH ST.,113,N,N,A,-,N,NA,NA,NA,NA,NA,NA,NA,NA,NA,Y,4,0,1,1,A,-,08,22107,NA,N,E,I,A,A,H,-,A,D,0,NA,NA,NA,NA,Y,NA,A,01,0,0,1,0,0,0,0,0,0,-,-,33.92012,-118.23372,LOS ANGELES,UNINCORPORATED,-118.23375949,33.92010373
90449962,2017,2017-05-05,9550,2017-04-28,0620,021263,NA,5,1,9,1900,0,3,5,NA,2,001,NORWALK BOULEVARD,BURKE STREET,18,N,N,A,-,N,NA,NA,NA,NA,NA,NA,NA,NA,NA,Y,4,0,1,1,A,-,08,22107,NA,N,E,I,A,A,H,-,A,D,0,NA,NA,NA,NA,Y,NA,A,01,0,0,1,0,0,0,0,0,0,-,-,33.96127,-118.07076,LOS ANGELES,UNINCORPORATED,-118.07078185,33.96123889
90449972,2017,2017-05-05,9525,2017-05-04,0820,014971,NA,4,1,4,1946,0,1,1,NA,2,202,I-210 E/B (FOOTHILL FWY),5TH AVE,400,E,N,A,-,Y,NA,NA,210,NA,NA,NA,NA,NA,E,Y,4,0,2,2,A,-,08,22107,NA,N,C,C,A,A,C,-,A,D,0,NA,NA,NA,NA,Y,NA,A,01,0,0,2,0,0,0,0,0,0,-,-,34.14201,-118.01928,LOS ANGELES,MONROVIA,-118.01926157,34.14204984
90449975,2017,2017-05-05,9545,2017-05-01,2040,016124,NA,1,2,9,1900,0,3,5,NA,2,001,AVENUE J,70TH ST EAST,0,NA,Y,A,-,N,NA,NA,NA,NA,NA,NA,NA,NA,NA,Y,3,0,4,2,A,-,09,21802,A,N,D,C,A,A,H,-,C,A,0,NA,NA,NA,NA,Y,NA,A,01,0,1,3,0,0,0,0,0,0,-,-,34.69001,-118.00546,LOS ANGELES,UNINCORPORATED,-118.00542012,34.690000069999996
90449977,2017,2017-05-05,9525,2017-04-17,1630,021392,NA,1,2,5,1990,0,1,3,NA,2,601,SR-60 W/B (POMONA FWY),FAIRWAY DR.,800,E,N,A,-,Y,NA,NA,NA,NA,NA,NA,NA,NA,NA,Y,4,0,2,3,A,-,07,21658,A,N,B,C,A,A,H,-,A,D,0,NA,NA,NA,NA,Y,NA,A,01,0,0,2,0,0,0,0,0,0,-,-,33.99683,-117.86714,LOS ANGELES,DIAMOND BAR,-117.86777062,33.99677731
90449982,2017,2017-05-05,9525,2017-04-17,1815,021392,NA,1,2,5,1990,0,1,3,NA,2,601,SR-60 W/B (POMONA FWY),FAIRWAY DR.,800,E,N,B,-,Y,NA,NA,NA,NA,NA,NA,NA,NA,NA,Y,4,0,1,2,A,-,08,22107,NA,N,B,C,A,A,H,-,A,D,0,NA,NA,NA,NA,Y,NA,A,01,0,0,1,0,0,0,0,0,0,-,-,33.99683,-117.86714,LOS ANGELES,DIAMOND BAR,-117.86777062,33.99677731
90449995,2017,2017-05-05,9550,2017-04-29,1435,020932,NA,6,2,9,1900,0,1,3,NA,2,601,SR 60 WESTBOUND,AZUSA AVENUE,1700,W,N,A,-,Y,NA,NA,60,NA,NA,NA,NA,NA,W,Y,4,0,1,1,A,-,08,22107,NA,N,E,I,A,A,H,-,A,D,0,NA,NA,NA,NA,Y,NA,A,01,0,0,1,0,0,0,0,0,0,-,-,33.99865,-117.93659,LOS ANGELES,UNINCORPORATED,-117.93663298,33.99850882
90449999,2017,2017-05-05,9525,2017-04-28,1600,021074,NA,5,2,4,1905,0,1,1,NA,2,205,I-210 W/B (FOOTHILL FWY),CITRUS AVE,500,E,N,A,-,Y,NA,NA,210,NA,NA,NA,NA,NA,W,N,4,0,2,2,A,-,03,22350,NA,N,C,C,A,A,H,-,A,D,0,NA,NA,NA,NA,Y,NA,A,01,0,0,2,0,0,0,0,0,0,-,-,34.12101,-117.8831,LOS ANGELES,AZUSA,-117.88310064,34.121043
90450004,2017,2017-05-05,9590,2017-04-16,1445,021480,NA,7,2,7,1942,0,1,1,NA,2,083,I-5 S/B (GSF) TO SR-110 N/B (ASP),FIGUEROA ST,500,N,N,A,-,Y,NA,NA,5,NA,NA,NA,R,NA,S,Y,4,0,1,2,A,-,03,22350,NA,N,C,C,A,A,H,-,A,D,0,NA,NA,NA,NA,Y,NA,A,01,0,0,1,0,0,0,0,0,0,-,-,34.08231,-118.22611,LOS ANGELES,LOS ANGELES,-118.22611,34.08231
9045005,2020,2020-09-25,1976,2020-01-04,2220,269,NA,6,5,5,1976,0,0,0,NA,0,003,COLIMA RD,RT 72,13,N,N,A,-,Y,LA,7,72,-,-,1.853,I,6,N,Y,4,0,1,2,A,-,01,23152,A,F,G,B,B,A,H,-,C,A,0,Y,NA,NA,NA,Y,Y,A,01,0,0,1,0,1,0,0,0,0,-,-,NA,NA,LOS ANGELES,WHITTIER,-118.00645446777344,33.948848724365234
90450062,2017,2017-05-05,9575,2017-04-26,1420,020918,NA,3,2,7,1942,0,1,1,NA,2,050,COLORADO ST. EXT. TO I-5,EDENHURST AVE.,700,E,N,A,-,Y,NA,NA,NA,NA,NA,NA,NA,NA,NA,Y,4,0,2,3,A,-,03,22350,NA,N,C,C,A,A,H,-,A,D,0,NA,NA,NA,NA,Y,NA,A,08,0,0,2,0,0,0,0,0,0,-,-,34.14204,-118.27055,LOS ANGELES,LOS ANGELES,-118.27316,34.14303
90450071,2017,2017-05-05,9530,2017-04-30,1510,021465,NA,7,2,5,1943,0,1,1,NA,2,210,I-105 E/B (GLENN ANDERSON FWY),LONG BEACH BLVD.,1056,W,N,A,-,Y,NA,NA,105,NA,NA,NA,NA,NA,E,N,4,0,1,3,A,-,03,22350,NA,F,C,C,A,A,H,-,A,D,0,NA,NA,NA,NA,Y,NA,A,01,0,0,1,0,0,0,0,0,0,-,-,33.9263,-118.2138,LOS ANGELES,LYNWOOD,-118.21375509,33.926402949999996
90450081,2017,2017-05-05,9545,2017-05-03,1045,012653,NA,3,1,9,1900,0,3,5,NA,1,006,AVENUE L-8,50TH ST  W,108,E,N,A,-,N,NA,NA,NA,NA,NA,NA,NA,NA,NA,Y,4,0,1,2,A,-,08,22107,NA,N,B,C,A,A,H,-,A,D,0,NA,NA,NA,NA,Y,NA,A,07,0,0,1,0,0,0,0,0,0,-,-,34.65301,-118.21823,LOS ANGELES,UNINCORPORATED,-118.21823742,34.65288961
90450105,2017,2017-05-16,9540,2017-04-08,0230,021389,NA,6,3,9,1900,0,1,1,NA,1,503,I-5 S/B (GOLDEN STATE FREEWAY),SR-14 S/B,350,S,N,B,C,Y,NA,NA,5,NA,NA,NA,NA,NA,S,Y,4,0,3,2,A,-,03,22350,NA,N,C,C,A,B,H,-,C,D,0,NA,NA,NA,NA,Y,NA,A,01,0,0,3,0,0,0,0,0,0,-,-,34.33349,-118.50823,LOS ANGELES,UNINCORPORATED,-118.50822444,34.3334948
90450107,2017,2017-05-05,9525,2017-04-28,1930,021138,NA,5,2,6,1955,0,1,1,NA,2,108,I-10 E/B (SAN BERNARDINO FWY),DUDLEY ST.,300,W,N,A,-,Y,NA,NA,10,NA,NA,NA,NA,NA,E,N,4,0,3,3,A,-,03,22350,NA,N,C,C,A,A,H,-,A,D,0,NA,NA,NA,NA,Y,NA,A,01,0,0,3,0,0,0,0,0,0,-,-,34.07277,-117.78021,LOS ANGELES,POMONA,-117.78021039,34.0728304
90450112,2017,2017-05-05,9590,2017-03-11,0640,017878,NA,6,1,7,1942,0,1,1,NA,2,052,I-110 N/B (HAF) TO ADAMS BLV,ADAMS BLVD,115,S,N,A,-,Y,NA,NA,110,NA,NA,NA,R,NA,N,Y,4,0,2,6,A,-,01,23152,A,F,C,C,A,A,H,-,A,D,0,NA,NA,NA,NA,Y,Y,D,22,0,0,2,0,0,0,0,0,0,-,-,34.02697,-118.27423,LOS ANGELES,LOS ANGELES,-118.27423,34.02697
90450117,2017,2017-05-05,9590,2017-04-10,1300,021667,NA,1,1,7,1942,0,1,3,NA,2,095,SR-2 W/B (GLENDALE FREEWAY),YORK BOULEVARD,500,E,N,A,-,Y,NA,NA,2,NA,NA,NA,NA,NA,W,Y,4,0,1,1,A,-,03,22350,NA,N,E,J,A,A,H,-,A,D,0,NA,NA,NA,NA,Y,NA,D,22,0,0,1,0,0,0,0,0,0,-,-,34.12619,-118.22838,LOS ANGELES,LOS ANGELES,-118.22840086,34.12618791
90450128,2017,2017-05-05,9565,2017-04-25,1700,021603,NA,2,2,7,1942,0,1,1,NA,2,064,I-405 N/B (SAN DIEGO FREEWAY),MULHOLLAND DR,200,S,N,A,-,Y,NA,NA,405,NA,NA,NA,NA,NA,N,Y,4,0,1,2,A,-,03,22350,NA,N,C,C,A,A,H,-,A,D,0,NA,NA,NA,NA,Y,NA,A,07,0,0,1,0,0,0,0,0,0,-,-,34.12585,-118.47583,LOS ANGELES,LOS ANGELES,-118.47581705,34.12583952
90450136,2017,2017-05-05,9525,2017-05-02,1710,020058,NA,2,2,1,1934,0,1,1,NA,2,203,I-210 W/B (FOOTHILL FWY),I-605,1600,E,N,A,-,Y,NA,NA,210,NA,NA,NA,NA,NA,W,Y,4,0,1,2,A,-,07,21658,A,F,B,C,A,A,H,-,A,D,0,NA,NA,NA,NA,Y,NA,-,99,0,0,1,0,0,0,0,0,0,-,-,34.13153,-117.94792,LOS ANGELES,IRWINDALE,-117.94791982,34.13153049
90450138,2017,2017-05-05,9525,2017-04-14,1506,021393,NA,5,2,6,1955,0,1,1,NA,2,108,I-10 E/B (SAN BERNARDINO FWY),FAIRPLEX DR.,1584,W,N,A,-,Y,NA,NA,10,NA,NA,NA,NA,NA,E,Y,2,0,1,2,A,-,07,21658,A,N,B,C,A,A,H,-,A,D,0,NA,NA,Y,NA,Y,NA,A,01,1,0,0,0,0,0,0,0,1,-,-,34.06521,-117.80623,LOS ANGELES,POMONA,-117.80623476,34.06522174
90450147,2017,2017-05-05,9565,2017-04-25,1515,021453,NA,2,2,7,1942,0,1,1,NA,2,064,I-405 N/B (SAN DIEGO FWY),BEL AIR CREST RD,500,S,N,A,-,Y,NA,NA,405,NA,NA,NA,NA,NA,N,N,4,0,2,3,A,-,03,22350,NA,N,C,C,A,A,H,-,A,D,0,NA,NA,NA,Y,Y,NA,F,26,0,0,2,0,0,0,0,0,0,-,-,34.10927,-118.48081,LOS ANGELES,LOS ANGELES,-118.48074469,34.1093181
90450148,2017,2017-05-05,9525,2017-04-16,1240,021393,NA,7,1,6,1955,0,1,1,NA,2,107,I-10 W/B (SAN BERNARDINO FWY),SR-57,1056,W,N,A,-,Y,NA,NA,10,NA,NA,NA,NA,NA,W,Y,3,0,1,1,A,-,08,22107,NA,N,F,A,A,A,D,E,A,D,0,NA,NA,Y,NA,Y,NA,C,02,0,1,0,0,0,0,0,0,1,-,-,34.06397,-117.81343,LOS ANGELES,POMONA,-117.8134308,34.06398805
90450153,2017,2017-05-05,9525,2017-04-28,1655,021074,NA,5,2,5,1926,0,1,1,NA,2,205,I-210 W/B (FOOTHILL FWY),SUNFLOWER AVE,500,E,N,A,-,Y,NA,NA,210,NA,NA,NA,NA,NA,W,Y,4,0,1,3,A,-,03,22350,NA,N,C,C,A,A,H,-,A,D,0,NA,NA,NA,NA,Y,NA,A,01,0,0,1,0,0,0,0,0,0,-,-,34.11778,-117.84413,LOS ANGELES,GLENDORA,-117.84413501,34.11781147
90450176,2017,2017-05-05,9565,2017-04-26,1230,019031,NA,3,1,9,1900,0,1,1,NA,2,010,I-105 EB (CENTURY FWY),INGLEWOOD AVE,120,W,N,A,-,Y,NA,NA,105,NA,NA,NA,NA,NA,E,Y,3,0,2,2,A,-,08,22107,NA,N,C,C,A,A,H,-,A,D,0,NA,NA,NA,NA,Y,NA,D,22,0,1,1,0,0,0,0,0,0,-,-,33.93207,-118.35994,LOS ANGELES,UNINCORPORATED,-118.35997498,33.93219115
90450194,2017,2017-05-05,9565,2017-04-27,1740,019031,NA,4,2,5,1928,0,1,1,NA,2,010,I-105 CENTURY FWY,PRAIRIE AVE,275,W,N,A,-,Y,NA,NA,105,NA,NA,NA,NA,NA,NA,N,3,0,1,2,A,-,08,22107,NA,N,F,A,A,A,H,-,A,D,0,NA,NA,Y,NA,Y,NA,A,01,0,1,0,0,0,0,0,0,1,-,-,33.93345,-118.35438,LOS ANGELES,HAWTHORNE,-118.3543802,33.93346273
90450204,2017,2017-05-05,9525,2017-05-04,1755,020042,NA,4,2,4,1946,0,1,1,NA,2,202,I-210 E/B (FOOTHILL FWY),MYRTLE AVE,1584,W,N,A,-,Y,NA,NA,210,NA,NA,NA,NA,NA,E,N,4,0,1,2,A,-,07,21658,A,N,C,C,A,A,H,-,A,D,0,NA,NA,NA,NA,Y,NA,A,01,0,0,1,0,0,0,0,0,0,-,-,34.13634,-118.01004,LOS ANGELES,MONROVIA,-118.01002405,34.1363913
9045021,2020,2020-10-13,1955,2020-01-29,0848,40437,77,3,5,6,1955,0,0,0,NA,0,005,RT 71,MISSION BL,2600,S,N,A,-,Y,LA,7,7,-,-,2.11,H,-,N,Y,4,0,3,4,A,-,03,22350,NA,N,C,C,A,A,H,-,A,D,0,NA,NA,NA,Y,Y,NA,A,01,0,0,3,0,0,0,0,0,0,-,-,NA,NA,LOS ANGELES,POMONA,-117.77568817138672,34.04819869995117
90450232,2017,2017-05-05,9565,2017-04-24,1105,021453,NA,1,1,9,1900,0,3,5,NA,2,003,LA BREA AVE.,62ND ST,600,N,N,A,-,N,NA,NA,NA,NA,NA,NA,NA,NA,NA,Y,3,0,1,2,A,-,08,22107,NA,N,E,I,A,A,H,-,A,D,0,NA,NA,NA,NA,Y,NA,A,01,0,1,0,0,0,0,0,0,0,-,-,33.98552,-118.35262,LOS ANGELES,UNINCORPORATED,-118.35780891,33.98543954
90450236,2017,2017-05-05,9565,2017-04-26,1240,021578,NA,3,1,7,1942,0,1,1,NA,2,064,I-405 S/B (SAN DIEGO FWY.),GETTY CENTER DR.,300,N,N,A,-,Y,NA,NA,405,NA,NA,NA,NA,NA,S,Y,4,0,1,4,A,-,03,22350,NA,N,C,C,A,A,H,-,A,D,0,NA,NA,NA,NA,Y,NA,D,22,0,0,1,0,0,0,0,0,0,-,-,34.08954,-118.47557,LOS ANGELES,LOS ANGELES,-118.47556126,34.08954123
90450249,2017,2017-05-05,9565,2017-04-27,0710,017574,NA,4,1,6,1933,0,1,1,NA,2,060,INTERSTATE 405 NORTHBOUND,104TH STREET PED U/C,420,N,N,A,-,Y,NA,NA,405,NA,NA,NA,NA,NA,N,Y,4,0,1,2,A,-,07,21658,A,N,B,C,A,A,H,-,A,D,0,NA,NA,Y,NA,Y,NA,C,02,0,0,1,0,0,0,0,0,1,-,-,33.941,-118.368,LOS ANGELES,INGLEWOOD,-118.368212,33.94099819
90450251,2017,2017-05-05,9575,2017-04-25,0745,020182,NA,2,1,6,1925,0,1,1,NA,2,062,I-210 E/B (FOOTHILL FREEWAY),PENNSYLVANIA AVE.,900,E,N,A,-,Y,NA,NA,210,NA,NA,NA,NA,NA,E,Y,3,0,1,3,A,-,03,22350,NA,N,C,C,A,A,H,-,A,D,0,NA,NA,NA,NA,Y,NA,A,01,0,1,0,0,0,0,0,0,0,-,-,34.22074,-118.2445,LOS ANGELES,GLENDALE,-118.24447729,34.2207859
90450258,2017,2017-05-05,9565,2017-04-27,2220,021640,NA,4,3,5,1928,0,1,1,NA,2,010,I-105 E/B (CENTURY FREEWAY),PRAIRIE AVE.,200,W,N,A,-,Y,NA,NA,105,NA,NA,NA,NA,NA,E,Y,4,0,1,4,A,-,03,22350,NA,N,C,C,A,A,H,-,D,D,0,NA,NA,NA,NA,Y,NA,A,01,0,0,1,0,0,0,0,0,0,-,-,33.92927,-118.34335,LOS ANGELES,HAWTHORNE,-118.34329044,33.92935526
90450267,2017,2017-05-05,9565,2017-04-27,1400,019031,NA,4,2,7,1942,0,1,1,NA,2,060,I-405 SB TO I-105 WB,I-405,300,W,N,A,-,Y,NA,NA,405,NA,NA,NA,R,NA,S,N,4,0,1,2,A,-,03,22350,NA,M,C,C,A,A,H,-,A,D,0,NA,NA,NA,NA,Y,NA,A,01,0,0,1,0,0,0,0,0,0,-,-,33.93157,-118.36923,LOS ANGELES,LOS ANGELES,-118.36923,33.93157
90450271,2017,2017-05-05,9565,2017-04-18,1410,017713,NA,2,2,4,1918,0,1,1,NA,2,061,I-405 S/B (SAN DIEGO FREEWAY),BRADDOCK DR.,500,S,N,A,-,Y,NA,NA,405,NA,NA,NA,NA,NA,S,Y,3,0,1,2,A,-,08,22107,NA,F,B,C,A,A,H,-,A,D,0,NA,NA,Y,NA,Y,NA,A,01,0,1,0,0,0,0,0,0,1,-,-,33.99968,-118.40861,LOS ANGELES,CULVER CITY,-118.40866524,33.99963626
90450272,2017,2017-05-05,9565,2017-04-27,1945,021576,NA,4,2,9,1900,0,3,5,NA,2,002,E/B 107TH ST.,BUDLONG AVE.,200,E,N,A,-,N,NA,NA,NA,NA,NA,NA,NA,NA,NA,Y,4,0,2,2,A,-,06,21750,NA,M,B,C,A,A,H,-,C,D,0,NA,NA,NA,NA,Y,NA,A,07,0,0,2,0,0,0,0,0,0,-,-,33.93885,-118.29501,LOS ANGELES,UNINCORPORATED,-118.29556999,33.93882628
90450275,2017,2017-05-05,9590,2017-03-16,0534,021346,NA,4,3,7,1942,0,1,1,NA,2,060,I-10 E/B (SANTA MONICA FREEWAY),6TH AVENUE,500,E,N,A,-,Y,NA,NA,10,NA,NA,NA,NA,NA,E,Y,4,0,1,2,A,-,03,22350,NA,N,C,C,A,A,H,-,A,D,0,NA,NA,NA,NA,Y,NA,A,01,0,0,1,0,0,0,0,0,0,-,-,34.03597,-118.32173,LOS ANGELES,LOS ANGELES,-118.32174196,34.0360614
90450276,2017,2017-05-05,9550,2017-04-29,1840,020959,NA,6,2,9,1900,0,1,3,NA,2,600,STATE ROUTE 60 E/B (POMONA FREEWAY),7TH AVENUE,825,E,N,A,-,Y,NA,NA,60,NA,NA,NA,NA,NA,E,Y,4,0,2,2,A,-,03,22350,NA,N,C,C,A,A,H,-,A,D,0,NA,NA,NA,NA,Y,NA,A,07,0,0,2,0,0,0,0,0,0,-,-,34.01339,-117.98254,LOS ANGELES,UNINCORPORATED,-117.9824835,34.01345932
90450278,2017,2017-05-05,9565,2017-04-27,1512,019138,NA,4,2,7,1942,0,1,1,NA,2,082,I-10 EB (SANTA MONICA FWY),SAWTELLE BLVD,450,W,N,A,-,Y,NA,NA,10,NA,NA,NA,NA,NA,E,Y,4,0,1,3,A,-,07,21658,A,N,C,C,A,A,H,-,A,D,0,NA,NA,Y,NA,Y,NA,A,01,0,0,1,0,0,0,0,0,1,-,-,34.03067,-118.43669,LOS ANGELES,LOS ANGELES,-118.43670801,34.03076984