CASE_ID,ACCIDENT_YEAR,PROC_DATE,JURIS,COLLISION_DATE,COLLISION_TIME,OFFICER_ID,REPORTING_DISTRICT,DAY_OF_WEEK,CHP_SHIFT,POPULATION,CNTY_CITY_LOC,SPECIAL_COND,BEAT_TYPE,CHP_BEAT_TYPE,CITY_DIVISION_LAPD,CHP_BEAT_CLASS,BEAT_NUMBER,PRIMARY_RD,SECONDARY_RD,DISTANCE,DIRECTION,INTERSECTION,WEATHER_1,WEATHER_2,STATE_HWY_IND,CALTRANS_COUNTY,CALTRANS_DISTRICT,STATE_ROUTE,ROUTE_SUFFIX,POSTMILE_PREFIX,POSTMILE,LOCATION_TYPE,RAMP_INTERSECTION,SIDE_OF_HWY,TOW_AWAY,COLLISION_SEVERITY,NUMBER_KILLED,NUMBER_INJURED,PARTY_COUNT,PRIMARY_COLL_FACTOR,PCF_CODE_OF_VIOL,PCF_VIOL_CATEGORY,PCF_VIOLATION,PCF_VIOL_SUBSECTION,HIT_AND_RUN,TYPE_OF_COLLISION,MVIW,PED_ACTION,ROAD_SURFACE,ROAD_COND_1,ROAD_COND_2,LIGHTING,CONTROL_DEVICE,CHP_ROAD_TYPE,PEDESTRIAN_ACCIDENT,BICYCLE_ACCIDENT,MOTORCYCLE_ACCIDENT,TRUCK_ACCIDENT,NOT_PRIVATE_PROPERTY,ALCOHOL_INVOLVED,STWD_VEHTYPE_AT_FAULT,CHP_VEHTYPE_AT_FAULT,COUNT_SEVERE_INJ,COUNT_VISIBLE_INJ,COUNT_COMPLAINT_PAIN,COUNT_PED_KILLED,COUNT_PED_INJURED,COUNT_BICYCLIST_KILLED,COUNT_BICYCLIST_INJURED,COUNT_MC_KILLED,COUNT_MC_INJURED,PRIMARY_RAMP,SECONDARY_RAMP,LATITUDE,LONGITUDE,COUNTY,CITY,POINT_X,POINT_Y
90454721,2017,2017-05-12,9575,2017-04-28,1740,019976,NA,5,2,5,1902,0,1,1,NA,2,065,I-210 E/B (FOOTHILL FREEWAY),BALDWIN AVE.,1000,W,N,A,-,Y,NA,NA,210,NA,NA,NA,NA,NA,E,Y,3,0,1,2,A,-,07,21658,A,F,B,C,A,A,H,-,A,D,0,NA,NA,Y,NA,Y,NA,-,99,0,1,0,0,0,0,0,0,1,-,-,34.14883,-118.05776,LOS ANGELES,ARCADIA,-118.05775628,34.14860727
90454746,2017,2017-07-03,9575,2017-04-22,2038,021254,NA,6,2,7,1942,0,1,1,NA,2,061,I-210 W/B (FOOTHILL FREEWAY),SUNLAND BOULEVARD,800,W,N,A,-,Y,NA,NA,210,NA,NA,NA,NA,NA,W,Y,4,0,1,3,A,-,17,21658,NA,M,B,C,A,A,H,-,D,D,0,NA,NA,NA,NA,Y,NA,A,01,0,0,1,0,0,0,0,0,0,-,-,34.24319,-118.31715,LOS ANGELES,LOS ANGELES,-118.31714557,34.24319953
90454755,2017,2017-05-12,9575,2017-05-05,1828,021283,NA,5,2,6,1953,0,1,1,NA,2,064,I-210 E/B (FOOTHILL FREEWAY),ALTADENA DR.,400,W,N,A,-,Y,NA,NA,210,NA,NA,NA,NA,NA,E,N,4,0,1,2,A,-,03,22350,NA,N,C,C,A,A,H,-,A,D,0,NA,NA,NA,NA,Y,NA,A,01,0,0,1,0,0,0,0,0,0,-,-,34.1524,-118.10075,LOS ANGELES,PASADENA,-118.10075003,34.15235952
90454757,2017,2017-05-12,9525,2017-05-05,2200,020693,NA,5,3,1,1934,0,1,1,NA,2,204,I-210 E/B (FOOTHILL FWY),SAN GABRIEL RIVER,100,W,N,A,-,Y,NA,NA,210,NA,NA,NA,NA,NA,E,Y,4,0,1,3,A,-,03,22350,NA,N,C,C,A,A,H,-,C,D,0,NA,NA,NA,NA,Y,NA,A,01,0,0,1,0,0,0,0,0,0,-,-,34.13229,-117.95096,LOS ANGELES,IRWINDALE,-117.95093677,34.13235107
90454762,2017,2017-05-12,9535,2017-05-07,0545,016915,NA,7,3,5,1906,0,1,1,NA,2,650,I-605 N/B (SGF) TO I-10 W/B (SBF),N. CONNECTOR U/C,195,S,N,B,C,Y,NA,NA,605,NA,NA,NA,R,NA,N,Y,3,0,1,1,A,-,03,22350,NA,N,E,I,A,B,H,-,C,D,0,NA,NA,NA,NA,Y,NA,A,01,0,1,0,0,0,0,0,0,0,-,-,34.06596,-117.99995,LOS ANGELES,BALDWIN PARK,-117.99995,34.06596
90454769,2017,2017-05-12,9525,2017-05-06,2235,021156,NA,6,3,9,1900,0,3,5,NA,2,002,CIENEGA AVE,VALLEY CENTER AVE,0,NA,Y,B,C,N,NA,NA,NA,NA,NA,NA,NA,NA,NA,Y,4,0,2,2,A,-,12,22450,A,N,D,C,A,B,H,-,C,D,0,NA,NA,NA,NA,Y,NA,A,01,0,0,2,0,0,0,0,0,0,-,-,34.10305,-117.83761,LOS ANGELES,UNINCORPORATED,-117.83763013,34.10305005
90454772,2017,2017-05-12,9575,2017-05-06,1928,021283,NA,6,2,6,1925,0,1,1,NA,2,050,I-5 N/B (GOLDEN STATE FREEWAY),SONORA AVE.,75,S,N,A,-,Y,NA,NA,5,NA,NA,NA,NA,NA,N,Y,4,0,2,2,A,-,03,22350,NA,N,C,C,A,A,H,-,A,D,0,NA,NA,NA,NA,Y,NA,A,01,0,0,2,0,0,0,0,0,0,-,-,34.16126,-118.29284,LOS ANGELES,GLENDALE,-118.29305724,34.16113566
90454798,2017,2017-05-12,9575,2017-05-05,1805,015204,NA,5,2,6,1953,0,1,1,NA,2,065,I-210 W/B (FOOTHILL FREEWAY),SIERRA MADRE VILLA,500,E,N,A,-,Y,NA,NA,210,NA,NA,NA,NA,NA,W,N,4,0,1,3,A,-,03,22350,NA,N,C,C,A,A,H,-,A,D,0,NA,NA,NA,NA,Y,NA,A,01,0,0,1,0,0,0,0,0,0,-,-,34.14797,-118.0795,LOS ANGELES,PASADENA,-118.07950137,34.14801323
90454802,2017,2017-05-12,9540,2017-05-10,0415,020055,NA,3,3,9,1900,0,1,3,NA,2,147,SR-14 S/B (ANTELOPE VALLEY FWY),ESCONDIDO CANYON RD,3960,N,N,B,-,Y,NA,NA,14,NA,NA,NA,NA,NA,S,Y,4,0,1,2,A,-,07,21658,A,N,C,C,A,A,H,-,D,D,0,NA,NA,NA,Y,Y,NA,A,01,0,0,1,0,0,0,0,0,0,-,-,34.49733,-118.27075,LOS ANGELES,UNINCORPORATED,-118.27073811,34.49726278
9045481,2020,2020-03-10,1900,2020-01-13,0825,403161,1412,1,5,1,1932,0,0,0,NA,0,141T2,TEMPLE AV,BALDWIN PARK BL,0,NA,Y,A,-,N,NA,NA,NA,NA,NA,NA,NA,NA,NA,Y,3,0,2,2,A,-,09,21801,A,N,-,C,A,A,H,-,A,A,0,NA,NA,NA,NA,Y,NA,A,07,0,1,1,0,0,0,0,0,0,-,-,34.05720901489258,-117.99172973632813,LOS ANGELES,INDUSTRY,-117.99176788330078,34.05718994140625
9045482,2019,2020-02-13,1942,2019-04-26,1355,43631,1827,5,5,7,1942,0,0,0,R,0,18L90,101ST ST,GRAPE ST,20,E,N,A,-,N,NA,NA,NA,NA,NA,NA,NA,NA,NA,N,4,0,1,2,A,-,00,20015,NA,F,G,B,E,B,H,-,A,D,0,Y,NA,NA,NA,Y,NA,-,99,0,0,1,0,1,0,0,0,0,-,-,NA,NA,LOS ANGELES,LOS ANGELES,-118.23671722412108,33.944889068603516
90454846,2017,2017-05-12,9535,2017-05-07,0625,019778,NA,7,1,5,1959,0,1,1,NA,2,401,I-10 W/B TO TEMPLE CITY BLVD.,TEMPLE CITY BLVD.,80,E,N,B,C,Y,NA,NA,NA,NA,NA,NA,NA,NA,NA,N,3,0,1,1,A,-,03,22350,NA,N,F,A,A,B,H,-,A,D,0,NA,NA,Y,NA,Y,NA,C,02,0,1,0,0,0,0,0,0,1,-,-,33.92982,-118.17953,LOS ANGELES,ROSEMEAD,NA,NA
90454916,2017,2017-05-12,9530,2017-05-07,0326,021235,NA,7,3,7,1942,0,1,1,NA,2,200,I-105 W/B (GLENN ANDERSON FWY),I-105 E/B (GLENN ANDERSON FWY),400,E,N,C,-,Y,NA,NA,105,NA,NA,NA,NA,NA,W,Y,4,0,1,2,A,-,08,22107,NA,N,E,I,A,B,H,-,B,D,0,NA,NA,NA,NA,Y,Y,D,22,0,0,1,0,0,0,0,0,0,-,-,33.92824,-118.25426,LOS ANGELES,LOS ANGELES,-118.25425796,33.92822465
90454993,2017,2017-05-12,9550,2017-05-11,1540,020928,NA,4,2,9,1900,0,3,5,NA,2,001,SORENSEN AVE,MINES BLVD,0,NA,Y,A,-,N,NA,NA,NA,NA,NA,NA,NA,NA,NA,N,4,0,1,2,A,-,12,21453,A,N,D,G,A,A,H,-,A,A,0,NA,Y,NA,NA,Y,NA,L,04,0,0,1,0,0,0,1,0,0,-,-,33.97226,-118.05941,LOS ANGELES,UNINCORPORATED,-118.05917,33.97227011
90455053,2017,2017-05-12,9530,2017-05-05,1315,020938,NA,5,1,3,1940,1,4,S,NA,2,901,255TH STREET (1900 BLOCK),WALNUT ST.,50,E,N,A,-,N,NA,NA,NA,NA,NA,NA,NA,NA,NA,N,4,0,1,1,C,-,18,NA,NA,N,H,A,A,A,H,-,A,D,0,NA,NA,NA,NA,Y,NA,-,-,0,0,1,0,0,0,0,0,0,-,-,33.4735,-118.1841,LOS ANGELES,LOMITA,-118.31189575,33.79258
90455054,2017,2017-05-12,9575,2017-05-02,1245,018762,NA,2,1,7,1942,0,1,1,NA,2,053,I-5 NB TO SR-118,PAXTON STREET,900,S,N,A,-,Y,NA,NA,5,NA,NA,NA,R,NA,N,Y,4,0,1,6,A,-,07,21658,A,N,B,C,A,A,H,-,A,D,0,NA,NA,NA,Y,Y,NA,D,22,0,0,1,0,0,0,0,0,0,-,-,34.26041,-118.43858,LOS ANGELES,LOS ANGELES,-118.43858,34.26041
90455069,2017,2017-05-12,9535,2017-05-01,0735,014987,NA,1,1,5,1906,0,1,1,NA,2,650,I-605 (SAN GABRIEL RIVER FREEWAY) N/B,VALLEY BLVD,900,S,N,A,-,Y,NA,NA,605,NA,NA,NA,NA,NA,N,Y,4,0,2,3,A,-,03,22350,NA,N,C,C,A,A,H,-,A,D,0,NA,NA,NA,NA,Y,NA,A,07,0,0,2,0,0,0,0,0,0,-,-,34.0541,-118.0041,LOS ANGELES,BALDWIN PARK,-118.00420926,34.05416072
90455076,2017,2017-05-12,9575,2017-04-29,1325,020995,NA,6,1,6,1925,0,1,3,NA,2,042,SR-134 E/B FROM BRAND BLVD,BRAND BLVD.,100,E,N,A,-,Y,NA,NA,134,NA,NA,NA,R,NA,E,N,4,0,1,2,A,-,03,22350,NA,N,C,C,A,A,H,-,A,D,0,NA,NA,NA,NA,Y,NA,D,22,0,0,1,0,0,0,0,0,0,-,-,34.15607,-118.25355,LOS ANGELES,GLENDALE,-118.25355,34.15607
90455081,2017,2017-05-12,9535,2017-05-11,1515,019135,NA,4,2,3,1914,0,1,1,NA,2,501,I-5 (SANTA ANA FREEWAY) S/B,SIMMONS R/R OC,500,N,N,A,-,Y,NA,NA,5,NA,NA,NA,NA,NA,S,N,4,0,1,2,A,-,03,22350,NA,N,C,C,A,A,H,-,A,D,0,NA,NA,NA,NA,Y,NA,D,22,0,0,1,0,0,0,0,0,0,-,-,33.99132,-118.1407,LOS ANGELES,COMMERCE,-118.14098253,33.99104576
90455085,2017,2017-05-15,9575,2017-05-03,1430,017589,NA,3,2,7,1942,0,1,1,NA,2,050,I-5 S/B (GOLDEN STATE FREEWAY),SR-134 E/B (VENTURA FREEWAY),200,N,N,A,-,Y,NA,NA,5,NA,NA,NA,NA,NA,S,Y,3,0,1,3,A,-,03,22350,NA,N,C,C,A,A,H,-,A,D,0,NA,NA,NA,NA,Y,NA,D,22,0,1,0,0,0,0,0,0,0,-,-,34.1506,-118.2808,LOS ANGELES,LOS ANGELES,-118.28088161,34.15052863
90455087,2017,2017-05-15,9575,2017-04-28,0645,020995,NA,5,1,7,1942,0,1,1,NA,2,052,I-5 N/B (GOLDEN STATE FREEWAY),PENROSE ST.,500,S,N,A,-,Y,NA,NA,5,NA,NA,NA,NA,NA,N,Y,4,0,1,3,A,-,07,21658,A,N,B,C,A,A,H,-,A,D,0,NA,NA,NA,NA,Y,NA,A,01,0,0,1,0,0,0,0,0,0,-,-,34.22353,-118.37175,LOS ANGELES,LOS ANGELES,-118.37174639,34.22353512
90455105,2017,2017-05-15,9580,2017-05-02,1920,020402,NA,2,2,7,1942,0,1,2,NA,2,104,US-101 N/B (VENTURA FREEWAY),WHITE OAK AVE,1200,N,N,A,-,Y,NA,NA,101,NA,NA,NA,NA,NA,N,Y,4,0,2,2,A,-,08,22107,NA,N,B,C,A,A,H,-,B,D,0,NA,NA,NA,NA,Y,NA,A,01,0,0,2,0,0,0,0,0,0,-,-,34.17101,-118.51901,LOS ANGELES,LOS ANGELES,-118.51901,34.17128385
90455108,2017,2017-05-15,9580,2017-05-02,1854,019319,NA,2,2,7,1942,0,1,2,NA,2,103,US-101 S/B (VENTURA FREEWAY),HASKELL AVE,528,N,N,A,-,Y,NA,NA,101,NA,NA,NA,NA,NA,S,Y,4,0,3,3,A,-,03,22350,NA,N,C,C,A,A,H,-,A,D,0,NA,NA,NA,NA,Y,NA,A,08,0,0,3,0,0,0,0,0,0,-,-,34.16524,-118.47832,LOS ANGELES,LOS ANGELES,-118.47832024,34.16525774
90455110,2017,2017-05-15,9580,2017-05-02,0825,019544,NA,2,1,7,1942,0,1,3,NA,2,115,SR-118 W/B (RONALD REAGAN FWY.),SEPULVEDA BLVD,2640,E,N,A,-,Y,NA,NA,118,NA,NA,NA,NA,NA,W,Y,4,0,2,2,A,-,03,22350,NA,N,C,C,A,A,H,-,A,D,0,NA,NA,NA,NA,Y,NA,D,22,0,0,2,0,0,0,0,0,0,-,-,34.26604,-118.45678,LOS ANGELES,LOS ANGELES,-118.45678011,34.26602334
90455158,2017,2017-05-15,9575,2017-05-09,0720,021006,NA,2,1,7,1942,0,1,1,NA,2,053,I-5 S/B (GOLDEN STATE FREEWAY),OSBORNE ST.,300,S,N,A,-,Y,NA,NA,5,NA,NA,NA,NA,NA,S,N,4,0,1,2,A,-,03,22350,NA,N,C,C,A,A,H,-,A,D,0,NA,NA,NA,NA,Y,NA,A,01,0,0,1,0,0,0,0,0,0,-,-,34.24174,-118.41946,LOS ANGELES,LOS ANGELES,-118.41943881,34.24176236
90455174,2017,2017-05-15,9575,2017-05-06,1215,020887,NA,6,1,6,1953,0,1,1,NA,2,063,I-210 EB TO I-210 EB,ORANGE GROVE BLVD,500,W,N,A,B,Y,NA,NA,210,NA,NA,NA,R,NA,E,Y,4,0,1,2,A,-,03,22350,NA,N,C,C,A,B,H,-,A,D,0,NA,NA,NA,NA,Y,NA,D,22,0,0,1,0,0,0,0,0,0,-,-,34.15447,-118.15756,LOS ANGELES,PASADENA,-118.15756,34.15447
90455209,2017,2017-05-15,9575,2017-04-30,1635,020995,NA,7,2,7,1942,0,1,3,NA,2,070,SR-118 W/B (RONALD REAGAN),GLENOAKS BLVD.,500,W,N,A,-,Y,NA,NA,118,NA,NA,NA,NA,NA,W,Y,4,0,1,2,A,-,07,21658,A,M,C,C,A,A,H,-,A,D,0,NA,NA,NA,NA,Y,Y,A,07,0,0,1,0,0,0,0,0,0,-,-,34.2786,-118.42081,LOS ANGELES,LOS ANGELES,-118.42099187,34.27884835
9045522,2020,2020-02-26,1900,2020-01-16,0736,526692,1415,4,5,1,1932,0,0,0,NA,0,141T2,GALE AV,AZUSA AV,20,W,N,B,-,N,NA,NA,NA,NA,NA,NA,NA,NA,NA,N,4,0,1,2,D,-,00,NA,NA,N,G,B,B,A,H,-,A,A,0,Y,NA,NA,NA,Y,NA,-,-,0,0,1,0,1,0,0,0,0,-,-,NA,NA,LOS ANGELES,INDUSTRY,-117.93092346191406,34.00017547607422
90455223,2017,2017-05-15,9575,2017-05-12,1140,020918,NA,5,1,6,1953,0,1,1,NA,2,063,I-210 E/B (FOOTHILL FREEWAY),ORANGE GROVE BLVD.,200,E,N,A,-,Y,NA,NA,210,NA,NA,NA,NA,NA,E,N,4,0,2,3,A,-,03,22350,NA,N,C,C,A,A,H,-,A,D,0,NA,NA,NA,NA,Y,NA,A,01,0,0,2,0,0,0,0,0,0,-,-,34.15344,-118.15728,LOS ANGELES,PASADENA,-118.15698392,34.15357286
90455229,2017,2017-05-15,9575,2017-05-11,0750,020918,NA,4,1,6,1953,0,1,1,NA,2,063,I-210 E/B (FOOTHILL FREEWAY),ARROYO BLVD.,200,E,N,A,-,Y,NA,NA,210,NA,NA,NA,NA,NA,E,Y,4,0,2,3,A,-,03,22350,NA,N,C,C,A,A,H,-,A,D,0,NA,NA,NA,Y,Y,NA,G,25,0,0,2,0,0,0,0,0,0,-,-,34.18072,-118.16842,LOS ANGELES,PASADENA,-118.16845772,34.18066702
90455243,2017,2017-05-15,9525,2017-05-06,1155,018364,NA,6,1,6,1955,0,1,1,NA,2,107,I-10 W/B (SAN BERNARDINO FWY),KELLOGG DRIVE U/C,3168,W,N,B,-,Y,NA,NA,NA,NA,NA,NA,NA,NA,NA,Y,4,0,2,3,A,-,07,21658,A,N,B,C,A,A,D,H,A,D,0,NA,NA,NA,NA,Y,NA,A,07,0,0,2,0,0,0,0,0,0,-,-,34.06381,-117.82217,LOS ANGELES,POMONA,-117.82243023,34.06368157
90455252,2017,2017-05-15,9525,2017-05-07,0245,020693,NA,7,3,5,1906,0,1,1,NA,2,651,I-605 S/B TO I-10 W/B,I-10 W/B (SAN BERNARDINO FWY),20,N,N,C,-,Y,NA,NA,605,NA,NA,NA,R,NA,S,Y,3,0,1,1,A,-,08,22107,NA,N,E,J,A,B,H,-,C,D,0,NA,NA,NA,NA,Y,NA,A,07,0,1,0,0,0,0,0,0,0,-,-,34.06524,-118.00211,LOS ANGELES,BALDWIN PARK,-118.00211,34.06524
90455253,2017,2017-05-15,9575,2017-04-27,1410,019976,NA,4,2,9,1900,0,2,4,NA,2,082,HUNTINGTON DRIVE,LA PRESA DRIVE,0,NA,Y,A,-,N,NA,NA,NA,NA,NA,NA,NA,NA,NA,Y,4,0,1,3,A,-,09,21801,A,N,D,C,A,A,H,-,A,A,0,NA,NA,NA,NA,Y,NA,A,01,0,0,1,0,0,0,0,0,0,-,-,34.12887,-118.08471,LOS ANGELES,UNINCORPORATED,-118.08466005,34.12895002
90455257,2017,2017-05-15,9575,2017-05-12,1556,020918,NA,5,2,5,1902,0,1,1,NA,2,065,I-210 E/B (FOOTHILL FREEWAY),SANTA ANITA AVE.,3696,W,N,A,-,Y,NA,NA,210,NA,NA,NA,NA,NA,E,N,4,0,1,2,A,-,03,22350,NA,N,C,C,A,A,H,-,A,D,0,NA,NA,NA,NA,Y,NA,A,01,0,0,1,0,0,0,0,0,0,-,-,34.14869,-118.04405,LOS ANGELES,ARCADIA,-118.04405016,34.14871735
9045526,2020,2020-02-26,1925,2020-01-31,1629,21995,216,5,5,6,1925,0,0,0,NA,0,003,DORAN ST,PACIFIC AV,265,W,N,A,-,N,NA,NA,NA,NA,NA,NA,NA,NA,NA,Y,4,0,4,3,A,-,09,21804,A,N,D,C,A,A,H,-,A,D,0,NA,NA,NA,NA,Y,NA,A,01,0,0,4,0,0,0,0,0,0,-,-,NA,NA,LOS ANGELES,GLENDALE,-118.26543426513672,34.15401077270508
90455263,2017,2017-05-15,9525,2017-05-11,1727,020058,NA,4,2,4,1913,0,1,1,NA,2,208,SR-210 E/B (FOOTHILL FWY),WHEELER AVE,100,E,N,A,-,Y,NA,NA,NA,NA,NA,NA,NA,NA,NA,N,4,0,1,2,A,-,03,22350,NA,N,C,C,A,A,H,-,A,D,0,NA,NA,NA,NA,Y,NA,A,01,0,0,1,0,0,0,0,0,0,-,-,34.11935,-117.77579,LOS ANGELES,CLAREMONT,-117.776561,34.11942377
90455274,2017,2017-05-15,9525,2017-05-12,1750,016342,NA,5,2,5,1990,0,1,3,NA,2,574,SR-57 N/B TO SR-60 E/B,GOLDEN SPRINGS DR.,1100,S,N,A,-,Y,NA,NA,57,NA,NA,NA,R,NA,N,Y,4,0,1,2,A,-,03,22350,NA,N,C,C,A,A,H,-,A,D,0,NA,NA,NA,NA,Y,NA,A,01,0,0,1,0,0,0,0,0,0,-,-,33.99847,-117.8379,LOS ANGELES,DIAMOND BAR,-117.8379,33.99847
90455279,2016,2018-02-13,9590,2016-12-29,0358,020527,NA,4,3,7,1942,0,1,1,NA,2,052,I-110 N/B (HAF) TO 3RD STREET,3RD STREET,14,S,N,A,-,Y,NA,NA,110,NA,NA,NA,R,NA,N,Y,1,1,0,1,A,-,08,22107,NA,N,E,I,A,A,H,-,C,D,0,NA,NA,NA,NA,Y,NA,A,01,0,0,0,0,0,0,0,0,0,-,-,34.05598,-118.25601,LOS ANGELES,LOS ANGELES,-118.25601,34.05598
90455294,2017,2017-05-15,9550,2017-05-04,1750,021405,NA,4,2,5,1919,0,1,3,NA,2,091,STATE ROUTE 91 (ARTESIA FREEWAY) W/B,INTERSTATE 605 S/B,300,W,N,A,-,Y,NA,NA,91,NA,NA,NA,NA,NA,W,Y,2,0,2,4,A,-,08,22107,NA,F,B,C,A,A,H,-,A,D,0,NA,NA,NA,NA,Y,NA,D,22,1,0,1,0,0,0,0,0,0,-,-,33.87643,-118.10375,LOS ANGELES,CERRITOS,-118.10374979,33.87637035
90455297,2017,2017-05-15,9550,2017-05-04,1736,021386,NA,4,2,5,1935,0,1,1,NA,2,652,I-605 NB,CARSON STREET,800,N,N,A,-,Y,NA,NA,605,NA,NA,NA,NA,NA,N,N,4,0,1,2,A,-,03,22350,NA,F,C,C,A,A,H,-,A,D,0,NA,NA,NA,NA,Y,NA,-,99,0,0,1,0,0,0,0,0,0,-,-,33.83366,-118.08521,LOS ANGELES,LAKEWOOD,-118.0852021,33.83366454
90455312,2017,2017-05-15,9530,2017-05-04,2135,020548,NA,4,2,9,1900,0,3,5,NA,2,001,COMPTON AVE (7600 BLOCK),76TH PL.,119,S,N,A,-,N,NA,NA,NA,NA,NA,NA,NA,NA,NA,Y,4,0,2,3,A,-,08,22107,NA,N,C,C,A,A,H,-,C,D,0,NA,NA,NA,NA,Y,NA,A,01,0,0,2,0,0,0,0,0,0,-,-,33.97037,-118.24757,LOS ANGELES,UNINCORPORATED,-118.24769153,33.97044372
90455314,2017,2017-05-15,9530,2017-05-04,1010,021465,NA,4,1,9,1900,0,3,5,NA,2,001,ALAMEDA ST. (7600 BLOCK),76TH ST.,125,S,N,A,-,N,NA,NA,NA,NA,NA,NA,NA,NA,NA,N,4,0,1,2,A,-,09,21804,A,N,D,G,A,A,H,-,A,D,0,NA,Y,NA,NA,Y,NA,D,22,0,0,1,0,0,0,1,0,0,-,-,33.9715,-118.2342,LOS ANGELES,UNINCORPORATED,-118.23415656,33.9715827
90455318,2017,2017-05-15,9575,2017-04-30,1925,021664,NA,7,2,6,1925,0,1,3,NA,2,090,SR-2 W/B TO HOLLY DR. OFF RAMP,HOLLY DR.,60,N,N,A,-,Y,NA,NA,2,NA,NA,NA,R,NA,W,Y,4,0,2,2,A,-,03,22350,NA,N,C,C,A,A,H,-,B,A,0,NA,NA,NA,NA,Y,NA,A,08,0,0,2,0,0,0,0,0,0,-,-,34.15139,-118.22572,LOS ANGELES,GLENDALE,-118.22572,34.15139
90455333,2017,2017-05-15,9575,2017-05-06,1013,020702,NA,6,1,7,1942,0,1,3,NA,2,070,SR-118 W/B FROM SAN FERNANDO RD.,SAN FERNANDO RD.,200,W,N,B,-,Y,NA,NA,118,NA,NA,NA,R,NA,W,Y,4,0,1,1,A,-,03,22350,NA,N,E,I,A,B,H,-,A,D,0,NA,NA,NA,NA,Y,NA,A,07,0,0,1,0,0,0,0,0,0,-,-,34.2723,-118.43051,LOS ANGELES,LOS ANGELES,-118.43051,34.2723
90455336,2017,2017-05-15,9575,2017-05-08,1049,021006,NA,1,1,9,1900,0,2,4,NA,2,020,ALTADENA DR.,MARENGO AVE.,0,NA,Y,A,-,N,NA,NA,NA,NA,NA,NA,NA,NA,NA,Y,4,0,1,2,A,-,09,21800,D,N,D,C,A,A,H,-,A,B,0,NA,NA,NA,NA,Y,NA,A,01,0,0,1,0,0,0,0,0,0,-,-,34.1926,-118.14126,LOS ANGELES,UNINCORPORATED,-118.14127001,34.19261006
9045534,2020,2020-02-26,1925,2020-01-27,1339,26039,158,1,5,6,1925,0,0,0,NA,0,004,CHEVY CHASE DR,CANYON DR,0,NA,Y,A,-,N,NA,NA,NA,NA,NA,NA,NA,NA,NA,N,3,0,2,2,A,-,03,22350,NA,N,C,C,A,A,H,-,A,D,0,NA,NA,NA,NA,Y,NA,A,01,0,1,1,0,0,0,0,0,0,-,-,NA,NA,LOS ANGELES,GLENDALE,-118.23448944091795,34.15163040161133
90455357,2017,2017-05-15,9575,2017-05-06,0250,020729,NA,6,3,6,1925,0,1,3,NA,2,090,SR-2 E/B (GLENDALE FREEWAY),VERDUGO BLVD.,500,W,N,A,-,Y,NA,NA,2,NA,NA,NA,NA,NA,E,Y,3,0,1,1,A,-,01,23152,A,N,E,I,A,A,H,-,C,D,0,NA,NA,NA,NA,Y,Y,A,01,0,1,0,0,0,0,0,0,0,-,-,34.20413,-118.2184,LOS ANGELES,GLENDALE,-118.21833889,34.20411593
90455363,2017,2017-05-15,9530,2017-05-06,0320,021094,NA,6,3,7,1941,0,1,1,NA,2,071,I-710 N/B (LONG BEACH FREEWAY),ARTESIA BLVD.,1800,S,N,A,-,Y,NA,NA,NA,NA,NA,NA,NA,NA,NA,Y,3,0,1,1,A,-,01,23152,A,N,E,I,A,A,H,-,D,D,0,NA,NA,NA,NA,Y,Y,A,01,0,1,0,0,0,0,0,0,0,-,-,33.5271,-118.1143,LOS ANGELES,LONG BEACH,-118.1949024,33.86961802
90455369,2017,2017-05-15,9575,2017-05-06,1015,020119,NA,6,1,6,1953,0,1,1,NA,2,064,I-210 W/B (FOOTHILL FREEWAY),LAKE AVE.,500,W,N,B,C,Y,NA,NA,210,NA,NA,NA,NA,NA,W,Y,3,0,2,2,A,-,03,22350,NA,N,C,C,A,B,H,-,A,D,0,NA,NA,NA,NA,Y,NA,A,01,0,1,1,0,0,0,0,0,0,-,-,34.15199,-118.12996,LOS ANGELES,PASADENA,-118.12996041,34.15196859
90455370,2017,2017-05-15,9530,2017-05-06,1300,021465,NA,6,1,7,1942,0,1,1,NA,2,200,I-105 E/B (GLENN ANDERSON FWY),VERMONT AVE.,40,E,N,A,-,Y,NA,NA,105,NA,NA,NA,NA,NA,E,Y,4,0,1,2,A,-,03,22350,NA,N,C,C,A,A,H,-,A,D,0,NA,NA,NA,NA,Y,NA,A,01,0,0,1,0,0,0,0,0,0,-,-,33.9284,-118.2902,LOS ANGELES,LOS ANGELES,-118.29020072,33.92849276
90455373,2017,2017-05-15,9550,2017-05-04,1955,021100,NA,4,2,9,1900,0,3,5,NA,2,002,MILLS AVENUE,ANOLA STREET,85,S,N,A,-,N,NA,NA,NA,NA,NA,NA,NA,NA,NA,N,3,0,1,2,A,-,09,21802,A,N,B,C,A,A,H,-,C,D,0,NA,NA,Y,NA,Y,NA,A,07,0,1,0,0,0,0,0,0,1,-,-,33.94028,-118.03326,LOS ANGELES,UNINCORPORATED,-118.0335266,33.94021013
90455383,2017,2017-05-15,9530,2017-05-09,0710,019033,NA,2,1,7,1941,0,1,1,NA,2,420,I-405 S/B (SAN DIEGO FREEWAY),SANTA FE AVE.,500,S,N,A,-,Y,NA,NA,405,NA,NA,NA,NA,NA,S,Y,4,0,1,4,A,-,07,21658,A,N,B,C,A,A,H,-,A,D,0,NA,NA,NA,NA,Y,NA,A,01,0,0,1,0,0,0,0,0,0,-,-,33.825,-118.216,LOS ANGELES,LONG BEACH,-118.21602344,33.82526075