CASE_ID,ACCIDENT_YEAR,PROC_DATE,JURIS,COLLISION_DATE,COLLISION_TIME,OFFICER_ID,REPORTING_DISTRICT,DAY_OF_WEEK,CHP_SHIFT,POPULATION,CNTY_CITY_LOC,SPECIAL_COND,BEAT_TYPE,CHP_BEAT_TYPE,CITY_DIVISION_LAPD,CHP_BEAT_CLASS,BEAT_NUMBER,PRIMARY_RD,SECONDARY_RD,DISTANCE,DIRECTION,INTERSECTION,WEATHER_1,WEATHER_2,STATE_HWY_IND,CALTRANS_COUNTY,CALTRANS_DISTRICT,STATE_ROUTE,ROUTE_SUFFIX,POSTMILE_PREFIX,POSTMILE,LOCATION_TYPE,RAMP_INTERSECTION,SIDE_OF_HWY,TOW_AWAY,COLLISION_SEVERITY,NUMBER_KILLED,NUMBER_INJURED,PARTY_COUNT,PRIMARY_COLL_FACTOR,PCF_CODE_OF_VIOL,PCF_VIOL_CATEGORY,PCF_VIOLATION,PCF_VIOL_SUBSECTION,HIT_AND_RUN,TYPE_OF_COLLISION,MVIW,PED_ACTION,ROAD_SURFACE,ROAD_COND_1,ROAD_COND_2,LIGHTING,CONTROL_DEVICE,CHP_ROAD_TYPE,PEDESTRIAN_ACCIDENT,BICYCLE_ACCIDENT,MOTORCYCLE_ACCIDENT,TRUCK_ACCIDENT,NOT_PRIVATE_PROPERTY,ALCOHOL_INVOLVED,STWD_VEHTYPE_AT_FAULT,CHP_VEHTYPE_AT_FAULT,COUNT_SEVERE_INJ,COUNT_VISIBLE_INJ,COUNT_COMPLAINT_PAIN,COUNT_PED_KILLED,COUNT_PED_INJURED,COUNT_BICYCLIST_KILLED,COUNT_BICYCLIST_INJURED,COUNT_MC_KILLED,COUNT_MC_INJURED,PRIMARY_RAMP,SECONDARY_RAMP,LATITUDE,LONGITUDE,COUNTY,CITY,POINT_X,POINT_Y
90458172,2017,2017-05-17,9580,2017-05-08,1555,018322,NA,1,2,7,1942,0,1,1,NA,2,407,I-405 S/B (SAN DIEGO FWY),NORDHOFF ST,1584,N,N,A,-,Y,NA,NA,405,NA,NA,NA,NA,NA,S,Y,4,0,1,3,A,-,03,22350,NA,N,C,C,A,A,H,-,A,D,0,NA,NA,NA,NA,Y,NA,D,22,0,0,1,0,0,0,0,0,0,-,-,34.2398,-118.4732,LOS ANGELES,LOS ANGELES,-118.47313861,34.23979942
90458174,2017,2017-05-17,9580,2017-05-08,0850,016003,NA,1,1,7,1942,0,1,1,NA,2,407,I-405 S/B (SAN DIEGO FWY),NORDHOFF ST,1056,N,N,A,-,Y,NA,NA,405,NA,NA,NA,NA,NA,S,Y,4,0,1,3,A,-,03,22350,NA,N,C,C,A,A,H,-,A,D,0,NA,NA,NA,NA,Y,NA,A,01,0,0,1,0,0,0,0,0,0,-,-,34.24239,-118.47319,LOS ANGELES,LOS ANGELES,-118.47311432,34.24238929
90458179,2017,2017-05-17,9565,2017-04-04,1230,016545,NA,2,1,4,1918,0,1,1,NA,2,061,I-405 S/B (SAN DIEGO FWY),WASHINGTON BL,1000,S,N,A,-,Y,NA,NA,NA,NA,NA,NA,NA,NA,NA,Y,2,0,1,3,A,-,07,21658,A,N,B,C,A,A,H,-,A,D,0,NA,NA,Y,Y,Y,NA,F,25,1,0,0,0,0,0,0,0,1,-,-,34.00716,-118.41298,LOS ANGELES,CULVER CITY,-118.41186544,34.00364556
90458181,2017,2017-05-17,9580,2017-05-05,1350,017228,NA,5,1,7,1942,0,1,2,NA,2,100,US-101 N/B (VENTURA FREEWAY),COLDWATER CANYON AVENUE,600,S,N,A,-,Y,NA,NA,101,NA,NA,NA,NA,NA,N,Y,4,0,1,2,A,-,03,22350,NA,N,C,C,A,A,H,-,A,D,0,NA,NA,NA,NA,Y,NA,A,01,0,0,1,0,0,0,0,0,0,-,-,34.15677,-118.40767,LOS ANGELES,LOS ANGELES,-118.40766984,34.15680611
90458188,2017,2017-05-17,9535,2017-05-12,1550,021551,NA,5,2,9,1900,0,3,5,NA,2,002,DENNISON ST,INDIANA ST,0,NA,Y,A,-,N,NA,NA,NA,NA,NA,NA,NA,NA,NA,N,4,0,1,2,A,-,09,21802,A,N,D,C,A,A,H,-,A,D,0,NA,NA,NA,NA,Y,NA,A,01,0,0,1,0,0,0,0,0,0,-,-,34.02063,-118.19227,LOS ANGELES,UNINCORPORATED,-118.19228004,34.02060009
90458199,2017,2017-05-17,9580,2017-05-06,1130,019544,NA,6,1,7,1942,0,1,1,NA,2,404,I-405 N/B (SAN DIEGO FWY),VENTURA BLVD,3960,S,N,A,-,Y,NA,NA,405,NA,NA,NA,NA,NA,N,N,4,0,2,3,A,-,03,22350,NA,N,C,C,A,A,H,-,A,D,0,NA,NA,NA,NA,Y,NA,A,07,0,0,2,0,0,0,0,0,0,-,-,34.14747,-118.46975,LOS ANGELES,LOS ANGELES,-118.46975506,34.14747269
90458200,2017,2017-05-17,9580,2017-05-02,1830,021544,NA,2,2,7,1942,0,1,1,NA,2,404,I-405 N/B (SAN DIEGO FWY),VENTURA BLVD,1584,S,N,A,-,Y,NA,NA,405,NA,NA,NA,NA,NA,N,N,4,0,1,2,A,-,06,21755,NA,N,B,C,A,A,H,-,A,D,0,NA,NA,Y,NA,Y,NA,C,03,0,0,1,0,0,0,0,0,1,-,-,34.14712,-118.46982,LOS ANGELES,LOS ANGELES,-118.46991558,34.14717083
90458206,2017,2017-05-17,9580,2017-05-04,1100,017228,NA,4,1,7,1942,0,1,3,NA,2,171,SR-170 S/B (HOLLYWOOD FWY.),RIVERSIDE DRIVE,100,N,N,A,-,Y,NA,NA,170,NA,NA,NA,NA,NA,S,Y,4,0,2,2,A,-,03,22350,NA,N,C,C,A,A,H,-,A,D,0,NA,NA,NA,NA,Y,NA,A,01,0,0,2,0,0,0,0,0,0,-,-,34.15821,-118.37979,LOS ANGELES,LOS ANGELES,-118.37987627,34.15817235
90458208,2017,2017-05-17,9535,2017-05-13,1225,017416,NA,6,1,5,1915,0,1,1,NA,2,074,I-710 (LONG BEACH FREEWAY) N/B,COMPTON BLVD,200,S,N,A,-,Y,NA,NA,710,NA,NA,NA,NA,NA,N,Y,4,0,1,3,A,-,03,22350,NA,N,C,C,A,A,H,-,A,D,0,NA,NA,NA,NA,Y,NA,A,01,0,0,1,0,0,0,0,0,0,-,-,33.89658,-118.18748,LOS ANGELES,COMPTON,-118.1873951,33.89656611
90458212,2017,2017-05-18,9525,2017-05-16,1450,020346,NA,2,2,5,1906,0,1,1,NA,2,651,I-605 S/B (SAN GABRIEL RIVER FWY),RAMONA BLVD,1000,S,N,B,-,Y,NA,NA,605,NA,NA,NA,NA,NA,S,Y,4,0,2,3,A,-,03,22350,NA,N,C,C,A,A,H,-,A,D,0,NA,NA,NA,NA,Y,NA,A,07,0,0,2,0,0,0,0,0,0,-,-,34.0718,-117.9999,LOS ANGELES,BALDWIN PARK,-117.9999493,34.07181715
90458216,2017,2017-05-18,9535,2017-05-14,2120,020814,NA,7,2,3,1914,0,1,1,NA,2,501,I-5 S/B (SANTA ANA FREEWAY),SIMONS R/R O/C,1200,N,N,A,-,Y,NA,NA,5,NA,NA,NA,NA,NA,S,N,4,0,1,2,A,-,04,21703,NA,N,C,C,A,A,H,-,C,D,0,NA,NA,NA,NA,Y,NA,A,07,0,0,1,0,0,0,0,0,0,-,-,33.99216,-118.142,LOS ANGELES,COMMERCE,-118.142031,33.99213022
90458219,2017,2017-05-18,9535,2017-05-15,0441,017308,NA,1,3,5,1947,0,1,3,NA,2,621,SR-60 (POMONA FREEWAY) W/B,PARAMOUNT BLVD,800,E,N,B,-,Y,NA,NA,60,NA,NA,NA,NA,NA,W,Y,4,0,1,2,A,-,07,21658,A,N,B,C,A,A,H,-,C,D,0,NA,NA,NA,Y,Y,NA,G,25,0,0,1,0,0,0,0,0,0,-,-,34.03656,-118.09187,LOS ANGELES,MONTEBELLO,-118.09183421,34.03641856
90458222,2017,2017-05-18,9565,2017-05-03,1745,020518,NA,3,2,7,1942,0,1,1,NA,2,063,I-405 S/B,SANTA MONICA BLVD,100,N,N,A,-,Y,NA,NA,405,NA,NA,NA,NA,NA,S,N,4,0,1,2,A,-,07,21658,A,F,B,C,A,A,H,-,A,D,0,NA,NA,Y,NA,Y,NA,A,08,0,0,1,0,0,0,0,0,1,-,-,34.0474,-118.44732,LOS ANGELES,LOS ANGELES,-118.44724927,34.04746107
90458223,2017,2017-05-18,9550,2017-05-08,2335,020795,NA,1,3,5,1919,0,1,1,NA,2,652,I-605 SB (SAN GABRIEL RIVER FWY),STATE ROUTE 91,750,S,N,A,-,Y,NA,NA,605,NA,NA,NA,NA,NA,S,Y,3,0,1,2,A,-,03,22350,NA,N,C,C,A,A,H,-,D,D,0,NA,NA,NA,NA,Y,Y,D,22,0,1,0,0,0,0,0,0,0,-,-,33.87393,-118.10181,LOS ANGELES,CERRITOS,-118.10175076,33.8739524
90458227,2017,2017-05-18,9535,2017-05-12,1955,019626,NA,5,2,9,1900,0,1,1,NA,2,420,I-10 (SAN BERNARDINO FREEWAY) E/B,EASTERN AVE,350,W,N,A,-,Y,NA,NA,10,NA,NA,NA,NA,NA,E,N,3,0,1,2,A,-,07,21658,A,N,C,C,A,A,H,-,C,D,0,NA,NA,Y,NA,Y,NA,A,01,0,1,0,0,0,0,0,0,1,-,-,34.06028,-118.17392,LOS ANGELES,UNINCORPORATED,-118.17390027,34.0602362
9045823,2019,2020-02-19,1900,2019-11-25,1800,602997,1331,1,5,5,1908,0,0,0,NA,0,135B,ROSECRANS BL,MCNAB AV,0,NA,Y,A,-,N,NA,NA,NA,NA,NA,NA,NA,NA,NA,Y,4,0,1,2,A,-,03,22350,NA,N,C,C,A,-,H,-,C,A,0,NA,NA,NA,NA,Y,NA,A,01,0,0,1,0,0,0,0,0,0,-,-,NA,NA,LOS ANGELES,BELLFLOWER,-118.11315155029295,33.90203857421875
9045825,2019,2020-02-20,1942,2019-10-07,1249,42695,0557,1,5,7,1942,0,0,0,E,0,5A85,GRAND AV,7TH ST,0,NA,Y,A,-,N,NA,NA,NA,NA,NA,NA,NA,NA,NA,N,4,0,1,2,A,-,10,21950,A,N,G,B,B,A,H,-,A,D,0,Y,NA,NA,NA,Y,NA,A,01,0,0,1,0,1,0,0,0,0,-,-,NA,NA,LOS ANGELES,LOS ANGELES,-118.2901611328125,33.73786926269531
90458265,2017,2017-05-18,9525,2017-05-13,1137,020499,NA,6,1,4,1960,0,1,1,NA,2,207,SR-210 W/B (FOOTHILL FWY),SAN DIMAS AVE,500,W,N,A,-,Y,NA,NA,210,NA,NA,NA,NA,NA,W,Y,3,0,3,2,A,-,03,22350,NA,N,C,C,A,A,H,-,A,D,0,NA,NA,NA,NA,Y,NA,A,01,0,3,0,0,0,0,0,0,0,-,-,34.11977,-117.81041,LOS ANGELES,SAN DIMAS,-117.81040991,34.11987823
9045827,2019,2020-02-24,1900,2019-11-24,1015,643959,1365,7,5,5,1952,0,0,0,NA,0,136B,PARAMOUNT BL,ROSE ST,0,NA,Y,A,-,N,NA,NA,NA,NA,NA,NA,NA,NA,NA,N,4,0,1,2,A,-,09,21801,A,N,B,C,A,A,H,-,A,D,0,NA,NA,NA,NA,Y,NA,A,07,0,0,1,0,0,0,0,0,0,-,-,NA,NA,LOS ANGELES,PARAMOUNT,-118.16024780273438,33.90549087524414
90458292,2017,2017-05-18,9565,2017-05-08,0610,021453,NA,1,1,9,1900,0,2,4,NA,2,021,VERMONT AVE. S/B,106TH ST.,20,S,N,A,-,N,NA,NA,NA,NA,NA,NA,NA,NA,NA,Y,4,0,2,3,A,-,09,21802,A,N,B,C,A,A,H,-,A,A,0,NA,NA,NA,NA,Y,NA,A,07,0,0,2,0,0,0,0,0,0,-,-,33.93968,-118.29194,LOS ANGELES,UNINCORPORATED,-118.29192,33.93998515
90458299,2017,2017-05-18,9550,2017-05-12,1200,021486,NA,5,1,9,1900,0,1,1,NA,2,650,I-605 S/B,SLAUSON AVENUE,1200,N,N,A,-,Y,NA,NA,605,NA,NA,NA,NA,NA,S,N,4,0,1,2,A,-,03,22350,NA,F,C,C,A,A,H,-,A,D,0,NA,NA,NA,NA,Y,NA,-,99,0,0,1,0,0,0,0,0,0,-,-,33.967,-118.083,LOS ANGELES,UNINCORPORATED,-118.08345666,33.96722626
9045831,2019,2020-03-04,1900,2019-11-23,0800,610427,1365,6,5,5,1952,0,0,0,NA,0,136B,DOWNEY AV,ROSECRANS AV,0,NA,Y,A,-,N,NA,NA,NA,NA,NA,NA,NA,NA,NA,Y,4,0,1,2,A,-,12,21453,A,N,B,C,A,A,H,-,A,A,0,NA,NA,NA,NA,Y,NA,-,-,0,0,1,0,0,0,0,0,0,-,-,NA,NA,LOS ANGELES,PARAMOUNT,-118.15155792236328,33.90367126464844
90458313,2017,2017-05-18,9530,2017-05-11,1625,021493,NA,4,2,7,1941,0,1,1,NA,2,420,I-405 S/B (SAN DIEGO FREEWAY),I-710,50,N,N,A,-,Y,NA,NA,405,NA,NA,NA,NA,NA,S,N,4,0,1,2,A,-,03,22350,NA,N,C,C,A,A,H,-,A,D,0,NA,NA,NA,NA,Y,NA,A,07,0,0,1,0,0,0,0,0,0,-,-,33.8263,-118.207,LOS ANGELES,LONG BEACH,-118.20699562,33.8263454
90458321,2017,2017-05-18,9525,2017-05-11,1430,019491,NA,4,2,9,1900,0,2,4,NA,2,022,ARROW HIGHWAY (900 E. BLOCK),ENID AVENUE (1300 N. BLOCK),0,NA,Y,A,-,N,NA,NA,NA,NA,NA,NA,NA,NA,NA,N,4,0,1,2,A,-,12,21453,A,N,D,C,A,A,H,-,A,A,0,NA,NA,NA,NA,Y,NA,A,07,0,0,1,0,0,0,0,0,0,-,-,34.10705,-117.91417,LOS ANGELES,UNINCORPORATED,-117.91426003,34.10701006
90458336,2017,2017-05-18,9535,2017-05-15,0720,017598,NA,1,1,5,1943,0,1,1,NA,2,105,I-105 (CENTURY FREEWAY) W/B,I-710 FWY,100,W,N,B,-,Y,NA,NA,105,NA,NA,NA,NA,NA,W,Y,4,0,1,2,A,-,03,22350,NA,N,C,C,A,A,H,-,A,D,0,NA,NA,NA,NA,Y,NA,A,01,0,0,1,0,0,0,0,0,0,-,-,33.9132,-118.18057,LOS ANGELES,LYNWOOD,-118.18055897,33.91323356
90458349,2017,2017-05-18,9550,2017-05-13,1300,020755,NA,6,1,5,1935,0,1,1,NA,2,652,I-605 N/B,CARSON AVENUE,900,N,N,A,-,Y,NA,NA,605,NA,NA,NA,NA,NA,N,Y,3,0,1,2,A,-,07,21658,A,F,F,A,A,A,H,-,A,D,0,NA,NA,NA,Y,Y,NA,-,99,0,1,0,0,0,0,0,0,0,-,-,33.83389,-118.08514,LOS ANGELES,LAKEWOOD,-118.08528411,33.83380709
90458368,2017,2017-05-18,9565,2017-05-09,2345,021154,NA,2,3,9,1900,0,3,5,NA,2,004,EL SEGUNDO BLVD.,OCEAN GATE AVE.,0,NA,Y,B,-,N,NA,NA,NA,NA,NA,NA,NA,NA,NA,N,4,0,1,2,A,-,12,21453,A,N,D,C,A,A,H,-,C,A,0,NA,NA,NA,NA,Y,NA,A,01,0,0,1,0,0,0,0,0,0,-,-,33.91596,-118.36691,LOS ANGELES,UNINCORPORATED,-118.36711004,33.91640001
90458370,2017,2017-05-18,9535,2017-05-15,1805,019135,NA,1,2,3,1914,0,1,1,NA,2,501,I-5 (SANTA ANA FREEWAY) S/B,WASHINGTON BLVD,600,S,N,A,-,Y,NA,NA,5,NA,NA,NA,NA,NA,S,Y,4,0,1,2,A,-,03,22350,NA,N,C,C,A,A,H,-,A,D,0,NA,NA,NA,NA,Y,NA,A,01,0,0,1,0,0,0,0,0,0,-,-,33.99208,-118.14206,LOS ANGELES,COMMERCE,-118.14201983,33.99211859
9045838,2018,2020-02-19,1942,2018-08-06,2030,30575,0353,1,5,7,1942,0,0,0,C,0,6D251,FARMDALE AV,EXPOSITION BL,0,NA,Y,A,-,N,NA,NA,NA,NA,NA,NA,NA,NA,NA,N,2,0,1,2,A,-,12,21453,A,F,B,G,A,A,H,-,C,A,0,NA,Y,NA,NA,Y,NA,-,99,1,0,0,0,0,0,1,0,0,-,-,NA,NA,LOS ANGELES,LOS ANGELES,-118.3460693359375,34.024070739746094
9045841,2019,2020-02-20,1942,2019-12-26,1800,42932,1352,4,5,7,1942,0,0,0,M,0,13A61,AVALON BL,VERNON AV,0,NA,Y,A,-,N,NA,NA,NA,NA,NA,NA,NA,NA,NA,N,4,0,1,2,A,-,09,21801,A,N,A,C,A,A,H,-,B,A,0,NA,NA,NA,NA,Y,NA,A,01,0,0,1,0,0,0,0,0,0,-,-,NA,NA,LOS ANGELES,LOS ANGELES,-118.26526641845705,34.00387191772461
90458428,2017,2017-05-18,9525,2017-05-12,0245,020636,NA,5,3,3,1921,0,1,1,NA,2,202,I-210 E/B (FOOTHILL FWY),BUENA VISTA ST.,573,E,N,A,-,Y,NA,NA,210,NA,NA,NA,NA,NA,E,Y,4,0,1,2,A,-,07,21658,A,F,B,C,A,A,H,-,C,D,0,NA,NA,NA,NA,Y,NA,A,01,0,0,1,0,0,0,0,0,0,-,-,34.13534,-117.97466,LOS ANGELES,DUARTE,-117.97465737,34.13528323
9045845,2019,2020-02-20,1942,2019-12-25,1510,38171,1372,3,5,7,1942,0,0,0,M,0,13A85,SAN PEDRO PL,SLAUSON AV,0,NA,Y,B,-,N,NA,NA,NA,NA,NA,NA,NA,NA,NA,N,4,0,1,2,A,-,05,21650,1,N,D,G,A,A,H,-,A,D,0,NA,Y,NA,NA,Y,NA,L,04,0,0,1,0,0,0,1,0,0,-,-,NA,NA,LOS ANGELES,LOS ANGELES,-118.27011108398438,33.98923110961914
90458477,2017,2017-05-18,9565,2017-05-03,1935,021576,NA,3,2,7,1942,0,1,1,NA,2,062,I-405 S/B (SAN DIEGO FWY.),I-10,550,N,N,A,-,Y,NA,NA,405,NA,NA,NA,NA,NA,S,Y,4,0,1,3,A,-,03,22350,NA,N,C,C,A,A,H,-,B,D,0,NA,NA,NA,NA,Y,NA,A,07,0,0,1,0,0,0,0,0,0,-,-,34.03203,-118.43474,LOS ANGELES,LOS ANGELES,-118.43464247,34.03215885
90458484,2017,2017-05-18,9525,2017-05-12,1212,016677,NA,5,1,6,1955,0,1,3,NA,2,071,SR-71 S/B (CHINO VALLEY FWY),VALLEY BLVD,275,N,N,A,-,Y,NA,NA,71,NA,NA,NA,NA,NA,S,N,4,0,2,2,D,-,00,NA,NA,N,C,C,A,A,H,-,A,D,0,NA,NA,NA,Y,Y,NA,-,-,0,0,2,0,0,0,0,0,0,-,-,34.06199,-117.79035,LOS ANGELES,POMONA,-117.79035601,34.06197965
9045849,2019,2020-02-20,1942,2019-12-18,0830,39759,1321,3,5,7,1942,0,0,0,M,0,13A13,HILL ST,23RD ST,0,NA,Y,A,-,N,NA,NA,NA,NA,NA,NA,NA,NA,NA,N,4,0,1,2,A,-,09,21801,A,N,D,C,A,B,H,-,A,A,0,NA,NA,NA,NA,Y,NA,A,01,0,0,1,0,0,0,0,0,0,-,-,NA,NA,LOS ANGELES,LOS ANGELES,-118.26907348632813,34.02853012084961
90458512,2017,2017-05-18,9535,2017-04-29,0935,019540,NA,6,1,3,1914,0,1,1,NA,2,072,I-710 N/B TO I-5 N.B,I-5,100,S,N,A,-,Y,NA,NA,710,NA,NA,NA,R,NA,N,Y,3,0,1,2,A,-,07,21658,A,N,F,A,A,A,H,-,A,D,0,NA,NA,Y,NA,Y,NA,A,01,0,1,0,0,0,0,0,0,1,-,-,34.01556,-118.17255,LOS ANGELES,COMMERCE,-118.17255,34.01556
90458519,2017,2017-05-18,9525,2017-05-12,1455,016342,NA,5,2,5,1990,0,1,3,NA,2,584,SR-57 N/B TO SR-60 E/B,GOLDEN SPRINGS DR.,985,S,N,A,-,Y,NA,NA,57,NA,NA,NA,R,NA,N,Y,2,0,1,3,A,-,07,21658,A,N,B,C,A,A,H,-,A,D,0,NA,NA,Y,NA,Y,NA,A,07,1,0,0,0,0,0,0,0,1,-,-,34.00058,-117.83575,LOS ANGELES,DIAMOND BAR,-117.83575,34.00058
90458527,2017,2017-05-18,9550,2017-05-17,0820,015746,NA,3,1,9,1900,0,1,3,NA,2,602,STATE ROUTE 60 (POMONA FREEWAY),FULLERTON ROAD,300,E,N,B,-,Y,NA,NA,NA,NA,NA,NA,NA,NA,NA,Y,4,0,2,4,A,-,03,22350,NA,N,C,C,A,A,H,-,A,D,0,NA,NA,NA,NA,Y,NA,A,01,0,0,2,0,0,0,0,0,0,-,-,33.98832,-117.90556,LOS ANGELES,UNINCORPORATED,-117.90418287,33.99407923
9045853,2019,2020-02-20,1942,2019-12-18,1030,39759,1322,3,5,7,1942,0,0,0,M,0,13A13,SAN PEDRO ST,ADAMS BL,0,NA,Y,A,-,N,NA,NA,NA,NA,NA,NA,NA,NA,NA,N,3,0,1,2,A,-,09,21801,A,N,D,C,A,A,H,-,A,A,0,NA,NA,NA,NA,Y,NA,A,01,0,1,0,0,0,0,0,0,0,-,-,NA,NA,LOS ANGELES,LOS ANGELES,-118.26129913330078,34.02159881591797
90458532,2017,2017-05-18,9530,2017-05-09,1400,021463,NA,2,2,9,1900,0,1,1,NA,2,120,I-110 N/B (HARBOR FREEWAY),SEPULVEDA BLVD.,300,N,N,A,-,Y,NA,NA,110,NA,NA,NA,NA,NA,N,Y,4,0,2,3,C,-,18,NA,NA,N,E,J,A,A,H,-,A,D,0,NA,NA,NA,NA,Y,NA,-,-,0,0,2,0,0,0,0,0,0,-,-,33.81446,-118.28726,LOS ANGELES,UNINCORPORATED,-118.28717402,33.81445879
90458540,2017,2017-05-18,9535,2017-05-02,1620,021505,NA,2,2,9,1900,0,3,5,NA,2,006,SAN GABRIEL BLVD (500 BLOCK),HAZEL AVE.,500,S,N,A,-,N,NA,NA,NA,NA,NA,NA,NA,NA,NA,Y,3,0,1,3,A,-,08,22107,NA,N,C,E,A,A,H,-,A,D,0,NA,NA,NA,NA,Y,NA,A,07,0,1,0,0,0,0,0,0,0,-,-,34.06395,-118.07877,LOS ANGELES,UNINCORPORATED,-118.07812322,34.03588524
90458564,2017,2017-05-18,9550,2017-04-02,1500,020974,NA,7,2,1,1932,0,1,3,NA,2,600,SR-60 W/B,CROSSROADS PARKWAY,200,W,N,A,-,Y,NA,NA,60,NA,NA,NA,NA,NA,W,N,4,0,3,2,A,-,03,22350,NA,F,C,C,A,A,H,-,A,D,0,NA,NA,NA,NA,Y,NA,A,01,0,0,3,0,0,0,0,0,0,-,-,34.02917,-118.01378,LOS ANGELES,INDUSTRY,-118.01377982,34.029201
90458565,2017,2017-05-18,9525,2017-05-14,1120,020499,NA,7,1,9,1900,0,1,1,NA,2,105,I-10 W/B (SAN BERNARDINO FWY),VIA VERDE AVE,800,W,N,A,-,Y,NA,NA,10,NA,NA,NA,NA,NA,W,Y,4,0,1,2,A,-,00,22250,NA,N,C,C,A,A,D,E,A,D,0,NA,NA,NA,NA,Y,NA,A,07,0,0,1,0,0,0,0,0,0,-,-,34.06841,-117.84741,LOS ANGELES,UNINCORPORATED,-117.84741106,34.06833399
9045857,2019,2020-02-20,1942,2019-12-27,1655,39291,0123,5,5,7,1942,0,0,0,A,0,1X32,1ST ST,BROADWAY,0,NA,Y,A,-,N,NA,NA,NA,NA,NA,NA,NA,NA,NA,Y,2,0,1,2,A,-,08,22107,A,N,A,C,A,A,H,-,C,A,0,NA,NA,Y,NA,Y,NA,A,01,1,0,0,0,0,0,0,0,1,-,-,NA,NA,LOS ANGELES,LOS ANGELES,-118.24555206298828,34.05363845825195
90458585,2017,2017-05-18,9525,2017-05-14,0900,020499,NA,7,1,9,1900,0,3,5,NA,2,002,LARK ELLEN AVE,CYPRESS ST.,0,NA,Y,A,-,N,NA,NA,NA,NA,NA,NA,NA,NA,NA,Y,4,0,2,2,A,-,12,21453,A,N,D,C,A,A,H,-,A,A,0,NA,NA,NA,NA,Y,NA,A,01,0,0,2,0,0,0,0,0,0,-,-,34.0959,-117.91711,LOS ANGELES,UNINCORPORATED,-117.91661005,34.09584002
90458587,2017,2017-05-18,9525,2017-05-17,0642,016677,NA,3,1,1,1932,0,1,3,NA,2,601,SR-60 W/B (POMONA FWY),LEMON AVE,300,W,N,B,-,Y,NA,NA,60,NA,NA,NA,NA,NA,W,Y,4,0,1,1,A,-,08,22107,NA,N,E,I,A,A,H,-,A,D,0,NA,NA,NA,NA,Y,NA,A,01,0,0,1,0,0,0,0,0,0,-,-,33.9986,-117.85608,LOS ANGELES,INDUSTRY,-117.85609437,33.99868388
90458593,2017,2017-05-18,9525,2017-05-17,1510,020042,NA,3,2,9,1900,0,2,4,NA,2,045,VALLEY BLVD. (13600 BLOCK),2ND AVE.,94,E,N,B,-,N,NA,NA,NA,NA,NA,NA,NA,NA,NA,Y,4,0,2,3,A,-,03,22350,NA,N,C,C,A,A,H,-,A,D,0,NA,NA,NA,NA,Y,NA,A,07,0,0,2,0,0,0,0,0,0,-,-,34.04693,-117.9925,LOS ANGELES,UNINCORPORATED,-117.99245834,34.04702889
90458595,2017,2017-05-18,9580,2017-05-09,0350,021015,NA,2,3,7,1942,0,1,1,NA,2,407,I-405 S/B (SAN DIEGO FWY),SHERMAN WAY,3168,N,N,A,-,Y,NA,NA,405,NA,NA,NA,NA,NA,S,Y,2,0,2,3,A,-,01,23152,A,N,D,C,A,A,H,-,D,D,0,NA,NA,NA,NA,Y,Y,A,01,1,1,0,0,0,0,0,0,0,-,-,34.20663,-118.47337,LOS ANGELES,LOS ANGELES,-118.47346384,34.20663095
9045861,2019,2020-02-26,1969,2019-12-28,2133,10220,PATRO,6,5,5,1969,0,0,0,NA,0,004,ATLANTIC AV,SOUTHERN AV,0,NA,Y,A,-,N,NA,NA,NA,NA,NA,NA,NA,NA,NA,Y,4,0,1,2,A,-,01,23152,A,N,D,C,A,A,H,-,C,A,0,NA,NA,NA,NA,Y,Y,A,01,0,0,1,0,0,0,0,0,0,-,-,NA,NA,LOS ANGELES,SOUTH GATE,-118.18109130859376,33.94622039794922
90458616,2017,2017-05-18,9535,2017-03-28,1857,021000,NA,2,2,5,1943,0,1,1,NA,2,075,I-710 (LONG BEACH FREEWAY) S/B,MARTIN LUTHER KING JR BLVD,1800,N,N,A,-,Y,NA,NA,710,NA,NA,NA,NA,NA,S,Y,3,0,2,3,A,-,03,22350,NA,F,C,C,A,A,H,-,B,D,0,NA,NA,NA,NA,Y,NA,A,01,0,1,1,0,0,0,0,0,0,-,-,33.92527,-118.17798,LOS ANGELES,LYNWOOD,-118.17786343,33.92528044
90458625,2017,2017-05-18,9580,2017-05-08,2309,020832,NA,1,3,7,1942,0,1,2,NA,2,104,US-101 N/B (VENTURA FREEWAY),CANOGA AVE,1056,N,N,A,-,Y,NA,NA,101,NA,NA,NA,NA,NA,N,Y,3,0,1,1,A,-,08,22107,NA,M,E,I,A,A,H,-,D,D,0,NA,NA,NA,NA,Y,NA,A,01,0,1,0,0,0,0,0,0,0,-,-,34.17006,-118.60128,LOS ANGELES,LOS ANGELES,-118.60126773,34.17013973
90458640,2017,2017-05-18,9580,2017-05-08,1334,018322,NA,1,1,7,1942,0,1,1,NA,2,406,I-405 N/B TO NORDHOFF ST,NORDHOFF ST,466,S,N,A,-,Y,NA,NA,405,NA,NA,NA,R,NA,N,Y,4,0,1,2,A,-,03,22350,NA,F,C,C,A,A,H,-,A,D,0,NA,NA,Y,NA,Y,NA,C,02,0,0,1,0,0,0,0,0,1,-,-,34.2341,-118.4727,LOS ANGELES,LOS ANGELES,-118.4727,34.2341
90458656,2017,2017-05-18,9590,2017-04-21,2250,021264,NA,5,3,7,1942,0,1,1,NA,2,012,SR-110 N/B (ARROYO SECO PARKWAY),AVENUE 52,500,S,N,A,-,Y,NA,NA,110,NA,NA,NA,NA,NA,N,N,4,0,1,2,A,-,07,21658,A,F,B,C,A,A,H,-,C,D,0,NA,NA,NA,NA,Y,NA,-,99,0,0,1,0,0,0,0,0,0,-,-,34.10233,-118.19838,LOS ANGELES,LOS ANGELES,-118.19840729,34.10239877