CASE_ID,ACCIDENT_YEAR,PROC_DATE,JURIS,COLLISION_DATE,COLLISION_TIME,OFFICER_ID,REPORTING_DISTRICT,DAY_OF_WEEK,CHP_SHIFT,POPULATION,CNTY_CITY_LOC,SPECIAL_COND,BEAT_TYPE,CHP_BEAT_TYPE,CITY_DIVISION_LAPD,CHP_BEAT_CLASS,BEAT_NUMBER,PRIMARY_RD,SECONDARY_RD,DISTANCE,DIRECTION,INTERSECTION,WEATHER_1,WEATHER_2,STATE_HWY_IND,CALTRANS_COUNTY,CALTRANS_DISTRICT,STATE_ROUTE,ROUTE_SUFFIX,POSTMILE_PREFIX,POSTMILE,LOCATION_TYPE,RAMP_INTERSECTION,SIDE_OF_HWY,TOW_AWAY,COLLISION_SEVERITY,NUMBER_KILLED,NUMBER_INJURED,PARTY_COUNT,PRIMARY_COLL_FACTOR,PCF_CODE_OF_VIOL,PCF_VIOL_CATEGORY,PCF_VIOLATION,PCF_VIOL_SUBSECTION,HIT_AND_RUN,TYPE_OF_COLLISION,MVIW,PED_ACTION,ROAD_SURFACE,ROAD_COND_1,ROAD_COND_2,LIGHTING,CONTROL_DEVICE,CHP_ROAD_TYPE,PEDESTRIAN_ACCIDENT,BICYCLE_ACCIDENT,MOTORCYCLE_ACCIDENT,TRUCK_ACCIDENT,NOT_PRIVATE_PROPERTY,ALCOHOL_INVOLVED,STWD_VEHTYPE_AT_FAULT,CHP_VEHTYPE_AT_FAULT,COUNT_SEVERE_INJ,COUNT_VISIBLE_INJ,COUNT_COMPLAINT_PAIN,COUNT_PED_KILLED,COUNT_PED_INJURED,COUNT_BICYCLIST_KILLED,COUNT_BICYCLIST_INJURED,COUNT_MC_KILLED,COUNT_MC_INJURED,PRIMARY_RAMP,SECONDARY_RAMP,LATITUDE,LONGITUDE,COUNTY,CITY,POINT_X,POINT_Y
90459410,2017,2017-05-19,9590,2017-05-16,1110,016330,NA,2,1,7,1942,0,1,1,NA,2,085,I-5 S/B (GOLDEN STATE FREEEWAY),SR-2 (GLENDALE FREEWAY),150,N,N,B,-,Y,NA,NA,5,NA,NA,NA,NA,NA,S,N,4,0,1,2,A,-,03,22350,NA,N,C,C,A,A,H,-,A,D,0,NA,NA,NA,NA,Y,NA,A,01,0,0,1,0,0,0,0,0,0,-,-,34.10296,-118.25055,LOS ANGELES,LOS ANGELES,-118.25059069,34.10290734
90459435,2017,2017-05-19,9580,2017-05-12,2142,019876,NA,5,2,9,1900,0,1,3,NA,1,270,SR-27 S/B (TOPANGA CYN. BLVD.),GRANDVIEW DR,3696,S,N,A,-,Y,NA,NA,27,NA,NA,NA,NA,NA,S,Y,4,0,1,1,A,-,01,23152,A,N,E,I,A,A,H,-,D,D,0,NA,NA,NA,NA,Y,Y,D,22,0,0,1,0,0,0,0,0,0,-,-,34.07477,-118.58998,LOS ANGELES,UNINCORPORATED,-118.58998136,34.07477748
90459436,2017,2017-05-19,9550,2017-05-18,0835,017637,NA,4,1,5,1919,0,1,1,NA,2,652,INTERSTATE 605 N/B,SOUTH STREET,50,S,N,A,-,Y,NA,NA,605,NA,NA,NA,NA,NA,N,Y,4,0,1,2,A,-,03,22350,NA,N,C,C,A,A,H,-,A,D,0,NA,NA,NA,NA,Y,NA,A,01,0,0,1,0,0,0,0,0,0,-,-,33.8587,-118.09598,LOS ANGELES,CERRITOS,-118.09608319,33.85868238
90459455,2017,2017-05-19,9550,2017-05-18,0955,015449,NA,4,1,6,1920,0,1,1,NA,2,500,I-5 N/B (SANTA ANA FREEWAY),I-605,50,S,N,A,-,Y,NA,NA,5,NA,NA,NA,NA,NA,N,Y,4,0,1,2,A,-,03,22350,NA,N,C,C,A,A,D,-,A,D,0,NA,NA,NA,NA,Y,NA,A,01,0,0,1,0,0,0,0,0,0,-,-,33.95772,-118.11144,LOS ANGELES,DOWNEY,-118.11143689,33.95772434
90459462,2017,2017-05-19,9565,2017-05-17,1600,019031,NA,3,2,7,1942,0,1,1,NA,2,064,I-405 SB (SAN DIEGO FWY.),MORAGA DR.,30,S,N,A,-,Y,NA,NA,405,NA,NA,NA,NA,NA,S,Y,4,0,1,2,A,-,08,22107,NA,N,B,C,A,A,H,-,A,D,0,NA,NA,NA,NA,Y,NA,A,07,0,0,1,0,0,0,0,0,0,-,-,34.07522,-118.46872,LOS ANGELES,LOS ANGELES,-118.46865566,34.07526905
90459475,2017,2017-05-30,9580,2017-05-15,0156,021187,NA,1,3,7,1942,0,1,3,NA,2,170,SR-170 N/B (HOLLYWOOD FWY.),ROSCOE BLVD,200,N,N,A,-,Y,NA,NA,170,NA,NA,NA,NA,NA,N,Y,3,0,1,1,A,-,01,23152,A,N,B,I,A,A,H,-,D,D,0,NA,NA,NA,NA,Y,Y,A,01,0,1,0,0,0,0,0,0,0,-,-,34.22725,-118.41067,LOS ANGELES,LOS ANGELES,-118.41066636,34.22724899
90459488,2017,2017-05-19,9530,2017-05-08,0650,021430,NA,1,1,9,1900,0,3,5,NA,2,002,124TH ST.,MONA BLVD.,0,NA,Y,A,-,N,NA,NA,NA,NA,NA,NA,NA,NA,NA,N,4,0,1,3,A,-,09,21800,A,N,A,C,A,A,H,-,A,A,0,NA,NA,NA,NA,Y,NA,A,01,0,0,1,0,0,0,0,0,0,-,-,33.91982,-118.22816,LOS ANGELES,UNINCORPORATED,-118.22810002,33.91979009
90459491,2017,2017-05-19,9540,2017-05-16,1645,019772,NA,2,2,9,1900,0,1,3,NA,2,146,SR-14 N/B (ANTELOPE VALLEY FREEWAY),WARD ROAD,100,S,N,A,-,Y,NA,NA,14,NA,NA,NA,NA,NA,N,Y,4,0,3,4,A,-,03,22350,NA,N,C,C,A,A,H,-,A,D,0,NA,NA,NA,NA,Y,NA,A,07,0,0,3,0,0,0,0,0,0,-,-,34.50067,-118.22855,LOS ANGELES,UNINCORPORATED,-118.22856918,34.50059164
90459515,2017,2017-05-19,9590,2017-05-09,0830,016641,NA,2,1,7,1942,0,1,1,NA,2,083,I-5 S/B (GOLDEN STATE FREEWAY),NEWELL ST.,500,S,N,B,-,Y,NA,NA,5,NA,NA,NA,NA,NA,S,N,4,0,3,2,A,-,03,22350,NA,N,C,C,A,A,H,-,A,D,0,NA,NA,NA,NA,Y,NA,A,01,0,0,3,0,0,0,0,0,0,-,-,34.09795,-118.24631,LOS ANGELES,LOS ANGELES,-118.24635329,34.09790766
90459520,2017,2017-05-19,9545,2017-05-17,0135,018090,NA,3,3,9,1900,0,1,3,NA,2,011,SR-14 S/B (ANTELOPE VALLEY FREEWAY),AVENUE A,725,S,N,B,G,Y,NA,NA,14,NA,NA,NA,NA,NA,S,Y,3,0,2,1,A,-,08,22107,NA,N,E,I,A,A,H,-,D,D,0,NA,NA,NA,NA,Y,NA,D,22,0,2,0,0,0,0,0,0,0,-,-,34.81196,-118.17099,LOS ANGELES,UNINCORPORATED,-118.17092205,34.81195707
90459560,2017,2018-06-11,9525,2017-01-18,0350,019854,NA,3,3,6,1955,0,1,1,NA,2,110,I-10 E/B (SAN BERNARDINO FWY),SAN ANTONIO AVENUE,2328,E,N,A,-,Y,NA,NA,10,NA,NA,NA,NA,NA,E,Y,1,2,0,2,A,-,01,23152,A,N,C,J,A,A,H,-,D,D,0,NA,NA,NA,NA,Y,Y,A,01,0,0,0,0,0,0,0,0,0,-,-,34.0815,-117.72973,LOS ANGELES,POMONA,-117.72973014,34.08150852
90459561,2017,2017-05-19,9580,2017-05-12,1550,020836,NA,5,2,7,1942,0,1,1,NA,2,404,I-405 N/B (SAN DIEGO FWY),MULHOLLAND DRIVE,2640,N,N,A,-,Y,NA,NA,405,NA,NA,NA,NA,NA,N,Y,3,0,1,2,A,-,07,21658,A,N,B,C,A,A,H,-,A,D,0,NA,NA,Y,NA,Y,NA,A,01,0,1,0,0,0,0,0,0,1,-,-,34.1395,-118.4715,LOS ANGELES,LOS ANGELES,-118.47113507,34.13952759
90459563,2017,2017-05-19,9580,2017-05-12,1800,021498,NA,5,2,7,1942,0,1,2,NA,2,101,US-101 S/B (VENTURA FREEWAY),LAUREL CANYON BLVD,1056,N,N,A,-,Y,NA,NA,101,NA,NA,NA,NA,NA,S,Y,3,0,1,2,A,-,03,22350,NA,N,C,C,A,A,H,-,A,D,0,NA,NA,NA,NA,Y,NA,A,01,0,1,0,0,0,0,0,0,0,-,-,34.15566,-118.40134,LOS ANGELES,LOS ANGELES,-118.40134005,34.1556599
90459571,2017,2017-05-19,9580,2017-05-13,1140,014592,NA,6,1,7,1942,0,1,1,NA,2,405,I-405 S/B (SAN DIEGO FWY),VICTORY BLVD,2640,S,N,A,-,Y,NA,NA,405,NA,NA,NA,NA,NA,S,N,4,0,1,2,A,-,03,22350,NA,N,C,C,A,A,H,-,A,D,0,NA,NA,NA,NA,Y,NA,A,01,0,0,1,0,0,0,0,0,0,-,-,34.18039,-118.47066,LOS ANGELES,LOS ANGELES,-118.47065641,34.18039264
90459575,2017,2018-11-19,9580,2017-05-13,1445,020836,NA,6,2,9,1900,0,3,5,NA,1,010,TUNA CANYON RD,LAS FLORES HEIGHTS RD,100,S,N,A,-,Y,NA,NA,NA,NA,NA,NA,NA,NA,NA,N,2,0,1,2,A,-,11,21954,A,N,G,B,E,A,H,-,A,D,0,Y,NA,NA,NA,Y,NA,N,60,1,0,0,0,1,0,0,0,0,-,-,34.06602,-118.61717,LOS ANGELES,UNINCORPORATED,-118.61716273,34.06599551
90459577,2017,2017-05-19,9535,2017-05-19,0730,016869,NA,5,1,5,1969,0,1,1,NA,2,074,I-710 (LONG BEACH FREEWAY) N/B,FILESTONE BLVD,1200,S,N,A,-,Y,NA,NA,710,NA,NA,NA,NA,NA,N,Y,4,0,1,2,A,-,03,22350,NA,N,C,C,A,A,H,-,A,D,0,NA,NA,NA,NA,Y,NA,A,01,0,0,1,0,0,0,0,0,0,-,-,33.94595,-118.17056,LOS ANGELES,SOUTH GATE,-118.17049596,33.94593951
90459578,2017,2017-05-19,9580,2017-05-13,1625,021498,NA,6,2,9,1900,0,1,3,NA,1,271,SR-27 N/B (TOPANGA CYN. BLVD.),SR-1,6336,N,N,A,-,Y,NA,NA,27,NA,NA,NA,NA,NA,N,Y,3,0,1,1,A,-,08,22107,NA,N,F,A,A,A,H,-,A,D,0,NA,NA,NA,NA,Y,NA,D,22,0,1,0,0,0,0,0,0,0,-,-,34.05387,-118.58146,LOS ANGELES,UNINCORPORATED,-118.58148372,34.05387251
90459580,2017,2017-05-19,9580,2017-05-13,0140,020832,NA,6,3,3,1989,0,1,2,NA,2,107,US-101 S/B (VENTURA FREEWAY),LAS VIRGENES RD,1584,N,N,A,-,Y,NA,NA,101,NA,NA,NA,NA,NA,S,Y,3,0,2,1,A,-,08,22107,NA,N,E,I,A,A,H,-,C,D,0,NA,NA,NA,NA,Y,NA,A,01,0,2,0,0,0,0,0,0,0,-,-,34.14369,-118.70376,LOS ANGELES,CALABASAS,-118.70376347,34.14369611
9045959,2020,2020-06-10,1900,2020-02-09,1120,642808,2811,7,5,5,1915,0,0,0,NA,0,287H,DWIGHT AV,COMPTON BL,70,N,N,A,-,N,NA,NA,NA,NA,NA,NA,NA,NA,NA,Y,4,0,1,2,A,-,08,22107,NA,N,A,E,A,A,H,-,C,A,0,NA,NA,NA,NA,Y,NA,A,07,0,0,1,0,0,0,0,0,0,-,-,NA,NA,LOS ANGELES,COMPTON,-118.24195861816406,33.895870208740234
90459594,2017,2017-05-19,9540,2017-05-12,1416,019317,NA,5,2,9,1900,0,1,1,NA,2,510,I-5(N/B)(GOLDEN STATE FREEWAY),VISTA DEL LAGO ROAD,21120,S,N,A,-,Y,NA,NA,5,NA,NA,NA,NA,NA,NA,Y,3,0,1,1,C,-,18,NA,NA,N,E,J,A,A,H,-,A,D,0,NA,NA,NA,NA,Y,NA,-,-,0,1,0,0,0,0,0,0,0,-,-,34.62675,-118.72169,LOS ANGELES,UNINCORPORATED,-118.72172932,34.62669757
90459601,2017,2017-05-19,9590,2017-04-16,0925,021443,NA,7,1,7,1942,0,1,1,NA,2,053,I-110 S/B (HAF) TO I-10 W/B (SMF),VENICE BLVD.,100,S,N,A,-,Y,NA,NA,110,NA,NA,NA,R,NA,S,Y,3,0,1,1,A,-,08,22107,NA,N,E,I,A,A,H,-,A,D,0,NA,NA,NA,NA,Y,NA,A,01,0,1,0,0,0,0,0,0,0,-,-,34.03932,-118.27462,LOS ANGELES,LOS ANGELES,-118.27462,34.03932
90459625,2017,2017-05-19,9590,2017-04-16,1040,021643,NA,7,1,7,1942,0,1,1,NA,2,081,I-5 S/B (GOLDEN STATE FREEWAY),4TH ST,400,S,N,A,-,Y,NA,NA,5,NA,NA,NA,NA,NA,S,N,4,0,4,4,A,-,03,22350,NA,N,C,C,A,A,H,-,A,D,0,NA,NA,NA,NA,Y,NA,A,01,0,0,4,0,0,0,0,0,0,-,-,34.0468,-118.21502,LOS ANGELES,LOS ANGELES,-118.21504583,34.04681043
9045963,2020,2020-02-25,1900,2020-01-23,1830,633029,2844,4,5,5,1915,0,0,0,NA,0,283T3,GREENLEAF BL,LONG BEACH BL,0,NA,Y,A,-,N,NA,NA,NA,NA,NA,NA,NA,NA,NA,N,4,0,3,2,A,-,12,21453,A,N,B,C,A,A,H,-,C,A,0,NA,NA,NA,NA,Y,NA,-,-,0,0,3,0,0,0,0,0,0,-,-,NA,NA,LOS ANGELES,COMPTON,-118.20487213134766,33.88132858276367
90459633,2017,2017-05-19,9590,2017-05-15,1745,021606,NA,1,2,7,1942,0,1,1,NA,2,083,I-5 S/B (GOLDEN STATE FREEWAY),SR-2 (GLENDALE FREEWAY),50,S,N,A,-,Y,NA,NA,5,NA,NA,NA,NA,NA,S,Y,3,0,1,3,A,-,07,21658,A,N,C,C,A,A,H,-,A,D,0,NA,NA,Y,NA,Y,NA,A,01,0,1,0,0,0,0,0,0,1,-,-,34.10237,-118.24963,LOS ANGELES,LOS ANGELES,-118.24977851,34.1022279
9045964,2019,2020-02-20,1972,2019-11-05,0838,18263,NA,2,5,6,1972,0,0,0,NA,0,NA,PALOS VERDES BL,STEVEANN,0,NA,Y,A,-,N,NA,NA,NA,NA,NA,NA,NA,NA,NA,N,4,0,1,2,A,-,10,21950,A,N,G,B,B,A,H,-,A,D,0,Y,NA,NA,NA,Y,NA,A,NA,0,0,1,0,1,0,0,0,0,-,-,NA,NA,LOS ANGELES,TORRANCE,-118.36930084228516,33.835208892822266
90459666,2017,2017-05-19,9550,2017-05-12,2352,020959,NA,5,3,6,1949,0,1,1,NA,2,651,INTERSTATE 605 (SAN GABRIEL RIVER FREEW,FIRESTONE BOULEVARD,315,S,N,A,-,Y,NA,NA,605,NA,NA,NA,NA,NA,NA,Y,4,0,2,3,A,-,03,22350,NA,N,C,C,A,A,H,-,C,D,0,NA,NA,NA,NA,Y,NA,A,01,0,0,2,0,0,0,0,0,0,-,-,33.9238,-118.1044,LOS ANGELES,NORWALK,-118.10439561,33.92379941
90459670,2017,2017-05-19,9550,2017-05-12,2351,020959,NA,5,3,6,1949,0,1,1,NA,2,651,INTERSTATE 605 (SAN GABRIEL RIVER FREEW,FIRESTONE BOULEVARD,335,S,N,A,-,Y,NA,NA,605,NA,NA,NA,NA,NA,NA,Y,4,0,1,2,A,-,03,22350,NA,N,C,C,A,A,H,-,C,D,0,NA,NA,NA,NA,Y,NA,A,07,0,0,1,0,0,0,0,0,0,-,-,33.92375,-118.10437,LOS ANGELES,NORWALK,-118.10440164,33.92375422
90459677,2017,2017-05-19,9590,2017-04-19,0740,021606,NA,3,1,7,1942,0,1,1,NA,2,061,I-10 W/B (SANTA MONICA FREEWAY),GRAMERCY PLACE,600,E,N,A,-,Y,NA,NA,10,NA,NA,NA,NA,NA,W,Y,3,0,1,2,A,-,07,21658,A,N,B,C,A,A,H,-,A,D,0,NA,NA,Y,NA,Y,NA,A,01,0,1,0,0,0,0,0,0,1,-,-,34.03715,-118.31208,LOS ANGELES,LOS ANGELES,-118.31208262,34.03725616
90459683,2017,2017-05-19,9590,2017-04-12,0739,021667,NA,3,1,7,1942,0,1,1,NA,2,052,I-110 N/B (HARBOR FREEWAY),6TH STREET,10,S,N,A,-,Y,NA,NA,110,NA,NA,NA,NA,NA,N,Y,4,0,2,3,A,-,03,22350,NA,N,C,C,A,A,H,-,A,D,0,NA,NA,NA,Y,Y,NA,A,01,0,0,2,0,0,0,0,0,0,-,-,34.05208,-118.25977,LOS ANGELES,LOS ANGELES,-118.25974359,34.05204385
90459707,2017,2017-05-19,9545,2017-05-13,1715,017305,NA,6,2,6,1992,0,1,3,NA,2,011,SR-14 N/B FROM AVENUE K W/B,AVENUE K,14,N,N,A,-,Y,NA,NA,14,NA,NA,NA,R,NA,N,N,2,0,1,2,A,-,05,21650,NA,N,G,G,A,A,H,-,A,D,0,NA,Y,NA,NA,Y,NA,L,04,1,0,0,0,0,0,1,0,0,-,-,34.67509,-118.15709,LOS ANGELES,LANCASTER,-118.15709,34.67509
90459708,2017,2017-05-19,9535,2017-01-28,0316,021515,NA,6,3,9,1900,0,1,3,NA,2,621,SR-60 W/B (POMONA FREEWAY),SANTA ANITA AVENUE,1650,W,N,A,-,Y,NA,NA,60,NA,NA,NA,NA,NA,W,N,1,1,0,2,A,-,00,21960,A,N,G,B,E,A,H,-,C,D,0,Y,NA,NA,Y,Y,NA,N,60,0,0,0,1,0,0,0,0,0,-,-,34.041,-118.064,LOS ANGELES,UNINCORPORATED,-118.0640008,34.04139587
90459716,2017,2017-05-19,9550,2017-05-12,1635,020948,NA,5,2,9,1900,0,2,4,NA,1,032,GALE AVENUE,LATCHFORD AVENUE,0,NA,Y,A,-,N,NA,NA,NA,NA,NA,NA,NA,NA,NA,Y,4,0,1,3,A,-,09,21801,A,N,D,C,A,A,H,-,A,D,0,NA,NA,NA,NA,Y,NA,D,22,0,0,1,0,0,0,0,0,0,-,-,34.0186,-117.98449,LOS ANGELES,UNINCORPORATED,-117.98469012,34.0184601
90459718,2017,2017-05-19,9590,2017-04-04,1702,020443,NA,2,2,7,1942,0,1,3,NA,2,095,SR-2 W/B (GLENDALE FREEWAY),ESTARA AVE,555,N,N,A,-,Y,NA,NA,2,NA,NA,NA,NA,NA,W,Y,2,0,7,5,A,-,03,22350,NA,N,C,C,A,A,H,-,A,D,0,NA,NA,NA,Y,Y,NA,G,25,2,2,3,0,0,0,0,0,0,-,-,34.11686,-118.23734,LOS ANGELES,LOS ANGELES,-118.23733147,34.11684329
90459726,2017,2017-05-19,9550,2017-05-12,2350,020959,NA,5,3,6,1949,0,1,1,NA,2,651,INTERSTATE 605 (SAN GABRIEL RIVER FREEW,FIRESTONE BOULEVARD,100,S,N,A,-,Y,NA,NA,605,NA,NA,NA,NA,NA,NA,Y,4,0,1,2,A,-,01,23152,A,N,C,C,A,A,H,-,C,D,0,NA,NA,NA,NA,Y,Y,A,01,0,0,1,0,0,0,0,0,0,-,-,33.92441,-118.10426,LOS ANGELES,NORWALK,-118.10431319,33.9244171
90459749,2017,2017-05-19,9535,2017-05-09,1323,021441,NA,2,1,9,1900,0,2,4,NA,2,022,OLYMPIC BLVD.,ATLANTIC BLVD.,0,NA,Y,A,-,N,NA,NA,NA,NA,NA,NA,NA,NA,NA,Y,4,0,1,2,A,-,09,21801,A,N,B,C,A,A,H,-,A,A,0,NA,NA,NA,Y,Y,NA,G,25,0,0,1,0,0,0,0,0,0,-,-,34.01629,-118.15853,LOS ANGELES,UNINCORPORATED,-118.15854004,34.01630001
90459765,2017,2017-05-19,9565,2017-05-06,1145,021603,NA,6,1,9,1900,0,3,5,NA,2,003,64TH ST,HALM AVE,115,W,N,A,-,N,NA,NA,NA,NA,NA,NA,NA,NA,NA,Y,2,0,1,2,A,-,01,23152,A,N,C,E,A,A,H,-,A,D,0,NA,NA,NA,NA,Y,Y,A,01,1,0,0,0,0,0,0,0,0,-,-,33.98289,-118.37631,LOS ANGELES,UNINCORPORATED,-118.37946469,33.98176519
90459799,2017,2017-05-19,9580,2017-05-10,1445,020451,NA,3,2,7,1942,0,1,2,NA,2,101,US-101 S/B (VENTURA FREEWAY),WHITSETT AVE,200,N,N,A,-,Y,NA,NA,101,NA,NA,NA,NA,NA,S,N,3,0,2,2,A,-,03,22350,NA,N,C,C,A,A,H,-,A,D,0,NA,NA,NA,NA,Y,NA,A,07,0,2,0,0,0,0,0,0,0,-,-,34.15656,-118.40641,LOS ANGELES,LOS ANGELES,-118.40640978,34.15660883
90459800,2017,2017-05-19,9580,2017-05-10,1835,019319,NA,3,2,7,1942,0,1,1,NA,2,404,I-405 N/B (SAN DIEGO FWY),SHERMAN WAY,1000,S,N,B,-,Y,NA,NA,405,NA,NA,NA,NA,NA,N,Y,4,0,1,4,A,-,03,22350,NA,N,C,C,A,A,H,-,A,D,0,NA,NA,NA,NA,Y,NA,A,01,0,0,1,0,0,0,0,0,0,-,-,34.19609,-118.47432,LOS ANGELES,LOS ANGELES,-118.47421724,34.19609
90459808,2017,2017-05-19,9580,2017-05-11,1645,021498,NA,4,2,7,1942,0,1,3,NA,2,170,SR-170 N/B (HOLLYWOOD FWY.),MAGNOLIA AVE,528,S,N,A,-,Y,NA,NA,170,NA,NA,NA,NA,NA,N,Y,4,0,1,2,A,-,07,21658,A,N,C,C,A,A,H,-,A,D,0,NA,NA,NA,NA,Y,NA,A,01,0,0,1,0,0,0,0,0,0,-,-,34.16238,-118.38145,LOS ANGELES,LOS ANGELES,-118.38144643,34.16238155
90459810,2017,2017-05-19,9580,2017-05-11,1720,019319,NA,4,2,7,1942,0,1,2,NA,2,105,US-101 S/B (HOLLYWOOD FREEWAY),MULHOLLAND DR,528,N,N,B,-,Y,NA,NA,101,NA,NA,NA,NA,NA,S,Y,4,0,1,2,A,-,03,22350,NA,N,C,C,A,A,H,-,A,D,0,NA,NA,NA,NA,Y,NA,A,08,0,0,1,0,0,0,0,0,0,-,-,34.15901,-118.63824,LOS ANGELES,LOS ANGELES,-118.6382579,34.15905868
90459813,2017,2017-05-19,9580,2017-05-11,1610,019319,NA,4,2,7,1942,0,1,2,NA,2,105,US-101 S/B (HOLLYWOOD FREEWAY),DE SOTO AVE,1056,N,N,B,-,Y,NA,NA,101,NA,NA,NA,NA,NA,S,N,4,0,1,2,A,-,03,22350,NA,N,C,C,A,A,H,-,A,D,0,NA,NA,NA,NA,Y,NA,A,01,0,0,1,0,0,0,0,0,0,-,-,34.16882,-118.59391,LOS ANGELES,LOS ANGELES,-118.59391105,34.16881313
90459817,2017,2017-05-19,9580,2017-05-11,1940,021498,NA,4,2,7,1942,0,1,3,NA,2,171,SR-170 S/B (HOLLYWOOD FWY.),SHERMAN WAY,528,S,N,A,-,Y,NA,NA,NA,NA,NA,NA,NA,NA,NA,Y,4,0,1,2,A,-,03,22350,NA,N,C,C,A,A,H,-,D,D,0,NA,NA,NA,NA,Y,NA,A,01,0,0,1,0,0,0,0,0,0,-,-,34.18901,-118.40314,LOS ANGELES,LOS ANGELES,-118.40369,34.20113
9045982,2020,2020-06-10,1967,2020-02-05,0908,136,NA,3,5,2,1967,0,0,0,NA,0,NORTH,WILLOW,JUNIPERO AV,0,NA,Y,A,-,N,NA,NA,NA,NA,NA,NA,NA,NA,NA,N,4,0,1,2,A,-,09,21453,C,N,D,C,A,A,H,-,A,A,0,NA,NA,NA,NA,Y,NA,D,22,0,0,1,0,0,0,0,0,0,-,-,NA,NA,LOS ANGELES,SIGNAL HILL,-118.16326141357422,33.80448913574219
90459821,2017,2017-05-19,9580,2017-05-11,0805,019451,NA,4,1,7,1942,0,1,3,NA,2,115,SR-118 W/B (RONALD REAGAN FWY.),SEPULVEDA BLVD,528,E,N,B,-,Y,NA,NA,118,NA,NA,NA,NA,NA,W,N,4,0,1,2,A,-,03,22350,NA,N,C,C,A,A,H,-,A,D,0,NA,NA,NA,NA,Y,NA,A,01,0,0,1,0,0,0,0,0,0,-,-,34.26606,-118.45982,LOS ANGELES,LOS ANGELES,-118.4598195,34.26602661
90459822,2017,2017-05-19,9580,2017-05-11,1500,018101,NA,4,2,7,1942,0,1,2,NA,2,107,US-101 S/B (VENTURA FREEWAY),LAS VIRGENES RD,40,S,N,A,-,Y,NA,NA,NA,NA,NA,NA,NA,NA,NA,Y,4,0,1,3,A,-,03,22350,NA,N,C,C,A,A,H,-,A,D,0,NA,NA,NA,NA,Y,NA,A,01,0,0,1,0,0,0,0,0,0,-,-,34.14867,-118.69762,LOS ANGELES,LOS ANGELES,-118.69795959,34.14823245
90459828,2017,2017-05-19,9580,2017-05-11,0845,016003,NA,4,1,7,1942,0,1,2,NA,2,105,US-101 SB(VENTURA FRWY),WINNETKA AVE,1056,S,N,A,-,Y,NA,NA,NA,NA,NA,NA,NA,NA,NA,Y,4,0,1,2,A,-,08,22107,NA,N,E,I,A,A,H,-,A,D,0,NA,NA,NA,NA,Y,NA,A,01,0,0,1,0,0,0,0,0,0,-,-,34.17151,-118.56908,LOS ANGELES,LOS ANGELES,-118.57410471,34.17096458
90459833,2017,2017-05-19,9580,2017-05-11,0900,016003,NA,4,1,7,1942,0,1,2,NA,2,104,US-101 NB(VENTURA FRWY),WINNETKA AVE,528,N,N,A,-,Y,NA,NA,101,NA,NA,NA,NA,NA,N,Y,4,0,1,2,A,-,08,22107,NA,N,B,C,A,A,H,-,A,D,0,NA,NA,Y,NA,Y,NA,A,01,0,0,1,0,0,0,0,0,1,-,-,34.17082,-118.57522,LOS ANGELES,LOS ANGELES,-118.57518864,34.17073702
90459834,2017,2017-05-19,9580,2017-05-11,0922,015348,NA,4,1,7,1942,0,1,3,NA,2,170,SR-170 N/B TO I-5 N/B,SHELDON AVENUE,1056,N,N,A,-,Y,NA,NA,170,NA,NA,NA,R,NA,N,Y,4,0,1,2,A,-,03,22350,NA,N,C,C,A,A,H,-,A,D,0,NA,NA,NA,NA,Y,NA,A,07,0,0,1,0,0,0,0,0,0,-,-,34.23435,-118.41048,LOS ANGELES,LOS ANGELES,-118.41048,34.23435
90459850,2017,2017-05-19,9535,2017-05-09,1312,016915,NA,2,1,9,1900,0,3,5,NA,2,006,DEL MAR AVENUE,REDDING AVENUE,0,NA,Y,A,-,N,NA,NA,NA,NA,NA,NA,NA,NA,NA,Y,3,0,1,2,A,-,09,21802,A,N,B,C,A,A,H,-,A,A,0,NA,NA,Y,NA,Y,NA,D,22,0,1,0,0,0,0,0,0,1,-,-,34.05164,-118.09961,LOS ANGELES,UNINCORPORATED,-118.09958006,34.05159005
90459867,2017,2018-04-25,9565,2017-05-08,2219,021621,NA,1,3,9,1900,0,3,5,NA,2,004,112TH STREET,INGLEWOOD AVE,4,W,N,A,-,N,NA,NA,NA,NA,NA,NA,NA,NA,NA,N,3,0,1,2,A,-,12,22450,A,N,H,G,A,A,H,-,C,A,0,NA,Y,NA,NA,Y,NA,A,01,0,1,0,0,0,0,1,0,0,-,-,33.93276,-118.36143,LOS ANGELES,UNINCORPORATED,-118.36134316,33.9327897
90459889,2017,2017-05-19,9575,2017-05-09,1530,015204,NA,2,2,9,1900,0,1,3,NA,2,304,SR-2 (ANGELES CREST HIGHWAY),BAYTREE RD,175296,E,N,A,-,Y,NA,NA,NA,NA,NA,NA,NA,NA,NA,Y,4,0,1,1,A,-,03,22350,NA,N,F,A,A,A,H,-,A,D,0,NA,NA,Y,NA,Y,NA,C,02,0,0,1,0,0,0,0,0,1,-,-,34.34957,-118.92806,LOS ANGELES,UNINCORPORATED,NA,NA
90459892,2017,2017-05-19,9575,2017-05-09,1531,015204,NA,2,2,9,1900,0,1,3,NA,2,304,SR-2 (ANGELES CREST HIGHWAY),BAYTREE RD,196944,E,N,B,-,Y,NA,NA,NA,NA,NA,NA,NA,NA,NA,Y,3,0,1,1,A,-,03,22350,NA,N,E,I,A,A,H,-,A,D,0,NA,NA,Y,NA,Y,NA,C,02,0,1,0,0,0,0,0,0,1,-,-,34.35588,-118.87717,LOS ANGELES,UNINCORPORATED,NA,NA