CASE_ID,ACCIDENT_YEAR,PROC_DATE,JURIS,COLLISION_DATE,COLLISION_TIME,OFFICER_ID,REPORTING_DISTRICT,DAY_OF_WEEK,CHP_SHIFT,POPULATION,CNTY_CITY_LOC,SPECIAL_COND,BEAT_TYPE,CHP_BEAT_TYPE,CITY_DIVISION_LAPD,CHP_BEAT_CLASS,BEAT_NUMBER,PRIMARY_RD,SECONDARY_RD,DISTANCE,DIRECTION,INTERSECTION,WEATHER_1,WEATHER_2,STATE_HWY_IND,CALTRANS_COUNTY,CALTRANS_DISTRICT,STATE_ROUTE,ROUTE_SUFFIX,POSTMILE_PREFIX,POSTMILE,LOCATION_TYPE,RAMP_INTERSECTION,SIDE_OF_HWY,TOW_AWAY,COLLISION_SEVERITY,NUMBER_KILLED,NUMBER_INJURED,PARTY_COUNT,PRIMARY_COLL_FACTOR,PCF_CODE_OF_VIOL,PCF_VIOL_CATEGORY,PCF_VIOLATION,PCF_VIOL_SUBSECTION,HIT_AND_RUN,TYPE_OF_COLLISION,MVIW,PED_ACTION,ROAD_SURFACE,ROAD_COND_1,ROAD_COND_2,LIGHTING,CONTROL_DEVICE,CHP_ROAD_TYPE,PEDESTRIAN_ACCIDENT,BICYCLE_ACCIDENT,MOTORCYCLE_ACCIDENT,TRUCK_ACCIDENT,NOT_PRIVATE_PROPERTY,ALCOHOL_INVOLVED,STWD_VEHTYPE_AT_FAULT,CHP_VEHTYPE_AT_FAULT,COUNT_SEVERE_INJ,COUNT_VISIBLE_INJ,COUNT_COMPLAINT_PAIN,COUNT_PED_KILLED,COUNT_PED_INJURED,COUNT_BICYCLIST_KILLED,COUNT_BICYCLIST_INJURED,COUNT_MC_KILLED,COUNT_MC_INJURED,PRIMARY_RAMP,SECONDARY_RAMP,LATITUDE,LONGITUDE,COUNTY,CITY,POINT_X,POINT_Y
90460373,2017,2017-05-22,9525,2017-05-14,1325,020499,NA,7,1,4,1960,0,1,1,NA,2,207,SR-210 W/B (FOOTHILL FWY),SAN DIMAS AVE,500,W,N,A,-,Y,NA,NA,210,NA,NA,NA,NA,NA,W,Y,4,0,1,4,A,-,07,21658,A,N,C,C,A,A,H,-,A,D,0,NA,NA,NA,NA,Y,NA,A,01,0,0,1,0,0,0,0,0,0,-,-,34.1198,-117.8087,LOS ANGELES,SAN DIMAS,-117.80870074,34.11988888
90460385,2017,2017-05-22,9540,2017-05-18,1251,019254,NA,4,1,9,1900,0,3,5,NA,2,200,GOLDEN VALLEY ROAD,HOLLY DRIVE,184,N,N,A,-,N,NA,NA,NA,NA,NA,NA,NA,NA,NA,Y,4,0,1,1,A,-,03,22350,NA,N,E,I,A,A,H,-,A,D,0,NA,NA,NA,NA,Y,NA,D,22,0,0,1,0,0,0,0,0,0,-,-,34.44388,-118.48453,LOS ANGELES,UNINCORPORATED,-118.48441191,34.44405973
90460390,2017,2017-05-22,9550,2017-05-13,1335,021486,NA,6,1,5,1976,0,1,1,NA,2,650,I-605 S/B,BEVERLY BOULEVARD,400,S,N,A,-,Y,NA,NA,605,NA,NA,NA,NA,NA,S,Y,3,0,2,2,A,-,08,22107,NA,N,C,I,A,A,H,-,A,D,0,NA,NA,NA,NA,Y,NA,A,07,0,1,1,0,0,0,0,0,0,-,-,34.00447,-118.06387,LOS ANGELES,WHITTIER,-118.0638771,34.00447825
90460414,2017,2017-05-22,9550,2017-05-13,1045,021486,NA,6,1,3,1964,0,1,1,NA,2,650,I-605 S/B,TELEGRAPH ROAD,900,S,N,A,-,Y,NA,NA,605,NA,NA,NA,NA,NA,S,N,3,0,1,3,A,-,03,22350,NA,N,C,C,A,A,H,-,A,D,0,NA,NA,NA,NA,Y,NA,A,01,0,1,0,0,0,0,0,0,0,-,-,33.941,-118.097,LOS ANGELES,SANTA FE SPRINGS,-118.09686331,33.9409312
90460416,2017,2017-05-22,9530,2017-05-15,0845,018385,NA,1,1,5,1977,0,1,1,NA,2,410,I-405 N/B (SAN DIEGO FREEWAY),MAIN ST.,528,S,N,B,-,Y,NA,NA,405,NA,NA,NA,NA,NA,N,Y,4,0,2,2,A,-,03,22350,NA,N,C,C,A,A,H,-,A,D,0,NA,NA,NA,NA,Y,NA,A,01,0,0,2,0,0,0,0,0,0,-,-,33.8502,-118.27563,LOS ANGELES,CARSON,-118.27567319,33.85013243
90460427,2017,2017-05-22,9550,2017-05-08,1040,018187,NA,1,1,9,1900,0,3,5,NA,2,002,MILLS RD (NORTHBOUND),MULBERRY DR,51,S,N,A,-,N,NA,NA,NA,NA,NA,NA,NA,NA,NA,N,4,0,1,3,A,-,09,21804,A,N,D,G,A,A,H,-,A,A,0,NA,Y,NA,NA,Y,NA,L,04,0,0,1,0,0,0,1,0,0,-,-,33.94273,-118.0279,LOS ANGELES,UNINCORPORATED,-118.02778804,33.9427942
90460439,2017,2017-05-22,9545,2017-05-13,1823,021518,NA,6,2,6,1950,0,1,3,NA,2,021,SR-14 SOUTHBOUND,10TH STREET WEST,450,N,N,A,-,Y,NA,NA,14,NA,NA,NA,NA,NA,S,Y,4,0,1,2,A,-,03,22350,NA,N,C,C,A,A,H,-,A,D,0,NA,NA,NA,NA,Y,NA,D,22,0,0,1,0,0,0,0,0,0,-,-,34.60626,-118.14896,LOS ANGELES,PALMDALE,-118.14898028,34.60623289
90460471,2017,2017-05-22,9545,2017-05-14,1231,018353,NA,7,1,9,1900,0,1,3,NA,1,042,SR-138 (PEARBLOSSOM HWY),82ND ST  E,150,E,N,A,-,Y,NA,NA,138,NA,NA,NA,NA,NA,NA,N,4,0,1,3,A,-,03,22350,NA,N,C,C,A,A,H,-,A,A,0,NA,NA,NA,NA,Y,NA,A,01,0,0,1,0,0,0,0,0,0,-,-,34.52115,-117.98318,LOS ANGELES,UNINCORPORATED,-117.98318,34.52111192
90460487,2017,2017-05-22,9545,2017-05-13,1805,018862,NA,6,2,6,1950,0,1,3,NA,2,021,SR-14 S/B,TECHNOLOGY DR,920,N,N,A,-,Y,NA,NA,14,NA,NA,NA,NA,NA,S,Y,2,0,2,2,A,-,07,21658,A,N,C,C,A,A,H,-,A,D,0,NA,NA,Y,NA,Y,NA,C,02,1,0,1,0,0,0,0,0,1,-,-,34.59676,-118.1363,LOS ANGELES,PALMDALE,-118.13633289,34.59672789
90460498,2017,2017-05-22,9550,2017-04-01,0041,10000,NA,6,3,5,1919,0,1,1,NA,2,652,"DEL AMO BOULEVARD, 11000 BLOCK",STATE ROAD,130,E,N,A,-,Y,NA,NA,NA,NA,NA,NA,NA,NA,NA,Y,3,0,2,2,A,-,12,21453,A,N,D,C,A,A,H,-,C,A,0,NA,NA,NA,NA,Y,NA,A,01,0,1,1,0,0,0,0,0,0,-,-,33.84599,-118.09419,LOS ANGELES,CERRITOS,-118.09460278,33.84597
90460537,2017,2017-05-22,9545,2017-05-14,1300,018353,NA,7,1,9,1900,0,3,5,NA,2,004,160TH ST  E,STARBURY AVE,300,N,N,A,-,N,NA,NA,NA,NA,NA,NA,NA,NA,NA,Y,4,0,1,2,C,-,18,NA,NA,N,E,I,A,A,H,-,A,D,0,NA,NA,NA,NA,Y,NA,-,-,0,0,1,0,0,0,0,0,0,-,-,34.5914,-117.84434,LOS ANGELES,UNINCORPORATED,-117.84450234,34.59164234
9046054,2020,2020-06-09,1942,2020-02-03,0905,39523,0529,1,5,7,1942,0,0,0,E,0,5A25,HENRY FORD AV,ANAHEIM ST,0,NA,Y,A,G,N,NA,NA,NA,NA,NA,NA,NA,NA,NA,Y,4,0,1,2,A,-,09,21453,C,N,-,C,A,A,H,-,A,A,0,NA,NA,NA,Y,Y,NA,F,25,0,0,1,0,0,0,0,0,0,-,-,NA,NA,LOS ANGELES,LOS ANGELES,-118.24173736572266,33.7811393737793
90460543,2017,2017-05-22,9565,2017-05-21,1355,015275,NA,7,1,7,1942,0,1,1,NA,2,083,I-10 W/B (SANTA MONICA FREEWAY),ROBERTSON BOULEVARD,1056,W,N,A,-,Y,NA,NA,10,NA,NA,NA,NA,NA,W,Y,4,0,1,3,A,-,03,22350,NA,N,C,C,A,A,H,-,A,D,0,NA,NA,NA,NA,Y,NA,A,01,0,0,1,0,0,0,0,0,0,-,-,34.02994,-118.39287,LOS ANGELES,LOS ANGELES,-118.39286795,34.02993526
90460545,2017,2017-05-22,9540,2017-05-19,0634,018208,NA,5,1,7,1942,0,1,1,NA,1,503,I-5 S/B (GOLDEN STATE FREEWAY),BALBOA BLVD O/C,2000,N,N,A,-,Y,NA,NA,5,NA,NA,NA,NA,NA,S,N,3,0,1,2,A,-,08,22107,NA,N,B,C,A,A,H,-,A,D,0,NA,NA,Y,NA,Y,NA,A,01,0,1,0,0,0,0,0,0,1,-,-,34.33015,-118.50663,LOS ANGELES,LOS ANGELES,-118.50639545,34.33025628
90460549,2017,2017-05-22,9550,2017-05-15,2003,021410,NA,1,2,9,1900,0,3,5,NA,2,004,COLIMA RD,PASO REAL AVE,0,NA,Y,A,-,N,NA,NA,NA,NA,NA,NA,NA,NA,NA,Y,3,0,1,2,A,-,10,21950,A,N,G,B,B,A,H,-,C,A,0,Y,NA,NA,NA,Y,NA,A,07,0,1,0,0,1,0,0,0,0,-,-,33.9878,-117.89356,LOS ANGELES,UNINCORPORATED,-117.89355001,33.98776003
90460553,2017,2017-05-22,9530,2017-05-15,0945,018887,NA,1,1,7,1942,0,1,1,NA,2,200,I-105 W/B (GLENN ANDERSON FWY),SAN PEDRO ST.,300,E,N,A,-,Y,NA,NA,105,NA,NA,NA,NA,NA,W,Y,4,0,1,3,A,-,07,21658,A,N,B,C,A,A,H,-,A,A,0,NA,NA,Y,NA,Y,NA,A,01,0,0,1,0,0,0,0,0,1,-,-,33.92783,-118.26852,LOS ANGELES,LOS ANGELES,-118.26852014,33.92765252
90460557,2017,2017-05-22,9550,2017-05-17,1720,019117,NA,3,2,9,1900,0,3,5,NA,2,005,ANNADEL AVENUE,WALNUT DRIVE SOUTH,10,S,N,B,-,N,NA,NA,NA,NA,NA,NA,NA,NA,NA,Y,3,0,1,1,A,-,01,23152,A,N,E,I,A,A,H,-,A,D,0,NA,NA,NA,NA,Y,Y,A,01,0,1,0,0,0,0,0,0,0,-,-,33.99363,-117.8747,LOS ANGELES,UNINCORPORATED,-117.8747385,33.99370352
90460568,2017,2017-05-22,9565,2017-05-20,2320,021473,NA,6,3,5,1965,0,1,1,NA,2,081,I-10 E/B (SANTA MONICA FWY),14TH ST,470,E,N,A,-,Y,NA,NA,10,NA,NA,NA,NA,NA,E,N,4,0,1,2,A,-,03,22350,NA,N,C,C,A,A,H,-,C,D,0,NA,NA,NA,NA,Y,NA,A,01,0,0,1,0,0,0,0,0,0,-,-,34.02005,-118.47866,LOS ANGELES,SANTA MONICA,-118.4786494,34.02003682
9046058,2020,2020-05-29,1942,2020-02-03,1830,42169,0509,1,5,7,1942,0,0,0,E,0,5A24,LOMITA BL,PORTER AV,15,E,N,A,-,N,NA,NA,NA,NA,NA,NA,NA,NA,NA,Y,4,0,1,2,A,-,04,21703,NA,N,C,C,A,A,H,-,C,D,0,NA,NA,NA,NA,Y,NA,D,22,0,0,1,0,0,0,0,0,0,-,-,NA,NA,LOS ANGELES,LOS ANGELES,NA,NA
90460606,2017,2017-05-22,9525,2017-05-14,0930,021481,NA,7,1,9,1900,0,3,5,NA,2,005,GLENDORA MOUNTAIN RD.,BIG DALTON CANYON RD.,12672,N,N,A,-,N,NA,NA,NA,NA,NA,NA,NA,NA,NA,N,4,0,1,1,A,-,03,22350,NA,N,F,A,A,A,H,-,A,D,0,NA,NA,Y,NA,Y,NA,C,02,0,0,1,0,0,0,0,0,1,-,-,34.1623,-117.844,LOS ANGELES,UNINCORPORATED,-117.84582146,34.16436529
90460607,2017,2017-05-22,9530,2017-05-06,2148,021076,NA,6,2,2,1967,0,1,1,NA,2,420,I-405 N/B (SAN DIEGO FREEWAY),ATLANTIC AVE.,210,S,N,B,C,Y,NA,NA,405,NA,NA,NA,NA,NA,N,Y,4,0,1,1,C,-,18,NA,NA,N,B,J,A,B,H,-,C,D,0,NA,NA,NA,NA,Y,NA,-,-,0,0,1,0,0,0,0,0,0,-,-,33.81503,-118.18422,LOS ANGELES,SIGNAL HILL,-118.18417431,33.81515683
9046062,2020,2020-05-29,1942,2020-02-04,0900,35877,0564,2,5,7,1942,0,0,0,E,0,5XL3,PACIFIC AV,5TH ST,0,NA,Y,A,-,N,NA,NA,NA,NA,NA,NA,NA,NA,NA,N,4,0,1,2,A,-,12,21453,A,N,A,C,A,A,H,-,A,B,0,NA,NA,NA,NA,Y,NA,A,01,0,0,1,0,0,0,0,0,0,-,-,NA,NA,LOS ANGELES,LOS ANGELES,-118.28791046142578,33.739688873291016
90460622,2017,2017-05-22,9525,2017-05-14,1410,020505,NA,7,2,9,1900,0,1,3,NA,1,024,SR-39 (SAN GABRIEL CANYON RD.),VAN ORNUM CANYON,5544,S,N,B,-,Y,NA,NA,39,NA,NA,NA,NA,NA,NA,Y,4,0,1,1,A,-,08,22107,NA,N,E,I,A,A,H,-,A,D,0,NA,NA,NA,NA,Y,NA,A,01,0,0,1,0,0,0,0,0,0,-,-,34.1811,-117.88109,LOS ANGELES,UNINCORPORATED,-117.88116433,34.18110352
90460627,2017,2017-05-22,9545,2017-05-14,2500,018420,NA,7,4,9,1900,0,3,5,NA,2,004,106TH ST  E,CIMA MESA RD,1584,N,N,A,-,N,NA,NA,NA,NA,NA,NA,NA,NA,NA,Y,3,0,1,1,A,-,08,22107,NA,M,F,A,A,A,H,-,A,D,0,NA,NA,NA,NA,Y,NA,A,01,0,1,0,0,0,0,0,0,0,-,-,34.45052,-117.93543,LOS ANGELES,UNINCORPORATED,-117.93528391,34.45050143
90460655,2017,2017-05-22,9525,2017-05-15,0610,020951,NA,1,1,5,1990,0,1,3,NA,2,601,SR-60 W/B TO BREA CANYON ROAD,BREA CANYON RD.,7,E,N,A,-,Y,NA,NA,60,NA,NA,NA,R,NA,W,N,4,0,1,2,A,-,10,21950,A,N,G,B,B,A,H,-,A,A,0,Y,NA,NA,NA,Y,NA,A,07,0,0,1,0,1,0,0,0,0,-,-,34.00128,-117.84517,LOS ANGELES,DIAMOND BAR,-117.84517,34.00128
90460696,2017,2017-05-22,9525,2017-05-15,0615,019506,NA,1,1,5,1990,0,1,3,NA,2,603,SR-60 W/B FROM DIAMOND BAR BLVD.,DIAMOND BAR BLVD.,70,E,N,A,B,Y,NA,NA,60,NA,NA,NA,R,NA,W,Y,4,0,1,1,A,-,08,22107,NA,N,F,A,A,A,H,-,A,D,0,NA,NA,Y,NA,Y,NA,C,02,0,0,1,0,0,0,0,0,1,-,-,34.02515,-117.81153,LOS ANGELES,DIAMOND BAR,-117.81153,34.02515
9046070,2020,2020-06-04,1942,2020-02-11,1200,35393,0559,2,5,7,1942,0,0,0,E,0,25TLZ1,TERMINAL WY,EAGLE ST,0,NA,Y,A,-,N,NA,NA,NA,NA,NA,NA,NA,NA,NA,N,4,0,1,2,A,-,09,21802,A,N,D,C,A,A,H,-,A,A,0,NA,NA,NA,NA,Y,NA,A,01,0,0,1,0,0,0,0,0,0,-,-,NA,NA,LOS ANGELES,LOS ANGELES,-118.26489,33.74197
90460755,2017,2017-05-22,9525,2017-05-17,0037,020843,NA,3,3,4,1905,0,1,1,NA,2,204,I-210 E/B (FOOTHILL FWY),AZUSA AVE,528,E,N,A,-,Y,NA,NA,210,NA,NA,NA,NA,NA,E,Y,4,0,1,1,A,-,08,22107,NA,N,E,I,A,A,H,-,D,D,0,NA,NA,NA,NA,Y,NA,A,01,0,0,1,0,0,0,0,0,0,-,-,34.12094,-117.90284,LOS ANGELES,AZUSA,-117.90283905,34.1209261
90460760,2017,2017-05-22,9535,2017-04-15,2249,021000,NA,6,3,4,1907,0,1,1,NA,2,074,I-710 (LONG BEACH FREEWAY) N/B,FILESTONE BLVD,2400,N,N,A,-,Y,NA,NA,NA,NA,NA,NA,NA,NA,NA,Y,4,0,2,3,A,-,08,22107,NA,N,C,E,E,A,H,-,D,D,0,Y,NA,NA,NA,Y,Y,A,08,0,0,2,0,1,0,0,0,0,-,-,33.95583,-118.17042,LOS ANGELES,BELL,NA,NA
9046077,2019,2020-09-02,1900,2019-09-20,0755,274557,0262,5,5,4,1917,0,0,0,NA,0,26T,CLARA ST,WILCOX AV,844,W,N,A,-,N,NA,NA,NA,NA,NA,NA,NA,NA,NA,N,4,0,1,3,A,-,04,21703,NA,M,C,C,A,A,H,-,A,D,0,NA,NA,NA,NA,Y,NA,A,01,0,0,1,0,0,0,0,0,0,-,-,NA,NA,LOS ANGELES,CUDAHY,-118.18132781982422,33.96498107910156
90460793,2017,2017-05-22,9550,2017-05-17,0720,020151,NA,3,1,6,1920,0,1,1,NA,2,150,I-105 W/B,WOODRUFF AVENUE,100,W,N,A,-,Y,NA,NA,105,NA,NA,NA,NA,NA,W,N,4,0,2,4,A,-,03,22350,NA,N,C,C,A,A,H,-,A,D,0,NA,NA,NA,NA,Y,NA,D,22,0,0,2,0,0,0,0,0,0,-,-,33.91392,-118.1173,LOS ANGELES,DOWNEY,-118.11729865,33.91389127
90460804,2017,2017-05-22,9550,2017-05-18,1000,020755,NA,4,1,9,1900,0,2,4,NA,1,031,7TH AVENUE,CLARK AVENUE,0,NA,Y,A,-,N,NA,NA,NA,NA,NA,NA,NA,NA,NA,Y,3,0,1,2,A,-,09,21453,C,N,D,C,A,A,H,-,A,A,0,NA,NA,NA,NA,Y,NA,A,01,0,1,0,0,0,0,0,0,0,-,-,34.02331,-117.98591,LOS ANGELES,UNINCORPORATED,-117.98589006,34.02334009
90460813,2017,2017-05-22,9545,2017-05-18,0513,018353,NA,4,3,9,1900,0,3,5,NA,2,003,SIERRA HWY,ANGELES FORSET HWY,2112,S,N,A,-,N,NA,NA,14,NA,NA,NA,NA,NA,NA,Y,4,0,2,2,A,-,03,22350,NA,N,C,C,A,A,H,-,A,D,0,NA,NA,NA,NA,Y,NA,D,22,0,0,2,0,0,0,0,0,0,-,-,34.50694,-118.11273,LOS ANGELES,UNINCORPORATED,-118.11329055,34.50730362
90460837,2017,2017-05-22,9545,2017-05-19,2030,017305,NA,5,2,6,1992,0,3,5,NA,2,001,AVENUE K,110TH STREET WEST,432,E,N,A,-,N,NA,NA,NA,NA,NA,NA,NA,NA,NA,Y,3,0,1,1,A,-,01,23152,A,N,E,I,A,A,H,-,D,D,0,NA,NA,NA,NA,Y,Y,A,01,0,1,0,0,0,0,0,0,0,-,-,34.67457,-118.32229,LOS ANGELES,LANCASTER,-118.32274595,34.67463261
90460839,2017,2017-05-22,9540,2017-05-16,2005,021106,NA,2,2,7,1942,0,1,1,NA,1,501,I-5 S/B (GOLDEN STATE FREEWAY),SAN FERNANDO MISSION BLVD,100,S,N,A,-,Y,NA,NA,5,NA,NA,NA,NA,NA,S,Y,3,0,1,3,A,-,03,22350,NA,N,C,C,A,A,H,-,C,D,0,NA,NA,NA,NA,Y,NA,A,01,0,1,0,0,0,0,0,0,0,-,-,34.27244,-118.44925,LOS ANGELES,LOS ANGELES,-118.4491163,34.27253553
90460884,2017,2017-05-22,9590,2017-04-29,2220,021346,NA,6,3,7,1942,0,1,2,NA,2,073,US-101 S/B (HOLLYWOOD FREEWAY),FOUNTAIN AVENUE,100,N,N,A,-,Y,NA,NA,101,NA,NA,NA,NA,NA,S,N,4,0,2,3,A,-,03,22350,NA,F,C,C,A,A,H,-,D,D,0,NA,NA,NA,NA,Y,NA,-,99,0,0,2,0,0,0,0,0,0,-,-,34.09516,-118.31176,LOS ANGELES,LOS ANGELES,-118.31173126,34.09520537
90460892,2017,2017-05-22,9525,2017-05-16,1552,020216,NA,2,2,1,1934,0,1,1,NA,2,203,I-210 W/B (FOOTHILL FWY),IRWINDALE AVE,3168,W,N,B,-,Y,NA,NA,210,NA,NA,NA,NA,NA,W,Y,3,0,1,3,A,-,03,22350,NA,N,C,C,A,A,H,-,A,D,0,NA,NA,NA,NA,Y,NA,A,07,0,1,0,0,0,0,0,0,0,-,-,34.12998,-117.94375,LOS ANGELES,IRWINDALE,-117.94373607,34.13001941
90460897,2017,2017-05-22,9530,2017-05-15,1850,021623,NA,1,2,7,1942,0,1,1,NA,2,110,I-110 SB TO I-105 EB,MAIN ST.,100,W,N,A,-,Y,NA,NA,NA,NA,NA,NA,NA,NA,NA,N,4,0,1,3,A,-,03,22350,NA,N,C,C,A,A,H,-,B,D,0,NA,NA,NA,NA,Y,NA,A,07,0,0,1,0,0,0,0,0,0,-,-,33.9279,-118.2755,LOS ANGELES,LOS ANGELES,-118.27421903,33.93566
90460920,2017,2017-05-22,9550,2017-03-26,0059,020948,NA,7,3,9,1900,0,2,S,NA,2,904,WHITTIER BOULEVARD,COLIMA ROAD,0,NA,Y,A,-,N,NA,NA,NA,NA,NA,NA,NA,NA,NA,Y,4,0,2,3,B,-,22,NA,NA,N,D,C,A,A,H,-,C,A,0,NA,NA,NA,NA,Y,Y,J,48,0,0,2,0,0,0,0,0,0,-,-,33.94875,-118.00657,LOS ANGELES,UNINCORPORATED,-118.00668006,33.94878008
90460922,2017,2017-05-22,9580,2017-05-20,2220,020876,NA,6,3,7,1942,0,1,2,NA,2,103,US-101 S/B (VENTURA FREEWAY),VAN NUYS BLVD,700,N,N,A,-,Y,NA,NA,101,NA,NA,NA,NA,NA,S,N,4,0,1,2,A,-,03,22350,NA,N,C,C,A,A,H,-,D,D,0,NA,NA,NA,NA,Y,NA,A,07,0,0,1,0,0,0,0,0,0,-,-,34.1575,-118.45219,LOS ANGELES,LOS ANGELES,-118.45218981,34.15750248
90460924,2017,2017-05-22,9530,2017-05-12,0900,020137,NA,5,1,7,1941,0,1,1,NA,2,420,I-405 S/B (SAN DIEGO FREEWAY),PALO VERDE AVE.,528,N,N,A,-,Y,NA,NA,405,NA,NA,NA,NA,NA,S,N,4,0,1,1,D,-,00,NA,NA,N,F,A,A,A,H,-,A,D,0,NA,NA,Y,NA,Y,NA,-,-,0,0,1,0,0,0,0,0,1,-,-,33.80248,-118.11951,LOS ANGELES,LONG BEACH,-118.11950878,33.80259168
90460929,2017,2017-05-22,9525,2017-05-18,0715,012772,NA,4,1,9,1900,0,3,5,NA,2,004,DON JULIAN RD.,5TH AVE,0,NA,Y,A,-,N,NA,NA,NA,NA,NA,NA,NA,NA,NA,Y,4,0,2,2,A,-,09,21802,A,N,D,C,A,A,H,-,A,D,0,NA,NA,NA,NA,Y,NA,A,01,0,0,2,0,0,0,0,0,0,-,-,34.03403,-117.98763,LOS ANGELES,UNINCORPORATED,-117.98758005,34.03389009
90460937,2017,2017-06-13,9590,2017-04-29,2108,021264,NA,6,2,7,1942,0,1,1,NA,2,052,I-110 N/B (HARBOR FREEWAY),2ND STREET,125,N,N,A,-,Y,NA,NA,110,NA,NA,NA,NA,NA,N,Y,3,0,2,2,A,-,03,22350,NA,N,C,C,A,A,H,-,C,D,0,NA,NA,Y,NA,Y,NA,C,02,0,1,1,0,0,0,0,0,1,-,-,34.05776,-118.25421,LOS ANGELES,LOS ANGELES,-118.25423177,34.05778251
90460942,2017,2017-05-22,9525,2017-05-18,0830,014593,NA,4,1,6,1955,0,1,1,NA,2,110,I-10 E/B (SAN BERNARDINO FWY),GAREY AVE,250,W,N,A,-,Y,NA,NA,10,NA,NA,NA,NA,NA,E,N,4,0,1,2,A,-,03,22350,NA,N,C,C,A,A,H,-,A,D,0,NA,NA,NA,NA,Y,NA,A,07,0,0,1,0,0,0,0,0,0,-,-,34.0759,-117.7466,LOS ANGELES,POMONA,-117.74667354,34.0760804
90460971,2017,2017-07-25,9530,2017-05-11,1650,021490,NA,4,2,9,1900,0,3,5,NA,2,006,VERMONT AVE.,223RD ST.,0,NA,Y,A,-,N,NA,NA,NA,NA,NA,NA,NA,NA,NA,N,3,0,1,2,D,-,00,NA,NA,N,D,G,A,A,H,-,A,A,0,NA,Y,NA,NA,Y,NA,-,-,0,1,0,0,0,0,1,0,0,-,-,33.82437,-118.2901,LOS ANGELES,UNINCORPORATED,-118.2903501,33.82446004
90460978,2017,2017-05-22,9590,2017-05-21,1840,021596,NA,7,2,7,1942,0,1,1,NA,2,084,I-5 N/B (GOLDEN STATE FREEWAY),HYPERION AVE,50,N,N,A,-,Y,NA,NA,5,NA,NA,NA,NA,NA,N,Y,3,0,4,2,A,-,01,23152,A,N,C,C,A,A,H,-,A,D,0,NA,NA,NA,NA,Y,Y,A,07,0,1,3,0,0,0,0,0,0,-,-,34.11291,-118.26644,LOS ANGELES,LOS ANGELES,-118.26646788,34.11287239
90460992,2017,2017-07-04,9550,2017-05-18,1505,020928,NA,4,2,9,1900,0,3,5,NA,2,001,BENAVON ST W/B,MINA AVE,50,W,N,A,-,N,NA,NA,NA,NA,NA,NA,NA,NA,NA,N,4,0,1,2,A,-,10,21950,C,N,G,B,D,A,H,-,A,A,0,Y,NA,NA,NA,Y,NA,D,22,0,0,1,0,1,0,0,0,0,-,-,33.97138,-118.07838,LOS ANGELES,UNINCORPORATED,-118.07834771,33.97136043
90461005,2017,2017-05-22,9580,2017-05-19,2245,020828,NA,5,3,9,1900,0,1,3,NA,1,270,SR-27 N/B (TOPANGA CYN. BLVD.),PACIFIC COAST HWY,2640,N,N,A,-,Y,NA,NA,27,NA,NA,NA,NA,NA,N,Y,3,0,1,1,A,-,03,22350,NA,N,F,A,A,B,H,-,D,D,0,NA,NA,Y,NA,Y,NA,C,02,0,1,0,0,0,0,0,0,1,-,-,34.04596,-118.57766,LOS ANGELES,UNINCORPORATED,-118.57766174,34.04596341
90461018,2017,2017-05-22,9535,2017-05-13,1110,021441,NA,6,1,9,1900,0,2,4,NA,2,011,EASTERN AVENUE (4200 BLOCK),MICHIGAN AVENUE,35,N,N,A,-,N,NA,NA,NA,NA,NA,NA,NA,NA,NA,Y,3,0,1,3,A,-,03,22350,NA,N,C,C,A,A,H,-,A,A,0,NA,NA,NA,NA,Y,NA,D,22,0,1,0,0,0,0,0,0,0,-,-,34.0388,-118.17359,LOS ANGELES,UNINCORPORATED,-118.1736,34.03881598
90461038,2017,2017-05-22,9590,2017-05-15,0840,016230,NA,1,1,7,1942,0,1,1,NA,2,021,I-10 W/B (SBF) SOTO ST. COLLECTOR ROAD,I-5 GSF,100,E,N,B,-,Y,NA,NA,NA,NA,NA,NA,NA,NA,NA,N,4,0,1,2,A,-,07,21658,A,N,B,C,A,A,H,-,A,D,0,NA,NA,NA,NA,Y,NA,A,01,0,0,1,0,0,0,0,0,0,-,-,34.05643,-118.21554,LOS ANGELES,LOS ANGELES,NA,NA
90461050,2017,2017-05-22,9580,2017-05-21,0855,021491,NA,7,1,7,1942,0,1,2,NA,2,103,US-101 S/B (VENTURA FREEWAY),VAN NUYS BLVD,528,N,N,A,-,Y,NA,NA,101,NA,NA,NA,NA,NA,S,N,4,0,1,2,A,-,03,22350,NA,N,C,C,A,A,H,-,A,D,0,NA,NA,NA,NA,Y,NA,D,22,0,0,1,0,0,0,0,0,0,-,-,34.15765,-118.45325,LOS ANGELES,LOS ANGELES,-118.45325502,34.15758572
90461056,2017,2017-05-22,9565,2017-05-18,1610,017713,NA,4,2,4,1918,0,1,1,NA,2,061,I-405 S/B (SAN DIEGO FREEWAY),BRADDOCK DR.,100,N,N,A,-,Y,NA,NA,405,NA,NA,NA,NA,NA,S,N,4,0,1,2,A,-,03,22350,NA,N,C,C,A,A,H,-,A,D,0,NA,NA,NA,NA,Y,NA,A,01,0,0,1,0,0,0,0,0,0,-,-,34.00159,-118.41015,LOS ANGELES,CULVER CITY,-118.41017675,34.00156943