CASE_ID,ACCIDENT_YEAR,PROC_DATE,JURIS,COLLISION_DATE,COLLISION_TIME,OFFICER_ID,REPORTING_DISTRICT,DAY_OF_WEEK,CHP_SHIFT,POPULATION,CNTY_CITY_LOC,SPECIAL_COND,BEAT_TYPE,CHP_BEAT_TYPE,CITY_DIVISION_LAPD,CHP_BEAT_CLASS,BEAT_NUMBER,PRIMARY_RD,SECONDARY_RD,DISTANCE,DIRECTION,INTERSECTION,WEATHER_1,WEATHER_2,STATE_HWY_IND,CALTRANS_COUNTY,CALTRANS_DISTRICT,STATE_ROUTE,ROUTE_SUFFIX,POSTMILE_PREFIX,POSTMILE,LOCATION_TYPE,RAMP_INTERSECTION,SIDE_OF_HWY,TOW_AWAY,COLLISION_SEVERITY,NUMBER_KILLED,NUMBER_INJURED,PARTY_COUNT,PRIMARY_COLL_FACTOR,PCF_CODE_OF_VIOL,PCF_VIOL_CATEGORY,PCF_VIOLATION,PCF_VIOL_SUBSECTION,HIT_AND_RUN,TYPE_OF_COLLISION,MVIW,PED_ACTION,ROAD_SURFACE,ROAD_COND_1,ROAD_COND_2,LIGHTING,CONTROL_DEVICE,CHP_ROAD_TYPE,PEDESTRIAN_ACCIDENT,BICYCLE_ACCIDENT,MOTORCYCLE_ACCIDENT,TRUCK_ACCIDENT,NOT_PRIVATE_PROPERTY,ALCOHOL_INVOLVED,STWD_VEHTYPE_AT_FAULT,CHP_VEHTYPE_AT_FAULT,COUNT_SEVERE_INJ,COUNT_VISIBLE_INJ,COUNT_COMPLAINT_PAIN,COUNT_PED_KILLED,COUNT_PED_INJURED,COUNT_BICYCLIST_KILLED,COUNT_BICYCLIST_INJURED,COUNT_MC_KILLED,COUNT_MC_INJURED,PRIMARY_RAMP,SECONDARY_RAMP,LATITUDE,LONGITUDE,COUNTY,CITY,POINT_X,POINT_Y
90463992,2017,2017-05-25,9590,2017-04-26,0930,013179,NA,3,1,7,1942,0,1,3,NA,2,095,SR-2 W/B (GLENDALE FREEWAY),SAN FERNANDO ROAD,150,E,N,A,-,Y,NA,NA,2,NA,NA,NA,NA,NA,W,Y,4,0,2,4,A,-,03,22350,NA,N,C,C,A,A,H,-,A,D,0,NA,NA,NA,NA,Y,NA,A,07,0,0,2,0,0,0,0,0,0,-,-,34.11661,-118.23801,LOS ANGELES,LOS ANGELES,-118.23796431,34.11652043
90463995,2017,2017-05-25,9535,2017-05-03,0758,017302,NA,3,1,9,1900,0,2,4,NA,2,012,CITY TERRACE DRIVE (3000 BLOCK),HICKS AVE,117,E,N,A,-,N,NA,NA,NA,NA,NA,NA,NA,NA,NA,Y,4,0,1,2,A,-,08,22107,NA,N,D,C,A,A,H,-,A,D,0,NA,NA,Y,NA,Y,NA,A,01,0,0,1,0,0,0,0,0,1,-,-,34.17657,-118.56125,LOS ANGELES,UNINCORPORATED,-118.19039566,34.04871
90463999,2017,2017-05-25,9590,2017-05-01,1145,015982,NA,1,1,7,1942,0,1,1,NA,2,053,I-110 S/B (HARBOR FREEWAY),ADAMS BLVD,60,N,N,A,-,Y,NA,NA,110,NA,NA,NA,NA,NA,S,Y,4,0,1,2,A,-,03,22350,NA,N,C,C,A,A,H,-,A,D,0,NA,NA,NA,NA,Y,NA,A,01,0,0,1,0,0,0,0,0,0,-,-,34.02772,-118.27457,LOS ANGELES,LOS ANGELES,-118.27462885,34.02773283
90464001,2017,2017-05-25,9535,2017-04-16,1620,021505,NA,7,2,5,1947,0,1,3,NA,2,620,SR-60 (POMONA FREEWAY) E/B,PARAMOUNT BLVD,1320,E,N,A,-,Y,NA,NA,60,NA,NA,NA,NA,NA,E,Y,3,0,1,2,A,-,07,21658,A,F,B,D,A,A,H,-,A,D,0,NA,NA,Y,NA,Y,NA,A,01,0,1,0,0,0,0,0,0,1,-,-,34.03687,-118.08867,LOS ANGELES,MONTEBELLO,-118.08869214,34.0369674
90464004,2017,2017-05-25,9535,2017-05-20,2320,021052,NA,6,3,9,1900,0,1,3,NA,2,600,SR-60 E/B (POMONA FREEWAY),INDIANA ST.,1500,E,N,A,-,Y,NA,NA,NA,NA,NA,NA,NA,NA,NA,Y,4,0,2,3,A,-,08,22107,NA,N,E,I,A,A,H,-,C,D,0,NA,NA,NA,NA,Y,NA,A,01,0,0,2,0,0,0,0,0,0,-,-,33.0315,-118.1871,LOS ANGELES,UNINCORPORATED,-118.18748829,34.03163
90464020,2017,2017-05-25,9535,2017-05-18,1655,018188,NA,4,2,6,1922,0,1,1,NA,2,400,I-10 E/B (SAN BERNARDINO FWY),SANTA ANITA AVE,400,W,N,A,-,Y,NA,NA,10,NA,NA,NA,NA,NA,E,N,4,0,1,2,A,-,03,22350,NA,M,C,C,A,A,H,-,A,D,0,NA,NA,NA,NA,Y,NA,A,01,0,0,1,0,0,0,0,0,0,-,-,34.0688,-118.0434,LOS ANGELES,EL MONTE,-118.0433881,34.06887092
9046404,2020,2020-06-03,1942,2020-02-02,1100,39361,0506,7,5,7,1942,0,0,0,E,0,5A84,CARSON ST,NORMANDIE AV,0,NA,Y,A,-,N,NA,NA,NA,NA,NA,NA,NA,NA,NA,Y,4,0,2,2,A,-,09,21801,A,N,A,C,A,A,H,-,A,A,0,NA,NA,NA,NA,Y,NA,A,01,0,0,2,0,0,0,0,0,0,-,-,NA,NA,LOS ANGELES,LOS ANGELES,-118.2995834350586,33.83155059814453
9046408,2020,2020-06-03,1942,2020-02-02,1020,42808,0509,7,5,7,1942,0,0,0,E,0,5A18,LOMITA BL,WESTERN AV,30,W,N,A,-,N,NA,NA,NA,NA,NA,NA,NA,NA,NA,Y,4,0,1,2,A,-,09,21801,A,N,D,C,A,A,H,-,A,A,0,NA,NA,NA,NA,Y,NA,A,01,0,0,1,0,0,0,0,0,0,-,-,NA,NA,LOS ANGELES,LOS ANGELES,-118.30774688720705,33.797821044921875
9046412,2020,2020-06-03,1942,2020-02-02,1830,43412,0532,7,5,7,1942,0,0,0,E,0,5A58,GULF AV,DENNI ST,0,NA,Y,A,-,N,NA,NA,NA,NA,NA,NA,NA,NA,NA,N,3,0,1,2,A,-,09,21801,A,N,G,B,B,A,H,-,C,D,0,Y,NA,NA,NA,Y,NA,A,07,0,1,0,0,1,0,0,0,0,-,-,NA,NA,LOS ANGELES,LOS ANGELES,-118.27330780029295,33.78443145751953
9046416,2020,2020-06-25,1942,2020-02-02,0101,41646,0501,7,5,7,1942,0,0,0,E,0,5A1,182ND ST,VERMONT AV,0,NA,Y,A,-,N,NA,NA,NA,NA,NA,NA,NA,NA,NA,N,4,0,1,2,A,-,09,21801,A,F,B,C,A,-,H,-,C,A,0,NA,NA,NA,NA,Y,NA,A,01,0,0,1,0,0,0,0,0,0,-,-,NA,NA,LOS ANGELES,LOS ANGELES,-118.29058074951172,33.86714172363281
9046420,2020,2020-06-03,1942,2020-02-02,1310,39170,0521,7,5,7,1942,0,0,0,E,0,5A15W2,WESTMONT DR,CASEY PL,300,N,N,A,-,N,NA,NA,NA,NA,NA,NA,NA,NA,NA,Y,4,0,1,1,A,-,03,22350,NA,N,E,I,A,-,H,-,A,D,0,NA,NA,NA,NA,Y,NA,A,01,0,0,1,0,0,0,0,0,0,-,-,NA,NA,LOS ANGELES,LOS ANGELES,-118.29768371582033,33.76348114013672
9046424,2020,2020-06-03,1942,2020-02-08,1905,42962,1805,6,5,7,1942,0,0,0,R,0,18A3,93RD ST,SAN PEDRO ST,50,E,N,A,-,N,NA,NA,NA,NA,NA,NA,NA,NA,NA,N,4,0,1,2,A,-,03,22350,NA,F,B,B,E,A,H,-,C,A,0,Y,NA,NA,NA,Y,NA,-,99,0,0,1,0,1,0,0,0,0,-,-,NA,NA,LOS ANGELES,LOS ANGELES,-118.26937866210938,33.95195007324219
9046428,2020,2020-06-03,1942,2020-02-08,1835,43615,1827,6,5,7,1942,0,0,0,R,0,18X4,CENTURY,HOLMES,15,W,N,A,-,N,NA,NA,NA,NA,NA,NA,NA,NA,NA,N,3,0,1,2,A,-,10,21950,A,F,G,B,B,A,H,-,C,A,0,Y,NA,NA,NA,Y,NA,-,99,0,1,0,0,1,0,0,0,0,-,-,NA,NA,LOS ANGELES,LOS ANGELES,-118.24082946777344,33.945682525634766
9046432,2020,2020-06-03,1942,2020-02-07,0430,40151,1661,5,5,7,1942,0,0,0,P,0,18A77,HOOVER ST,116TH PL,0,NA,Y,A,-,N,NA,NA,NA,NA,NA,NA,NA,NA,NA,Y,4,0,1,2,A,-,12,22450,NA,F,D,C,A,A,H,-,B,D,0,NA,NA,NA,NA,Y,NA,-,99,0,0,1,0,0,0,0,0,0,-,-,NA,NA,LOS ANGELES,LOS ANGELES,-118.28701,33.92809
9046481,2020,2020-02-28,1900,2020-01-23,1615,602990,2116,4,5,5,1943,0,0,0,NA,0,212T3P,OAK ST,CARLIN AV,0,NA,Y,A,-,N,NA,NA,NA,NA,NA,NA,NA,NA,NA,Y,2,0,1,2,A,-,10,21950,A,N,G,B,B,A,H,-,A,A,0,Y,NA,NA,NA,Y,NA,D,22,1,0,0,0,1,0,0,0,0,-,-,NA,NA,LOS ANGELES,LYNWOOD,-118.2104034423828,33.91490173339844
9046494,2020,2020-02-28,1955,2020-01-19,0716,42314,50,7,5,6,1955,0,0,0,NA,0,001,CENTER ST,WHITE AV,162,W,N,A,-,N,NA,NA,NA,NA,NA,NA,NA,NA,NA,Y,4,0,1,2,A,-,08,22107,NA,N,B,E,A,A,H,-,A,D,0,NA,NA,NA,NA,Y,NA,A,07,0,0,1,0,0,0,0,0,0,-,-,NA,NA,LOS ANGELES,POMONA,-117.7595443725586,34.06119918823242
9046502,2020,2020-03-03,1955,2020-01-16,2245,42369,49,4,5,6,1955,0,0,0,NA,0,001,HOLT AV,HAMILTON BL,283,E,N,A,-,N,NA,NA,NA,NA,NA,NA,NA,NA,NA,N,3,0,2,2,A,-,08,22107,NA,N,C,E,A,B,H,-,C,A,0,NA,NA,NA,NA,Y,NA,A,07,0,2,0,0,0,0,0,0,0,-,-,NA,NA,LOS ANGELES,POMONA,-117.76248168945313,34.06207275390625
90465024,2017,2017-05-26,9525,2017-05-23,1555,016342,NA,2,2,5,1990,0,1,3,NA,2,602,SR-60 E/B (POMONA FWY),BREA CANYON RD.,1056,E,N,A,-,Y,NA,NA,60,NA,NA,NA,NA,NA,E,Y,4,0,1,2,A,-,03,22350,NA,N,C,C,A,A,H,-,A,D,0,NA,NA,NA,NA,Y,NA,A,01,0,0,1,0,0,0,0,0,0,-,-,34.00203,-117.83361,LOS ANGELES,DIAMOND BAR,-117.8336449,34.00214957
90465030,2017,2017-05-26,9535,2017-05-20,1800,021599,NA,6,2,5,1947,0,1,3,NA,2,601,SR-60 (POMONA FREEWAY) W/B,WILCOX AVE,1000,E,N,A,-,Y,NA,NA,60,NA,NA,NA,NA,NA,W,Y,4,0,1,2,A,-,03,22350,NA,N,C,C,A,A,H,-,A,D,0,NA,NA,NA,NA,Y,NA,A,01,0,0,1,0,0,0,0,0,0,-,-,34.03304,-118.12182,LOS ANGELES,MONTEBELLO,-118.12181888,34.0333447
90465031,2017,2017-05-26,9535,2017-05-17,1405,019135,NA,3,2,9,1900,0,2,4,NA,2,014,CESAR E CHAVEZ AVE (3900 BLOCK),HAZARD AVE,150,W,N,A,-,N,NA,NA,NA,NA,NA,NA,NA,NA,NA,N,3,0,2,2,A,-,09,21804,A,F,D,C,A,A,H,-,A,D,0,NA,NA,NA,NA,Y,NA,A,01,0,1,1,0,0,0,0,0,0,-,-,34.04059,-118.18082,LOS ANGELES,UNINCORPORATED,-118.18037406,34.04055712
90465055,2017,2017-05-26,9565,2017-03-14,0740,018154,NA,2,1,7,1942,0,1,1,NA,2,061,I-405 N/B (SAN DIEGO FWY.),BALLONA CREEK,200,S,N,A,-,Y,NA,NA,405,NA,NA,NA,NA,NA,N,Y,4,0,1,3,A,-,08,22107,NA,F,C,C,A,A,H,-,A,D,0,NA,NA,Y,NA,Y,NA,A,01,0,0,1,0,0,0,0,0,1,-,-,33.99293,-118.4032,LOS ANGELES,LOS ANGELES,-118.40312443,33.99298995
90465056,2017,2017-05-26,9565,2017-04-29,1300,021453,NA,6,1,9,1900,0,1,1,NA,2,010,I-105 E/B (CENTURY FWY),INGLEWOOD AVE,300,W,N,A,-,Y,NA,NA,105,NA,NA,NA,NA,NA,E,Y,4,0,1,1,A,-,08,22107,NA,N,E,I,A,A,H,-,A,D,0,NA,NA,NA,NA,Y,NA,A,01,0,0,1,0,0,0,0,0,0,-,-,33.93117,-118.36335,LOS ANGELES,UNINCORPORATED,-118.36335617,33.93119045
90465058,2017,2017-05-26,9565,2017-05-15,1540,021453,NA,1,2,9,1900,0,1,1,NA,2,010,I-105 W/B (CENTURY FWY),HAWTHORNE BLVD,500,W,N,A,-,Y,NA,NA,105,NA,NA,NA,NA,NA,W,Y,3,0,4,2,A,-,03,22350,NA,N,C,C,A,A,H,-,A,D,0,NA,NA,NA,NA,Y,NA,D,22,0,1,3,0,0,0,0,0,0,-,-,33.93362,-118.3561,LOS ANGELES,UNINCORPORATED,-118.35611153,33.93368097
90465078,2017,2017-05-26,9535,2017-05-17,0840,012767,NA,3,1,3,1968,0,1,3,NA,2,620,SR-60 (POMONA FREEWAY) E/B,PECK ROAD,1286,W,N,B,-,Y,NA,NA,60,NA,NA,NA,NA,NA,E,Y,4,0,1,1,A,-,08,22107,NA,N,E,I,A,A,H,-,A,D,0,NA,NA,NA,NA,Y,NA,A,07,0,0,1,0,0,0,0,0,0,-,-,34.03809,-118.04267,LOS ANGELES,SOUTH EL MONTE,-118.04267852,34.03804299
90465081,2017,2017-05-26,9565,2017-05-08,1840,021632,NA,1,2,7,1942,0,1,1,NA,2,062,I-405 NORTHBOUND,PALMS BLVD,400,S,N,A,-,Y,NA,NA,405,NA,NA,NA,NA,NA,N,Y,3,0,2,3,A,-,03,22350,NA,N,C,C,A,A,H,-,A,D,0,NA,NA,NA,NA,Y,Y,A,01,0,1,1,0,0,0,0,0,0,-,-,34.01706,-118.422,LOS ANGELES,LOS ANGELES,-118.42210388,34.01697782
90465091,2017,2017-05-26,9530,2017-05-17,0800,021430,NA,3,1,7,1941,0,1,1,NA,2,430,I-405 N/B (SAN DIEGO FREEWAY),WOODRUFF AVE.,800,S,N,A,-,Y,NA,NA,405,NA,NA,NA,NA,NA,N,Y,4,0,1,4,A,-,03,22350,NA,N,C,C,A,A,H,-,A,D,0,NA,NA,NA,NA,Y,NA,D,22,0,0,1,0,0,0,0,0,0,-,-,33.80049,-118.11245,LOS ANGELES,LONG BEACH,-118.11247951,33.80044973
90465097,2017,2017-05-26,9565,2017-05-05,1250,020929,NA,5,1,7,1942,0,1,1,NA,2,061,I-405 N/B (SAN DIEGO FREEWAY),LA TIJERA BOULEVARD,550,N,N,B,-,Y,NA,NA,405,NA,NA,NA,NA,NA,N,Y,4,0,2,3,A,-,03,22350,NA,N,C,C,A,A,H,-,A,D,0,NA,NA,NA,NA,Y,NA,A,01,0,0,2,0,0,0,0,0,0,-,-,33.97286,-118.37957,LOS ANGELES,LOS ANGELES,-118.37958514,33.97283435
90465098,2017,2017-05-26,9530,2017-05-18,0810,021484,NA,4,1,9,1900,0,3,5,NA,2,001,HOLMES AVE.(5900 BLOCK),60TH ST,115,N,N,A,-,N,NA,NA,NA,NA,NA,NA,NA,NA,NA,Y,4,0,1,2,A,-,03,22350,NA,N,C,C,A,A,H,-,A,A,0,NA,NA,NA,NA,Y,NA,A,07,0,0,1,0,0,0,0,0,0,-,-,33.98601,-118.24117,LOS ANGELES,UNINCORPORATED,-118.24120499,33.98592513
9046510,2020,2020-03-03,1955,2020-01-09,0135,42369,4,4,5,6,1955,0,0,0,NA,0,001,MISSION BL,PARK AV,0,NA,Y,A,-,N,NA,NA,NA,NA,NA,NA,NA,NA,NA,Y,4,0,1,2,A,-,12,21453,A,N,B,C,A,A,H,-,C,A,0,NA,NA,NA,NA,Y,NA,A,01,0,0,1,0,0,0,0,0,0,-,-,NA,NA,LOS ANGELES,POMONA,-117.75440979003906,34.054988861083984
90465100,2017,2017-05-26,9575,2017-05-15,1755,021344,NA,1,2,9,1900,0,1,3,NA,2,300,SR-2 (ANGELES CREST HIGHWAY),SLIDE CANYON BRIDGE,739,W,N,A,-,Y,NA,NA,2,NA,NA,NA,NA,NA,NA,Y,4,0,1,1,A,-,08,22107,NA,N,H,I,A,A,H,-,A,D,0,NA,NA,NA,NA,Y,NA,A,01,0,0,1,0,0,0,0,0,0,-,-,34.24083,-118.18832,LOS ANGELES,UNINCORPORATED,-118.18822499,34.24083021
90465115,2017,2017-05-26,9530,2017-05-19,1530,021484,NA,5,2,9,1900,0,3,5,NA,2,001,FIRESTONE BLVD. (1500 BLOCK),MIRAMONTE BLVD.,0,NA,Y,A,-,N,NA,NA,NA,NA,NA,NA,NA,NA,NA,N,4,0,1,2,A,-,09,21801,A,N,D,C,A,A,H,-,A,D,0,NA,NA,NA,NA,Y,NA,A,07,0,0,1,0,0,0,0,0,0,-,-,33.96025,-118.24607,LOS ANGELES,UNINCORPORATED,-118.24610013,33.96016009
90465129,2017,2017-05-26,9575,2017-05-16,1730,020182,NA,2,2,7,1942,0,1,1,NA,2,050,COLORADO ST. EXTENSION,EDENHURST AVE.,40,W,N,A,-,Y,NA,NA,NA,NA,NA,NA,NA,NA,NA,N,4,0,3,4,A,-,03,22350,NA,N,C,C,A,A,H,-,A,D,0,NA,NA,NA,NA,Y,NA,A,01,0,0,3,0,0,0,0,0,0,-,-,34.14176,-118.27336,LOS ANGELES,LOS ANGELES,-118.27325093,34.14110614
9046513,2019,2020-05-28,1942,2019-04-03,0910,30575,1028,3,5,7,1942,0,0,0,J,0,6D251,BALBOA BL,VANOWEN ST,0,NA,Y,A,-,N,NA,NA,NA,NA,NA,NA,NA,NA,NA,Y,2,0,7,8,A,-,01,23152,A,F,D,D,F,A,H,-,A,A,0,Y,NA,NA,NA,Y,NA,D,22,2,4,1,0,2,0,0,0,0,-,-,NA,NA,LOS ANGELES,LOS ANGELES,-118.50112152099608,34.19390106201172
90465130,2017,2017-05-26,9565,2017-05-24,1400,017574,NA,3,2,7,1942,0,1,1,NA,2,062,INTERSTATE 405 SOUTHBOUND,NATIONAL BLVD.,200,S,N,A,-,Y,NA,NA,NA,NA,NA,NA,NA,NA,NA,Y,3,0,1,3,A,-,03,22350,NA,N,C,C,A,A,H,-,A,D,0,NA,NA,NA,NA,Y,NA,A,01,0,1,0,0,0,0,0,0,0,-,-,34.266,-118.429,LOS ANGELES,LOS ANGELES,-118.42978251,34.02633468
90465132,2017,2017-11-27,9540,2017-05-18,0835,014339,NA,4,1,7,1942,0,1,1,NA,2,500,I-5 N/B (GOLDEN STATE FREEWAY),SAN FERNANDO MISSION BLVD,790,S,N,A,-,Y,NA,NA,5,NA,NA,NA,NA,NA,N,Y,4,0,1,3,A,-,03,22350,NA,N,B,C,A,A,H,-,A,D,0,NA,NA,NA,NA,Y,NA,A,01,0,0,1,0,0,0,0,0,0,-,-,34.275,-118.45088,LOS ANGELES,LOS ANGELES,-118.45091695,34.27496166
90465133,2017,2017-05-26,9550,2017-05-20,1210,021486,NA,6,1,5,1976,0,1,1,NA,2,650,I-605 S/B,BEVERLY BOULEVARD,200,N,N,A,-,Y,NA,NA,605,NA,NA,NA,NA,NA,S,Y,4,0,2,3,A,-,03,22350,NA,F,C,C,A,A,H,-,A,D,0,NA,NA,NA,NA,Y,NA,A,07,0,0,2,0,0,0,0,0,0,-,-,34.00477,-118.06318,LOS ANGELES,WHITTIER,-118.06331171,34.00493392
90465134,2017,2017-05-26,9540,2017-05-23,1055,013893,NA,2,1,9,1900,0,2,4,NA,1,203,PLACERITA CANYON (19000 BLOCK),RUNNING HORSE RD,2640,E,N,A,-,N,NA,NA,NA,NA,NA,NA,NA,NA,NA,Y,3,0,1,1,A,-,08,22107,NA,N,E,I,A,A,H,-,A,D,0,NA,NA,NA,NA,Y,NA,D,22,0,1,0,0,0,0,0,0,0,-,-,34.37859,-118.45517,LOS ANGELES,UNINCORPORATED,-118.45621224,34.37865393
90465140,2017,2017-05-26,9540,2017-05-22,1720,018582,NA,1,2,9,1900,0,2,4,NA,1,202,SOLEDAD CANYON ROAD,AGUA DULCE CYN RD,175,E,N,A,-,N,NA,NA,NA,NA,NA,NA,NA,NA,NA,Y,4,0,1,2,A,-,09,21804,A,N,B,C,A,A,H,-,A,D,0,NA,NA,NA,NA,Y,NA,A,01,0,0,1,0,0,0,0,0,0,-,-,34.43763,-118.33575,LOS ANGELES,UNINCORPORATED,-118.33567817,34.43760357
90465141,2017,2017-05-26,9535,2017-05-18,1105,019540,NA,4,1,9,1900,0,2,4,NA,2,024,WHITTIER BLVD (4000 BLOCK),RECORD AVE,100,E,N,A,-,N,NA,NA,NA,NA,NA,NA,NA,NA,NA,Y,4,0,1,2,A,-,03,22350,NA,N,C,C,A,A,H,-,A,D,0,NA,NA,NA,NA,Y,NA,D,22,0,0,1,0,0,0,0,0,0,-,-,34.02392,-118.18241,LOS ANGELES,UNINCORPORATED,-118.18235067,34.02393264
90465149,2017,2017-05-26,9530,2017-05-21,1355,020938,NA,7,1,5,1915,0,1,3,NA,2,310,SR-91 E/B (ARTESIA FREEWAY),ACACIA AVE.,688,E,N,A,-,Y,NA,NA,NA,NA,NA,NA,NA,NA,NA,Y,4,0,1,2,A,-,07,21658,A,N,D,C,A,A,H,-,A,D,0,NA,NA,NA,NA,Y,NA,A,01,0,0,1,0,0,0,0,0,0,-,-,33.5225,-118.132,LOS ANGELES,COMPTON,-118.22247244,33.87383443
90465152,2017,2017-06-12,9565,2017-05-25,0040,020370,NA,4,3,9,1900,0,2,4,NA,2,021,VERMONT AVE.,EL SEGUNDO BLVD.,0,NA,Y,A,-,N,NA,NA,NA,NA,NA,NA,NA,NA,NA,Y,4,0,1,2,A,-,12,21453,A,N,D,C,A,A,H,-,C,A,0,NA,NA,NA,NA,Y,NA,-,-,0,0,1,0,0,0,0,0,0,-,-,33.91652,-118.29192,LOS ANGELES,UNINCORPORATED,-118.29184012,33.91642001
90465155,2017,2017-05-26,9575,2017-05-17,2314,021566,NA,3,3,6,1925,0,1,3,NA,2,090,SR-2 W/B (GLENDALE FREEWAY),FERN LANE,57,E,N,A,-,Y,NA,NA,NA,NA,NA,NA,NA,NA,NA,Y,4,0,1,1,A,-,08,22107,NA,N,E,I,A,A,H,-,D,D,0,NA,NA,NA,NA,Y,NA,A,01,0,0,1,0,0,0,0,0,0,-,-,34.11185,-118.1306,LOS ANGELES,GLENDALE,-118.21764,34.18575
90465161,2017,2017-05-26,9550,2017-05-20,1719,020932,NA,6,2,9,1900,0,1,1,NA,2,150,INTERSTATE 105 EB,BELLFLOWER BLVD,170,E,N,A,-,Y,NA,NA,NA,NA,NA,NA,NA,NA,NA,Y,4,0,3,3,A,-,03,22350,NA,N,C,C,A,A,H,-,A,D,0,NA,NA,NA,NA,Y,NA,D,22,0,0,3,0,0,0,0,0,0,-,-,33.91309,-118.12464,LOS ANGELES,UNINCORPORATED,-118.12484111,33.91305347
90465164,2017,2017-05-26,9575,2017-05-17,2030,021669,NA,3,2,7,1942,0,1,3,NA,2,043,SR-134 W/B (VENTURA FREEWAY),RIVERSIDE DR.,30,E,N,A,-,Y,NA,NA,134,NA,NA,NA,NA,NA,W,Y,4,0,2,2,A,-,03,22350,NA,N,C,C,A,A,H,-,A,D,0,NA,NA,NA,NA,Y,NA,A,01,0,0,2,0,0,0,0,0,0,-,-,34.15545,-118.29392,LOS ANGELES,LOS ANGELES,-118.29392014,34.15544112
90465172,2017,2017-05-26,9550,2017-05-20,0731,021269,NA,6,1,9,1900,0,3,5,NA,2,003,LA SUBIDA DRIVE,RICHDALE AVENUE,13,E,N,A,-,N,NA,NA,NA,NA,NA,NA,NA,NA,NA,Y,4,0,1,2,A,-,03,22350,NA,N,B,C,A,A,H,-,A,D,0,NA,NA,NA,NA,Y,NA,A,07,0,0,1,0,0,0,0,0,0,-,-,33.99098,-117.9741,LOS ANGELES,UNINCORPORATED,-117.97416011,33.9910071
90465181,2017,2017-05-26,9540,2017-05-22,1510,018582,NA,1,2,9,1900,0,1,3,NA,2,146,SR-14 N/B (ANTELOPE VALLEY FREEWAY),PURITAN MINE ROAD,200,S,N,A,-,Y,NA,NA,14,NA,NA,NA,NA,NA,N,Y,4,0,1,1,A,-,08,22107,NA,N,E,I,A,A,H,-,A,D,0,NA,NA,NA,NA,Y,NA,A,07,0,0,1,0,0,0,0,0,0,-,-,34.50435,-118.2451,LOS ANGELES,UNINCORPORATED,-118.24508786,34.50440753
90465196,2017,2017-05-26,9575,2017-05-17,1340,020182,NA,3,1,6,1912,0,1,1,NA,2,051,I-5 S/B (GOLDEN STATE FREEWAY),BURBANK BLVD.,200,N,N,A,-,Y,NA,NA,5,NA,NA,NA,NA,NA,S,Y,3,0,1,3,A,-,03,22350,NA,N,D,C,A,A,H,-,A,D,0,NA,NA,NA,NA,Y,NA,A,01,0,1,0,0,0,0,0,0,0,-,-,34.18614,-118.31922,LOS ANGELES,BURBANK,-118.31921288,34.18615735
90465208,2017,2017-05-26,9550,2017-05-25,1420,018271,NA,4,2,9,1900,0,1,1,NA,2,650,I-605 S/B,SARAGOSA ST.,300,N,N,A,-,Y,NA,NA,605,NA,NA,NA,NA,NA,S,N,4,0,3,2,A,-,03,22350,NA,N,C,C,A,A,H,-,A,D,0,NA,NA,NA,NA,Y,NA,D,22,0,0,3,0,0,0,0,0,0,-,-,33.98012,-118.07669,LOS ANGELES,UNINCORPORATED,-118.07664839,33.98007703
90465210,2017,2017-05-26,9575,2017-05-17,1640,020182,NA,3,2,7,1942,0,1,1,NA,2,053,I-5 N/B (GOLDEN STATE FREEWAY),VAN NUYS BLVD.,200,S,N,A,-,Y,NA,NA,5,NA,NA,NA,NA,NA,N,N,3,0,4,3,A,-,03,22350,NA,N,C,C,A,A,H,-,A,D,0,NA,NA,NA,NA,Y,NA,A,01,0,1,3,0,0,0,0,0,0,-,-,34.25663,-118.43422,LOS ANGELES,LOS ANGELES,-118.43452365,34.256308
90465230,2017,2017-05-26,9535,2017-05-20,0925,017416,NA,6,1,5,1947,0,1,3,NA,2,601,SR-60 (POMONA FREEWAY) W/B,WILCOX AVE,695,W,N,A,-,Y,NA,NA,NA,NA,NA,NA,NA,NA,NA,Y,4,0,1,2,A,-,03,22350,NA,N,C,C,A,A,H,-,A,D,0,NA,NA,NA,NA,Y,NA,A,01,0,0,1,0,0,0,0,0,0,-,-,34.19993,-118.7653,LOS ANGELES,MONTEBELLO,-118.12735873,34.03327966
90465242,2017,2017-05-26,9550,2017-05-21,1050,021486,NA,7,1,5,1976,0,1,1,NA,2,650,I-605 N/B,WHITTIER BOULEVARD,1700,N,N,A,-,Y,NA,NA,605,NA,NA,NA,NA,NA,N,Y,4,0,2,2,A,-,03,22350,NA,N,C,C,A,A,H,-,A,D,0,NA,NA,NA,NA,Y,NA,A,01,0,0,2,0,0,0,0,0,0,-,-,33.99833,-118.06794,LOS ANGELES,WHITTIER,-118.06795261,33.99833299
90465245,2017,2017-05-26,9565,2017-05-19,0940,021572,NA,5,1,9,1900,0,1,1,NA,2,060,I-405 S/B (SAN DIEGO FREEWAY),CENTURY BLVD,200,S,N,A,-,Y,NA,NA,405,NA,NA,NA,NA,NA,S,N,4,0,1,2,A,-,03,22350,NA,N,C,C,A,A,H,-,A,D,0,NA,NA,NA,NA,Y,NA,D,22,0,0,1,0,0,0,0,0,0,-,-,33.94274,-118.3685,LOS ANGELES,UNINCORPORATED,-118.36856737,33.94274093
90465246,2017,2017-05-26,9545,2017-05-23,1730,018550,NA,2,2,9,1900,0,3,5,NA,2,004,LONGVIEW RD,AVENUE S,528,N,N,A,-,N,NA,NA,NA,NA,NA,NA,NA,NA,NA,N,4,0,1,1,A,-,08,22107,NA,N,E,I,A,A,H,-,B,D,0,NA,NA,NA,NA,Y,NA,A,01,0,0,1,0,0,0,0,0,0,-,-,34.55879,-117.88946,LOS ANGELES,UNINCORPORATED,-117.88953083,34.55938702