CASE_ID,ACCIDENT_YEAR,PROC_DATE,JURIS,COLLISION_DATE,COLLISION_TIME,OFFICER_ID,REPORTING_DISTRICT,DAY_OF_WEEK,CHP_SHIFT,POPULATION,CNTY_CITY_LOC,SPECIAL_COND,BEAT_TYPE,CHP_BEAT_TYPE,CITY_DIVISION_LAPD,CHP_BEAT_CLASS,BEAT_NUMBER,PRIMARY_RD,SECONDARY_RD,DISTANCE,DIRECTION,INTERSECTION,WEATHER_1,WEATHER_2,STATE_HWY_IND,CALTRANS_COUNTY,CALTRANS_DISTRICT,STATE_ROUTE,ROUTE_SUFFIX,POSTMILE_PREFIX,POSTMILE,LOCATION_TYPE,RAMP_INTERSECTION,SIDE_OF_HWY,TOW_AWAY,COLLISION_SEVERITY,NUMBER_KILLED,NUMBER_INJURED,PARTY_COUNT,PRIMARY_COLL_FACTOR,PCF_CODE_OF_VIOL,PCF_VIOL_CATEGORY,PCF_VIOLATION,PCF_VIOL_SUBSECTION,HIT_AND_RUN,TYPE_OF_COLLISION,MVIW,PED_ACTION,ROAD_SURFACE,ROAD_COND_1,ROAD_COND_2,LIGHTING,CONTROL_DEVICE,CHP_ROAD_TYPE,PEDESTRIAN_ACCIDENT,BICYCLE_ACCIDENT,MOTORCYCLE_ACCIDENT,TRUCK_ACCIDENT,NOT_PRIVATE_PROPERTY,ALCOHOL_INVOLVED,STWD_VEHTYPE_AT_FAULT,CHP_VEHTYPE_AT_FAULT,COUNT_SEVERE_INJ,COUNT_VISIBLE_INJ,COUNT_COMPLAINT_PAIN,COUNT_PED_KILLED,COUNT_PED_INJURED,COUNT_BICYCLIST_KILLED,COUNT_BICYCLIST_INJURED,COUNT_MC_KILLED,COUNT_MC_INJURED,PRIMARY_RAMP,SECONDARY_RAMP,LATITUDE,LONGITUDE,COUNTY,CITY,POINT_X,POINT_Y
90465249,2017,2017-05-26,9575,2017-05-17,0615,018537,NA,3,1,9,1900,0,2,4,NA,2,012,FOOTHILL BLVD.,GLENWOOD AVE,257,W,N,B,-,N,NA,NA,NA,NA,NA,NA,NA,NA,NA,Y,4,0,1,2,A,-,09,21801,A,N,D,C,A,A,H,-,A,D,0,NA,NA,NA,NA,Y,NA,A,01,0,0,1,0,0,0,0,0,0,-,-,34.22595,-118.24292,LOS ANGELES,UNINCORPORATED,-118.24277519,34.2259168
9046527,2020,2020-06-22,1922,2020-02-01,1707,683,NA,6,5,6,1922,0,0,0,NA,0,NA,MOUNTAIN VIEW RD,GARVEY AV,100,NA,N,A,-,N,NA,NA,NA,NA,NA,NA,NA,NA,NA,N,4,0,1,2,-,-,-,NA,NA,N,H,A,A,A,H,-,A,D,0,NA,NA,Y,NA,Y,NA,-,-,0,0,1,0,0,0,0,0,1,-,-,34.06282043457031,-118.0218505859375,LOS ANGELES,EL MONTE,-118.02174377441406,34.06283950805664
90465313,2017,2017-07-10,9530,2017-05-19,1210,021484,NA,5,1,9,1900,0,3,5,NA,2,001,ALAMEDA ST.(8600 BLOCK),FIRESTONE BLVD.,0,NA,Y,A,-,N,NA,NA,NA,NA,NA,NA,NA,NA,NA,N,4,0,1,2,A,-,12,21453,A,N,D,C,A,A,H,-,A,A,0,NA,NA,NA,NA,Y,NA,D,22,0,0,1,0,0,0,0,0,0,-,-,33.9578,-118.23106,LOS ANGELES,UNINCORPORATED,-118.23108008,33.95779008
90465315,2017,2017-06-01,9575,2017-05-17,1955,020945,NA,3,2,9,1900,0,2,4,NA,2,024,WOODBURY RD.,FAIR OAKS AVE.,40,E,N,A,-,N,NA,NA,NA,NA,NA,NA,NA,NA,NA,Y,3,0,2,3,A,-,03,22350,NA,N,C,C,A,A,H,-,C,D,0,NA,NA,NA,NA,Y,NA,A,01,0,1,1,0,0,0,0,0,0,-,-,34.18311,-118.15071,LOS ANGELES,UNINCORPORATED,-118.15069814,34.18324479
90465339,2017,2017-05-26,9575,2017-05-17,1650,015204,NA,3,2,9,1900,0,2,4,NA,2,012,ROSEMONT AVE,FOOTHILL BLVD,6,N,N,A,-,N,NA,NA,NA,NA,NA,NA,NA,NA,NA,N,3,0,1,2,A,-,09,21804,A,N,D,G,A,A,H,-,A,A,0,NA,Y,NA,NA,Y,NA,L,04,0,1,0,0,0,0,1,0,0,-,-,34.22136,-118.23518,LOS ANGELES,UNINCORPORATED,-118.23512061,34.22118645
9046535,2020,2020-02-28,1922,2020-01-04,1557,620,NA,6,5,6,1922,0,0,0,NA,0,002,PECK RD,ROSEGLEN ST,200,N,N,A,-,N,NA,NA,NA,NA,NA,NA,NA,NA,NA,N,4,0,1,3,A,-,07,21658,A,N,C,E,A,A,H,-,A,A,0,NA,NA,NA,NA,Y,NA,A,07,0,0,1,0,0,0,0,0,0,-,-,34.092838287353516,-118.01318359375,LOS ANGELES,EL MONTE,-118.01364135742188,34.09281921386719
90465351,2017,2017-05-26,9530,2017-04-11,0530,021493,NA,2,3,9,1900,0,1,1,NA,2,210,I-105 W/B (GLENN ANDERSON FWY),WILMINGTON AVE.,100,W,N,A,-,Y,NA,NA,105,NA,NA,NA,NA,NA,W,Y,2,0,1,2,A,-,07,21658,A,F,B,C,A,A,H,-,B,D,0,NA,NA,NA,NA,Y,NA,-,99,1,0,0,0,0,0,0,0,0,-,-,33.9285,-118.2396,LOS ANGELES,UNINCORPORATED,-118.23959823,33.9285292
90465353,2017,2017-05-26,9540,2017-05-23,0955,020306,NA,2,1,6,1985,0,1,3,NA,1,145,SR-14 SOUTHBOUND (ANTELOPE VALLEY FWY),GOLDEN VALLEY RD,166,S,N,A,-,Y,NA,NA,14,NA,NA,NA,NA,NA,S,Y,4,0,1,4,A,-,03,22350,NA,N,C,C,A,A,H,-,A,D,0,NA,NA,NA,NA,Y,NA,A,01,0,0,1,0,0,0,0,0,0,-,-,34.39121,-118.47537,LOS ANGELES,SANTA CLARITA,-118.47533475,34.39114471
90465356,2017,2017-05-26,9530,2017-05-20,1615,021582,NA,6,2,9,1900,0,3,5,NA,2,002,WILMINGTON AVE.,120TH ST.,100,S,N,A,-,N,NA,NA,NA,NA,NA,NA,NA,NA,NA,N,4,0,1,2,A,-,03,22350,NA,N,C,C,A,A,H,-,A,D,0,NA,NA,NA,NA,Y,NA,A,08,0,0,1,0,0,0,0,0,0,-,-,33.924080000000004,-118.23917,LOS ANGELES,UNINCORPORATED,-118.23914295,33.92434577
90465391,2017,2017-05-26,9590,2017-04-28,1530,021084,NA,5,2,7,1942,0,1,2,NA,2,070,US-101 NB (SANTA ANA FREEWAY),GRAND AVENUE,300,N,N,A,-,Y,NA,NA,101,NA,NA,NA,NA,NA,N,N,4,0,1,2,A,-,03,22350,NA,N,C,C,A,A,H,-,A,D,0,NA,NA,NA,Y,Y,NA,G,25,0,0,1,0,0,0,0,0,0,-,-,34.06015,-118.24655,LOS ANGELES,LOS ANGELES,-118.24652738,34.06017108
90465409,2017,2017-08-21,9540,2017-05-15,0426,021214,NA,1,3,6,1985,0,1,3,NA,1,145,SR-14 S/B (ANTELOPE VALLEY FREEWAY),VIA PRINCESSA WAY,1320,S,N,A,-,Y,NA,NA,14,NA,NA,NA,NA,NA,S,Y,2,0,3,2,A,-,01,23152,A,N,B,C,A,A,H,-,D,D,0,NA,NA,NA,NA,Y,Y,A,01,3,0,0,0,0,0,0,0,0,-,-,34.39868,-118.46242,LOS ANGELES,SANTA CLARITA,-118.46232218,34.39853574
9046543,2020,2020-03-03,1922,2020-01-30,2047,624,NA,4,5,6,1922,0,0,0,NA,0,NA,VALLEY BL,MOUNTAIN VIEW RD,0,NA,Y,A,-,N,NA,NA,NA,NA,NA,NA,NA,NA,NA,Y,3,0,1,2,A,-,12,21453,A,F,D,C,A,A,H,-,C,A,0,NA,NA,NA,NA,Y,NA,D,22,0,1,0,0,0,0,0,0,0,-,-,NA,NA,LOS ANGELES,EL MONTE,-118.02081298828124,34.063819885253906
90465442,2017,2017-05-26,9575,2017-05-18,1755,017491,NA,4,2,5,1902,0,1,1,NA,2,065,I-210 W/B (FOOTHILL FREEWAY),BALDWIN AVENUE,900,E,N,A,-,Y,NA,NA,210,NA,NA,NA,NA,NA,W,N,4,0,2,3,A,-,03,22350,NA,N,C,C,A,A,H,-,A,D,0,NA,NA,NA,NA,Y,NA,D,22,0,0,2,0,0,0,0,0,0,-,-,34.14904,-118.04741,LOS ANGELES,ARCADIA,-118.04740985,34.14902045
90465449,2017,2017-05-26,9525,2017-05-25,1735,016342,NA,4,2,5,1990,0,1,3,NA,2,602,SR-60 E/B (POMONA FWY),GRAND AVE.,20,W,N,A,-,Y,NA,NA,60,NA,NA,NA,NA,NA,E,Y,4,0,1,2,A,-,03,22350,NA,N,C,C,A,A,H,-,A,D,0,NA,NA,NA,NA,Y,NA,D,22,0,0,1,0,0,0,0,0,0,-,-,34.01003,-117.82324,LOS ANGELES,DIAMOND BAR,-117.82326131,34.01005148
9046545,2020,2020-06-05,1941,2020-02-06,2046,11401,NA,4,5,7,1941,0,0,0,NA,0,NA,OBISPO AV,ANAHEIM ST,0,NA,Y,A,-,N,NA,NA,NA,NA,NA,NA,NA,NA,NA,Y,4,0,1,2,A,-,09,21801,A,N,A,C,A,A,H,-,C,A,0,NA,NA,NA,NA,Y,NA,D,NA,0,0,1,0,0,0,0,0,0,-,-,NA,NA,LOS ANGELES,LONG BEACH,-118.1545867919922,33.78260040283203
9046549,2020,2020-06-11,1941,2020-02-04,0656,6101,NA,2,5,7,1941,0,0,0,NA,0,NA,4TH ST,PACIFIC AV,12,E,N,A,-,N,NA,NA,NA,NA,NA,NA,NA,NA,NA,N,4,0,3,2,D,-,00,NA,NA,N,D,C,A,A,H,-,B,A,0,NA,NA,NA,NA,Y,NA,-,-,0,0,3,0,0,0,0,0,0,-,-,NA,NA,LOS ANGELES,LONG BEACH,-118.19367980957033,33.7717399597168
90465539,2017,2017-05-26,9545,2017-05-22,1505,016124,NA,1,2,9,1900,1,3,5,NA,2,004,RAWHIDE AVE,170TH ST EAST,53,W,N,A,-,N,NA,NA,NA,NA,NA,NA,NA,NA,NA,N,4,0,1,1,C,-,18,NA,NA,N,H,A,A,A,H,-,A,A,0,NA,NA,NA,NA,Y,NA,-,-,0,0,1,0,0,0,0,0,0,-,-,34.59794,-117.82713,LOS ANGELES,UNINCORPORATED,-117.82696564,34.59799675
9046554,2020,2020-06-11,1900,2020-02-12,1430,618405,2114,3,5,5,1943,0,0,0,NA,0,212T3,BULLIS RD,MARTIN LUTHER KING JR BL,18,N,N,A,-,N,NA,NA,NA,NA,NA,NA,NA,NA,NA,Y,3,0,3,3,A,-,09,21801,B,N,D,C,A,A,H,-,A,A,0,NA,NA,NA,NA,Y,NA,A,07,0,3,0,0,0,0,0,0,0,-,-,33.928199768066406,-118.1989974975586,LOS ANGELES,LYNWOOD,-118.19915771484376,33.928096771240234
90465544,2017,2017-05-26,9525,2017-05-18,1720,021080,NA,4,2,5,1906,0,1,1,NA,2,104,I-10 E/B (SAN BERNARDINO FWY),ATHOL ST.,757,E,N,A,-,Y,NA,NA,10,NA,NA,NA,NA,NA,E,N,4,0,1,2,A,-,03,22350,NA,N,C,C,A,A,H,-,A,D,0,NA,NA,NA,Y,Y,NA,F,56,0,0,1,0,0,0,0,0,0,-,-,34.06648,-117.9889,LOS ANGELES,BALDWIN PARK,-117.98890687,34.06653026
9046555,2020,2020-06-05,1931,2020-02-17,0204,5324,1931,1,5,5,1931,0,0,0,NA,0,004,CALIFORNIA ST,STATE ST,459,E,N,A,-,N,NA,NA,NA,NA,NA,NA,NA,NA,NA,Y,3,0,1,4,A,-,01,23152,A,N,A,E,A,A,H,-,C,D,0,NA,NA,NA,NA,Y,Y,A,01,0,1,0,0,0,0,0,0,0,-,-,NA,NA,LOS ANGELES,HUNTINGTON PARK,-118.20829010009766,33.97072219848633
90465565,2017,2017-05-26,9590,2017-05-01,0900,011420,NA,1,1,7,1942,0,1,1,NA,2,061,I-10 W/B (SANTA MONICA FWY),WESTERN AVE.,650,E,N,A,-,Y,NA,NA,10,NA,NA,NA,NA,NA,W,Y,4,0,1,2,A,-,03,22350,NA,N,C,C,A,A,H,-,A,D,0,NA,NA,NA,NA,Y,NA,A,01,0,0,1,0,0,0,0,0,0,-,-,34.03734,-118.30666,LOS ANGELES,LOS ANGELES,-118.3066612,34.03723727
90465566,2017,2017-05-26,9545,2017-05-23,1615,016124,NA,2,2,9,1900,0,3,5,NA,2,004,AVENUE T,165TH ST EAST,0,NA,Y,A,-,N,NA,NA,NA,NA,NA,NA,NA,NA,NA,Y,2,0,3,2,A,-,12,22450,A,N,D,C,A,A,H,-,A,A,0,NA,NA,NA,NA,Y,NA,A,01,1,0,2,0,0,0,0,0,0,-,-,34.54259,-117.8356,LOS ANGELES,UNINCORPORATED,-117.83557012,34.54245001
9046558,2020,2020-05-29,1900,2020-02-17,2040,618405,2116,1,5,5,1943,0,0,0,NA,0,212T3,FERNWOOD AV,ALAMEDA ST E,0,NA,Y,A,-,N,NA,NA,NA,NA,NA,NA,NA,NA,NA,Y,4,0,1,2,A,-,12,22450,A,N,D,C,A,A,H,-,C,A,0,NA,NA,NA,NA,Y,NA,D,22,0,0,1,0,0,0,0,0,0,-,-,33.93230056762695,-118.22550201416016,LOS ANGELES,LYNWOOD,-118.22560119628906,33.93241882324219
90465581,2017,2017-05-26,9575,2017-05-04,0030,020950,NA,4,3,7,1942,0,1,1,NA,2,052,I-5 N/B (GOLDEN STATE FREEWAY),LANKERSHIM BLVD.,300,S,N,A,-,Y,NA,NA,5,NA,NA,NA,NA,NA,N,Y,3,0,1,3,A,-,03,22350,NA,F,C,C,A,A,H,-,D,D,0,NA,NA,NA,Y,Y,NA,-,99,0,1,0,0,0,0,0,0,0,-,-,34.22645,-118.37704,LOS ANGELES,LOS ANGELES,-118.37699136,34.22667674
90465588,2017,2017-05-26,9575,2017-05-09,0910,017354,NA,2,1,6,1925,0,1,3,NA,2,042,SR-134 W/B (VENTURA FREEWAY),CENTRAL AVE. O/C,50,E,N,B,-,Y,NA,NA,134,NA,NA,NA,NA,NA,W,N,4,0,1,3,A,-,03,22350,NA,N,C,C,A,A,H,-,A,D,0,NA,NA,NA,Y,Y,NA,G,25,0,0,1,0,0,0,0,0,0,-,-,34.1565,-118.258,LOS ANGELES,GLENDALE,-118.25800231,34.1564302
9046559,2020,2020-05-29,1931,2020-02-02,1640,5141,1931,7,5,5,1931,0,0,0,NA,0,003,SANTA FE AV,ZOE AV,0,NA,Y,A,-,N,NA,NA,NA,NA,NA,NA,NA,NA,NA,N,4,0,2,2,A,-,03,22350,A,N,C,C,A,A,H,-,A,A,0,NA,NA,NA,NA,Y,Y,D,22,0,0,2,0,0,0,0,0,0,-,-,NA,NA,LOS ANGELES,HUNTINGTON PARK,-118.23030090332033,33.97951126098633
90465596,2017,2017-05-26,9575,2017-05-10,1505,017589,NA,3,2,7,1942,0,1,1,NA,2,053,I-5 N/B (GOLDEN STATE FREEWAY),OSBORNE STREET,500,S,N,A,-,Y,NA,NA,5,NA,NA,NA,NA,NA,N,Y,4,0,3,4,A,-,03,22350,NA,M,C,C,A,A,H,-,A,D,0,NA,NA,NA,NA,Y,NA,A,01,0,0,3,0,0,0,0,0,0,-,-,34.2441,-118.4215,LOS ANGELES,LOS ANGELES,-118.42156956,34.24402703
90465598,2017,2017-05-26,9590,2017-05-25,0930,021504,NA,4,1,7,1942,0,1,1,NA,2,061,I-10 W/B (SANTA MONICA FREEWAY),WEST BLVD. O/C,50,E,N,A,-,Y,NA,NA,10,NA,NA,NA,NA,NA,W,N,4,0,1,2,A,-,03,22350,NA,N,C,C,A,A,H,-,A,D,0,NA,NA,NA,NA,Y,NA,A,07,0,0,1,0,0,0,0,0,0,-,-,34.03487,-118.33938,LOS ANGELES,LOS ANGELES,-118.33938105,34.0348921
9046562,2020,2020-03-05,1969,2020-01-02,0748,10165,PATRO,4,5,5,1969,0,0,0,NA,0,005,FIRESTONE BL,RT 710,600,W,N,A,-,N,NA,NA,NA,NA,NA,NA,NA,NA,NA,Y,4,0,1,2,A,-,03,22350,NA,N,C,C,A,A,H,-,A,D,0,NA,NA,NA,NA,Y,NA,A,01,0,0,1,0,0,0,0,0,0,-,-,NA,NA,LOS ANGELES,SOUTH GATE,-118.17131805419922,33.9509391784668
90465623,2017,2017-05-26,9550,2017-05-21,1345,020969,NA,7,1,9,1900,0,1,3,NA,2,602,STATE ROUTE 60 (POMONA FREEWAY),NOGALES STREET,2112,W,N,A,-,Y,NA,NA,NA,NA,NA,NA,NA,NA,NA,N,4,0,1,3,A,-,03,22350,NA,N,C,C,A,A,H,-,A,D,0,NA,NA,NA,NA,Y,NA,A,01,0,0,1,0,0,0,0,0,0,-,-,33.99433,-117.84743,LOS ANGELES,UNINCORPORATED,-117.89559108,33.99406
9046564,2020,2020-06-22,1941,2020-02-02,0736,11599,NA,7,5,7,1941,0,0,0,NA,0,NA,PCH,GOLDEN AV,0,NA,Y,A,-,N,NA,NA,NA,NA,NA,NA,NA,NA,NA,N,4,0,1,2,A,-,12,21453,A,N,D,C,A,A,H,-,A,A,0,NA,NA,NA,NA,Y,NA,A,NA,0,0,1,0,0,0,0,0,0,-,-,NA,NA,LOS ANGELES,LONG BEACH,-118.20246887207033,33.79029846191406
90465640,2017,2017-05-26,9575,2017-05-12,2320,021664,NA,5,3,3,1991,0,1,1,NA,2,063,I-210 E/B (FOOTHILL FREEWAY),GOULD AVE.,735,E,N,A,-,Y,NA,NA,NA,NA,NA,NA,NA,NA,NA,Y,4,0,1,3,A,-,03,22350,NA,N,C,C,A,A,D,-,C,A,0,NA,NA,NA,Y,Y,NA,A,07,0,0,1,0,0,0,0,0,0,-,-,34.19898,-118.18693,LOS ANGELES,LA CANADA-FLINTRIDGE,-118.18769842,34.19985825
90465642,2017,2017-05-26,9575,2017-05-12,1035,020995,NA,5,1,5,1902,0,1,1,NA,2,065,I-210 E/B (FOOTHILL FREEWAY),SANTA ANITA AVE.,1056,W,N,A,-,Y,NA,NA,210,NA,NA,NA,NA,NA,E,Y,4,0,2,6,A,-,07,21658,A,N,D,C,A,A,H,-,A,D,0,NA,NA,NA,NA,Y,NA,A,07,0,0,2,0,0,0,0,0,0,-,-,34.14868,-118.04128,LOS ANGELES,ARCADIA,-118.04127975,34.14868712
9046566,2020,2020-02-28,1969,2020-01-12,0816,10228,PATRO,7,5,5,1969,0,0,0,NA,0,002,LONG BEACH BL,INDEPENDENCE AV,52,N,N,A,-,N,NA,NA,NA,NA,NA,NA,NA,NA,NA,Y,3,0,1,1,A,-,08,22107,NA,N,E,I,A,A,H,-,A,A,0,NA,NA,NA,NA,Y,NA,D,22,0,1,0,0,0,0,0,0,0,-,-,NA,NA,LOS ANGELES,SOUTH GATE,-118.22290802001952,33.95990753173828
9046567,2020,2020-03-03,1942,2020-01-28,0010,38185,2157,2,5,7,1942,0,0,0,NA,0,21A57,DE SOTO AV,VANOWEN ST,70,N,N,A,-,N,NA,NA,NA,NA,NA,NA,NA,NA,NA,Y,3,0,1,3,A,-,01,23152,A,N,B,E,A,A,H,-,C,A,0,NA,NA,NA,NA,Y,Y,A,01,0,1,0,0,0,0,0,0,0,-,-,NA,NA,LOS ANGELES,LOS ANGELES,-118.58841705322266,34.1939811706543
90465671,2017,2017-05-26,9550,2017-05-26,0815,021269,NA,5,1,9,1900,0,3,5,NA,2,002,SCOTT AVENUE,HORNELL STREET,25,N,N,B,-,N,NA,NA,NA,NA,NA,NA,NA,NA,NA,N,4,0,1,2,A,-,03,22350,NA,N,C,C,A,A,H,-,A,D,0,NA,NA,NA,NA,Y,NA,A,01,0,0,1,0,0,0,0,0,0,-,-,33.9306,-118.00089,LOS ANGELES,UNINCORPORATED,-118.00088,33.93053854
90465679,2017,2017-05-26,9550,2017-05-19,1555,020948,NA,5,2,6,1949,0,1,1,NA,2,651,INTERSTATE 605 N/B,IMPERIAL HIGHWAY,450,S,N,A,-,Y,NA,NA,605,NA,NA,NA,NA,NA,N,N,4,0,1,3,A,-,03,22350,NA,F,C,C,A,A,H,-,A,D,0,NA,NA,NA,NA,Y,NA,-,99,0,0,1,0,0,0,0,0,0,-,-,33.91581,-118.10461,LOS ANGELES,NORWALK,-118.10461423,33.91581014
90465684,2017,2017-05-26,9550,2017-05-20,1200,017511,NA,6,1,1,1932,0,1,3,NA,2,602,SR-60 W/B (POMONA FREEWAY),FULLERTON RD,2500,E,N,A,-,Y,NA,NA,60,NA,NA,NA,NA,NA,W,N,4,0,2,4,A,-,03,22350,NA,N,C,C,A,A,H,-,A,D,0,NA,NA,NA,NA,Y,NA,A,07,0,0,2,0,0,0,0,0,0,-,-,33.9943,-117.89678,LOS ANGELES,INDUSTRY,-117.89678008,33.99427316
9046570,2020,2020-03-03,1969,2020-01-13,0700,10195,PATRO,1,5,5,1969,0,0,0,NA,0,005,IMPERIAL HWY,VULCAN AV,0,NA,Y,A,-,N,NA,NA,NA,NA,NA,NA,NA,NA,NA,Y,4,0,1,2,A,-,09,21802,A,N,D,C,A,A,H,-,A,A,0,NA,NA,NA,NA,Y,NA,D,22,0,0,1,0,0,0,0,0,0,-,-,NA,NA,LOS ANGELES,SOUTH GATE,-118.16680908203124,33.929779052734375
90465701,2017,2017-05-26,9550,2017-05-20,1805,020948,NA,6,2,6,1920,0,1,1,NA,2,500,INTERSTATE 5 S/B (SANTA ANA FREEWAY),LAKEWOOD BOULEVARD,2500,S,N,A,-,Y,NA,NA,NA,NA,NA,NA,NA,NA,NA,N,4,0,2,2,A,-,03,22350,NA,N,C,C,A,A,H,-,A,D,0,NA,NA,NA,NA,Y,NA,A,01,0,0,2,0,0,0,0,0,0,-,-,NA,NA,LOS ANGELES,DOWNEY,-118.10566499,33.95336946
90465708,2017,2017-05-26,9525,2017-05-19,0705,016677,NA,5,1,6,1955,0,1,1,NA,2,107,I-10 WB TO SR-57 SB,FAIRPLEX DR.,6336,W,N,A,-,Y,NA,NA,10,NA,NA,NA,R,NA,W,Y,4,0,1,1,A,-,08,22107,NA,N,E,I,A,A,H,-,A,D,0,NA,NA,NA,NA,Y,NA,A,07,0,0,1,0,0,0,0,0,0,-,-,34.06556,-117.80615,LOS ANGELES,POMONA,-117.80615,34.06556
90465711,2017,2017-05-26,9530,2017-05-14,1700,021528,NA,7,2,9,1900,0,3,5,NA,2,002,AVALON BLVD.,135TH ST.,0,NA,Y,A,-,N,NA,NA,NA,NA,NA,NA,NA,NA,NA,Y,4,0,1,2,A,-,12,21453,A,N,D,C,A,A,H,-,A,A,0,NA,NA,NA,NA,Y,NA,-,-,0,0,1,0,0,0,0,0,0,-,-,33.90919,-118.26547,LOS ANGELES,UNINCORPORATED,-118.26531005,33.90918001
9046572,2020,2020-06-05,1941,2020-02-08,0803,10068,NA,6,5,7,1941,0,0,0,NA,0,NA,CARSON ST,LAKEWOOD BL,72,E,N,A,-,N,NA,NA,NA,NA,NA,NA,NA,NA,NA,Y,3,0,1,3,A,-,03,22350,NA,N,C,C,A,A,H,-,A,A,0,NA,NA,NA,NA,Y,NA,A,NA,0,1,0,0,0,0,0,0,0,-,-,NA,NA,LOS ANGELES,LONG BEACH,-118.14263916015624,33.8324089050293
90465753,2017,2017-05-26,9530,2017-05-23,1720,011661,NA,2,2,7,1941,0,1,1,NA,2,430,I-405 N/B (SAN DIEGO FREEWAY),CLARK AVE,450,N,N,A,-,Y,NA,NA,405,NA,NA,NA,NA,NA,N,N,4,0,1,3,A,-,03,22350,NA,N,C,C,A,A,H,-,A,D,0,NA,NA,Y,NA,Y,NA,A,01,0,0,1,0,0,0,0,0,1,-,-,33.80587,-118.14529,LOS ANGELES,LONG BEACH,-118.14522522,33.80630956
90465756,2017,2017-05-26,9575,2017-05-10,1435,018537,NA,3,2,6,1953,0,1,1,NA,2,063,I-210 E/B (FOOTHILL FREEWAY),ORANGE GROVE BLVD,200,W,N,B,-,Y,NA,NA,210,NA,NA,NA,NA,NA,E,Y,4,0,1,3,A,-,08,22107,NA,N,C,C,A,A,H,-,A,D,0,NA,NA,NA,NA,Y,NA,A,01,0,0,1,0,0,0,0,0,0,-,-,34.15584,-118.15799,LOS ANGELES,PASADENA,-118.1579772,34.15584556
9046576,2020,2020-06-04,1941,2020-02-07,1903,11362,NA,5,5,7,1941,0,0,0,NA,0,NA,W 6TH ST,MAGNOLIA AV,0,NA,Y,A,-,N,NA,NA,NA,NA,NA,NA,NA,NA,NA,Y,4,0,1,2,A,-,12,21453,A,N,D,C,A,A,H,-,C,A,0,NA,NA,NA,NA,Y,NA,D,NA,0,0,1,0,0,0,0,0,0,-,-,NA,NA,LOS ANGELES,LONG BEACH,-118.19802856445313,33.77415084838867
9046578,2020,2020-02-28,1969,2020-01-18,0106,10116,PATRO,6,5,5,1969,0,0,0,NA,0,A 4,SOUTHERN AV,BRYSON AV,15,E,N,A,-,N,NA,NA,NA,NA,NA,NA,NA,NA,NA,Y,4,0,1,4,A,-,01,23152,A,N,C,C,A,A,H,-,C,A,0,NA,NA,NA,NA,Y,Y,A,01,0,0,1,0,0,0,0,0,0,-,-,NA,NA,LOS ANGELES,SOUTH GATE,-118.19244384765624,33.94960403442383
90465789,2017,2017-05-26,9565,2017-05-22,1925,021267,NA,1,2,7,1942,0,1,1,NA,2,083,I-10 W/B (SANTA MONICA FREEWAY),MANNING AVE,100,E,N,A,-,Y,NA,NA,10,NA,NA,NA,NA,NA,W,Y,3,0,1,1,A,-,03,22350,NA,N,F,A,A,A,H,-,B,D,0,NA,NA,Y,NA,Y,NA,C,02,0,1,0,0,0,0,0,0,1,-,-,34.03013,-118.39248,LOS ANGELES,LOS ANGELES,-118.3924716,34.03011155
9046579,2020,2020-06-04,1942,2020-02-05,1200,40165,1761,3,5,7,1942,0,0,0,Q,0,17A23,TOPANGA CANYON BL,NORDHOFF ST,350,N,N,A,-,N,NA,NA,NA,NA,NA,NA,NA,NA,NA,N,4,0,1,2,A,-,01,23152,A,N,C,C,A,A,H,-,A,D,0,NA,NA,NA,NA,Y,Y,A,07,0,0,1,0,0,0,0,0,0,-,-,NA,NA,LOS ANGELES,LOS ANGELES,-118.60554504394533,34.23627853393555
90465790,2017,2017-05-26,9575,2017-05-18,1752,020620,NA,4,2,9,1900,0,1,1,NA,2,062,I-210 E/B TO PENNSYLVANIA AVE.,PENNSYLVANIA AVE.,120,W,N,A,-,Y,NA,NA,NA,NA,NA,NA,NA,NA,NA,N,4,0,1,3,A,-,03,22350,NA,N,C,C,A,A,H,-,A,D,0,NA,NA,NA,NA,Y,NA,A,01,0,0,1,0,0,0,0,0,0,-,-,34.1383,-118.17273,LOS ANGELES,UNINCORPORATED,-118.24904891,34.22317525
90465792,2017,2017-05-26,9590,2017-04-20,0140,019805,NA,4,3,7,1942,0,1,2,NA,2,073,US-101 S/B (HOLLYWOOD FREEWAY),PILGRIMAGE RD.,50,N,N,A,-,Y,NA,NA,101,NA,NA,NA,NA,NA,S,Y,3,0,1,2,A,-,03,22350,NA,N,C,C,A,A,H,-,C,D,0,NA,NA,Y,NA,Y,NA,A,07,0,1,0,0,0,0,0,0,1,-,-,34.11465,-118.3367,LOS ANGELES,LOS ANGELES,-118.33673852,34.11464055
90465793,2017,2017-05-26,9575,2017-05-18,1825,019976,NA,4,2,5,1902,0,1,1,NA,2,065,I-210 E/B (FOOTHILL FREEWAY),BALDWIN AVENUE,1000,W,N,A,-,Y,NA,NA,210,NA,NA,NA,NA,NA,E,N,4,0,4,2,A,-,03,22350,NA,N,C,C,A,A,H,-,A,D,0,NA,NA,NA,NA,Y,NA,A,07,0,0,4,0,0,0,0,0,0,-,-,34.14833,-118.05732,LOS ANGELES,ARCADIA,-118.05732475,34.14861446