CASE_ID,ACCIDENT_YEAR,PROC_DATE,JURIS,COLLISION_DATE,COLLISION_TIME,OFFICER_ID,REPORTING_DISTRICT,DAY_OF_WEEK,CHP_SHIFT,POPULATION,CNTY_CITY_LOC,SPECIAL_COND,BEAT_TYPE,CHP_BEAT_TYPE,CITY_DIVISION_LAPD,CHP_BEAT_CLASS,BEAT_NUMBER,PRIMARY_RD,SECONDARY_RD,DISTANCE,DIRECTION,INTERSECTION,WEATHER_1,WEATHER_2,STATE_HWY_IND,CALTRANS_COUNTY,CALTRANS_DISTRICT,STATE_ROUTE,ROUTE_SUFFIX,POSTMILE_PREFIX,POSTMILE,LOCATION_TYPE,RAMP_INTERSECTION,SIDE_OF_HWY,TOW_AWAY,COLLISION_SEVERITY,NUMBER_KILLED,NUMBER_INJURED,PARTY_COUNT,PRIMARY_COLL_FACTOR,PCF_CODE_OF_VIOL,PCF_VIOL_CATEGORY,PCF_VIOLATION,PCF_VIOL_SUBSECTION,HIT_AND_RUN,TYPE_OF_COLLISION,MVIW,PED_ACTION,ROAD_SURFACE,ROAD_COND_1,ROAD_COND_2,LIGHTING,CONTROL_DEVICE,CHP_ROAD_TYPE,PEDESTRIAN_ACCIDENT,BICYCLE_ACCIDENT,MOTORCYCLE_ACCIDENT,TRUCK_ACCIDENT,NOT_PRIVATE_PROPERTY,ALCOHOL_INVOLVED,STWD_VEHTYPE_AT_FAULT,CHP_VEHTYPE_AT_FAULT,COUNT_SEVERE_INJ,COUNT_VISIBLE_INJ,COUNT_COMPLAINT_PAIN,COUNT_PED_KILLED,COUNT_PED_INJURED,COUNT_BICYCLIST_KILLED,COUNT_BICYCLIST_INJURED,COUNT_MC_KILLED,COUNT_MC_INJURED,PRIMARY_RAMP,SECONDARY_RAMP,LATITUDE,LONGITUDE,COUNTY,CITY,POINT_X,POINT_Y
90474893,2017,2017-06-09,9535,2017-06-04,1320,019540,NA,7,1,3,1914,0,1,1,NA,2,500,I-5 N/B (SANTA ANA FEEWAY),GARFIELD AVE,2000,S,N,A,-,Y,NA,NA,5,NA,NA,NA,NA,NA,N,Y,4,0,2,2,A,-,03,22350,NA,N,C,C,A,A,H,-,A,D,0,NA,NA,NA,NA,Y,NA,A,01,0,0,2,0,0,0,0,0,0,-,-,33.98223,-118.13114,LOS ANGELES,COMMERCE,-118.13110526,33.98226402
90474894,2017,2017-06-09,9535,2017-06-03,1155,019540,NA,6,1,9,1900,0,3,5,NA,2,007,FRUITLAND AVE,DOWNEY RD,0,NA,Y,A,-,N,NA,NA,NA,NA,NA,NA,NA,NA,NA,Y,4,0,1,3,A,-,09,21802,A,M,D,C,A,A,H,-,A,A,0,NA,NA,NA,NA,Y,Y,-,99,0,0,1,0,0,0,0,0,0,-,-,33.99662,-118.20465,LOS ANGELES,UNINCORPORATED,-118.2046801,33.996660059999996
90474897,2017,2017-06-09,9535,2017-06-03,1259,021538,NA,6,1,9,1900,0,1,1,NA,2,500,I-5 (SANTA ANA FREEWAY) N/B,OLYMPIC BLVD,300,S,N,A,-,Y,NA,NA,5,NA,NA,NA,NA,NA,N,Y,4,0,2,3,A,-,03,22350,NA,N,C,C,A,A,H,-,A,D,0,NA,NA,Y,NA,Y,NA,A,01,0,0,2,0,0,0,0,0,2,-,-,34.01839,-118.17718,LOS ANGELES,UNINCORPORATED,-118.17714316,34.01847184
90474905,2017,2017-06-09,9535,2017-06-06,0750,017148,NA,2,1,9,1900,0,3,5,NA,2,001,MICHIGAN AVE,MARIANNA AVE,0,NA,Y,B,-,N,NA,NA,NA,NA,NA,NA,NA,NA,NA,N,4,0,1,2,A,-,09,21802,A,N,D,G,A,A,H,-,A,A,0,NA,Y,NA,NA,Y,NA,L,04,0,0,1,0,0,0,1,0,0,-,-,34.03868,-118.1757,LOS ANGELES,UNINCORPORATED,-118.17575,34.03869001
90474908,2017,2017-06-09,9535,2017-06-07,0756,018749,NA,3,1,9,1900,0,3,5,NA,2,002,MCDONNELL AVENUE (600 BLOCK),6TH STREET,118,S,N,B,-,N,NA,NA,NA,NA,NA,NA,NA,NA,NA,N,3,0,2,2,A,-,09,21801,A,N,A,C,A,A,H,-,A,D,0,NA,NA,NA,NA,Y,NA,A,01,0,1,1,0,0,0,0,0,0,-,-,34.0267,-118.16671,LOS ANGELES,UNINCORPORATED,-118.16673575,34.02681639
90474913,2017,2017-06-09,9535,2017-05-20,2230,021363,NA,6,3,5,1948,0,1,1,NA,2,070,I-710 (LONG BEACH FREEWAY) N/B,RAMONA BLVD,750,S,N,A,-,Y,NA,NA,710,NA,NA,NA,NA,NA,N,Y,4,0,5,2,A,-,03,22350,NA,M,C,C,A,A,H,-,C,D,0,NA,NA,NA,NA,Y,NA,A,07,0,0,5,0,0,0,0,0,0,-,-,34.0601,-118.1651,LOS ANGELES,MONTEREY PARK,-118.16519205,34.06011473
90474915,2017,2017-06-09,9575,2017-05-24,1800,020620,NA,3,2,6,1953,0,1,1,NA,2,065,I-210 W/B FROM SIERRA MADRE VILLA AVE.,SIERRA MADRE VILLA AVE.,8,W,N,A,-,Y,NA,NA,210,NA,NA,NA,R,NA,W,N,4,0,1,2,A,-,03,22350,NA,N,G,B,B,A,H,-,A,A,0,Y,NA,NA,NA,Y,NA,A,01,0,0,1,0,1,0,0,0,0,-,-,34.14825,-118.08241,LOS ANGELES,PASADENA,-118.08241,34.14825
90474938,2017,2017-06-09,9575,2017-05-30,1605,017354,NA,2,2,7,1942,0,1,3,NA,2,044,SR-134 E/B (VENTURA FREEWAY),LOS ANGELES RIVER U/C,150,W,N,A,-,Y,NA,NA,134,NA,NA,NA,NA,NA,E,Y,4,0,2,5,A,-,07,21658,A,N,B,C,A,A,H,-,A,D,0,NA,NA,NA,NA,Y,NA,A,08,0,0,2,0,0,0,0,0,0,-,-,34.15487,-118.3167,LOS ANGELES,LOS ANGELES,-118.31671447,34.15478474
90474939,2017,2017-06-12,9575,2017-05-30,1525,017354,NA,2,2,6,1953,0,1,1,NA,2,064,I-210 W/B (FOOTHILL FREEWAY),WILSON AVE. O/C,100,E,N,A,-,Y,NA,NA,210,NA,NA,NA,NA,NA,W,N,4,0,1,4,A,-,03,22350,NA,N,C,C,A,A,H,-,A,D,0,NA,NA,NA,NA,Y,NA,D,22,0,0,1,0,0,0,0,0,0,-,-,34.1521,-118.1265,LOS ANGELES,PASADENA,-118.12649977,34.15209677
90474940,2017,2017-08-23,9590,2017-05-06,1750,021291,NA,6,2,7,1942,0,1,1,NA,2,061,I-10 W/B (SANTA MONICA FREEWAY),WEST BLVD,50,E,N,A,-,Y,NA,NA,10,NA,NA,NA,NA,NA,W,Y,4,0,1,3,A,-,03,22350,NA,N,C,C,A,A,H,-,A,D,0,NA,NA,NA,NA,Y,NA,D,22,0,0,1,0,0,0,0,0,0,-,-,34.03502,-118.33958,LOS ANGELES,LOS ANGELES,-118.33957351,34.03488299
90474942,2017,2017-06-12,9575,2017-05-31,0240,020950,NA,3,3,7,1942,0,1,1,NA,2,061,I-210 E/B (FOOTHILL FREEWAY),ORCAS AVE.,1300,E,N,B,-,Y,NA,NA,210,NA,NA,NA,NA,NA,E,Y,4,0,1,2,A,-,08,22107,NA,N,B,C,A,A,H,-,D,D,0,NA,NA,NA,Y,Y,NA,G,25,0,0,1,0,0,0,0,0,0,-,-,34.27321,-118.36281,LOS ANGELES,LOS ANGELES,-118.36280573,34.27327942
90474946,2017,2017-06-12,9575,2017-05-31,1710,015204,NA,3,2,9,1900,0,1,3,NA,2,300,SR-2 (ANGELES CREST HIGHWAY),BAYTREE RD,1320,E,N,B,-,Y,NA,NA,2,NA,NA,NA,NA,NA,NA,Y,3,0,1,1,A,-,08,22107,NA,N,E,I,A,A,H,-,A,D,0,NA,NA,NA,NA,Y,NA,A,01,0,1,0,0,0,0,0,0,0,-,-,34.22576,-118.18797000000001,LOS ANGELES,UNINCORPORATED,-118.18803029,34.22570938
90474947,2017,2017-06-12,9575,2017-05-31,1615,014187,NA,3,2,7,1942,0,1,3,NA,2,070,SR-118 E/B T0 I-210 W/B,DRONFIELD AVE,300,E,N,A,-,Y,NA,NA,118,NA,NA,NA,R,NA,E,N,4,0,1,2,A,-,03,22350,NA,N,C,C,A,A,H,-,A,D,0,NA,NA,NA,NA,Y,NA,A,07,0,0,1,0,0,0,0,0,0,-,-,34.28615,-118.40982,LOS ANGELES,LOS ANGELES,-118.40982,34.28615
90474961,2017,2017-06-12,9550,2017-05-31,1220,015382,NA,3,1,6,1920,1,4,S,NA,2,901,BROOKSHIRE AVE.,6TH ST.,0,NA,Y,A,-,N,NA,NA,NA,NA,NA,NA,NA,NA,NA,N,4,0,1,5,A,-,09,21802,A,N,D,C,A,A,H,-,A,A,0,NA,NA,NA,NA,Y,NA,A,01,0,0,1,0,0,0,0,0,0,-,-,33.94308,-118.12587,LOS ANGELES,DOWNEY,-118.12603013,33.94297006
90474965,2017,2017-06-12,9550,2017-05-31,0015,021141,NA,3,3,5,1935,0,1,3,NA,2,090,SR-91 W/B FROM LAKEWOOD BLVD,LAKEWOOD BOULEVARD,300,E,N,B,-,Y,NA,NA,NA,NA,NA,NA,NA,NA,NA,Y,4,0,1,1,A,-,08,22107,NA,N,E,I,A,A,H,-,C,D,0,NA,NA,NA,NA,Y,NA,A,01,0,0,1,0,0,0,0,0,0,-,-,33.87772,-118.14149,LOS ANGELES,LAKEWOOD,-118.14164373,33.87723558
90475028,2017,2017-06-12,9575,2017-06-01,1710,014187,NA,4,2,9,1900,0,2,4,NA,2,011,OCEAN VIEW BLVD (4400 NORTH BLOCK),PARK AVENUE,100,S,N,A,-,N,NA,NA,NA,NA,NA,NA,NA,NA,NA,N,4,0,1,2,A,-,03,22350,NA,N,C,C,A,A,H,-,A,D,0,NA,NA,NA,NA,Y,NA,A,08,0,0,1,0,0,0,0,0,0,-,-,34.21635,-118.22786,LOS ANGELES,UNINCORPORATED,-118.22788,34.21638594
90475029,2017,2017-06-12,9565,2017-05-05,0750,020929,NA,5,1,5,1928,0,1,1,NA,2,060,I-405 N/B (SAN DIEGO FREEWAY),135TH STREET,150,N,N,A,-,Y,NA,NA,405,NA,NA,NA,NA,NA,N,Y,4,0,1,3,A,-,03,22350,NA,F,C,C,A,A,H,-,A,D,0,NA,NA,NA,NA,Y,NA,A,01,0,0,1,0,0,0,0,0,0,-,-,33.91172,-118.37024,LOS ANGELES,HAWTHORNE,-118.37030612,33.91172055
90475030,2017,2018-01-29,9575,2017-06-01,0920,015935,NA,4,1,6,1953,0,1,1,NA,2,064,I-210 E/B (FOOTHILL FREEWAY),MARENGO AVE,100,E,N,A,-,Y,NA,NA,210,NA,NA,NA,NA,NA,E,Y,4,0,1,2,A,-,07,21658,A,N,B,C,A,A,H,-,A,D,0,NA,NA,NA,Y,Y,NA,G,25,0,0,1,0,0,0,0,0,0,-,-,34.15168,-118.1441,LOS ANGELES,PASADENA,-118.14410009,34.15166584
90475043,2017,2017-06-12,9575,2017-06-01,1718,020620,NA,4,2,6,1925,0,1,3,NA,2,042,SR-134 W/B (VENTURA FREEWAY),GLENDALE AVE.,430,E,N,A,-,Y,NA,NA,134,NA,NA,NA,NA,NA,W,N,4,0,1,2,A,-,08,22107,NA,N,D,C,A,A,H,-,A,D,0,NA,NA,NA,NA,Y,NA,A,01,0,0,1,0,0,0,0,0,0,-,-,34.15583,-118.24087,LOS ANGELES,GLENDALE,-118.24101692,34.15548107
90475078,2017,2017-06-12,9575,2017-06-02,2244,021344,NA,5,3,6,1953,0,1,1,NA,2,064,I-210 E/B (FOOTHILL FREEWAY),SUNNYSLOPE AVENUE,80,E,N,A,-,Y,NA,NA,210,NA,NA,NA,NA,NA,E,N,4,0,1,2,A,-,07,21658,A,N,C,C,A,A,H,-,C,D,0,NA,NA,NA,NA,Y,NA,-,-,0,0,1,0,0,0,0,0,0,-,-,34.15084,-118.09002,LOS ANGELES,PASADENA,-118.08999411,34.15088113
90475080,2017,2017-06-12,9575,2017-05-09,0028,021669,NA,2,3,9,1900,0,2,4,NA,2,022,LINCOLN AVENUE (3500 BLOCK),LA VINA LANE,444,S,N,A,-,N,NA,NA,NA,NA,NA,NA,NA,NA,NA,Y,3,0,1,1,A,-,08,22107,NA,N,E,I,A,A,H,-,C,D,0,NA,NA,NA,NA,Y,Y,A,01,0,1,0,0,0,0,0,0,0,-,-,34.20705,-118.15925,LOS ANGELES,UNINCORPORATED,-118.15944057,34.2065187
90475087,2017,2017-06-12,9575,2017-06-02,0900,017589,NA,5,1,6,1925,0,1,1,NA,2,050,I-5 S/B FROM WESTERN AVE. W/B,WESTERN AVE.,100,N,N,A,-,Y,NA,NA,5,NA,NA,NA,R,NA,S,N,4,0,1,2,A,-,21,22106,NA,N,C,C,A,A,H,-,A,D,0,NA,NA,NA,NA,Y,NA,A,01,0,0,1,0,0,0,0,0,0,-,-,34.165,-118.2976,LOS ANGELES,GLENDALE,-118.2976,34.165
90475088,2017,2017-06-12,9575,2017-06-02,1720,019976,NA,5,2,6,1953,0,1,1,NA,2,065,I-210 W/B (FOOTHILL FREEWAY),MADRE ST.,1000,E,N,A,-,Y,NA,NA,210,NA,NA,NA,NA,NA,W,N,4,0,1,3,A,-,03,22350,NA,N,C,C,A,A,H,-,A,D,0,NA,NA,NA,NA,Y,NA,A,01,0,0,1,0,0,0,0,0,0,-,-,34.14911,-118.0708,LOS ANGELES,PASADENA,-118.07078519,34.14878642
90475097,2017,2017-06-12,9575,2017-06-03,1510,021006,NA,6,2,9,1900,0,1,3,NA,2,304,SR-2 (ANGELES CREST HIGHWAY),6000 FT. ELEVATION,6600,E,N,A,-,Y,NA,NA,2,NA,NA,NA,NA,NA,NA,Y,4,0,1,1,A,-,03,22350,NA,N,E,I,A,A,H,-,A,A,0,NA,NA,NA,NA,Y,NA,A,01,0,0,1,0,0,0,0,0,0,-,-,34.35054,-117.93155,LOS ANGELES,UNINCORPORATED,-117.93153979,34.3506669
90475117,2017,2017-06-21,9565,2017-06-10,1215,015275,NA,6,1,7,1942,0,1,1,NA,2,063,I-405 S/B (SAN DIEGO FREEWAY),OLYMPIC BOULEVARD,528,N,N,B,-,Y,NA,NA,405,NA,NA,NA,NA,NA,S,Y,4,0,2,2,A,-,03,22350,NA,N,C,C,A,A,H,-,A,D,0,NA,NA,NA,NA,Y,NA,A,01,0,0,2,0,0,0,0,0,0,-,-,34.04064,-118.4415,LOS ANGELES,LOS ANGELES,-118.44142088,34.04070821
90475127,2017,2017-06-12,9565,2017-05-31,1440,016326,NA,3,2,9,1900,0,3,5,NA,2,003,RIMPAU BLVD,54TH ST,0,NA,Y,A,-,N,NA,NA,NA,NA,NA,NA,NA,NA,NA,Y,4,0,1,2,A,-,09,21802,A,N,D,C,A,A,H,-,A,A,0,NA,NA,NA,NA,Y,NA,A,07,0,0,1,0,0,0,0,0,0,-,-,33.99305,-118.33992,LOS ANGELES,UNINCORPORATED,-118.33992002,33.99305002
90475131,2017,2017-06-12,9565,2017-05-28,1140,021453,NA,7,1,7,1942,0,1,1,NA,2,063,I-405 S/B (SAN DIEGO FWY),SANTA MONICA BLVD,2000,S,N,A,-,Y,NA,NA,405,NA,NA,NA,NA,NA,S,Y,3,0,5,3,A,-,03,22350,NA,N,C,C,A,A,H,-,A,D,0,NA,NA,NA,NA,Y,NA,A,01,0,1,4,0,0,0,0,0,0,-,-,34.04216,-118.4427,LOS ANGELES,LOS ANGELES,-118.44268418,34.04217364
90475147,2017,2017-06-12,9525,2017-06-10,0342,021250,NA,6,3,6,1975,0,1,1,NA,2,106,I-10 E/B (SAN BERNARDINO FWY),AZUSA AVE,800,W,N,A,-,Y,NA,NA,10,NA,NA,NA,NA,NA,E,Y,2,0,2,5,A,-,01,23152,A,N,C,C,A,A,D,E,C,D,0,NA,NA,NA,NA,Y,Y,A,01,1,0,1,0,0,0,0,0,0,-,-,34.07211,-117.91054,LOS ANGELES,WEST COVINA,-117.91054029,34.07208473
90475166,2017,2017-06-26,9590,2017-05-27,0323,021643,NA,6,3,7,1942,0,1,2,NA,2,071,US-101 S/B (SANTA ANA FREEWAY),ALAMEDA ST.,800,S,N,A,-,Y,NA,NA,101,NA,NA,NA,NA,NA,S,Y,3,0,2,2,A,-,01,23152,A,N,C,C,A,A,H,-,C,D,0,NA,NA,NA,NA,Y,Y,A,01,0,1,1,0,0,0,0,0,0,-,-,34.05366,-118.2361,LOS ANGELES,LOS ANGELES,-118.23609926,34.0537123
90475168,2017,2017-06-12,9545,2017-06-03,2215,020524,NA,6,3,9,1900,0,3,5,NA,2,004,LONGVIEW RD,PALMDALE BLVD,809,N,N,A,-,N,NA,NA,NA,NA,NA,NA,NA,NA,NA,Y,4,0,1,1,A,-,01,23152,A,N,E,I,A,A,H,-,D,D,0,NA,NA,NA,NA,Y,Y,D,22,0,0,1,0,0,0,0,0,0,-,-,34.58223,-117.88958,LOS ANGELES,UNINCORPORATED,-117.88963,34.58001
90475171,2017,2017-06-12,9545,2017-06-03,0325,020960,NA,6,3,9,1900,0,3,5,NA,2,004,AVENUE T,165TH STREET EAST,3960,W,N,A,-,N,NA,NA,NA,NA,NA,NA,NA,NA,NA,Y,4,0,1,2,A,-,01,23152,A,N,A,C,A,A,H,-,D,D,0,NA,NA,NA,NA,Y,Y,A,01,0,0,1,0,0,0,0,0,0,-,-,34.54247,-117.84881,LOS ANGELES,UNINCORPORATED,-117.84868756,34.54248
90475173,2017,2017-06-12,9545,2017-06-03,1820,017229,NA,6,2,9,1900,0,3,5,NA,2,003,ANGELES FOREST HIGHWAY,UPPER BIG TUJUNGA CYN. RD.,4224,N,N,A,-,N,NA,NA,NA,NA,NA,NA,NA,NA,NA,Y,2,0,1,1,A,-,03,22350,NA,N,F,A,A,A,H,-,A,D,0,NA,NA,Y,NA,Y,NA,C,02,1,0,0,0,0,0,0,0,1,-,-,34.33661,-118.10883,LOS ANGELES,UNINCORPORATED,-118.1096101,34.33590232
90475176,2017,2017-06-12,9545,2017-06-04,2035,018420,NA,7,2,9,1900,0,3,5,NA,2,004,90TH ST  E,AVENUE Q10,210,S,N,A,-,N,NA,NA,NA,NA,NA,NA,NA,NA,NA,Y,2,0,1,2,A,-,11,21956,NA,N,G,B,E,A,H,-,D,D,0,Y,NA,NA,NA,Y,NA,N,60,1,0,0,0,1,0,0,0,0,-,-,34.57736,-117.9695,LOS ANGELES,UNINCORPORATED,-117.96957148,34.57729459
90475209,2017,2017-06-12,9575,2017-06-02,1020,020846,NA,5,1,7,1942,0,1,3,NA,2,044,SR-134 W/B (VENTURA FREEWAY),PASS AVENUE,1200,W,N,A,-,Y,NA,NA,134,NA,NA,NA,NA,NA,W,Y,4,0,2,2,D,-,00,NA,NA,N,C,C,A,A,H,-,A,D,0,NA,NA,NA,NA,Y,NA,-,-,0,0,2,0,0,0,0,0,0,-,-,34.15369,-118.34927,LOS ANGELES,LOS ANGELES,-118.34927545,34.15372087
90475211,2017,2017-06-12,9575,2017-06-03,1630,020620,NA,6,2,7,1942,0,1,3,NA,2,043,SR-134 E/B (VENTURA FREEWAY),LA RIVER,75,W,N,A,-,Y,NA,NA,NA,NA,NA,NA,NA,NA,NA,N,4,0,2,2,A,-,03,22350,NA,N,C,C,A,A,H,-,A,D,0,NA,NA,NA,NA,Y,NA,D,22,0,0,2,0,0,0,0,0,0,-,-,34.15627,-118.17354,LOS ANGELES,LOS ANGELES,NA,NA
90475223,2017,2017-06-12,9575,2017-06-03,0840,020846,NA,6,1,7,1942,0,1,3,NA,2,041,SR-134 W/B (VENTURA FREEWAY),FIGUEROA ST.,1000,W,N,A,-,Y,NA,NA,134,NA,NA,NA,NA,NA,W,Y,4,0,1,1,C,-,18,NA,NA,N,E,I,A,A,H,-,A,D,0,NA,NA,NA,NA,Y,NA,-,-,0,0,1,0,0,0,0,0,0,-,-,34.14501,-118.18959,LOS ANGELES,LOS ANGELES,-118.18964382,34.14489479
90475234,2017,2017-06-12,9530,2017-06-02,0815,020315,NA,5,1,9,1900,0,3,5,NA,2,001,NADEAU STREET (2000 BLOCK).,CROCKETT BOULEVARD,60,E,N,A,-,N,NA,NA,NA,NA,NA,NA,NA,NA,NA,N,4,0,1,2,A,-,03,22350,NA,F,C,C,A,A,H,-,A,D,0,NA,NA,NA,NA,Y,NA,-,99,0,0,1,0,0,0,0,0,0,-,-,33.9671,-118.2371,LOS ANGELES,UNINCORPORATED,-118.23675278,33.96738857
90475237,2017,2017-06-12,9575,2017-06-04,0815,020119,NA,7,1,6,1953,0,1,1,NA,2,064,I-210 W/B (FOOTHILL FREEWAY),ALTADENA DR.,200,W,N,A,-,Y,NA,NA,210,NA,NA,NA,NA,NA,W,Y,4,0,1,2,A,-,07,21658,A,N,B,C,A,A,H,-,A,D,0,NA,NA,NA,NA,Y,NA,A,01,0,0,1,0,0,0,0,0,0,-,-,34.1528,-118.10669,LOS ANGELES,PASADENA,-118.10669227,34.15269201
90475244,2017,2017-06-12,9590,2017-04-19,1604,021667,NA,3,2,7,1942,0,1,1,NA,2,011,SR-110 S/B (ASP) TO I-5 S/B (GSF),I-5 S/B (GOLDEN STATE FREEWAY),200,N,N,A,-,Y,NA,NA,110,NA,NA,NA,R,NA,S,Y,4,0,2,2,A,-,03,22350,NA,N,C,C,A,A,H,-,A,A,0,NA,NA,NA,NA,Y,NA,D,22,0,0,2,0,0,0,0,0,0,-,-,34.08025,-118.22196,LOS ANGELES,LOS ANGELES,-118.22196,34.08025
90475246,2017,2017-06-12,9530,2017-06-02,1304,020096,NA,5,1,9,1900,0,1,1,NA,2,410,I-405 S/B (SAN DIEGO FREEWAY),190TH ST.,200,S,N,A,-,Y,NA,NA,405,NA,NA,NA,NA,NA,S,Y,4,0,1,2,A,-,07,21658,A,N,B,C,A,A,H,-,A,D,0,NA,NA,NA,NA,Y,NA,D,22,0,0,1,0,0,0,0,0,0,-,-,33.85885,-118.28922,LOS ANGELES,UNINCORPORATED,-118.28921205,33.85887063
90475273,2017,2017-06-12,9565,2017-05-31,0750,019138,NA,3,1,5,1928,0,1,1,NA,2,060,I-405 NB (SAN DIEGO FWY),W 135TH STREET UNDER-CROSSING,1000,S,N,B,-,Y,NA,NA,405,NA,NA,NA,NA,NA,N,Y,3,0,1,2,A,-,07,21658,A,N,C,C,A,A,H,-,A,D,0,NA,NA,Y,NA,Y,NA,C,02,0,1,0,0,0,0,0,0,1,-,-,33.90651,-118.37025,LOS ANGELES,HAWTHORNE,-118.37027398,33.90651025
90475274,2017,2017-06-12,9530,2017-06-03,2152,021235,NA,6,2,9,1900,0,1,1,NA,2,210,I-105 W/B (GLENN ANDERSON FWY),COMPTON AVE.,140,W,N,A,-,Y,NA,NA,NA,NA,NA,NA,NA,NA,NA,N,4,0,3,2,A,-,03,22350,NA,N,C,C,A,A,H,-,B,D,0,NA,NA,NA,NA,Y,NA,A,01,0,0,3,0,0,0,0,0,0,-,-,33.9289,-119.2677,LOS ANGELES,UNINCORPORATED,-118.24674011,33.92894643
90475291,2017,2017-06-12,9530,2017-06-03,1110,020236,NA,6,1,4,1939,0,1,1,NA,2,400,I-405 N/B (SAN DIEGO FREEWAY),INGLEWOOD AVE.,94,S,N,A,-,Y,NA,NA,405,NA,NA,NA,NA,NA,N,Y,4,0,2,5,A,-,03,22350,NA,N,C,C,A,A,H,-,A,D,0,NA,NA,NA,NA,Y,NA,A,01,0,0,2,0,0,0,0,0,0,-,-,33.89216,-118.36167,LOS ANGELES,LAWNDALE,-118.36207322,33.89157531
90475296,2017,2017-06-12,9530,2017-06-03,1109,020427,NA,6,1,7,1942,0,1,3,NA,2,310,SR-91 E/B (ARTESIA FREEWAY),FIGUEROA ST.,70,W,N,A,-,Y,NA,NA,91,NA,NA,NA,NA,NA,E,Y,4,0,1,1,A,-,03,22350,NA,N,F,A,A,A,H,-,A,D,0,NA,NA,NA,Y,Y,NA,G,25,0,0,1,0,0,0,0,0,0,-,-,33.873,-118.2821,LOS ANGELES,LOS ANGELES,-118.28210438,33.87264181
90475299,2017,2017-06-12,9530,2017-06-03,1030,021484,NA,6,1,9,1900,0,3,5,NA,2,002,EL SEGUNDO BLVD. (2100 BLOCK),WILMINGTON AVE.,820,E,N,A,-,N,NA,NA,NA,NA,NA,NA,NA,NA,NA,Y,4,0,1,3,A,-,08,22107,NA,N,B,C,A,A,H,-,A,D,0,NA,NA,NA,NA,Y,NA,A,01,0,0,1,0,0,0,0,0,0,-,-,33.91612,-118.23477,LOS ANGELES,UNINCORPORATED,-118.23915,33.91619
90475302,2017,2017-06-12,9530,2017-06-03,1645,021484,NA,6,2,9,1900,0,3,5,NA,2,001,CALIFORNIA ST. (2900 BLOCK),MOUNTAIN VIEW AVE.,295,E,N,A,-,N,NA,NA,NA,NA,NA,NA,NA,NA,NA,N,3,0,1,2,A,-,11,21954,A,N,G,B,D,A,H,-,A,D,0,Y,NA,NA,NA,Y,NA,N,60,0,1,0,0,1,0,0,0,0,-,-,33.97164,-118.21678,LOS ANGELES,UNINCORPORATED,-118.21680599,33.97160305
90475310,2017,2017-06-12,9575,2017-06-04,1240,020119,NA,7,1,6,1953,0,1,1,NA,2,064,I-210 E/B (FOOTHILL FWY) TO I-210 E/B,ORANGE GROVE BLVD.,50,E,N,A,-,Y,NA,NA,210,NA,NA,NA,R,NA,E,N,4,0,2,2,A,-,03,22350,NA,N,C,C,A,A,H,-,A,D,0,NA,NA,NA,NA,Y,NA,A,01,0,0,2,0,0,0,0,0,0,-,-,34.15341,-118.15732,LOS ANGELES,PASADENA,-118.15732,34.15341
90475316,2017,2017-06-12,9530,2017-06-04,0645,020315,NA,7,1,9,1900,0,3,5,NA,2,001,BEACH STREET (8600 BLOCK).,87TH STREET,230,N,N,A,-,N,NA,NA,NA,NA,NA,NA,NA,NA,NA,Y,4,0,1,3,A,-,08,22107,NA,N,B,C,A,A,H,-,A,D,0,NA,NA,NA,NA,Y,NA,A,01,0,0,1,0,0,0,0,0,0,-,-,33.9601,-118.2421,LOS ANGELES,UNINCORPORATED,-118.2419814,33.95912069
90475319,2017,2017-06-12,9530,2017-06-05,1900,020930,NA,1,2,9,1900,0,3,5,NA,2,006,I-110 S/B TO SEPULVEDA BLVD.,SEPULVEDA BLVD.,4,N,N,A,-,N,NA,NA,110,NA,NA,NA,R,NA,S,N,4,0,1,2,A,-,10,21950,A,N,G,B,B,A,H,-,A,A,0,Y,NA,NA,NA,Y,NA,A,01,0,0,1,0,1,0,0,0,0,-,-,33.80974,-118.28895,LOS ANGELES,UNINCORPORATED,-118.28895,33.80974
90475324,2017,2017-06-12,9530,2017-06-09,1320,017860,NA,5,1,7,1941,0,1,1,NA,2,430,I-405 S/B (SAN DIEGO FREEWAY),REDONDO AVE.,600,S,N,A,-,Y,NA,NA,NA,NA,NA,NA,NA,NA,NA,Y,4,0,1,3,A,-,03,22350,NA,N,C,C,A,A,H,-,A,D,0,NA,NA,NA,NA,Y,NA,A,01,0,0,1,0,0,0,0,0,0,-,-,33.50665,-118.14933,LOS ANGELES,LONG BEACH,-118.14939615,33.80670813
90475327,2017,2017-06-12,9575,2017-06-03,2023,021344,NA,6,2,7,1942,0,1,1,NA,2,053,I-5 N/B (GOLDEN STATE FREEWAY),BRANFORD STREET,300,S,N,A,-,Y,NA,NA,5,NA,NA,NA,NA,NA,N,Y,3,0,1,1,A,-,08,22107,NA,N,E,I,A,A,H,-,C,D,0,NA,NA,NA,NA,Y,NA,A,07,0,1,0,0,0,0,0,0,0,-,-,34.23813,-118.41524,LOS ANGELES,LOS ANGELES,-118.41526086,34.23810795