CASE_ID,ACCIDENT_YEAR,PROC_DATE,JURIS,COLLISION_DATE,COLLISION_TIME,OFFICER_ID,REPORTING_DISTRICT,DAY_OF_WEEK,CHP_SHIFT,POPULATION,CNTY_CITY_LOC,SPECIAL_COND,BEAT_TYPE,CHP_BEAT_TYPE,CITY_DIVISION_LAPD,CHP_BEAT_CLASS,BEAT_NUMBER,PRIMARY_RD,SECONDARY_RD,DISTANCE,DIRECTION,INTERSECTION,WEATHER_1,WEATHER_2,STATE_HWY_IND,CALTRANS_COUNTY,CALTRANS_DISTRICT,STATE_ROUTE,ROUTE_SUFFIX,POSTMILE_PREFIX,POSTMILE,LOCATION_TYPE,RAMP_INTERSECTION,SIDE_OF_HWY,TOW_AWAY,COLLISION_SEVERITY,NUMBER_KILLED,NUMBER_INJURED,PARTY_COUNT,PRIMARY_COLL_FACTOR,PCF_CODE_OF_VIOL,PCF_VIOL_CATEGORY,PCF_VIOLATION,PCF_VIOL_SUBSECTION,HIT_AND_RUN,TYPE_OF_COLLISION,MVIW,PED_ACTION,ROAD_SURFACE,ROAD_COND_1,ROAD_COND_2,LIGHTING,CONTROL_DEVICE,CHP_ROAD_TYPE,PEDESTRIAN_ACCIDENT,BICYCLE_ACCIDENT,MOTORCYCLE_ACCIDENT,TRUCK_ACCIDENT,NOT_PRIVATE_PROPERTY,ALCOHOL_INVOLVED,STWD_VEHTYPE_AT_FAULT,CHP_VEHTYPE_AT_FAULT,COUNT_SEVERE_INJ,COUNT_VISIBLE_INJ,COUNT_COMPLAINT_PAIN,COUNT_PED_KILLED,COUNT_PED_INJURED,COUNT_BICYCLIST_KILLED,COUNT_BICYCLIST_INJURED,COUNT_MC_KILLED,COUNT_MC_INJURED,PRIMARY_RAMP,SECONDARY_RAMP,LATITUDE,LONGITUDE,COUNTY,CITY,POINT_X,POINT_Y
90487169,2017,2017-06-26,9530,2017-06-18,2100,020868,NA,7,2,9,1900,0,3,5,NA,2,001,HOLMES AVE. (9000 BLOCK),92ND ST.,575,N,N,A,-,N,NA,NA,NA,NA,NA,NA,NA,NA,NA,Y,4,0,2,2,A,-,06,21750,NA,N,B,C,A,A,H,-,C,D,0,NA,NA,NA,NA,Y,NA,A,01,0,0,2,0,0,0,0,0,0,-,-,33.9549,-118.24077,LOS ANGELES,UNINCORPORATED,-118.24082431,33.9548569
90487177,2017,2017-06-26,9530,2017-06-18,2225,021235,NA,7,3,5,1956,0,1,1,NA,2,400,I-405 N/B (SAN DIEGO FREEWAY),MARINE AVE.,800,S,N,A,-,Y,NA,NA,405,NA,NA,NA,NA,NA,N,Y,4,0,1,3,A,-,03,22350,NA,N,C,C,A,A,H,-,B,D,0,NA,NA,NA,NA,Y,NA,A,01,0,0,1,0,0,0,0,0,0,-,-,33.89311,-118.36431,LOS ANGELES,REDONDO BEACH,-118.36427155,33.893162770000004
90487180,2017,2017-06-26,9530,2017-06-19,1840,014451,NA,1,2,7,1941,0,1,1,NA,2,072,I-710 N/B (LONG BEACH FREEWAY),PACIFIC COAST HWY.,0,NA,N,A,-,Y,NA,NA,710,NA,NA,NA,NA,NA,N,N,4,0,1,3,A,-,03,22350,NA,N,C,C,A,A,H,-,A,D,0,NA,NA,NA,NA,Y,NA,A,01,0,0,1,0,0,0,0,0,0,-,-,33.79211,-118.2075,LOS ANGELES,LONG BEACH,-118.20757325,33.79212181
90487187,2017,2017-06-26,9530,2017-06-19,0545,021273,NA,1,3,5,1943,0,1,1,NA,2,210,I-105 E/B (GLENN ANDERSON FWY),LONG BEACH BLVD.,2800,E,N,A,-,Y,NA,NA,105,NA,NA,NA,NA,NA,E,Y,3,0,1,1,A,-,03,22350,NA,N,E,J,A,A,B,-,B,D,0,NA,NA,Y,NA,Y,NA,C,02,0,1,0,0,0,0,0,0,1,-,-,33.92102,-118.20139,LOS ANGELES,LYNWOOD,-118.20141285,33.92096711
90487194,2017,2017-06-26,9575,2017-06-16,0840,020119,NA,5,1,6,1953,0,1,1,NA,2,064,I-210 W/B (FOOTHILL FREEWAY),HILL AVENUE,300,W,N,A,-,Y,NA,NA,210,NA,NA,NA,NA,NA,W,N,4,0,1,2,A,-,07,21658,A,N,C,C,A,A,H,-,A,D,0,NA,NA,NA,NA,Y,NA,A,08,0,0,1,0,0,0,0,0,0,-,-,34.15227,-118.12614,LOS ANGELES,PASADENA,-118.12612676,34.15213089
90487197,2017,2017-06-26,9575,2017-06-18,1833,021566,NA,7,2,7,1942,0,1,1,NA,2,053,I-5 N/B (GOLDEN STATE FREEWAY),PAXTON ST. U/C,500,S,N,A,-,Y,NA,NA,NA,NA,NA,NA,NA,NA,NA,Y,4,0,1,1,A,-,08,22107,NA,N,E,I,A,A,H,-,A,D,0,NA,NA,NA,NA,Y,NA,A,07,0,0,1,0,0,0,0,0,0,-,-,34.15829,-118.26489,LOS ANGELES,LOS ANGELES,-118.44005279,34.26177927
90487203,2017,2017-06-26,9575,2017-06-19,1508,020620,NA,1,2,6,1912,0,1,1,NA,2,051,I-5 S/B (GOLDEN STATE FREEWAY),SAN FERNANDO RD.,80,S,N,A,-,Y,NA,NA,5,NA,NA,NA,NA,NA,S,N,4,0,1,3,A,-,03,22350,NA,N,C,C,A,A,H,-,A,D,0,NA,NA,NA,NA,Y,NA,D,22,0,0,1,0,0,0,0,0,0,-,-,34.19028,-118.32573,LOS ANGELES,BURBANK,-118.32574946,34.19025387
90487218,2017,2017-06-26,9530,2017-06-20,0725,018745,NA,2,1,4,1939,0,1,1,NA,2,400,I-405 N/B (SAN DIEGO FREEWAY),MANHATTAN BEACH BLVD.,115,S,N,B,-,Y,NA,NA,405,NA,NA,NA,NA,NA,N,Y,3,0,2,5,A,-,03,22350,NA,N,C,C,A,A,H,-,A,D,0,NA,NA,NA,NA,Y,NA,A,07,0,2,0,0,0,0,0,0,0,-,-,33.88726,-118.35612,LOS ANGELES,LAWNDALE,-118.35607867,33.88731764
90487222,2017,2017-06-26,9575,2017-06-17,1000,020918,NA,6,1,7,1942,0,1,1,NA,2,050,I-5 N/B (GOLDEN STATE FREEWAY),WESTERN AVE.,2640,S,N,A,-,Y,NA,NA,5,NA,NA,NA,NA,NA,N,Y,4,0,4,3,A,-,03,22350,NA,N,C,C,A,A,H,-,A,D,0,NA,NA,NA,NA,Y,NA,A,01,0,0,4,0,0,0,0,0,0,-,-,34.15881,-118.29163,LOS ANGELES,LOS ANGELES,-118.29168379,34.15877838
90487231,2017,2017-06-26,9550,2017-06-17,1850,021261,NA,6,2,3,1964,0,1,1,NA,2,650,I-605 S/B (SAN GABRIEL RIVER FREEWAY),TELEGRAPH RD,50,N,N,A,-,Y,NA,NA,605,NA,NA,NA,NA,NA,S,Y,4,0,1,2,A,-,03,22350,NA,N,C,C,A,A,H,-,A,D,0,NA,NA,NA,NA,Y,NA,A,07,0,0,1,0,0,0,0,0,0,-,-,33.94997,-118.09184,LOS ANGELES,SANTA FE SPRINGS,-118.09190525,33.95000771
90487233,2017,2017-06-26,9575,2017-06-11,1335,021200,NA,7,1,7,1942,0,1,1,NA,2,061,I-210 W/B TO LA TUNA CANYON ROAD,LA TUNA CANYON ROAD,20,S,N,B,-,Y,NA,NA,210,NA,NA,NA,R,NA,W,N,4,0,1,1,A,-,03,22350,NA,N,E,I,A,A,H,-,A,D,0,NA,NA,Y,NA,Y,NA,C,02,0,0,1,0,0,0,0,0,1,-,-,34.23525,-118.28838,LOS ANGELES,LOS ANGELES,-118.28838,34.23525
90487247,2017,2017-06-26,9550,2017-06-16,0840,021449,NA,5,1,5,1919,0,1,3,NA,2,091,SR-91 E/B,I-605,1500,W,N,A,-,Y,NA,NA,91,NA,NA,NA,NA,NA,E,Y,2,0,3,2,A,-,08,22107,NA,N,D,C,A,A,H,-,A,D,0,NA,NA,NA,NA,Y,NA,D,22,1,1,1,0,0,0,0,0,0,-,-,33.876689999999996,-118.10803,LOS ANGELES,CERRITOS,-118.1080282,33.87668242
90487252,2017,2017-09-06,9565,2017-06-14,1355,021640,NA,3,1,9,1900,0,2,4,NA,2,021,VERMONT AVENUE S/B,COLDEN AVE,100,S,N,A,-,N,NA,NA,NA,NA,NA,NA,NA,NA,NA,Y,4,0,2,2,A,-,07,21658,A,N,C,C,A,A,H,-,A,D,0,NA,NA,NA,NA,Y,NA,A,01,0,0,2,0,0,0,0,0,0,-,-,33.94863,-118.29204,LOS ANGELES,UNINCORPORATED,-118.29190623,33.94886579
90487254,2017,2017-06-26,9565,2017-05-29,0643,021002,NA,1,1,7,1942,0,1,1,NA,2,082,I-10 W/B (SANTA MONICA FWY),MILITARY AVE.,280,W,N,A,-,Y,NA,NA,NA,NA,NA,NA,NA,NA,NA,Y,4,0,1,2,A,-,08,22107,NA,F,E,I,A,A,H,-,A,D,0,NA,NA,NA,NA,Y,NA,-,99,0,0,1,0,0,0,0,0,0,-,-,34.15453,-118.25443,LOS ANGELES,LOS ANGELES,-118.42889244,34.03180322
90487255,2017,2017-06-26,9565,2017-06-15,1300,021621,NA,4,1,6,1933,0,1,1,NA,2,060,I-405 N/B FROM CENTURY BLVD. E/B,ARBOR VITAE ST,380,S,N,A,-,Y,NA,NA,405,NA,NA,NA,R,NA,N,Y,4,0,1,2,A,-,07,21658,A,N,B,C,A,A,H,-,A,D,0,NA,NA,NA,NA,Y,NA,A,01,0,0,1,0,0,0,0,0,0,-,-,33.94991,-118.37066,LOS ANGELES,INGLEWOOD,-118.37066,33.94991
90487256,2017,2017-06-26,9565,2017-05-24,2000,021575,NA,3,2,7,1942,0,1,1,NA,2,082,I-10 E/B (SANTA MONICA FREEWAY),CENTINELA AVE,200,E,N,A,-,Y,NA,NA,10,NA,NA,NA,NA,NA,E,Y,4,0,1,3,A,-,03,22350,NA,F,C,C,A,A,H,-,A,D,0,NA,NA,NA,NA,Y,NA,A,01,0,0,1,0,0,0,0,0,0,-,-,34.02761,-118.45172,LOS ANGELES,LOS ANGELES,-118.45172184,34.02762897
90487257,2017,2017-06-26,9550,2017-06-22,1935,021410,NA,4,2,5,1919,0,1,3,NA,2,091,STATE ROUTE 91 (ARTESIA FREEWAY) W/B,I-605 (SAN GABRIEL RIVER FREEWAY),1000,E,N,A,-,Y,NA,NA,91,NA,NA,NA,NA,NA,W,Y,4,0,1,3,A,-,01,23152,A,N,C,C,A,A,H,-,B,D,0,NA,NA,NA,NA,Y,Y,D,22,0,0,1,0,0,0,0,0,0,-,-,33.87663,-118.09456,LOS ANGELES,CERRITOS,-118.09455908,33.8764062
90487267,2017,2017-06-26,9565,2017-06-14,1945,021578,NA,3,2,7,1942,0,1,1,NA,2,083,I-10 W/B (SANTA MONICA FWY.),ROBERTSON BLVD.,50,E,N,A,-,Y,NA,NA,10,NA,NA,NA,NA,NA,W,N,4,0,2,2,A,-,03,22350,NA,N,C,C,A,A,H,-,C,D,0,NA,NA,NA,NA,Y,NA,A,01,0,0,2,0,0,0,0,0,0,-,-,34.03073,-118.39138,LOS ANGELES,LOS ANGELES,-118.39137584,34.03072295
90487270,2017,2017-06-26,9565,2017-06-25,1450,015275,NA,7,2,7,1942,0,1,1,NA,2,062,I-405 S/B (PHILIP DENNIS ORTIZ MRL HWY),VENICE BOULEVARD,528,N,N,A,-,Y,NA,NA,405,NA,NA,NA,NA,NA,S,N,4,0,3,2,A,-,03,22350,NA,N,C,C,A,A,H,-,A,D,0,NA,NA,NA,NA,Y,NA,A,07,0,0,3,0,0,0,0,0,0,-,-,34.01397,-118.42009,LOS ANGELES,LOS ANGELES,-118.42003562,34.01401303
90487271,2017,2017-06-26,9565,2017-06-25,1115,015275,NA,7,1,7,1942,0,1,1,NA,2,061,I-405 N/B (SAN DIEGO FREEWAY),HOWARD HUGHES PKWY ON-RAMP TO I-405 N/B,1056,N,N,A,-,Y,NA,NA,405,NA,NA,NA,NA,NA,N,Y,4,0,3,2,A,-,03,22350,NA,N,C,C,A,A,H,-,A,D,0,NA,NA,NA,NA,Y,NA,A,07,0,0,3,0,0,0,0,0,0,-,-,33.97724,-118.38849,LOS ANGELES,LOS ANGELES,-118.38846202,33.97729959
90487272,2017,2017-06-26,9550,2017-06-24,0150,021129,NA,6,3,9,1900,0,1,3,NA,2,602,STATE ROUTE 60 W/B,NOGALES STREET,1000,E,N,A,-,Y,NA,NA,60,NA,NA,NA,NA,NA,W,Y,4,0,1,2,A,-,01,23152,A,F,C,C,A,A,H,-,C,D,0,NA,NA,NA,NA,Y,Y,A,01,0,0,1,0,0,0,0,0,0,-,-,33.99455,-117.88269,LOS ANGELES,UNINCORPORATED,-117.88268541,33.994519940000004
90487292,2017,2017-06-26,9590,2017-06-19,0330,019110,NA,1,3,7,1942,0,1,1,NA,2,010,SR-110 N/B (ASP) TO I-5 N/B (GSF),TUNNEL #4 (N/ EDGE),250,N,N,A,-,Y,NA,NA,110,NA,NA,NA,R,NA,N,Y,3,0,1,1,A,-,01,23152,A,N,E,I,A,A,H,-,C,D,0,NA,NA,NA,NA,Y,Y,A,07,0,1,0,0,0,0,0,0,0,-,-,34.07985,-118.22734,LOS ANGELES,LOS ANGELES,-118.22734,34.07985
90487297,2017,2017-06-26,9540,2017-06-16,1345,021260,NA,5,1,9,1900,0,1,1,NA,2,508,INTERSTATE 5 N/B (GOLDEN STATE FREEWAY),LAKE HUGHES ROAD,13728,N,N,A,-,Y,NA,NA,5,NA,NA,NA,NA,NA,N,Y,4,0,1,3,A,-,04,21703,NA,N,C,C,A,A,H,-,A,D,0,NA,NA,NA,Y,Y,NA,G,25,0,0,1,0,0,0,0,0,0,-,-,34.52684,-118.64837,LOS ANGELES,UNINCORPORATED,-118.64839262,34.52682936
90487317,2017,2017-06-26,9540,2017-06-19,1315,020862,NA,1,1,9,1900,0,1,1,NA,2,504,I-5 NORTHBOUND TRUCK LANES (GSF),SR-14,1000,N,N,A,-,Y,NA,NA,5,NA,NA,NA,NA,NA,N,Y,4,0,1,2,A,-,03,22350,NA,N,C,C,A,A,H,-,A,D,0,NA,NA,NA,Y,Y,NA,G,25,0,0,1,0,0,0,0,0,0,-,-,34.33838,-118.51481,LOS ANGELES,UNINCORPORATED,-118.51491336,34.33816803
90487340,2017,2017-06-26,9540,2017-06-17,1540,021260,NA,6,2,9,1900,0,1,1,NA,1,503,INTERSTATE 5 S/B (GOLDEN STATE FREEWAY),WELDON CANYON RD,80,S,N,A,-,Y,NA,NA,5,NA,NA,NA,NA,NA,S,Y,3,0,3,5,A,-,04,21703,NA,N,C,C,A,A,H,-,A,D,0,NA,NA,NA,NA,Y,NA,A,01,0,1,2,0,0,0,0,0,0,-,-,34.34099,-118.52217,LOS ANGELES,UNINCORPORATED,-118.52219444,34.34081657
90487355,2017,2017-06-26,9580,2017-06-02,0335,021592,NA,5,3,7,1942,0,1,2,NA,2,100,US-101 N/B (HOLLYWOOD FREEWAY),VINELAND AVE,975,S,N,A,-,Y,NA,NA,101,NA,NA,NA,NA,NA,N,Y,3,0,1,2,A,-,01,23152,A,M,A,C,A,A,H,-,D,D,0,NA,NA,NA,NA,Y,Y,A,01,0,1,0,0,0,0,0,0,0,-,-,34.14486,-118.36807,LOS ANGELES,LOS ANGELES,-118.36805158,34.14487148
90487360,2017,2017-06-26,9590,2017-05-14,1429,021504,NA,7,2,7,1942,0,1,1,NA,2,063,I-10 E/B (SMF) COLLECTOR ROAD,BUDLONG AVENUE U/C,250,W,N,A,-,Y,NA,NA,10,NA,NA,NA,NA,NA,E,Y,4,0,1,3,A,-,03,22350,NA,N,C,C,A,A,H,-,A,D,0,NA,NA,NA,NA,Y,NA,A,01,0,0,1,0,0,0,0,0,0,-,-,34.03674,-118.2972,LOS ANGELES,LOS ANGELES,-118.29719656,34.03692124
90487415,2017,2017-06-26,9535,2017-06-21,1700,014473,NA,3,2,5,1948,0,1,3,NA,2,620,SR-60 (POMONA FREEWAY) E/B,GREENWOOD AVE,350,E,N,A,-,Y,NA,NA,60,NA,NA,NA,NA,NA,E,Y,4,0,1,2,A,-,03,22350,NA,N,C,C,A,A,H,-,A,D,0,NA,NA,NA,NA,Y,NA,A,01,0,0,1,0,0,0,0,0,0,-,-,34.03498,-118.10408,LOS ANGELES,MONTEREY PARK,-118.10409183,34.03503409
90487453,2017,2017-06-26,9535,2017-06-22,2128,021305,NA,4,2,9,1900,0,2,4,NA,2,024,WHITTER BLVD. (6500 BLOCK),VIA DEL ORO ST,34,E,N,A,-,N,NA,NA,NA,NA,NA,NA,NA,NA,NA,N,3,0,1,2,A,-,03,22350,NA,F,G,B,D,A,H,-,C,D,0,Y,NA,NA,NA,Y,NA,A,01,0,1,0,0,1,0,0,0,0,-,-,34.01512,-118.13249,LOS ANGELES,UNINCORPORATED,-118.1324711,34.01516836
90487484,2017,2017-06-26,9540,2017-06-21,0600,014339,NA,3,1,9,1900,0,1,3,NA,2,147,SR-14 S/B (ANTELOPE VALLEY FREEWAY),ESCONDIDO CANYON RD,5702,S,N,A,-,Y,NA,NA,14,NA,NA,NA,NA,NA,S,Y,4,0,1,2,C,-,18,NA,NA,N,B,C,A,A,H,-,A,D,0,NA,NA,NA,NA,Y,NA,-,-,0,0,1,0,0,0,0,0,0,-,-,34.48075,-118.29129,LOS ANGELES,UNINCORPORATED,-118.29127499,34.48069799
90487509,2017,2017-06-26,9530,2017-06-03,1410,020096,NA,6,2,9,1900,0,3,5,NA,2,001,COMPTON AVENUE (9000 BLOCK),90TH ST.,0,NA,Y,A,-,N,NA,NA,NA,NA,NA,NA,NA,NA,NA,Y,3,0,2,2,A,-,09,21801,A,F,D,C,A,A,H,-,A,D,0,NA,NA,NA,NA,Y,NA,A,07,0,1,1,0,0,0,0,0,0,-,-,33.95424,-118.24743,LOS ANGELES,UNINCORPORATED,-118.24744005,33.95521005
90487513,2017,2017-06-26,9540,2017-06-20,1720,020790,NA,2,2,9,1900,0,1,1,NA,2,507,I-5 S/B TO MAGIC MOUNTAIN PARKWAY,MAGIC MOUNTAIN PKY,50,N,N,A,-,Y,NA,NA,5,NA,NA,NA,R,NA,S,N,4,0,2,3,A,-,03,22350,NA,N,C,C,A,A,H,-,A,A,0,NA,NA,NA,Y,Y,NA,G,25,0,0,2,0,0,0,0,0,0,-,-,34.42313,-118.58398,LOS ANGELES,UNINCORPORATED,-118.58398,34.42313
90487530,2017,2017-06-26,9530,2017-06-04,0415,020583,NA,7,3,9,1900,0,3,5,NA,2,005,MANHATTAN BEACH BLVD. (3700 BLOCK),DOTY AVE.,303,E,N,A,-,N,NA,NA,NA,NA,NA,NA,NA,NA,NA,Y,3,0,1,2,A,-,01,23152,A,N,B,E,A,A,H,-,C,D,0,NA,NA,NA,NA,Y,Y,A,01,0,1,0,0,0,0,0,0,0,-,-,33.88761,-118.33819,LOS ANGELES,UNINCORPORATED,-118.33830353,33.88758
90487558,2017,2017-06-26,9590,2017-06-20,0950,016330,NA,2,1,7,1942,0,1,1,NA,2,085,I-5 S/B (GSF) (LOS FELIZ BL. COLLECTOR),LOS FELIZ BLVD.,1600,N,N,A,-,Y,NA,NA,5,NA,NA,NA,NA,NA,S,N,4,0,1,4,A,-,03,22350,NA,N,C,C,A,A,H,-,A,D,0,NA,NA,NA,NA,Y,NA,A,07,0,0,1,0,0,0,0,0,0,-,-,34.12419,-118.27315,LOS ANGELES,LOS ANGELES,-118.27278826,34.12429561
90487559,2017,2017-06-26,9550,2017-06-13,1720,020824,NA,2,2,9,1900,0,2,4,NA,1,015,PIONEER BOULEVARD S/B,SLAUSON AVENUE,10,N,N,A,-,N,NA,NA,NA,NA,NA,NA,NA,NA,NA,Y,4,0,1,2,A,-,03,22350,NA,F,C,C,A,A,H,-,A,D,0,NA,NA,NA,NA,Y,NA,-,99,0,0,1,0,0,0,0,0,0,-,-,33.96717,-118.0823,LOS ANGELES,UNINCORPORATED,-118.08224644,33.96705498
90487563,2017,2017-08-18,9530,2017-06-23,2320,021582,NA,5,3,9,1900,0,1,1,NA,2,210,W/B I-105 (GLEN ANDERSON FWY.),MONA BLVD.,170,W,N,A,-,Y,NA,NA,105,NA,NA,NA,NA,NA,NA,Y,3,0,2,2,A,-,01,23152,G,N,C,E,A,A,H,-,D,D,0,NA,NA,NA,NA,Y,Y,D,22,0,2,0,0,0,0,0,0,0,-,-,33.92849,-118.23077,LOS ANGELES,UNINCORPORATED,-118.23076587,33.92847127
90487576,2017,2017-06-26,9590,2017-06-20,0915,016330,NA,2,1,7,1942,0,1,3,NA,2,095,SR-2 W/B (GLF) TO I-5 S/B (GSF),RIPPLE ST.,115,E,N,A,-,Y,NA,NA,2,NA,NA,NA,R,NA,W,Y,3,0,1,2,A,-,03,22350,NA,N,B,C,A,A,H,-,A,D,0,NA,NA,Y,NA,Y,NA,C,02,0,1,0,0,0,0,0,0,1,-,-,34.10568,-118.25015,LOS ANGELES,LOS ANGELES,-118.25015,34.10568
90487582,2017,2017-06-26,9550,2017-06-19,1820,020551,NA,1,2,1,1932,0,1,3,NA,2,602,SR-60 E/B,NOGALES ST.,100,E,N,A,-,Y,NA,NA,60,NA,NA,NA,NA,NA,E,N,4,0,1,2,A,-,03,22350,NA,N,C,C,A,A,H,-,A,D,0,NA,NA,NA,Y,Y,NA,F,25,0,0,1,0,0,0,0,0,0,-,-,33.9943,-117.8838,LOS ANGELES,INDUSTRY,-117.88378336,33.99415408
90487584,2017,2017-06-26,9545,2017-06-16,1700,017305,NA,5,2,9,1900,0,3,5,NA,2,001,70TH STREET EAST,AVENUE J,0,NA,Y,A,-,N,NA,NA,NA,NA,NA,NA,NA,NA,NA,Y,4,0,2,2,A,-,12,22450,A,N,D,C,A,A,H,-,A,A,0,NA,NA,NA,Y,Y,NA,A,01,0,0,2,0,0,0,0,0,0,-,-,34.69002,-118.00539,LOS ANGELES,UNINCORPORATED,-118.00542012,34.690000069999996
90487600,2017,2017-08-28,9530,2017-06-10,0040,021094,NA,6,3,6,1972,0,1,1,NA,2,400,I-405 N/B (SAN DIEGO FREEWAY),CRENSHAW BLVD.,500,N,N,A,-,Y,NA,NA,NA,NA,NA,NA,NA,NA,NA,Y,2,0,2,2,A,-,03,22350,NA,N,C,C,A,A,H,-,D,D,0,NA,NA,Y,NA,Y,NA,C,02,1,0,1,0,0,0,0,0,1,-,-,33.5152,-118.1936,LOS ANGELES,TORRANCE,-118.32802651,33.86512496
90487626,2017,2017-06-26,9525,2017-06-11,0240,021375,NA,7,3,6,1975,0,1,1,NA,2,104,I-10 E/B (SAN BERNARDINO FWY),VINCENT AVE,500,W,N,A,-,Y,NA,NA,10,NA,NA,NA,NA,NA,E,Y,3,0,1,1,A,-,08,22107,NA,N,E,I,A,A,D,E,D,D,0,NA,NA,NA,NA,Y,NA,A,01,0,1,0,0,0,0,0,0,0,-,-,34.07231,-117.93184,LOS ANGELES,WEST COVINA,-117.93184055,34.07227345
90487637,2017,2017-06-26,9525,2017-06-05,1603,021074,NA,1,2,1,1934,0,1,1,NA,2,652,I-605 N/B (SAN GABRIEL RIVER FWY),LIVE OAK AVE.,1056,S,N,A,-,Y,NA,NA,605,NA,NA,NA,NA,NA,N,Y,3,0,1,1,A,-,03,22350,NA,N,F,A,A,A,H,-,A,D,0,NA,NA,NA,NA,Y,NA,A,07,0,1,0,0,0,0,0,0,0,-,-,34.10212,-117.98395,LOS ANGELES,IRWINDALE,-117.98405023,34.10215395
90487652,2017,2017-06-26,9545,2017-06-21,1450,016124,NA,3,2,9,1900,0,1,3,NA,1,042,SR-138 E/B (PEARBLOSSOM HIGHWAY0,87TH ST EAST,30,W,N,A,-,Y,NA,NA,NA,NA,NA,NA,NA,NA,NA,Y,3,0,1,3,A,-,03,22350,NA,N,C,C,A,A,H,-,A,A,0,NA,NA,NA,NA,Y,NA,D,22,0,1,0,0,0,0,0,0,0,-,-,34.52137,-117.97489,LOS ANGELES,UNINCORPORATED,NA,NA
90487656,2017,2017-06-26,9525,2017-06-18,0501,020989,NA,7,3,4,1913,0,1,1,NA,2,210,SR-210 E/B (FOOTHILL FWY),MONTE VISTA AVE,1584,W,N,A,-,Y,NA,NA,210,NA,NA,NA,NA,NA,E,Y,2,0,3,2,A,-,01,23152,A,N,C,E,A,A,H,-,C,D,0,NA,NA,NA,NA,Y,Y,A,01,1,1,1,0,0,0,0,0,0,-,-,34.11978,-117.70313,LOS ANGELES,CLAREMONT,-117.70313434,34.11985163
90487678,2017,2017-06-26,9525,2017-06-16,1600,021074,NA,5,2,4,1960,0,1,1,NA,2,218,SR-210 E/B (FOOTHILL FWY),AMELIA AVE,528,E,N,A,-,Y,NA,NA,210,NA,NA,NA,NA,NA,E,Y,2,0,1,2,A,-,01,23152,A,N,B,C,A,A,H,-,A,D,0,NA,NA,Y,NA,Y,Y,A,01,1,0,0,0,0,0,0,0,1,-,-,34.12009,-117.81935,LOS ANGELES,SAN DIMAS,-117.81935506,34.12004302
90487688,2017,2017-06-26,9545,2017-06-24,2120,020524,NA,6,2,6,1992,0,3,5,NA,2,001,AVENUE L-10,50TH ST  W,444,E,N,A,-,N,NA,NA,NA,NA,NA,NA,NA,NA,NA,Y,3,0,1,3,A,-,01,23152,A,N,B,E,A,A,H,-,D,D,0,NA,NA,NA,NA,Y,Y,A,01,0,1,0,0,0,0,0,0,0,-,-,34.65112,-118.21696,LOS ANGELES,LANCASTER,-118.217061,34.651047
90487696,2017,2017-06-26,9525,2017-06-18,1425,021138,NA,7,2,9,1900,0,3,5,NA,2,003,ALWOOD ST (16600 BLOCK),PASS AND COVINA RD,18,E,N,A,-,N,NA,NA,NA,NA,NA,NA,NA,NA,NA,Y,3,0,1,2,A,-,01,23152,A,N,A,E,A,A,H,-,A,D,0,NA,NA,NA,NA,Y,Y,A,01,0,1,0,0,0,0,0,0,0,-,-,34.04889,-117.92276,LOS ANGELES,UNINCORPORATED,-117.92279081,34.04887731
90487700,2017,2017-06-26,9525,2017-06-11,0200,021229,NA,7,3,9,1900,0,1,3,NA,1,024,SR-39 (SAN GABRIEL CANYON RD.),CRYSTAL LAKE RD,1848,S,N,B,-,Y,NA,NA,39,NA,NA,NA,NA,NA,NA,Y,2,0,1,1,C,-,18,NA,NA,N,E,J,A,A,C,-,D,D,0,NA,NA,NA,NA,Y,NA,-,-,1,0,0,0,0,0,0,0,0,-,-,34.30876,-117.84046,LOS ANGELES,UNINCORPORATED,-117.84045921,34.30876275
90487709,2017,2017-06-26,9530,2017-06-16,0049,021059,NA,5,3,7,1941,0,1,1,NA,2,420,I-405 N/B (SAN DIEGO FREEWAY),CHERRY AVE.,400,S,N,B,-,Y,NA,NA,405,NA,NA,NA,NA,NA,N,Y,4,0,1,1,A,-,08,22107,NA,N,E,I,A,A,H,-,C,D,0,NA,NA,NA,NA,Y,NA,A,01,0,0,1,0,0,0,0,0,0,-,-,33.81319,-118.16632,LOS ANGELES,LONG BEACH,-118.16631219,33.81321656
90487711,2017,2017-06-26,9525,2017-06-11,1600,021280,NA,7,2,4,1913,0,1,1,NA,2,209,SR-210 W/B (FOOTHILL FWY),BASELINE RD.,500,E,N,A,-,Y,NA,NA,210,NA,NA,NA,NA,NA,W,Y,3,0,1,1,A,-,08,22107,NA,N,E,I,A,A,H,-,A,D,0,NA,NA,NA,NA,Y,NA,A,08,0,1,0,0,0,0,0,0,0,-,-,34.12186,-117.69651,LOS ANGELES,CLAREMONT,-117.69644389,34.12176186
90487739,2017,2017-06-26,9575,2017-05-01,1800,019538,NA,1,2,9,1900,0,1,1,NA,2,062,I-210 E/B TO OCEAN VIEW BLVD,OCEAN VIEW BLVD,30,W,N,A,-,Y,NA,NA,NA,NA,NA,NA,NA,NA,NA,Y,4,0,1,2,A,-,03,22350,NA,N,C,C,A,A,H,-,A,D,0,NA,NA,NA,NA,Y,Y,A,01,0,0,1,0,0,0,0,0,0,-,-,NA,NA,LOS ANGELES,UNINCORPORATED,-118.22801191,34.21165064