CASE_ID,ACCIDENT_YEAR,PROC_DATE,JURIS,COLLISION_DATE,COLLISION_TIME,OFFICER_ID,REPORTING_DISTRICT,DAY_OF_WEEK,CHP_SHIFT,POPULATION,CNTY_CITY_LOC,SPECIAL_COND,BEAT_TYPE,CHP_BEAT_TYPE,CITY_DIVISION_LAPD,CHP_BEAT_CLASS,BEAT_NUMBER,PRIMARY_RD,SECONDARY_RD,DISTANCE,DIRECTION,INTERSECTION,WEATHER_1,WEATHER_2,STATE_HWY_IND,CALTRANS_COUNTY,CALTRANS_DISTRICT,STATE_ROUTE,ROUTE_SUFFIX,POSTMILE_PREFIX,POSTMILE,LOCATION_TYPE,RAMP_INTERSECTION,SIDE_OF_HWY,TOW_AWAY,COLLISION_SEVERITY,NUMBER_KILLED,NUMBER_INJURED,PARTY_COUNT,PRIMARY_COLL_FACTOR,PCF_CODE_OF_VIOL,PCF_VIOL_CATEGORY,PCF_VIOLATION,PCF_VIOL_SUBSECTION,HIT_AND_RUN,TYPE_OF_COLLISION,MVIW,PED_ACTION,ROAD_SURFACE,ROAD_COND_1,ROAD_COND_2,LIGHTING,CONTROL_DEVICE,CHP_ROAD_TYPE,PEDESTRIAN_ACCIDENT,BICYCLE_ACCIDENT,MOTORCYCLE_ACCIDENT,TRUCK_ACCIDENT,NOT_PRIVATE_PROPERTY,ALCOHOL_INVOLVED,STWD_VEHTYPE_AT_FAULT,CHP_VEHTYPE_AT_FAULT,COUNT_SEVERE_INJ,COUNT_VISIBLE_INJ,COUNT_COMPLAINT_PAIN,COUNT_PED_KILLED,COUNT_PED_INJURED,COUNT_BICYCLIST_KILLED,COUNT_BICYCLIST_INJURED,COUNT_MC_KILLED,COUNT_MC_INJURED,PRIMARY_RAMP,SECONDARY_RAMP,LATITUDE,LONGITUDE,COUNTY,CITY,POINT_X,POINT_Y
90491881,2017,2017-07-03,9525,2017-06-15,2056,021362,NA,4,2,6,1955,0,1,1,NA,2,105,I-10 W/B (SAN BERNARDINO FWY),VIA VERDE AVE,850,W,N,A,-,Y,NA,NA,NA,NA,NA,NA,NA,NA,NA,N,4,0,1,2,A,-,03,22350,NA,F,C,C,A,A,D,E,D,D,0,NA,NA,NA,NA,Y,NA,-,99,0,0,1,0,0,0,0,0,0,-,-,34.06571,-117.83017,LOS ANGELES,POMONA,NA,NA
9049189,2020,2020-05-20,1942,2020-01-13,1334,41671,678,1,5,7,1942,0,0,0,NA,0,6A77,SANTA MONICA BL,N OXFORD AV,0,NA,Y,A,-,N,NA,NA,NA,NA,NA,NA,NA,NA,NA,N,3,0,1,2,D,-,00,NA,NA,N,G,B,D,A,H,-,A,D,0,Y,NA,NA,NA,Y,NA,-,-,0,1,0,0,1,0,0,0,0,-,-,NA,NA,LOS ANGELES,LOS ANGELES,-118.30780029296876,34.09077072143555
90491893,2017,2017-07-03,9525,2017-06-26,2225,020869,NA,1,3,6,1955,0,1,3,NA,2,606,SR-60 E/B (POMONA FWY),RESERVOIR ST.,200,E,N,A,-,Y,NA,NA,60,NA,NA,NA,NA,NA,E,Y,4,0,3,2,A,-,03,22350,NA,N,C,C,A,A,H,-,D,D,0,NA,NA,NA,NA,Y,NA,A,01,0,0,3,0,0,0,0,0,0,-,-,34.02489,-117.72948,LOS ANGELES,POMONA,-117.72948984,34.02502706
90491896,2017,2017-07-03,9550,2017-06-23,2220,021150,NA,5,3,9,1900,0,3,5,NA,2,002,SHOEMAKER AVENUE,SUNNYSIDE PLACE,40,S,N,A,-,N,NA,NA,NA,NA,NA,NA,NA,NA,NA,Y,4,0,1,2,A,-,21,22106,NA,N,D,C,A,A,H,-,C,D,0,NA,NA,NA,NA,Y,NA,A,01,0,0,1,0,0,0,0,0,0,-,-,33.92901,-118.05515,LOS ANGELES,UNINCORPORATED,-118.05522097,33.92909033
90491898,2017,2017-07-03,9550,2017-06-23,1855,021500,NA,5,2,9,1900,0,3,5,NA,2,001,MINES BLVD,BOER AVE,50,E,N,A,-,N,NA,NA,NA,NA,NA,NA,NA,NA,NA,Y,4,0,1,3,A,-,03,22350,NA,N,C,C,A,A,H,-,A,D,0,NA,NA,NA,NA,Y,NA,D,22,0,0,1,0,0,0,0,0,0,-,-,33.97947,-118.06706,LOS ANGELES,UNINCORPORATED,-118.06711644,33.97946945
9049190,2020,2020-08-14,1900,2020-01-02,1935,527057,0625,4,5,6,1985,0,0,0,NA,0,61T1,ORCHARD VILLAGE RD,16TH ST,0,NA,Y,A,-,N,NA,NA,NA,NA,NA,NA,NA,NA,NA,Y,4,0,1,2,B,-,22,NA,NA,N,D,C,A,A,H,-,C,A,0,NA,NA,NA,NA,Y,NA,J,48,0,0,1,0,0,0,0,0,0,-,-,34.387699127197266,-118.54570770263672,LOS ANGELES,SANTA CLARITA,-118.54566955566406,34.38766860961914
90491909,2017,2017-07-03,9550,2017-06-30,1515,020594,NA,5,2,5,1952,0,1,1,NA,2,151,I-105 W/B,GARFIELD AVENUE,1000,E,N,A,-,Y,NA,NA,NA,NA,NA,NA,NA,NA,NA,Y,4,0,2,2,A,-,03,22350,NA,N,C,C,A,A,H,-,A,D,0,NA,NA,NA,NA,Y,NA,D,22,0,0,2,0,0,0,0,0,0,-,-,33.54413,-118.95252,LOS ANGELES,PARAMOUNT,-118.16564559,33.91154858
90491910,2017,2017-07-03,9550,2017-06-30,1450,020594,NA,5,2,5,1919,0,1,1,NA,2,652,I-605 S/B,ALONDRA BOULEVARD,50,S,N,A,-,Y,NA,NA,NA,NA,NA,NA,NA,NA,NA,N,4,0,1,3,A,-,03,22350,NA,N,C,C,A,A,H,-,A,D,0,NA,NA,NA,NA,Y,NA,D,22,0,0,1,0,0,0,0,0,0,-,-,33.53137,-118.61639,LOS ANGELES,CERRITOS,-118.10452967,33.8874529
90491913,2017,2017-07-03,9550,2017-06-24,1715,021150,NA,6,2,7,1941,0,1,1,NA,2,653,I-605 N/B,WARDLOW ROAD,600,S,N,A,-,Y,NA,NA,605,NA,NA,NA,NA,NA,N,Y,3,0,1,2,A,-,07,21658,A,N,B,C,A,A,H,-,A,D,0,NA,NA,Y,NA,Y,NA,A,01,0,1,0,0,0,0,0,0,1,-,-,33.81575,-118.08124,LOS ANGELES,LONG BEACH,-118.08132428,33.81575
90491915,2017,2017-07-03,9565,2017-06-30,0908,015587,NA,5,1,7,1942,0,1,1,NA,2,064,I-405 S/B (SAN DIEGO FREEWAY),SUNSET BLVD.,290,N,N,B,-,Y,NA,NA,405,NA,NA,NA,NA,NA,S,Y,3,0,1,2,A,-,03,22350,NA,N,C,C,A,A,H,-,A,D,0,NA,NA,NA,NA,Y,NA,A,01,0,1,0,0,0,0,0,0,0,-,-,34.0735,-118.46736,LOS ANGELES,LOS ANGELES,-118.46732725,34.07352494
9049192,2020,2020-08-14,1942,2020-01-27,0420,43432,1256,1,5,7,1942,0,0,0,L,0,12A57,W FLORENCE AV,S VERMONT AV,5,E,N,A,-,N,NA,NA,NA,NA,NA,NA,NA,NA,NA,Y,3,0,2,1,A,-,03,22350,NA,N,E,I,A,A,H,-,C,A,0,NA,NA,NA,NA,Y,NA,J,48,0,1,1,0,0,0,0,0,0,-,-,NA,NA,LOS ANGELES,LOS ANGELES,-118.2917251586914,33.97462844848633
9049193,2020,2020-05-20,1942,2020-01-09,1040,27792,1063,4,5,7,1942,0,0,0,J,0,10A83,BURBANK BL,RESEDA BL,10,W,N,A,-,N,NA,NA,NA,NA,NA,NA,NA,NA,NA,N,4,0,1,3,A,-,10,21950,A,N,G,B,B,A,H,-,A,A,0,Y,NA,NA,NA,Y,NA,A,01,0,0,1,0,1,0,0,0,0,-,-,NA,NA,LOS ANGELES,LOS ANGELES,-118.53603363037108,34.172340393066406
9049195,2020,2020-08-14,1931,2020-01-28,2224,5309,1931,2,5,5,1931,0,0,0,NA,0,001,SLAUSON AV,WILMINGTON AV,0,NA,Y,A,-,N,NA,NA,NA,NA,NA,NA,NA,NA,NA,Y,4,0,2,1,A,-,03,22350,NA,N,E,I,A,A,H,-,C,D,0,NA,NA,NA,NA,Y,NA,J,48,0,0,2,0,0,0,0,0,0,-,-,NA,NA,LOS ANGELES,HUNTINGTON PARK,-118.23902893066406,33.98918914794922
9049196,2020,2020-08-14,1942,2020-01-14,1125,41003,0657,2,5,7,1942,0,0,0,F,0,6A77,N WESTERN AV,ROMAINE ST,47,N,N,A,-,N,NA,NA,NA,NA,NA,NA,NA,NA,NA,N,4,0,2,3,A,-,04,21703,NA,N,C,C,A,A,H,-,A,D,0,NA,NA,NA,NA,Y,NA,J,43,0,0,2,0,0,0,0,0,0,-,-,NA,NA,LOS ANGELES,LOS ANGELES,-118.30915832519533,34.088619232177734
9049197,2020,2020-05-20,1942,2020-01-10,1250,38469,1025,5,5,7,1942,0,0,0,J,0,10A21,SHERMAN WY,DARBY AV,0,NA,Y,A,-,N,NA,NA,NA,NA,NA,NA,NA,NA,NA,N,3,0,1,2,A,-,09,21804,A,N,E,G,A,A,H,-,A,A,0,NA,Y,NA,NA,Y,NA,L,04,0,1,0,0,0,0,1,0,0,-,-,NA,NA,LOS ANGELES,LOS ANGELES,-118.53347778320313,34.20117950439453
9049198,2020,2020-08-14,1942,2020-01-22,1500,37679,0376,3,5,7,1942,0,0,0,C,0,3A99,DENKER AV,W MARTIN LUTHER KING BL,31,S,N,A,-,N,NA,NA,NA,NA,NA,NA,NA,NA,NA,Y,4,0,3,2,A,-,03,22350,NA,N,B,C,A,A,H,-,A,D,0,NA,NA,NA,NA,Y,NA,J,48,0,0,3,0,0,0,0,0,0,-,-,NA,NA,LOS ANGELES,LOS ANGELES,-118.30455017089844,34.010765075683594
9049199,2020,2020-08-14,1942,2020-01-06,1521,14024,1494,1,5,7,1942,0,0,0,N,0,5M27,SEPULVEDA BL,CENTURY BL,215,S,N,A,-,N,NA,NA,NA,NA,NA,NA,NA,NA,NA,N,3,0,5,3,A,-,07,21658,A,N,C,C,A,A,H,-,A,A,0,NA,NA,NA,NA,Y,NA,A,01,0,2,3,0,0,0,0,0,0,-,-,NA,NA,LOS ANGELES,LOS ANGELES,-118.39633178710938,33.94538116455078
9049200,2020,2020-08-14,1942,2020-01-28,2345,39022,0645,2,5,7,1942,0,0,0,F,0,6A45,FRANKLIN AV,HILLCREST RD,15,E,N,A,-,N,NA,NA,NA,NA,NA,NA,NA,NA,NA,Y,4,0,2,3,A,-,09,21804,A,N,B,C,A,A,H,-,C,D,0,NA,NA,NA,NA,Y,NA,A,01,0,0,2,0,0,0,0,0,0,-,-,NA,NA,LOS ANGELES,LOS ANGELES,-118.33934783935548,34.104129791259766
90492004,2017,2017-07-03,9535,2017-06-22,1645,019135,NA,4,2,9,1900,0,1,3,NA,2,600,SR-60 (POMONA FREEWAY) E/B,3RD ST,300,W,N,A,-,Y,NA,NA,60,NA,NA,NA,NA,NA,E,Y,4,0,2,5,A,-,03,22350,NA,N,B,C,A,A,H,-,A,D,0,NA,NA,NA,NA,Y,NA,D,22,0,0,2,0,0,0,0,0,0,-,-,34.03252,-118.18208,LOS ANGELES,UNINCORPORATED,-118.1821213,34.03261439
90492073,2017,2017-07-03,9575,2017-06-26,1825,019976,NA,1,2,5,1902,0,1,1,NA,2,065,I-210 E/B (FOOTHILL FREEWAY),SANTA ANITA AVE.,1000,E,N,A,-,Y,NA,NA,210,NA,NA,NA,NA,NA,E,Y,4,0,1,3,A,-,03,22350,NA,N,C,C,A,A,H,-,A,D,0,NA,NA,NA,NA,Y,NA,A,07,0,0,1,0,0,0,0,0,0,-,-,34.1434,-118.02221,LOS ANGELES,ARCADIA,-118.02219451,34.14343242
90492077,2017,2017-07-03,9575,2017-06-21,1718,020902,NA,3,2,7,1942,0,1,1,NA,2,053,I-5 N/B (GOLDEN STATE FREEWAY),VAN NUYS BLVD,600,S,N,A,-,Y,NA,NA,5,NA,NA,NA,NA,NA,N,Y,3,0,1,3,A,-,17,21658,NA,F,C,C,A,A,H,-,A,D,0,NA,NA,NA,NA,Y,NA,-,99,0,1,0,0,0,0,0,0,0,-,-,34.25538,-118.43345,LOS ANGELES,LOS ANGELES,-118.43349215,34.25533529
90492078,2017,2017-07-03,9575,2017-06-26,0830,020030,NA,1,1,7,1942,0,1,1,NA,2,053,I-5 N/B (GOLDEN STATE FREEWAY),PAXTON ST.,200,N,N,A,-,Y,NA,NA,5,NA,NA,NA,NA,NA,N,Y,4,0,1,2,A,-,03,22350,NA,N,C,C,A,A,H,-,A,D,0,NA,NA,NA,NA,Y,NA,A,01,0,0,1,0,0,0,0,0,0,-,-,34.26447,-118.44114,LOS ANGELES,LOS ANGELES,-118.44161198,34.26416887
90492079,2017,2017-07-03,9565,2017-06-18,2105,021171,NA,7,2,5,1965,0,1,1,NA,2,081,I-10 E/B FROM LINCOLN BLVD,11TH STREET,50,E,N,A,-,Y,NA,NA,10,NA,NA,NA,R,NA,E,Y,4,0,2,3,A,-,03,22350,NA,F,C,C,A,A,H,-,D,A,0,NA,NA,NA,NA,Y,NA,A,01,0,0,2,0,0,0,0,0,0,-,-,34.0165,-118.48284,LOS ANGELES,SANTA MONICA,-118.48284,34.0165
90492082,2017,2017-07-03,9565,2017-06-26,0945,015275,NA,1,1,7,1942,0,1,1,NA,2,082,I-10 E/B (SANTA MONICA FREEWAY),GATEWAY BOULEVARD,528,E,N,A,-,Y,NA,NA,10,NA,NA,NA,NA,NA,E,Y,3,0,1,3,A,-,08,22107,NA,N,B,C,A,A,H,-,A,D,0,NA,NA,NA,NA,Y,NA,A,01,0,1,0,0,0,0,0,0,0,-,-,34.02996,-118.44193,LOS ANGELES,LOS ANGELES,-118.44193107,34.02996504
90492083,2017,2017-07-03,9565,2017-06-25,1215,020468,NA,7,1,5,1928,0,1,1,NA,2,060,I-405 NB (SAN DIEGO FREEWAY),135TH ST,60,N,N,A,-,Y,NA,NA,405,NA,NA,NA,NA,NA,N,N,4,0,2,2,A,-,03,22350,NA,N,C,C,A,A,H,-,A,D,0,NA,NA,NA,NA,Y,NA,D,22,0,0,2,0,0,0,0,0,0,-,-,33.91116,-118.37022,LOS ANGELES,HAWTHORNE,-118.37030874,33.91115979
90492085,2017,2017-07-03,9565,2017-06-24,1905,021371,NA,6,2,7,1942,0,1,1,NA,2,064,I-405 S/B (SAN DIEGO FWY),GETTY CENTER DR,500,N,N,A,-,Y,NA,NA,405,NA,NA,NA,NA,NA,S,Y,4,0,2,2,A,-,03,22350,NA,N,C,C,A,A,H,-,A,D,0,NA,NA,NA,NA,Y,NA,A,01,0,0,2,0,0,0,0,0,0,-,-,34.09003,-118.47567,LOS ANGELES,LOS ANGELES,-118.47563065,34.09003552
90492087,2017,2017-07-03,9565,2017-06-24,2200,021371,NA,6,3,7,1942,0,1,1,NA,2,062,I-405 N/B (SAN DIEGO FWY),OLYMPIC BLVD,400,S,N,A,-,Y,NA,NA,405,NA,NA,NA,NA,NA,N,Y,4,0,1,2,A,-,03,22350,NA,N,C,C,A,A,H,-,C,D,0,NA,NA,NA,NA,Y,NA,A,01,0,0,1,0,0,0,0,0,0,-,-,34.03803,-118.43907,LOS ANGELES,LOS ANGELES,-118.43907001,34.03802999
90492088,2017,2017-07-03,9565,2017-06-25,1820,021267,NA,7,2,5,1965,0,1,1,NA,2,081,I-10 E/B (SANTA MONICA BLVD),CENTINELA AVE,100,W,N,A,-,Y,NA,NA,10,NA,NA,NA,NA,NA,E,N,4,0,1,2,A,-,03,22350,NA,N,C,C,A,A,H,-,A,D,0,NA,NA,NA,NA,Y,NA,A,01,0,0,1,0,0,0,0,0,0,-,-,34.027590000000004,-118.4524,LOS ANGELES,SANTA MONICA,-118.45240001,34.02758862
90492101,2017,2017-07-03,9590,2017-05-13,0302,021654,NA,6,3,7,1942,0,1,1,NA,2,085,I-5 S/B (GSF),FLETCHER DRIVE,1700,N,N,A,-,Y,NA,NA,5,NA,NA,NA,NA,NA,S,Y,3,0,1,3,A,-,08,22107,NA,N,B,C,A,A,H,-,C,D,0,NA,NA,NA,NA,Y,Y,A,07,0,1,0,0,0,0,0,0,0,-,-,34.10909,-118.26071,LOS ANGELES,LOS ANGELES,-118.26072946,34.10905112
90492134,2017,2017-07-03,9565,2017-05-22,0245,021512,NA,1,3,6,1933,0,1,1,NA,2,060,I-405 N/B (SAN DIEGO FWY),HILLCREST BLVD,315,N,N,A,-,Y,NA,NA,405,NA,NA,NA,NA,NA,N,N,4,0,2,2,A,-,08,22107,NA,F,B,C,A,A,H,-,C,D,0,NA,NA,NA,NA,Y,NA,A,07,0,0,2,0,0,0,0,0,0,-,-,33.95736,-118.36923,LOS ANGELES,INGLEWOOD,-118.36924595,33.95736051
90492136,2017,2017-07-03,9590,2017-05-13,0304,021654,NA,6,3,7,1942,0,1,1,NA,2,085,I-5 S/B (GOLDEN STATE FREEWAY),FLETCHER DRIVE,1200,N,N,A,-,Y,NA,NA,5,NA,NA,NA,NA,NA,S,Y,3,0,2,2,A,-,03,22350,NA,N,C,C,A,A,H,-,C,D,0,NA,NA,NA,NA,Y,NA,A,07,0,2,0,0,0,0,0,0,0,-,-,34.10843,-118.25931,LOS ANGELES,LOS ANGELES,-118.25934449,34.10836028
90492138,2017,2017-07-03,9530,2017-06-29,1605,017860,NA,4,2,7,1941,0,1,1,NA,2,072,I-710 S/B (LONG BEACH FREEWAY),WARDLOW RD.,2217,S,N,A,-,Y,NA,NA,710,NA,NA,NA,NA,NA,S,Y,4,0,1,3,C,-,18,NA,NA,N,B,C,A,A,H,-,A,D,0,NA,NA,NA,Y,Y,NA,-,-,0,0,1,0,0,0,0,0,0,-,-,33.81487,-118.20712,LOS ANGELES,LONG BEACH,-118.20705208,33.81486963
90492140,2017,2017-07-03,9565,2017-05-23,1550,021453,NA,2,2,9,1900,0,2,4,NA,2,023,WESTERN AVE.,111TH ST.,0,NA,Y,A,-,N,NA,NA,NA,NA,NA,NA,NA,NA,NA,Y,4,0,1,2,A,-,09,21801,B,N,D,C,A,A,H,-,A,A,0,NA,NA,NA,NA,Y,NA,A,01,0,0,1,0,0,0,0,0,0,-,-,33.93378,-118.30902,LOS ANGELES,UNINCORPORATED,-118.30906013,33.93382011
90492143,2017,2017-08-31,9550,2017-06-21,1545,021166,NA,3,2,9,1900,0,1,1,NA,2,650,I-605 N/B FROM PECK RD.,PECK ROAD,598,N,N,A,-,Y,NA,NA,605,NA,NA,NA,R,NA,N,Y,3,0,1,2,A,-,06,21755,NA,N,B,C,A,A,H,-,A,D,0,NA,NA,Y,NA,Y,NA,C,02,0,1,0,0,0,0,0,0,1,-,-,34.02794,-118.03583,LOS ANGELES,UNINCORPORATED,-118.03583,34.02794
90492144,2017,2017-07-03,9530,2017-06-20,1045,021490,NA,2,1,7,1942,0,1,1,NA,2,110,I-110 N/B (HARBOR FREEWAY),CENTURY BLVD.,528,S,N,A,-,Y,NA,NA,110,NA,NA,NA,NA,NA,N,Y,3,0,1,3,A,-,17,21658,NA,N,B,C,A,A,H,-,A,D,0,NA,NA,Y,NA,Y,NA,A,01,0,1,0,0,0,0,0,0,1,-,-,33.94269,-118.27975,LOS ANGELES,LOS ANGELES,-118.27977596,33.94268994
90492162,2017,2017-07-03,9535,2017-06-28,1805,019857,NA,3,2,9,1900,0,1,1,NA,2,070,I-710 (LONG BEACH FREEWAY) N/B,1ST ST.,125,N,N,A,-,Y,NA,NA,710,NA,NA,NA,NA,NA,N,N,4,0,1,2,A,-,03,22350,NA,N,C,C,A,A,H,-,A,D,0,NA,NA,NA,NA,Y,NA,A,01,0,0,1,0,0,0,0,0,0,-,-,34.03919,-118.16925,LOS ANGELES,UNINCORPORATED,-118.16992239,34.03918672
90492182,2017,2017-07-03,9530,2017-06-22,0800,021623,NA,4,1,9,1900,0,3,5,NA,2,003,COMPTON BLVD. (4200 BLOCK),BUTLER AVE.,50,W,N,A,-,N,NA,NA,NA,NA,NA,NA,NA,NA,NA,N,4,0,1,3,A,-,21,22106,NA,F,B,C,A,A,H,-,A,D,0,NA,NA,NA,NA,Y,NA,-,99,0,0,1,0,0,0,0,0,0,-,-,33.8961,-118.1979,LOS ANGELES,UNINCORPORATED,-118.19798439,33.8961169
90492194,2017,2017-07-03,9565,2017-06-20,0840,019320,NA,2,1,7,1942,0,1,1,NA,2,061,I-405 N/B (SAN DIEGO FREEWAY),HOWARD HUGHES PKWY,300,N,N,A,-,Y,NA,NA,405,NA,NA,NA,NA,NA,N,Y,4,0,1,2,A,-,08,22107,NA,N,B,C,A,A,H,-,A,D,0,NA,NA,Y,NA,Y,NA,C,02,0,0,1,0,0,0,0,0,1,-,-,33.976,-118.38584,LOS ANGELES,LOS ANGELES,-118.38581361,33.97605621
90492210,2017,2017-07-03,9565,2017-06-02,1530,021576,NA,5,2,9,1900,0,2,4,NA,2,022,NORMANDIE AVE.,98TH ST.,0,NA,Y,B,-,N,NA,NA,NA,NA,NA,NA,NA,NA,NA,Y,2,0,2,2,A,-,09,21800,D,N,D,C,A,A,H,-,A,B,0,NA,NA,NA,NA,Y,NA,A,01,1,1,0,0,0,0,0,0,0,-,-,33.9469,-118.30029,LOS ANGELES,UNINCORPORATED,-118.30027004,33.94699002
90492211,2017,2017-07-03,9535,2017-06-28,1850,021554,NA,3,2,9,1900,0,2,4,NA,2,018,BEVERLY BLVD,MARGARET AVE,0,NA,Y,A,-,N,NA,NA,NA,NA,NA,NA,NA,NA,NA,Y,3,0,3,2,A,-,12,21453,A,N,D,C,A,A,H,-,A,A,0,NA,NA,NA,NA,Y,NA,A,01,0,1,2,0,0,0,0,0,0,-,-,34.02961,-118.14953,LOS ANGELES,UNINCORPORATED,-118.14951008,34.02962003
90492213,2017,2017-07-03,9535,2017-06-30,1055,016915,NA,5,1,6,1922,0,1,1,NA,2,111,I-1O W/B (SAN BERNARDINO FREEWAY),RIO HONDO RIVER,20,W,N,A,-,Y,NA,NA,NA,NA,NA,NA,NA,NA,NA,Y,3,0,4,1,A,-,03,22350,NA,N,E,I,A,A,H,-,A,D,0,NA,NA,NA,NA,Y,NA,A,01,0,3,1,0,0,0,0,0,0,-,-,34.0712,-118.04949,LOS ANGELES,EL MONTE,NA,NA
90492215,2017,2017-07-03,9575,2017-06-26,1210,020476,NA,1,1,9,1900,0,1,3,NA,2,300,SR-2 (ANGELES CREST HIGHWAY),WOODWARDIA BRIDGE,1500,W,N,A,-,Y,NA,NA,2,NA,NA,NA,NA,NA,NA,Y,3,0,1,1,A,-,08,22107,NA,N,F,A,A,A,H,-,A,D,0,NA,NA,Y,NA,Y,NA,C,02,0,1,0,0,0,0,0,0,1,-,-,34.25195,-118.19618,LOS ANGELES,UNINCORPORATED,-118.19617411,34.25192334
90492222,2017,2017-07-03,9565,2017-06-06,0930,017060,NA,2,1,6,1933,0,1,1,NA,2,060,I-405 N/B TO LA CIENEGA BLVD.,THORNBURN STREET,1000,S,N,A,-,Y,NA,NA,405,NA,NA,NA,R,NA,N,N,4,0,1,2,A,-,03,22350,NA,F,C,C,A,A,H,-,A,D,0,NA,NA,NA,NA,Y,NA,A,01,0,0,1,0,0,0,0,0,0,-,-,33.96563,-118.37002,LOS ANGELES,INGLEWOOD,-118.37002,33.96563
90492233,2017,2017-07-03,9575,2017-06-24,0550,020918,NA,6,3,6,1912,0,1,1,NA,2,051,I-5 S/B (GOLDEN STATE FREEWAY),BUENA VISTA ST.,500,S,N,A,-,Y,NA,NA,5,NA,NA,NA,NA,NA,S,N,4,0,2,2,A,-,03,22350,NA,M,C,C,A,A,H,-,B,D,0,NA,NA,NA,NA,Y,NA,-,99,0,0,2,0,0,0,0,0,0,-,-,34.19767,-118.33667,LOS ANGELES,BURBANK,-118.33665602,34.19768915
90492243,2017,2017-07-03,9535,2017-06-29,1930,018188,NA,4,2,5,1947,0,1,3,NA,2,600,SR-60 E/B (POMONA FREEWAY),GARFIELD AVE,450,E,N,A,-,Y,NA,NA,60,NA,NA,NA,NA,NA,E,Y,4,0,1,4,A,-,00,2350,NA,M,C,C,A,A,H,-,A,D,0,NA,NA,NA,NA,Y,NA,A,01,0,0,1,0,0,0,0,0,0,-,-,34.0331,-118.1292,LOS ANGELES,MONTEBELLO,-118.12919932,34.03304049
90492248,2017,2017-07-03,9565,2017-06-21,2245,021575,NA,3,3,7,1942,0,1,1,NA,2,082,I-10 WESTBOUND (SANTA MONICA FREEWAY),BUNDY DRIVE,50,W,N,A,-,Y,NA,NA,10,NA,NA,NA,NA,NA,W,Y,4,0,1,3,A,-,03,22350,NA,N,C,C,A,A,D,-,C,D,0,NA,NA,NA,NA,Y,NA,A,01,0,0,1,0,0,0,0,0,0,-,-,34.02902,-118.44971,LOS ANGELES,LOS ANGELES,-118.4495167,34.02828855
90492251,2017,2017-07-03,9530,2017-06-23,0950,021642,NA,5,1,7,1941,0,1,1,NA,2,430,I-405 N/B (SAN DIEGO FREEWAY),STUDEBAKER RD.,1584,N,N,A,-,Y,NA,NA,405,NA,NA,NA,NA,NA,N,Y,4,0,1,3,A,-,03,22350,NA,N,C,C,A,A,H,-,A,D,0,NA,NA,NA,NA,Y,NA,A,01,0,0,1,0,0,0,0,0,0,-,-,33.792,-118.1006,LOS ANGELES,LONG BEACH,-118.10080227,33.7917254
90492254,2017,2017-07-03,9550,2017-06-25,0011,021123,NA,7,3,7,1941,0,1,3,NA,2,090,SR-91 E/B,WALNUT AVE.,500,W,N,A,-,Y,NA,NA,91,NA,NA,NA,NA,NA,E,Y,3,0,2,2,A,-,03,22350,NA,N,C,C,A,A,H,-,A,D,0,NA,NA,NA,NA,Y,NA,A,01,0,2,0,0,0,0,0,0,0,-,-,33.8768,-118.17454,LOS ANGELES,LONG BEACH,-118.17454057,33.87689777
90492256,2017,2017-07-03,9575,2017-06-24,2140,021213,NA,6,2,6,1912,0,1,1,NA,2,051,I-5 N/B TO ANGELENO AVE,S. FIRST ST,235,S,N,A,-,Y,NA,NA,NA,NA,NA,NA,NA,NA,NA,N,4,0,1,2,A,-,03,22350,NA,N,C,C,A,A,H,-,C,A,0,NA,NA,NA,NA,Y,NA,A,07,0,0,1,0,0,0,0,0,0,-,-,34.17828,-118.20941,LOS ANGELES,BURBANK,-118.21143406,34.02743796
90492262,2017,2017-07-03,9530,2017-06-23,1510,021642,NA,5,2,7,1941,0,1,1,NA,2,071,I-710 N/B (LONG BEACH FREEWAY),SR-91 E/B (ARTESIA FREEWAY),550,S,N,A,-,Y,NA,NA,710,NA,NA,NA,NA,NA,N,N,4,0,1,2,A,-,07,21658,A,N,B,C,A,A,H,-,A,D,0,NA,NA,NA,NA,Y,NA,A,01,0,0,1,0,0,0,0,0,0,-,-,33.8696,-118.1946,LOS ANGELES,LONG BEACH,-118.19484793,33.86972864
90492263,2017,2017-07-03,9550,2017-06-24,1849,021198,NA,6,2,5,1919,0,1,3,NA,2,092,STATE ROUTE 91 (ARTESIA FREEWAY),NORWALK BOULEVARD,50,E,N,A,-,Y,NA,NA,91,NA,NA,NA,NA,NA,NA,Y,4,0,3,2,A,-,03,22350,NA,N,C,C,A,A,H,-,A,D,0,NA,NA,NA,NA,Y,NA,A,01,0,0,3,0,0,0,0,0,0,-,-,33.87648,-118.07238,LOS ANGELES,CERRITOS,-118.07238005,33.87649419
90492269,2017,2017-07-03,9530,2017-06-24,1450,021528,NA,6,2,5,1943,0,1,1,NA,2,210,I-105 W/B (GLENN ANDERSON FWY),ATLANTIC AVE.,1584,W,N,A,-,Y,NA,NA,105,NA,NA,NA,NA,NA,W,N,4,0,2,2,A,-,03,22350,NA,N,C,C,A,A,H,-,A,D,0,NA,NA,NA,NA,Y,NA,A,01,0,0,2,0,0,0,0,0,0,-,-,33.91853,-118.19502,LOS ANGELES,LYNWOOD,-118.19502243,33.91852441