CASE_ID,ACCIDENT_YEAR,PROC_DATE,JURIS,COLLISION_DATE,COLLISION_TIME,OFFICER_ID,REPORTING_DISTRICT,DAY_OF_WEEK,CHP_SHIFT,POPULATION,CNTY_CITY_LOC,SPECIAL_COND,BEAT_TYPE,CHP_BEAT_TYPE,CITY_DIVISION_LAPD,CHP_BEAT_CLASS,BEAT_NUMBER,PRIMARY_RD,SECONDARY_RD,DISTANCE,DIRECTION,INTERSECTION,WEATHER_1,WEATHER_2,STATE_HWY_IND,CALTRANS_COUNTY,CALTRANS_DISTRICT,STATE_ROUTE,ROUTE_SUFFIX,POSTMILE_PREFIX,POSTMILE,LOCATION_TYPE,RAMP_INTERSECTION,SIDE_OF_HWY,TOW_AWAY,COLLISION_SEVERITY,NUMBER_KILLED,NUMBER_INJURED,PARTY_COUNT,PRIMARY_COLL_FACTOR,PCF_CODE_OF_VIOL,PCF_VIOL_CATEGORY,PCF_VIOLATION,PCF_VIOL_SUBSECTION,HIT_AND_RUN,TYPE_OF_COLLISION,MVIW,PED_ACTION,ROAD_SURFACE,ROAD_COND_1,ROAD_COND_2,LIGHTING,CONTROL_DEVICE,CHP_ROAD_TYPE,PEDESTRIAN_ACCIDENT,BICYCLE_ACCIDENT,MOTORCYCLE_ACCIDENT,TRUCK_ACCIDENT,NOT_PRIVATE_PROPERTY,ALCOHOL_INVOLVED,STWD_VEHTYPE_AT_FAULT,CHP_VEHTYPE_AT_FAULT,COUNT_SEVERE_INJ,COUNT_VISIBLE_INJ,COUNT_COMPLAINT_PAIN,COUNT_PED_KILLED,COUNT_PED_INJURED,COUNT_BICYCLIST_KILLED,COUNT_BICYCLIST_INJURED,COUNT_MC_KILLED,COUNT_MC_INJURED,PRIMARY_RAMP,SECONDARY_RAMP,LATITUDE,LONGITUDE,COUNTY,CITY,POINT_X,POINT_Y
90492270,2017,2017-07-03,9575,2017-06-24,1016,020918,NA,6,1,6,1912,0,1,1,NA,2,051,I-5 S/B FROM W/B ALAMEDA AVE.,ALAMEDA AVE.,300,N,N,A,-,Y,NA,NA,5,NA,NA,NA,R,NA,S,N,4,0,3,2,A,-,21,22106,NA,N,C,C,A,A,H,-,A,A,0,NA,NA,NA,NA,Y,NA,A,08,0,0,3,0,0,0,0,0,0,-,-,34.17049,-118.30539,LOS ANGELES,BURBANK,-118.30539,34.17049
90492273,2017,2017-07-03,9530,2017-06-24,1459,020096,NA,6,2,6,1972,0,1,1,NA,2,400,I-405 N/B (SAN DIEGO FREEWAY),REDONDO BEACH BLVD.,25,S,N,A,-,Y,NA,NA,405,NA,NA,NA,NA,NA,N,N,3,0,4,4,A,-,03,22350,NA,N,C,C,A,A,H,-,A,D,0,NA,NA,NA,NA,Y,NA,A,01,0,2,2,0,0,0,0,0,0,-,-,33.8768,-118.34482,LOS ANGELES,TORRANCE,-118.34483266,33.87679082
90492277,2017,2017-07-03,9530,2017-06-24,1610,021484,NA,6,2,9,1900,0,3,5,NA,2,002,AVALON BLVD.,135TH ST.,0,NA,Y,A,-,N,NA,NA,NA,NA,NA,NA,NA,NA,NA,N,3,0,1,2,A,-,12,21457,A,N,D,C,A,A,H,-,A,A,0,NA,NA,NA,NA,Y,NA,A,07,0,1,0,0,0,0,0,0,0,-,-,33.90913,-118.26522,LOS ANGELES,UNINCORPORATED,-118.26531005,33.90918001
90492279,2017,2017-07-03,9530,2017-06-26,0806,014654,NA,1,1,7,1941,0,1,1,NA,2,420,I-405 N/B (SAN DIEGO FREEWAY),LA RIVER,100,S,N,A,-,Y,NA,NA,405,NA,NA,NA,NA,NA,N,Y,4,0,1,2,A,-,03,22350,NA,N,C,C,A,A,H,-,A,D,0,NA,NA,Y,NA,Y,NA,C,02,0,0,1,0,0,0,0,0,1,-,-,33.82622,-118.20444,LOS ANGELES,LONG BEACH,-118.20451038,33.82599188
90492282,2017,2017-07-03,9575,2017-06-25,1445,020119,NA,7,2,6,1953,0,1,1,NA,2,064,I-210 W/B (FOOTHILL FREEWAY),HILL AVE.,500,W,N,A,-,Y,NA,NA,210,NA,NA,NA,NA,NA,W,Y,4,0,2,2,A,-,03,22350,NA,N,C,C,A,A,H,-,A,D,0,NA,NA,NA,NA,Y,NA,A,07,0,0,2,0,0,0,0,0,0,-,-,34.15223,-118.1262,LOS ANGELES,PASADENA,-118.12619,34.15212487
90492285,2017,2017-07-03,9540,2017-06-23,1650,021260,NA,5,2,9,1900,0,1,1,NA,2,512,INTERSTATE 5 N/B (GOLDEN STATE FREEWAY),SMOKEY BEAR RD,3168,S,N,A,-,Y,NA,NA,5,NA,NA,NA,NA,NA,N,Y,3,0,4,3,A,-,03,22350,NA,N,C,C,A,A,H,-,A,D,0,NA,NA,NA,Y,Y,NA,A,01,0,4,0,0,0,0,0,0,0,-,-,34.70218,-118.79346,LOS ANGELES,UNINCORPORATED,-118.79348889,34.70216864
90492287,2017,2017-07-03,9575,2017-06-25,0655,020918,NA,7,1,6,1912,0,1,1,NA,2,051,I-5 S/B (GOLDEN STATE FREEWAY),BUENA VISTA ST.,1320,S,N,A,-,Y,NA,NA,5,NA,NA,NA,NA,NA,S,Y,4,0,1,2,A,-,21,22106,NA,N,C,C,A,A,H,-,A,D,0,NA,NA,Y,NA,Y,NA,A,01,0,0,1,0,0,0,0,0,1,-,-,34.19648,-118.33461,LOS ANGELES,BURBANK,-118.33470725,34.19633151
90492291,2017,2017-07-03,9575,2017-06-25,1230,020119,NA,7,1,6,1953,0,1,1,NA,2,064,I-210 W/B (FOOTHILL FREEWAY),LOS ROBLES AVE.,500,E,N,A,-,Y,NA,NA,210,NA,NA,NA,NA,NA,W,N,3,0,2,2,A,-,03,22350,NA,N,C,C,A,A,H,-,A,D,0,NA,NA,NA,NA,Y,NA,A,01,0,1,1,0,0,0,0,0,0,-,-,34.15213,-118.13959,LOS ANGELES,PASADENA,-118.13959112,34.15200804
90492295,2017,2017-07-03,9540,2017-06-25,2020,021361,NA,7,2,9,1900,0,1,3,NA,1,144,SR-14 N/B (ANTELOPE VALLEY FREEWAY),NEWHALL AVE,65,S,N,A,-,Y,NA,NA,NA,NA,NA,NA,NA,NA,NA,Y,3,0,1,2,A,-,07,21658,A,N,B,C,A,A,H,-,C,D,0,NA,NA,Y,NA,Y,NA,A,07,0,1,0,0,0,0,0,0,1,-,-,34.36486,-118.50363,LOS ANGELES,UNINCORPORATED,-118.50352116,34.36491852
90492298,2017,2017-07-03,9550,2017-06-24,1745,021198,NA,6,2,5,1919,0,1,3,NA,2,092,STATE ROUTE 91 (ARTESIA FREEWAY),CARMENITA ROAD,150,E,N,A,-,Y,NA,NA,91,NA,NA,NA,NA,NA,NA,Y,4,0,1,3,A,-,08,22107,NA,N,B,C,A,A,H,-,A,D,0,NA,NA,Y,NA,Y,NA,C,02,0,0,1,0,0,0,0,0,1,-,-,33.86374,-118.04576,LOS ANGELES,CERRITOS,-118.04576314,33.86373331
90492300,2017,2017-07-03,9550,2017-07-01,0220,020959,NA,6,3,1,1932,0,1,3,NA,2,600,STATE ROUTE 60 (POMONA FREEWAY),CROSSROADS PARKWAY,1329,E,N,A,-,Y,NA,NA,60,NA,NA,NA,NA,NA,NA,Y,4,0,1,2,A,-,01,23152,A,N,C,C,A,A,H,-,C,D,0,NA,NA,NA,NA,Y,Y,A,01,0,0,1,0,0,0,0,0,0,-,-,34.0293,-118.00798,LOS ANGELES,INDUSTRY,-118.00797938,34.02924245
90492307,2017,2017-07-03,9540,2017-06-26,1150,018582,NA,1,1,9,1900,0,2,4,NA,2,072,LAKE HUGHES ROAD,WARM SPRINGS FISH CANYON TRUCK TRAIL,2640,N,N,A,-,N,NA,NA,NA,NA,NA,NA,NA,NA,NA,N,2,0,1,1,A,-,03,22350,NA,N,F,I,A,A,H,-,A,D,0,NA,NA,NA,NA,Y,NA,A,01,1,0,0,0,0,0,0,0,0,-,-,34.61346,-118.56031,LOS ANGELES,UNINCORPORATED,-118.56081442,34.61222185
90492309,2017,2017-07-03,9540,2017-06-24,1905,021134,NA,6,2,7,1942,0,1,1,NA,2,406,I-405 N/B (SAN DIEGO FWY),RINALDI ST,2440,N,N,A,-,Y,NA,NA,NA,NA,NA,NA,NA,NA,NA,N,4,0,1,2,A,-,03,22350,NA,N,C,C,A,A,H,-,A,D,0,NA,NA,NA,NA,Y,NA,A,01,0,0,1,0,0,0,0,0,0,-,-,34.28601,-118.46381,LOS ANGELES,LOS ANGELES,-118.46805924,34.28564298
90492318,2017,2017-07-03,9540,2017-06-16,1520,019444,NA,5,2,6,1985,0,2,4,NA,2,010,THE OLD ROAD,PICO CANYON RD,195,S,N,A,-,N,NA,NA,NA,NA,NA,NA,NA,NA,NA,Y,4,0,4,2,A,-,09,21801,A,N,D,C,A,A,H,-,A,D,0,NA,NA,NA,NA,Y,NA,A,01,0,0,4,0,0,0,0,0,0,-,-,34.38074,-118.57088,LOS ANGELES,SANTA CLARITA,-118.5709,34.38053566
90492321,2017,2017-07-03,9550,2017-07-01,0215,021141,NA,6,3,3,1964,0,1,1,NA,2,650,I-605 S/B,DAVENRICH ST.,60,N,N,A,-,Y,NA,NA,605,NA,NA,NA,NA,NA,S,Y,3,0,3,3,A,-,01,23152,A,N,C,C,A,A,H,-,C,D,0,NA,NA,NA,NA,Y,Y,A,01,0,2,1,0,0,0,0,0,0,-,-,33.946,-118.09436,LOS ANGELES,SANTA FE SPRINGS,-118.09425674,33.94594572
90492331,2017,2017-07-17,9550,2017-06-25,2210,021150,NA,7,3,9,1900,0,3,5,NA,2,002,LEFFINGWELL ROAD,STAMY ROAD,0,NA,Y,A,-,N,NA,NA,NA,NA,NA,NA,NA,NA,NA,Y,2,0,1,2,A,-,01,23152,A,N,D,C,A,A,H,-,C,D,0,NA,NA,Y,NA,Y,Y,C,02,1,0,0,0,0,0,0,0,1,-,-,33.92831,-118.00523,LOS ANGELES,UNINCORPORATED,-118.0062901,33.92818002
90492333,2017,2017-07-03,9535,2017-06-27,1830,014473,NA,2,2,5,1947,0,1,3,NA,2,600,SR-60 E/B (POMONA FREEWAY),FINDLAY AVE,300,W,N,A,-,Y,NA,NA,60,NA,NA,NA,NA,NA,E,Y,4,0,1,2,A,-,03,22350,NA,N,C,C,A,A,H,-,A,D,0,NA,NA,NA,NA,Y,NA,A,01,0,0,1,0,0,0,0,0,0,-,-,34.03291,-118.13942,LOS ANGELES,MONTEBELLO,-118.1394208,34.03297437
90492334,2017,2017-07-03,9535,2017-06-27,1530,019125,NA,2,2,9,1900,0,1,1,NA,2,650,I-605 (SAN GABRIEL RIVER FREEWAY) N/B,SAN JOSE BRIDGE,280,N,N,A,-,Y,NA,NA,NA,NA,NA,NA,NA,NA,NA,N,4,0,2,3,A,-,03,22350,NA,N,C,C,A,A,H,-,A,D,0,NA,NA,NA,Y,Y,NA,G,25,0,0,2,0,0,0,0,0,0,-,-,34.90864,-118.10875,LOS ANGELES,UNINCORPORATED,NA,NA
90492337,2017,2017-07-03,9535,2017-07-01,1424,019135,NA,6,2,9,1900,0,1,1,NA,2,071,I-710 (LONG BEACH FREEWAY) S/B,WHITTIER BLVD,50,S,N,A,-,Y,NA,NA,NA,NA,NA,NA,NA,NA,NA,Y,4,0,1,2,A,-,03,22350,NA,N,C,C,A,A,H,-,A,D,0,NA,NA,NA,NA,Y,NA,A,01,0,0,1,0,0,0,0,0,0,-,-,34.02248,-118.17183,LOS ANGELES,UNINCORPORATED,-118.1728002,34.02353941
90492356,2017,2017-07-03,9545,2017-06-22,0430,018090,NA,4,3,6,1950,0,1,3,NA,2,021,SR-14 S/B (ANTELOPE VALLEY FREEWAY),RAYBURN RD,1320,S,N,A,-,Y,NA,NA,NA,NA,NA,NA,NA,NA,NA,Y,4,0,1,2,A,-,03,22350,NA,N,C,C,A,A,H,-,D,D,0,NA,NA,NA,NA,Y,NA,A,01,0,0,1,0,0,0,0,0,0,-,-,34.56832,-118.1136,LOS ANGELES,PALMDALE,-118.13358198,34.56831118
90492367,2017,2017-07-03,9535,2017-06-30,1230,019778,NA,5,1,5,1901,0,1,1,NA,2,420,I-10 (SAN BERNARDINO FREEWAY) E/B,ALMANSOR ST. O/C,200,W,N,A,-,Y,NA,NA,10,NA,NA,NA,NA,NA,E,N,4,0,4,5,A,-,03,22350,NA,N,C,C,A,A,H,-,A,D,0,NA,NA,NA,NA,Y,NA,A,07,0,0,4,0,0,0,0,0,0,-,-,34.07155,-118.1174,LOS ANGELES,ALHAMBRA,-118.11739971,34.07152637
90492375,2017,2017-07-03,9565,2017-05-07,0250,021372,NA,7,3,7,1942,0,1,1,NA,2,083,I-10 W/B (SANTA MONICA FWY),NATIONAL BLVD,280,E,N,C,-,Y,NA,NA,10,NA,NA,NA,NA,NA,W,Y,4,0,1,2,A,-,01,23152,A,N,C,C,A,B,H,-,C,D,0,NA,NA,NA,NA,Y,Y,A,01,0,0,1,0,0,0,0,0,0,-,-,34.03191,-118.41747,LOS ANGELES,LOS ANGELES,-118.41747001,34.03191501
90492382,2017,2017-07-03,9535,2017-06-27,0420,021353,NA,2,3,5,1906,0,1,1,NA,2,650,I-605 N/B (SAN GABRIEL RIVER FWY),I-10,500,S,N,A,-,Y,NA,NA,605,NA,NA,NA,NA,NA,N,Y,3,0,1,2,A,-,01,23152,A,N,C,C,A,A,H,-,C,D,0,NA,NA,NA,NA,Y,Y,A,01,0,1,0,0,0,0,0,0,0,-,-,34.06322,-118.00021,LOS ANGELES,BALDWIN PARK,-118.0001606,34.06321296
90492386,2017,2017-07-03,9530,2017-06-23,2000,020726,NA,5,2,9,1900,0,3,5,NA,2,001,SANTA FE AVE (2300 BLOCK),LEOTA ST.,0,NA,Y,A,-,N,NA,NA,NA,NA,NA,NA,NA,NA,NA,N,4,0,2,2,A,-,03,22350,NA,N,C,C,A,A,H,-,C,D,0,NA,NA,NA,NA,Y,NA,A,07,0,0,2,0,0,0,0,0,0,-,-,33.9687,-118.2302,LOS ANGELES,UNINCORPORATED,-118.23027009,33.96870005
90492391,2017,2017-07-03,9535,2017-07-01,1415,021143,NA,6,2,5,1948,0,1,3,NA,2,600,SR-60 (POMONA FREEWAY) E/B,ATLANTIC BLVD,375,E,N,A,-,Y,NA,NA,60,NA,NA,NA,NA,NA,E,N,4,0,1,2,A,-,03,22350,NA,N,C,C,A,A,H,-,A,D,0,NA,NA,NA,NA,Y,NA,A,08,0,0,1,0,0,0,0,0,0,-,-,34.03453,-118.14896,LOS ANGELES,MONTEREY PARK,-118.14894609,34.03455559
90492400,2017,2017-07-03,9530,2017-06-24,1535,020523,NA,6,2,5,1977,0,1,3,NA,2,310,SR-91 W/B (ARTESIA FREEWAY),AVALON BLVD.,528,E,N,A,-,Y,NA,NA,91,NA,NA,NA,NA,NA,W,Y,4,0,1,3,A,-,03,22350,NA,N,C,C,A,A,H,-,A,D,0,NA,NA,NA,NA,Y,NA,A,07,0,0,1,0,0,0,0,0,0,-,-,33.8737,-118.2625,LOS ANGELES,CARSON,-118.26249709,33.87359545
90492402,2017,2017-07-03,9535,2017-07-02,1800,019135,NA,7,2,9,1900,0,1,1,NA,2,501,I-5 (SANTA ANA FREEWAY) S/B,INDIANA ST,180,S,N,A,-,Y,NA,NA,5,NA,NA,NA,NA,NA,S,Y,4,0,1,2,A,-,03,22350,NA,N,C,C,A,A,H,-,A,D,0,NA,NA,NA,NA,Y,NA,A,01,0,0,1,0,0,0,0,0,0,-,-,34.0201,-118.19173,LOS ANGELES,UNINCORPORATED,-118.19173031,34.02009531
90492424,2017,2017-07-03,9565,2017-03-31,0030,021640,NA,5,3,7,1942,0,1,1,NA,2,083,I-10 E/B (SANTA MONICA FREEWAY),CATTARAUGUS AVE.,110,E,N,A,-,Y,NA,NA,10,NA,NA,NA,NA,NA,E,Y,3,0,4,3,A,-,01,23152,A,N,C,C,A,A,H,-,D,D,0,NA,NA,NA,Y,Y,Y,A,01,0,1,3,0,0,0,0,0,0,-,-,34.0343,-118.385,LOS ANGELES,LOS ANGELES,-118.38497689,34.03426081
90492428,2017,2017-07-03,9550,2017-06-25,1010,021263,NA,7,1,9,1900,0,1,3,NA,2,600,STATE ROUTE 60 EASTBOUND,7TH AVENUE,1000,W,N,A,-,Y,NA,NA,60,NA,NA,NA,NA,NA,E,Y,4,0,1,2,A,-,08,22107,NA,N,B,C,A,A,H,-,A,D,0,NA,NA,NA,NA,Y,NA,A,07,0,0,1,0,0,0,0,0,0,-,-,34.02137,-117.9902,LOS ANGELES,UNINCORPORATED,-117.99013171,34.0214342
90492434,2017,2017-07-03,9550,2017-06-26,1755,020824,NA,1,2,9,1900,0,3,5,NA,2,002,LAMBERT ROAD W/B,COLIMA ROAD,200,E,N,A,-,N,NA,NA,NA,NA,NA,NA,NA,NA,NA,N,4,0,2,2,A,-,03,22350,NA,N,C,C,A,A,H,-,A,D,0,NA,NA,NA,NA,Y,NA,A,01,0,0,2,0,0,0,0,0,0,-,-,33.94148,-118.01017,LOS ANGELES,UNINCORPORATED,-118.01113073,33.94183512
90492458,2017,2017-08-22,9535,2017-06-22,2115,021551,NA,4,2,6,1922,0,1,1,NA,2,400,I-10 (SAN BERNARDINO FREEWAY) E/B,DURFEE AVE.,500,W,N,A,-,Y,NA,NA,10,NA,NA,NA,NA,NA,E,N,4,0,1,2,A,-,07,21658,A,N,B,C,A,A,H,-,C,D,0,NA,NA,NA,Y,Y,NA,A,07,0,0,1,0,0,0,0,0,0,-,-,34.06443,-118.01203,LOS ANGELES,EL MONTE,-118.01200691,34.06453507
90492460,2017,2017-07-03,9535,2017-07-01,1720,021131,NA,6,2,5,1947,0,1,3,NA,2,620,SR-60 (POMONA FREEWAY) E/B,SAN GABRIEL BLVD.,1800,W,N,A,-,Y,NA,NA,60,NA,NA,NA,NA,NA,E,N,4,0,1,2,A,-,03,22350,NA,N,C,C,A,A,H,-,A,D,0,NA,NA,NA,Y,Y,NA,F,26,0,0,1,0,0,0,0,0,0,-,-,34.03764,-118.08633,LOS ANGELES,MONTEBELLO,-118.08630738,34.03753887
90492497,2017,2017-07-03,9545,2017-06-24,1410,021518,NA,6,2,9,1900,0,1,3,NA,2,031,SR-14 SOUTHBOUND,VINCENT RAMP UNDERCROSSING,3168,N,N,A,-,Y,NA,NA,14,NA,NA,NA,NA,NA,S,Y,4,0,1,2,A,-,08,22107,NA,N,D,C,A,A,H,-,A,D,0,NA,NA,NA,NA,Y,NA,A,01,0,0,1,0,0,0,0,0,0,-,-,34.52071,-118.11099,LOS ANGELES,UNINCORPORATED,-118.11090583,34.52071585
90492507,2017,2017-07-03,9565,2017-05-29,1825,021512,NA,1,2,9,1900,0,2,4,NA,2,031,LA CIENEGA BLVD,STOCKER ST.,0,NA,Y,A,-,N,NA,NA,NA,NA,NA,NA,NA,NA,NA,Y,3,0,1,1,A,-,01,23152,A,N,E,J,A,A,H,-,A,A,0,NA,NA,NA,NA,Y,Y,A,01,0,1,0,0,0,0,0,0,0,-,-,33.99804,-118.36942,LOS ANGELES,UNINCORPORATED,-118.36959012,33.99805008
90492514,2017,2017-07-05,9535,2017-07-01,0320,021381,NA,6,3,9,1900,0,2,4,NA,2,014,CESAR E. CHAVEZ AVE. (3400 BLOCK),ALMA AVE.,124,E,N,A,-,N,NA,NA,NA,NA,NA,NA,NA,NA,NA,Y,3,0,1,3,A,-,01,23152,A,N,B,E,A,A,H,-,C,D,0,NA,NA,NA,NA,Y,Y,A,01,0,1,0,0,0,0,0,0,0,-,-,34.04059,-118.19093,LOS ANGELES,UNINCORPORATED,-118.19100154,34.04050118
90492528,2017,2017-07-03,9565,2017-06-21,1452,021632,NA,3,2,9,1900,0,1,1,NA,2,060,I-405 SOUTHBOUND,LENNOX BOULEVARD,100,S,N,A,-,Y,NA,NA,405,NA,NA,NA,NA,NA,S,Y,3,0,1,2,A,-,17,23114,A,N,E,J,A,A,H,-,A,D,0,NA,NA,NA,NA,Y,NA,D,22,0,1,0,0,0,0,0,0,0,-,-,33.93822,-118.36852,LOS ANGELES,UNINCORPORATED,-118.36851447,33.93822013
90492545,2017,2017-07-03,9550,2017-06-29,0945,015746,NA,4,1,9,1900,0,3,5,NA,2,005,GALE AVENUE,ACCESS RD,0,NA,Y,A,-,N,NA,NA,NA,NA,NA,NA,NA,NA,NA,Y,4,0,1,2,A,-,09,21801,A,N,A,C,A,A,H,-,A,A,0,NA,NA,NA,NA,Y,NA,A,08,0,0,1,0,0,0,0,0,0,-,-,33.99553,-117.89084,LOS ANGELES,UNINCORPORATED,-117.890974,33.995358
90492551,2017,2017-07-03,9545,2017-06-25,1045,018862,NA,7,1,9,1900,0,3,5,NA,2,003,ANGELES FOREST HWY,PACIFICO MOUNTAIN RD,8448,S,N,A,-,N,NA,NA,NA,NA,NA,NA,NA,NA,NA,Y,3,0,1,1,A,-,08,22107,NA,N,F,A,A,A,H,-,A,D,0,NA,NA,Y,NA,Y,NA,C,02,0,1,0,0,0,0,0,0,1,-,-,34.38434,-118.0991,LOS ANGELES,UNINCORPORATED,-118.09871749,34.38378001
90492566,2017,2017-07-03,9535,2017-06-29,0555,019778,NA,4,3,5,1969,0,1,1,NA,2,074,I-710 (LONG BEACH FREEWAY) N/B,FILESTONE BLVD,1200,N,N,A,-,Y,NA,NA,NA,NA,NA,NA,NA,NA,NA,N,3,0,1,2,A,-,03,22350,NA,N,B,C,A,A,H,-,B,D,0,NA,NA,Y,NA,Y,NA,C,02,0,1,0,0,0,0,0,0,1,-,-,33.9577,-118.17022,LOS ANGELES,SOUTH GATE,NA,NA
90492570,2017,2017-07-03,9565,2017-06-21,0933,017574,NA,3,1,4,1918,0,1,1,NA,2,061,INTERSTATE 405 SOUTHBOUND,BRADDOCK DRIVE,200,S,N,A,-,Y,NA,NA,405,NA,NA,NA,NA,NA,S,Y,3,0,2,2,A,-,07,21658,A,N,C,C,A,A,H,-,A,D,0,NA,NA,NA,NA,Y,NA,A,01,0,1,1,0,0,0,0,0,0,-,-,33.9999,-118.408,LOS ANGELES,CULVER CITY,-118.40853721,33.99947459
90492664,2017,2017-07-03,9525,2017-06-19,1804,021392,NA,1,2,6,1955,0,1,1,NA,2,120,I-10 E/B (SAN BERNARDINO FWY),WHITE AVE,1056,W,N,A,-,Y,NA,NA,10,NA,NA,NA,NA,NA,E,Y,4,0,1,2,A,-,07,21658,A,N,C,C,A,A,H,-,A,D,0,NA,NA,Y,NA,Y,NA,A,01,0,0,1,0,0,0,0,0,1,-,-,34.07146,-117.76749,LOS ANGELES,POMONA,-117.76749836,34.07140782
90492672,2017,2017-07-03,9545,2017-06-25,1035,018758,NA,7,1,9,1900,0,2,4,NA,1,024,ELIZABETH LAKE RD,BOUQUET CANYON RD,10,E,N,A,-,N,NA,NA,NA,NA,NA,NA,NA,NA,NA,Y,4,0,1,2,A,-,03,22350,NA,N,C,C,A,A,H,-,A,D,0,NA,NA,NA,NA,Y,NA,D,22,0,0,1,0,0,0,0,0,0,-,-,34.6117,-118.2711,LOS ANGELES,UNINCORPORATED,-118.27112858,34.6117412
90492721,2017,2017-07-03,9545,2017-06-26,1600,016124,NA,1,2,9,1900,0,1,3,NA,2,021,SR-14 S/B (ANTELOPE VALLEY FREEWAY),AVENUE Q,30,N,N,A,-,Y,NA,NA,NA,NA,NA,NA,NA,NA,NA,Y,4,0,2,2,A,-,03,22350,NA,N,C,C,A,A,H,-,A,D,0,NA,NA,NA,NA,Y,NA,A,01,0,0,2,0,0,0,0,0,0,-,-,34.5875,-118.13404,LOS ANGELES,UNINCORPORATED,NA,NA
90492737,2017,2017-07-31,9565,2017-06-22,2220,021578,NA,4,3,5,1965,0,1,3,NA,2,080,I-10 E/B (SANTA MONICA FWY.),11TH ST.,350,W,N,A,-,Y,NA,NA,10,NA,NA,NA,NA,NA,E,Y,4,0,2,3,A,-,03,22350,NA,N,C,C,A,A,H,-,C,D,0,NA,NA,NA,NA,Y,Y,A,01,0,0,2,0,0,0,0,0,0,-,-,34.0165,-118.48304,LOS ANGELES,SANTA MONICA,-118.48306107,34.01653097
90492750,2017,2017-07-03,9550,2017-06-30,2135,021100,NA,5,2,9,1900,0,1,3,NA,2,601,SR-60 EASTBOUND,AZUSA AVENUE,2500,W,N,A,-,Y,NA,NA,60,NA,NA,NA,NA,NA,E,N,4,0,2,2,A,-,08,22107,NA,F,B,C,A,A,H,-,C,D,0,NA,NA,NA,NA,Y,NA,-,99,0,0,2,0,0,0,0,0,0,-,-,33.99949,-117.93926,LOS ANGELES,UNINCORPORATED,-117.93937622,33.99910992
90492759,2017,2017-07-03,9550,2017-07-01,1040,020755,NA,6,1,1,1932,0,1,3,NA,2,602,SR-60 W/B TO FULLERTON RD,FULLERTON ROAD,600,E,N,A,-,Y,NA,NA,60,NA,NA,NA,R,NA,W,N,4,0,2,2,A,-,21,22106,NA,N,C,C,A,A,H,-,A,D,0,NA,NA,NA,NA,Y,NA,A,07,0,0,2,0,0,0,0,0,0,-,-,33.99454,-117.90321,LOS ANGELES,INDUSTRY,-117.90321,33.99454
90492773,2017,2017-07-03,9565,2017-06-21,1710,017574,NA,3,2,7,1942,0,1,1,NA,2,062,INTERSTATE 405 NORTHBOUND,VENICE BLVD.,200,N,N,A,-,Y,NA,NA,405,NA,NA,NA,NA,NA,N,N,4,0,1,2,A,-,08,22107,NA,F,F,A,A,A,H,-,A,D,0,NA,NA,Y,NA,Y,NA,A,07,0,0,1,0,0,0,0,0,1,-,-,34.013,-118.419,LOS ANGELES,LOS ANGELES,-118.41897358,34.0130209
90492776,2017,2017-07-03,9545,2017-06-28,1350,014790,NA,3,1,9,1900,0,3,5,NA,1,006,AVENUE M,52ND STREET WEST,0,NA,Y,A,-,N,NA,NA,NA,NA,NA,NA,NA,NA,NA,Y,4,0,1,1,A,-,05,21752,D,N,E,I,A,A,H,-,A,D,0,NA,NA,NA,NA,Y,NA,A,01,0,0,1,0,0,0,0,0,0,-,-,34.64565,-118.22263,LOS ANGELES,UNINCORPORATED,-118.22284,34.64561006
90492853,2017,2017-07-03,9575,2017-06-25,2125,021566,NA,7,2,5,1902,0,1,1,NA,2,065,I-210 W/B (FOOTHILL FREEWAY),BALDWIN AVE,500,E,N,A,-,Y,NA,NA,NA,NA,NA,NA,NA,NA,NA,N,3,0,1,2,A,-,03,22350,NA,N,C,C,A,A,H,-,A,D,0,NA,NA,Y,NA,Y,NA,A,07,0,1,0,0,0,0,0,0,1,-,-,34.08977,-118.2575,LOS ANGELES,ARCADIA,-118.05017,34.149
90492857,2017,2017-07-03,9575,2017-06-23,0410,021213,NA,5,3,7,1942,0,1,3,NA,2,070,SR-118 E/B TO SAN FERNANDO RD.,SAN FERNANDO RD.,460,W,N,A,-,Y,NA,NA,118,NA,NA,NA,R,NA,E,Y,3,0,1,1,A,-,01,23152,A,N,E,I,A,A,H,-,C,D,0,NA,NA,NA,NA,Y,Y,A,08,0,1,0,0,0,0,0,0,0,-,-,34.27102,-118.42961,LOS ANGELES,LOS ANGELES,-118.42961,34.27102
90492868,2017,2017-07-03,9545,2017-06-30,1355,020244,NA,5,1,9,1900,0,3,5,NA,2,004,AVENUE O,158TH ST  E,115,E,N,A,-,N,NA,NA,NA,NA,NA,NA,NA,NA,NA,Y,3,0,1,1,A,-,08,22107,NA,N,E,H,A,A,H,-,A,D,0,NA,NA,NA,NA,Y,NA,A,07,0,1,0,0,0,0,0,0,0,-,-,34.61648,-117.84845,LOS ANGELES,UNINCORPORATED,-117.8486887,34.61648
90492878,2017,2017-07-03,9535,2017-06-29,1210,021638,NA,4,1,9,1900,0,2,4,NA,2,016,1ST ST,EASTERN AVE,0,NA,Y,A,-,N,NA,NA,NA,NA,NA,NA,NA,NA,NA,N,4,0,1,2,A,-,03,22350,NA,N,C,C,A,A,H,-,A,A,0,NA,NA,NA,NA,Y,NA,A,07,0,0,1,0,0,0,0,0,0,-,-,34.03693,-118.17356,LOS ANGELES,UNINCORPORATED,-118.17358004,34.03696006