CASE_ID,ACCIDENT_YEAR,PROC_DATE,JURIS,COLLISION_DATE,COLLISION_TIME,OFFICER_ID,REPORTING_DISTRICT,DAY_OF_WEEK,CHP_SHIFT,POPULATION,CNTY_CITY_LOC,SPECIAL_COND,BEAT_TYPE,CHP_BEAT_TYPE,CITY_DIVISION_LAPD,CHP_BEAT_CLASS,BEAT_NUMBER,PRIMARY_RD,SECONDARY_RD,DISTANCE,DIRECTION,INTERSECTION,WEATHER_1,WEATHER_2,STATE_HWY_IND,CALTRANS_COUNTY,CALTRANS_DISTRICT,STATE_ROUTE,ROUTE_SUFFIX,POSTMILE_PREFIX,POSTMILE,LOCATION_TYPE,RAMP_INTERSECTION,SIDE_OF_HWY,TOW_AWAY,COLLISION_SEVERITY,NUMBER_KILLED,NUMBER_INJURED,PARTY_COUNT,PRIMARY_COLL_FACTOR,PCF_CODE_OF_VIOL,PCF_VIOL_CATEGORY,PCF_VIOLATION,PCF_VIOL_SUBSECTION,HIT_AND_RUN,TYPE_OF_COLLISION,MVIW,PED_ACTION,ROAD_SURFACE,ROAD_COND_1,ROAD_COND_2,LIGHTING,CONTROL_DEVICE,CHP_ROAD_TYPE,PEDESTRIAN_ACCIDENT,BICYCLE_ACCIDENT,MOTORCYCLE_ACCIDENT,TRUCK_ACCIDENT,NOT_PRIVATE_PROPERTY,ALCOHOL_INVOLVED,STWD_VEHTYPE_AT_FAULT,CHP_VEHTYPE_AT_FAULT,COUNT_SEVERE_INJ,COUNT_VISIBLE_INJ,COUNT_COMPLAINT_PAIN,COUNT_PED_KILLED,COUNT_PED_INJURED,COUNT_BICYCLIST_KILLED,COUNT_BICYCLIST_INJURED,COUNT_MC_KILLED,COUNT_MC_INJURED,PRIMARY_RAMP,SECONDARY_RAMP,LATITUDE,LONGITUDE,COUNTY,CITY,POINT_X,POINT_Y
90495716,2017,2017-08-11,9575,2017-06-25,1900,021664,NA,7,2,9,1900,0,2,4,NA,2,084,DUARTE RD. (9100 BLOCK),ROSEMEAD BLVD.,500,E,N,A,-,N,NA,NA,NA,NA,NA,NA,NA,NA,NA,Y,3,0,3,2,A,-,05,21460,A,N,A,C,A,A,H,-,A,D,0,NA,NA,NA,NA,Y,NA,A,01,0,1,2,0,0,0,0,0,0,-,-,34.1234,-118.0709,LOS ANGELES,UNINCORPORATED,-118.07144237,34.12335778
9049572,2020,2020-05-29,1967,2020-02-18,1147,136,NA,2,5,2,1967,0,0,0,NA,0,SOUTH,ORANGE AV,25TH,103,S,N,A,-,N,NA,NA,NA,NA,NA,NA,NA,NA,NA,N,4,0,1,2,A,-,03,22350,NA,N,C,C,A,A,H,-,A,D,0,NA,NA,NA,NA,Y,NA,A,01,0,0,1,0,0,0,0,0,0,-,-,NA,NA,LOS ANGELES,SIGNAL HILL,-118.17633819580078,33.80230712890625
90495729,2017,2017-07-07,9530,2017-06-26,0755,018745,NA,1,1,6,1972,0,1,1,NA,2,400,I-405 N/B (SAN DIEGO FREEWAY),YUKON AVE.,528,N,N,A,-,Y,NA,NA,405,NA,NA,NA,NA,NA,N,N,4,0,1,2,A,-,03,22350,NA,N,C,C,A,A,H,-,A,D,0,NA,NA,NA,NA,Y,NA,A,01,0,0,1,0,0,0,0,0,0,-,-,33.8679,-118.33696,LOS ANGELES,TORRANCE,-118.3369332,33.86795668
90495736,2017,2017-08-21,9525,2017-06-28,1615,019062,NA,3,2,9,1900,0,3,5,NA,2,003,NOGALES ST.,NORTHAM ST,0,NA,Y,A,-,N,NA,NA,NA,NA,NA,NA,NA,NA,NA,Y,4,0,1,2,A,-,09,21801,A,N,A,C,A,A,H,-,A,A,0,NA,NA,NA,NA,Y,NA,A,01,0,0,1,0,0,0,0,0,0,-,-,34.0083,-117.88712,LOS ANGELES,UNINCORPORATED,-117.88713012,34.00828002
90495742,2017,2017-07-07,9525,2017-06-30,0800,020532,NA,5,1,9,1900,0,2,4,NA,2,045,VALLEY BLVD. (13000 BLOCK),COVINA BLVD,0,NA,Y,B,-,N,NA,NA,NA,NA,NA,NA,NA,NA,NA,Y,4,0,1,2,A,-,09,21801,A,N,A,C,A,A,H,-,A,A,0,NA,NA,NA,NA,Y,NA,A,01,0,0,1,0,0,0,0,0,0,-,-,34.05031,-117.99813,LOS ANGELES,UNINCORPORATED,-117.99810011,34.0505101
90495746,2017,2017-07-07,9545,2017-06-26,1415,018033,NA,1,2,9,1900,0,1,3,NA,2,011,SR-14 S/B (ANTELOPE VALLEY FREEWAY),AVENUE K 8,406,S,N,A,-,Y,NA,NA,NA,NA,NA,NA,NA,NA,NA,Y,4,0,5,2,A,-,03,22350,NA,N,C,C,A,A,H,-,A,D,0,NA,NA,NA,NA,Y,NA,A,01,0,0,5,0,0,0,0,0,0,-,-,34.66642,-118.15354,LOS ANGELES,UNINCORPORATED,NA,NA
9049575,2020,2020-07-13,1956,2020-02-15,0149,1340,20,6,5,5,1956,0,0,0,NA,0,002,CATALINA AV,CARNELIAN ST,0,NA,Y,A,-,N,NA,NA,NA,NA,NA,NA,NA,NA,NA,Y,4,0,1,1,A,-,08,22107,NA,N,E,I,A,A,H,-,C,A,0,NA,NA,NA,NA,Y,NA,A,01,0,0,1,0,0,0,0,0,0,-,-,NA,NA,LOS ANGELES,REDONDO BEACH,-118.39077758789064,33.84484100341797
9049579,2020,2020-06-04,1956,2020-02-14,1707,1272,38,5,5,5,1956,0,0,0,NA,0,004,AVIATION BL,ARTESIA BL,280,S,N,A,-,N,NA,NA,NA,NA,NA,NA,NA,NA,NA,Y,4,0,1,2,A,-,07,21658,A,N,A,C,A,A,H,-,A,D,0,NA,NA,NA,NA,Y,NA,A,01,0,0,1,0,0,0,0,0,0,-,-,NA,NA,LOS ANGELES,REDONDO BEACH,-118.38195037841795,33.872066497802734
9049583,2020,2020-06-04,1956,2020-02-17,0214,1339,73,1,5,5,1956,0,0,0,NA,0,002,HARBOR DR,PACIFIC AV,0,NA,Y,A,-,N,NA,NA,NA,NA,NA,NA,NA,NA,NA,Y,2,0,1,1,A,-,03,22350,NA,N,E,I,A,A,H,-,C,A,0,NA,NA,NA,NA,Y,NA,A,01,1,0,0,0,0,0,0,0,0,-,-,NA,NA,LOS ANGELES,REDONDO BEACH,-118.3920669555664,33.843631744384766
90495831,2017,2017-07-07,9530,2017-06-22,0800,020938,NA,4,1,7,1942,0,1,1,NA,2,110,I-110 S/B (HARBOR FREEWAY),EL SEGUNDO BLVD.,197,N,N,A,-,Y,NA,NA,NA,NA,NA,NA,NA,NA,NA,Y,4,0,2,3,A,-,03,22350,NA,N,C,C,A,A,H,-,A,D,0,NA,NA,NA,NA,Y,NA,E,22,0,0,2,0,0,0,0,0,0,-,-,33.5515,-118.1787,LOS ANGELES,LOS ANGELES,-118.28582978,33.9169218
90495862,2017,2017-07-07,9530,2017-06-26,0720,018887,NA,1,1,7,1942,0,1,1,NA,2,110,I-110 S/B (HARBOR FREEWAY),135TH ST.,528,N,N,A,-,Y,NA,NA,110,NA,NA,NA,NA,NA,S,Y,4,0,1,2,A,-,03,22350,NA,N,C,C,A,A,H,-,A,D,0,NA,NA,NA,NA,Y,NA,A,01,0,0,1,0,0,0,0,0,0,-,-,33.90981,-118.2867,LOS ANGELES,LOS ANGELES,-118.28671585,33.90981011
90495866,2017,2017-07-07,9545,2017-07-01,1810,018862,NA,6,2,9,1900,0,1,3,NA,2,011,SR-14 N/B,AVENUE A,700,S,N,A,-,Y,NA,NA,14,NA,NA,NA,NA,NA,N,N,4,0,2,2,A,-,03,22350,NA,N,C,C,A,A,H,-,A,D,0,NA,NA,NA,NA,Y,NA,A,01,0,0,2,0,0,0,0,0,0,-,-,34.81901,-118.17028,LOS ANGELES,UNINCORPORATED,-118.17028789,34.81901015
9049588,2020,2020-05-29,1967,2020-02-19,0727,136,NA,3,5,2,1967,0,0,0,NA,0,SOUTH,CHERRY LN,SKYLINE DR,178,N,N,A,-,N,NA,NA,NA,NA,NA,NA,NA,NA,NA,Y,3,0,2,2,A,-,09,21804,A,N,C,C,A,A,H,-,A,A,0,NA,NA,NA,NA,Y,NA,A,08,0,1,1,0,0,0,0,0,0,-,-,NA,NA,LOS ANGELES,SIGNAL HILL,-118.16754913330078,33.801239013671875
90495901,2017,2017-07-07,9580,2017-06-27,2130,018718,NA,2,2,7,1942,0,1,3,NA,2,171,SR-170 S/B (HOLLYWOOD FWY.),LANDALE ST,250,N,N,A,-,Y,NA,NA,170,NA,NA,NA,NA,NA,S,Y,3,0,3,1,A,-,08,22107,NA,N,E,I,A,A,H,-,D,D,0,NA,NA,NA,NA,Y,NA,A,01,0,2,1,0,0,0,0,0,0,-,-,34.15281,-118.37607,LOS ANGELES,LOS ANGELES,-118.37672621,34.15326509
90495913,2017,2017-07-07,9575,2017-06-25,1813,021566,NA,7,2,6,1953,0,1,1,NA,2,064,I-210 W/B (FOOTHILL FREEWAY),LOS ROBLES,100,E,N,A,-,Y,NA,NA,NA,NA,NA,NA,NA,NA,NA,Y,4,0,1,2,A,-,03,22350,NA,N,C,C,A,A,H,-,A,D,0,NA,NA,NA,NA,Y,NA,A,08,0,0,1,0,0,0,0,0,0,-,-,34.09107,-118.8397,LOS ANGELES,PASADENA,-118.14114017,34.15201
90495914,2017,2017-07-07,9575,2017-06-24,1545,017491,NA,6,2,6,1912,0,1,1,NA,2,051,I-5 S/B (GOLDEN STATE FREEWAY),ALAMEDA STREET,1000,N,N,A,-,Y,NA,NA,5,NA,NA,NA,NA,NA,S,N,4,0,2,2,A,-,03,22350,NA,M,C,C,A,A,H,-,A,D,0,NA,NA,NA,NA,Y,NA,A,07,0,0,2,0,0,0,0,0,0,-,-,34.17325,-118.30648,LOS ANGELES,BURBANK,-118.30649768,34.17324495
9049592,2020,2020-05-29,1900,2020-02-01,1740,626575,0631,6,5,6,1985,0,0,0,NA,0,61T1,SIERRA HWY,SOLEDAD CANYON RD,750,S,N,A,-,N,NA,NA,NA,NA,NA,NA,NA,NA,NA,Y,3,0,1,2,A,-,03,22350,NA,N,D,C,A,A,H,-,C,D,0,NA,NA,Y,NA,Y,NA,C,02,0,1,0,0,0,0,0,0,1,-,-,34.415000915527344,-118.45690155029295,LOS ANGELES,SANTA CLARITA,-118.45687866210938,34.414451599121094
90495922,2017,2017-07-07,9575,2017-06-28,1901,021257,NA,3,2,7,1942,0,1,3,NA,2,043,SR-134 E/B (VENTURA FREEWAY),RIVERSIDE DR.,400,W,N,A,-,Y,NA,NA,134,NA,NA,NA,NA,NA,E,N,4,0,1,2,A,-,07,21658,A,N,B,C,A,A,H,-,A,D,0,NA,NA,NA,NA,Y,NA,-,-,0,0,1,0,0,0,0,0,0,-,-,34.15571,-118.29776,LOS ANGELES,LOS ANGELES,-118.29775907,34.15571571
90495938,2017,2017-07-07,9530,2017-06-26,0552,021623,NA,1,3,9,1900,0,3,5,NA,2,002,EL SEGUNDO BLVD.,CENTRAL AVE.,0,NA,Y,A,-,N,NA,NA,NA,NA,NA,NA,NA,NA,NA,Y,4,0,1,2,A,-,12,21453,A,N,D,C,A,A,H,-,B,A,0,NA,NA,NA,NA,Y,NA,A,01,0,0,1,0,0,0,0,0,0,-,-,33.9163,-118.2543,LOS ANGELES,UNINCORPORATED,-118.25449011,33.91636011
9049595,2020,2020-06-04,1956,2020-02-13,0956,1183,24,4,5,5,1956,0,0,0,NA,0,002,CATALINA AV,GERTRUDA AV,209,N,N,A,-,N,NA,NA,NA,NA,NA,NA,NA,NA,NA,Y,4,0,1,1,A,-,08,22107,NA,N,E,I,A,A,H,-,A,D,0,NA,NA,NA,NA,Y,NA,A,01,0,0,1,0,0,0,0,0,0,-,-,NA,NA,LOS ANGELES,REDONDO BEACH,-118.39102172851564,33.85157012939453
90495970,2017,2017-07-07,9545,2017-07-06,1805,018862,NA,4,2,9,1900,0,1,3,NA,2,031,SR-14 N/B,RED ROVER MINE RD,300,S,N,A,-,Y,NA,NA,14,NA,NA,NA,NA,NA,N,Y,4,0,1,2,A,-,03,22350,NA,N,C,C,A,A,H,-,A,D,0,NA,NA,NA,NA,Y,NA,A,07,0,0,1,0,0,0,0,0,0,-,-,34.49725,-118.21976,LOS ANGELES,UNINCORPORATED,-118.21976313,34.49724446
90495975,2017,2017-07-07,9540,2017-06-30,0958,018208,NA,5,1,9,1900,0,1,3,NA,2,146,SR-14 N/B (ANTELOPE VALLEY FREEWAY),OAK SPRINGS CANYON RD,100,S,N,A,-,Y,NA,NA,NA,NA,NA,NA,NA,NA,NA,Y,3,0,1,1,A,-,08,22107,NA,N,E,I,A,A,H,-,A,D,0,NA,NA,NA,NA,Y,NA,A,07,0,1,0,0,0,0,0,0,0,-,-,34.42775,-118.41564,LOS ANGELES,UNINCORPORATED,-118.41523,34.42763
90495999,2017,2017-07-25,9545,2017-07-02,1445,020749,NA,7,2,9,1900,0,3,5,NA,2,002,AVENUE S E/B,SIERRA HIGHWAY,20,W,N,A,-,N,NA,NA,NA,NA,NA,NA,NA,NA,NA,N,4,0,1,2,A,-,03,22350,NA,F,C,C,A,A,H,-,A,A,0,NA,NA,NA,NA,Y,NA,A,07,0,0,1,0,0,0,0,0,0,-,-,34.558,-118.11456,LOS ANGELES,UNINCORPORATED,-118.11425628,34.55806
9049602,2020,2020-03-19,1942,2020-02-16,0230,42707,0525,7,5,7,1942,0,0,0,E,0,5ALLW3,MARINE AV,D ST,50,S,N,A,-,N,NA,NA,NA,NA,NA,NA,NA,NA,NA,Y,2,0,1,2,A,-,01,23152,A,N,H,G,A,A,H,-,C,A,0,NA,Y,NA,NA,Y,Y,D,22,1,0,0,0,0,0,1,0,0,-,-,NA,NA,LOS ANGELES,LOS ANGELES,-118.26331329345705,33.773983001708984
90496027,2017,2017-07-07,9535,2017-05-03,1520,019135,NA,3,2,9,1900,0,2,4,NA,2,016,1ST STREET,MARIANNA AVENUE,0,NA,Y,A,-,N,NA,NA,NA,NA,NA,NA,NA,NA,NA,Y,1,1,1,3,A,-,03,22350,NA,N,D,C,A,A,H,-,A,A,0,NA,NA,NA,NA,Y,NA,A,07,0,1,0,0,0,0,0,0,0,-,-,34.03694,-118.17568,LOS ANGELES,UNINCORPORATED,-118.17575,34.03696007
90496032,2017,2017-07-07,9575,2017-06-22,1035,020995,NA,4,1,7,1942,0,1,3,NA,2,041,SR-134 W/B (VENTURA FREEWAY),SR-2 (GLENDALE FRWY),5378,E,N,A,-,Y,NA,NA,134,NA,NA,NA,NA,NA,W,Y,2,0,1,2,A,-,08,22107,NA,N,C,C,A,A,H,-,A,D,0,NA,NA,NA,NA,Y,NA,A,01,1,0,0,0,0,0,0,0,0,-,-,34.14734,-118.20217,LOS ANGELES,LOS ANGELES,-118.20218612,34.1473806
90496033,2017,2017-07-07,9590,2017-05-30,2150,020409,NA,2,2,7,1942,0,1,1,NA,2,084,I-5 N/B (GOLDEN STATE FREEWAY),HYPERION AVE,300,N,N,A,-,Y,NA,NA,5,NA,NA,NA,NA,NA,N,Y,4,0,1,2,A,-,07,21658,A,F,B,C,A,A,H,-,C,D,0,NA,NA,NA,NA,Y,NA,-,99,0,0,1,0,0,0,0,0,0,-,-,34.11356,-118.26726,LOS ANGELES,LOS ANGELES,-118.26723138,34.11358575
90496036,2017,2017-07-07,9550,2017-06-30,1643,019808,NA,5,2,9,1900,0,1,3,NA,2,600,SR-60 W/B (POMONA FREEWAY),CROSSROADS PARKWAY,1056,W,N,A,-,Y,NA,NA,60,NA,NA,NA,NA,NA,W,Y,3,0,1,1,A,-,08,22107,NA,N,F,A,A,A,H,-,A,D,0,NA,NA,NA,NA,Y,NA,A,01,0,1,0,0,0,0,0,0,0,-,-,34.02957,-118.01662,LOS ANGELES,UNINCORPORATED,-118.01664833,34.02946735
90496039,2017,2017-07-07,9575,2017-06-30,1759,020620,NA,5,2,9,1900,0,1,1,NA,2,062,I-210 W/B (FOOTHILL FREEWAY),PENNSYLVANIA AVE.,120,W,N,A,-,Y,NA,NA,210,NA,NA,NA,NA,NA,W,N,4,0,1,2,A,-,03,22350,NA,N,C,C,A,A,H,-,A,D,0,NA,NA,NA,NA,Y,NA,A,01,0,0,1,0,0,0,0,0,0,-,-,34.22437,-118.25046,LOS ANGELES,UNINCORPORATED,-118.25046464,34.22436256
90496048,2017,2017-07-07,9575,2017-06-27,1155,019976,NA,2,1,9,1900,0,3,5,NA,2,008,GREENWOOD STREET (8900 BLOCK),ROSEMEAD BLVD,600,W,N,A,-,N,NA,NA,NA,NA,NA,NA,NA,NA,NA,N,4,0,1,2,A,-,03,22350,NA,N,G,B,D,A,H,-,A,D,0,Y,NA,NA,NA,Y,NA,A,01,0,0,1,0,1,0,0,0,0,-,-,34.12451,-118.07381,LOS ANGELES,UNINCORPORATED,-118.07506726,34.12415244
9049609,2020,2020-03-10,1900,2020-01-28,1622,651417,1137,2,5,6,1992,0,0,0,NA,0,112T4,AVENUE K,CHALLENGER WY,149,E,N,A,-,N,NA,NA,NA,NA,NA,NA,NA,NA,NA,N,4,0,2,3,A,-,09,21804,A,N,-,C,A,A,H,-,A,A,0,NA,NA,NA,NA,Y,NA,D,22,0,0,2,0,0,0,0,0,0,-,-,NA,NA,LOS ANGELES,LANCASTER,-118.11191558837892,34.67503356933594
9049610,2020,2020-05-19,1942,2020-02-23,1755,37176,524,7,5,7,1942,0,0,0,NA,0,5A24,WILMINGTON BL,F ST,50,S,N,A,-,N,NA,NA,NA,NA,NA,NA,NA,NA,NA,Y,2,0,1,6,A,-,01,23152,A,F,C,E,A,A,H,-,A,A,0,NA,NA,NA,NA,Y,Y,D,22,1,0,0,0,0,0,0,0,0,-,-,NA,NA,LOS ANGELES,LOS ANGELES,-118.2739028930664,33.776302337646484
90496108,2017,2017-07-07,9575,2017-06-29,1400,014187,NA,4,2,7,1942,0,1,3,NA,2,043,SR-134 E/B (VENTURA FREEWAY),FOREST LAWN DRIVE,2000,E,N,A,-,Y,NA,NA,NA,NA,NA,NA,NA,NA,NA,Y,4,0,1,2,A,-,07,21658,A,N,E,I,A,A,H,-,A,D,0,NA,NA,Y,NA,Y,NA,A,07,0,0,1,0,0,0,0,0,1,-,-,34.0921,-118.1752,LOS ANGELES,LOS ANGELES,-118.30452209,34.15634731
9049613,2020,2020-03-10,1900,2020-01-10,1007,651417,1127,5,5,6,1992,0,0,0,NA,0,112T4,AVENUE T,60TH ST W,0,NA,Y,A,-,N,NA,NA,NA,NA,NA,NA,NA,NA,NA,Y,4,0,1,2,A,-,09,21801,A,N,D,C,A,A,H,-,A,A,0,NA,NA,NA,NA,Y,NA,A,07,0,0,1,0,0,0,0,0,0,-,-,NA,NA,LOS ANGELES,LANCASTER,-118.02330780029295,34.54273986816406
90496158,2017,2017-07-07,9575,2017-06-28,1705,019976,NA,3,2,3,1991,0,1,1,NA,2,063,I-210 W/B (FOOTHILL FREEWAY),BERKSHIRE PLACE,1000,W,N,A,-,Y,NA,NA,NA,NA,NA,NA,NA,NA,NA,Y,4,0,1,2,A,-,03,22350,NA,N,C,C,A,A,H,-,A,D,0,NA,NA,NA,NA,Y,NA,A,08,0,0,1,0,0,0,0,0,0,-,-,34.20421,-118.19371,LOS ANGELES,LA CANADA-FLINTRIDGE,-118.18143819,34.19261366
9049617,2020,2020-10-08,1900,2020-02-18,1015,627967,1127,2,5,6,1992,0,0,0,NA,0,111T1,AVENUE I,RT 14,0,NA,Y,A,-,Y,LA,7,14,-,R,69.078,R,4,S,N,4,0,1,2,A,-,12,21453,A,N,-,C,A,A,H,-,A,A,0,NA,NA,NA,NA,Y,NA,D,22,0,0,1,0,0,0,0,0,0,-,SF,NA,NA,LOS ANGELES,LANCASTER,-118.17026519775392,34.70548629760742
9049618,2020,2020-05-20,1942,2020-02-11,2030,33638,0532,2,5,7,1942,0,0,0,E,0,5A15,WILMINGTON BL,ROBIDOUX AV,60,N,N,A,-,N,NA,NA,NA,NA,NA,NA,NA,NA,NA,Y,3,0,2,3,A,-,01,23152,A,N,A,E,A,A,H,-,C,D,0,NA,NA,NA,NA,Y,Y,A,01,0,1,1,0,0,0,0,0,0,-,-,NA,NA,LOS ANGELES,LOS ANGELES,-118.2748794555664,33.788063049316406
90496209,2017,2017-07-07,9590,2017-06-24,1750,021622,NA,6,2,7,1942,0,1,2,NA,2,073,US-101 S/B (HOLLYWOOD FREEWAY),BARHAM BOULEVARD,100,S,N,A,-,Y,NA,NA,101,NA,NA,NA,NA,NA,S,Y,3,0,2,2,A,-,03,22350,NA,N,C,C,A,A,H,-,A,D,0,NA,NA,NA,NA,Y,NA,A,01,0,1,1,0,0,0,0,0,0,-,-,34.12834,-118.34674,LOS ANGELES,LOS ANGELES,-118.34674163,34.12833833
90496235,2017,2017-07-07,9575,2017-06-18,1240,021200,NA,7,1,9,1900,0,1,3,NA,2,302,SR-2 (ANGELES CREST HIGHWAY),CHARLTON FLATS,4600,W,N,A,-,Y,NA,NA,2,NA,NA,NA,NA,NA,NA,N,2,0,1,1,A,-,03,22350,NA,N,F,A,A,A,H,-,A,D,0,NA,NA,Y,NA,Y,NA,C,02,1,0,0,0,0,0,0,0,1,-,-,34.29307,-117.99581,LOS ANGELES,UNINCORPORATED,-117.99583266,34.29302502
90496236,2017,2017-07-07,9535,2017-07-06,1830,019626,NA,4,2,5,1947,0,1,3,NA,2,600,SR-60 (POMONA FREEWAY) E/B,GERHART AVE,100,W,N,A,-,Y,NA,NA,60,NA,NA,NA,NA,NA,E,N,4,0,1,2,A,-,03,22350,NA,M,C,C,A,A,H,-,A,D,0,NA,NA,NA,NA,Y,NA,A,07,0,0,1,0,0,0,0,0,0,-,-,34.03287,-118.1443,LOS ANGELES,MONTEBELLO,-118.14428672,34.03298869
90496237,2017,2017-07-07,9590,2017-07-01,1539,021040,NA,6,2,7,1942,0,1,1,NA,2,011,SR-110 S/B (ASP) TO I -5 (GSF),AVE 26,1000,N,N,A,-,Y,NA,NA,110,NA,NA,NA,R,NA,S,Y,4,0,3,3,A,-,03,22350,NA,N,C,C,A,A,H,-,A,D,0,NA,NA,NA,NA,Y,NA,A,07,0,0,3,0,0,0,0,0,0,-,-,34.08216,-118.22314,LOS ANGELES,LOS ANGELES,-118.22314,34.08216
90496277,2017,2017-07-07,9525,2017-07-03,1638,021074,NA,1,2,4,1960,0,1,1,NA,2,207,SR-210 W/B (FOOTHILL FWY),SAN DIMAS AVE,1056,E,N,A,-,Y,NA,NA,210,NA,NA,NA,NA,NA,W,N,4,0,1,1,C,-,18,NA,NA,N,E,I,A,A,H,-,A,D,0,NA,NA,NA,NA,Y,NA,-,-,0,0,1,0,0,0,0,0,0,-,-,34.11979,-117.80171,LOS ANGELES,SAN DIMAS,-117.80171013,34.11986863
90496297,2017,2017-07-07,9580,2017-06-30,1035,020100,NA,5,1,7,1942,0,1,2,NA,2,102,US-101 N/B (VENTURA FREEWAY),HAYVENHURST AVE,3696,S,N,A,-,Y,NA,NA,101,NA,NA,NA,NA,NA,N,N,4,0,2,2,A,-,03,22350,NA,N,C,C,A,A,H,-,A,D,0,NA,NA,NA,NA,Y,NA,A,01,0,0,2,0,0,0,0,0,0,-,-,34.16537,-118.48147,LOS ANGELES,LOS ANGELES,-118.4814705,34.16540729
90496312,2017,2017-07-07,9580,2017-06-19,2353,020828,NA,1,3,7,1942,0,1,2,NA,2,102,US-101 N/B (VENTURA FREEWAY),HAYVENHURST AVE,471,N,N,A,-,Y,NA,NA,101,NA,NA,NA,NA,NA,N,N,3,0,1,2,A,-,03,22350,NA,F,C,C,A,A,H,-,C,D,0,NA,NA,Y,NA,Y,NA,A,01,0,1,0,0,0,0,0,0,1,-,-,34.16604,-118.49373,LOS ANGELES,LOS ANGELES,-118.49373272,34.1660344
90496350,2017,2017-07-07,9575,2017-06-17,0840,021200,NA,6,1,9,1900,0,1,3,NA,2,302,SR-2 (ANGELES CREST HIGHWAY),BARLEY FLATS ROAD,7920,E,N,A,-,Y,NA,NA,2,NA,NA,NA,NA,NA,NA,Y,2,0,1,1,A,-,03,22350,NA,N,F,A,A,A,H,-,A,D,0,NA,NA,Y,NA,Y,NA,C,02,1,0,0,0,0,0,0,0,1,-,-,34.26793,-118.06796,LOS ANGELES,UNINCORPORATED,-118.06795989,34.26789303
90496355,2017,2017-07-10,9575,2017-06-19,0550,017589,NA,1,3,7,1942,0,1,1,NA,2,052,I-5 N/B (GOLDEN STATE FREEWAY),SHELDON ST,10,S,N,A,-,Y,NA,NA,5,NA,NA,NA,NA,NA,N,N,3,0,1,2,A,-,07,21658,A,N,B,C,A,A,H,-,A,D,0,NA,NA,Y,NA,Y,NA,D,22,0,1,0,0,0,0,0,0,1,-,-,34.2315,-118.4042,LOS ANGELES,LOS ANGELES,-118.4041677,34.2317081
90496418,2017,2017-07-10,9575,2017-06-30,0730,020918,NA,5,1,6,1912,0,1,1,NA,2,051,I-5 S/B (GOLDEN STATE FREEWAY),ALAMEDA AVE.,1320,N,N,A,-,Y,NA,NA,5,NA,NA,NA,NA,NA,S,Y,4,0,1,4,A,-,03,22350,NA,N,C,C,A,A,H,-,A,D,0,NA,NA,NA,NA,Y,NA,A,01,0,0,1,0,0,0,0,0,0,-,-,34.1735,-118.30657,LOS ANGELES,BURBANK,-118.30657046,34.17349987
90496440,2017,2017-07-10,9575,2017-06-15,1530,020708,NA,4,2,6,1912,0,1,1,NA,2,051,I-5 S/B (GOLDEN STATE FREEWAY),VERDUGO AVENUE,400,N,N,A,-,Y,NA,NA,5,NA,NA,NA,NA,NA,S,Y,4,0,1,3,A,-,03,22350,NA,N,C,C,A,A,H,-,A,D,0,NA,NA,NA,NA,Y,NA,A,01,0,0,1,0,0,0,0,0,0,-,-,34.17712,-118.30856,LOS ANGELES,BURBANK,-118.30856162,34.17711777
90496442,2017,2017-07-10,9575,2017-06-16,1740,020708,NA,5,2,6,1912,0,1,1,NA,2,051,I-5 S/B (GOLDEN STATE FREEWAY),SAN FERNANDO BLVD,700,N,N,A,-,Y,NA,NA,5,NA,NA,NA,NA,NA,S,Y,4,0,1,1,C,-,18,NA,NA,N,E,I,A,A,H,-,A,D,0,NA,NA,NA,NA,Y,NA,-,-,0,0,1,0,0,0,0,0,0,-,-,34.19311,-118.32898,LOS ANGELES,BURBANK,-118.329074,34.19300006
90496447,2017,2017-07-10,9575,2017-06-21,1350,019976,NA,3,1,9,1900,0,1,1,NA,2,065,I-210 E/B (FOOTHILL FREEWAY),ROSEMEAD BLVD,500,W,N,A,-,Y,NA,NA,210,NA,NA,NA,NA,NA,E,N,4,0,1,2,A,-,07,21658,A,M,B,C,A,A,H,-,A,D,0,NA,NA,NA,NA,Y,NA,-,99,0,0,1,0,0,0,0,0,0,-,-,34.14741,-118.07931,LOS ANGELES,UNINCORPORATED,-118.07930976,34.14757909
90496450,2017,2017-07-10,9575,2017-07-06,1340,019976,NA,4,1,6,1953,0,1,1,NA,2,064,I-210 W/B (FOOTHILL FREEWAY),HILL AVE.,1000,E,N,A,-,Y,NA,NA,210,NA,NA,NA,NA,NA,W,N,4,0,3,2,A,-,03,22350,NA,N,C,C,A,A,H,-,A,D,0,NA,NA,NA,NA,Y,NA,A,07,0,0,3,0,0,0,0,0,0,-,-,34.1521,-118.11691,LOS ANGELES,PASADENA,-118.11691027,34.15252945
90496454,2017,2017-07-10,9575,2017-06-22,0805,020846,NA,4,1,7,1942,0,1,3,NA,2,043,SR-134 E/B (VENTURA FREEWAY),LOS ANGELES RIVER,86,W,N,A,-,Y,NA,NA,134,NA,NA,NA,NA,NA,E,Y,4,0,2,4,A,-,03,22350,NA,F,C,C,A,A,H,-,A,D,0,NA,NA,NA,NA,Y,NA,-,99,0,0,2,0,0,0,0,0,0,-,-,34.15275,-118.27968,LOS ANGELES,LOS ANGELES,-118.27968093,34.1527542