CASE_ID,ACCIDENT_YEAR,PROC_DATE,JURIS,COLLISION_DATE,COLLISION_TIME,OFFICER_ID,REPORTING_DISTRICT,DAY_OF_WEEK,CHP_SHIFT,POPULATION,CNTY_CITY_LOC,SPECIAL_COND,BEAT_TYPE,CHP_BEAT_TYPE,CITY_DIVISION_LAPD,CHP_BEAT_CLASS,BEAT_NUMBER,PRIMARY_RD,SECONDARY_RD,DISTANCE,DIRECTION,INTERSECTION,WEATHER_1,WEATHER_2,STATE_HWY_IND,CALTRANS_COUNTY,CALTRANS_DISTRICT,STATE_ROUTE,ROUTE_SUFFIX,POSTMILE_PREFIX,POSTMILE,LOCATION_TYPE,RAMP_INTERSECTION,SIDE_OF_HWY,TOW_AWAY,COLLISION_SEVERITY,NUMBER_KILLED,NUMBER_INJURED,PARTY_COUNT,PRIMARY_COLL_FACTOR,PCF_CODE_OF_VIOL,PCF_VIOL_CATEGORY,PCF_VIOLATION,PCF_VIOL_SUBSECTION,HIT_AND_RUN,TYPE_OF_COLLISION,MVIW,PED_ACTION,ROAD_SURFACE,ROAD_COND_1,ROAD_COND_2,LIGHTING,CONTROL_DEVICE,CHP_ROAD_TYPE,PEDESTRIAN_ACCIDENT,BICYCLE_ACCIDENT,MOTORCYCLE_ACCIDENT,TRUCK_ACCIDENT,NOT_PRIVATE_PROPERTY,ALCOHOL_INVOLVED,STWD_VEHTYPE_AT_FAULT,CHP_VEHTYPE_AT_FAULT,COUNT_SEVERE_INJ,COUNT_VISIBLE_INJ,COUNT_COMPLAINT_PAIN,COUNT_PED_KILLED,COUNT_PED_INJURED,COUNT_BICYCLIST_KILLED,COUNT_BICYCLIST_INJURED,COUNT_MC_KILLED,COUNT_MC_INJURED,PRIMARY_RAMP,SECONDARY_RAMP,LATITUDE,LONGITUDE,COUNTY,CITY,POINT_X,POINT_Y
90500772,2017,2017-07-14,9580,2017-07-04,1150,021461,NA,2,1,3,1989,0,2,4,NA,1,126,LAS VIRGENES RD,LAS VIRGENES CANYON RD,50,S,N,A,-,N,NA,NA,NA,NA,NA,NA,NA,NA,NA,Y,3,0,1,1,A,-,03,22350,NA,N,F,A,A,A,H,-,A,D,0,NA,NA,Y,NA,Y,NA,C,02,0,1,0,0,0,0,0,0,1,-,-,34.09562,-118.71101,LOS ANGELES,CALABASAS,-118.711061,34.095681
90500782,2017,2017-07-14,9580,2017-07-04,0204,018297,NA,2,3,3,1989,0,1,2,NA,2,109,US-101 S/B (VENTURA FREEWAY),LIBERTY CANYON RD,1056,N,N,A,-,Y,NA,NA,NA,NA,NA,NA,NA,NA,NA,Y,4,0,1,2,A,-,08,22107,NA,N,C,C,A,A,H,-,C,D,0,NA,NA,NA,Y,Y,NA,A,01,0,0,1,0,0,0,0,0,0,-,-,34.13788,-118.72742,LOS ANGELES,CALABASAS,NA,NA
90500787,2017,2017-07-14,9580,2017-07-04,0940,016523,NA,2,1,7,1942,0,1,3,NA,2,117,SR-118 W/B TO AMIGO AVE.,RESEDA BLVD.,550,W,N,A,-,Y,NA,NA,118,NA,NA,NA,R,NA,W,Y,3,0,1,1,A,-,03,22350,NA,N,E,I,A,A,H,-,A,D,0,NA,NA,Y,NA,Y,NA,C,02,0,1,0,0,0,0,0,0,1,-,-,34.27559,-118.53812,LOS ANGELES,LOS ANGELES,-118.53812,34.27559
90500798,2017,2017-07-14,9580,2017-07-04,2250,017371,NA,2,3,3,1989,0,1,2,NA,2,107,US-101 S/B (VENTURA FREEWAY),LIBERTY CANYON RD,3168,S,N,A,-,Y,NA,NA,101,NA,NA,NA,NA,NA,S,N,4,0,1,2,A,-,03,22350,NA,N,C,C,A,A,H,-,D,D,0,NA,NA,NA,NA,Y,NA,A,07,0,0,1,0,0,0,0,0,0,-,-,34.13875,-118.71691,LOS ANGELES,CALABASAS,-118.71690961,34.13874339
90500799,2017,2017-07-14,9545,2017-07-07,0720,018758,NA,5,1,9,1900,0,2,4,NA,1,024,ELIZABETH LAKE RD,DESERT FLOWER DR,45,E,N,A,-,N,NA,NA,NA,NA,NA,NA,NA,NA,NA,Y,4,0,1,1,A,-,08,22107,NA,N,E,I,A,A,H,-,A,D,0,NA,NA,NA,NA,Y,NA,A,01,0,0,1,0,0,0,0,0,0,-,-,34.58726,-118.14945,LOS ANGELES,UNINCORPORATED,-118.1495308,34.58716
90500804,2017,2017-07-14,9580,2017-07-05,1302,021607,NA,3,1,7,1942,0,1,2,NA,2,102,US-101 N/B (VENTURA FREEWAY),SEPULVEDA BLVD,1056,S,N,A,-,Y,NA,NA,101,NA,NA,NA,NA,NA,N,N,4,0,4,3,A,-,03,22350,NA,N,C,C,A,A,H,-,A,D,0,NA,NA,NA,NA,Y,NA,A,01,0,0,4,0,0,0,0,0,0,-,-,34.15948,-118.46275,LOS ANGELES,LOS ANGELES,-118.46275001,34.15950645
90500814,2017,2017-07-14,9575,2017-07-03,1625,020363,NA,1,2,6,1953,0,1,1,NA,2,062,I-210 E/B (FOOTHILL FREEWAY),WINDSOR AVE,300,W,N,A,-,Y,NA,NA,NA,NA,NA,NA,NA,NA,NA,Y,3,0,1,1,A,-,08,22107,NA,N,E,I,A,A,D,-,A,D,0,NA,NA,NA,NA,Y,NA,A,07,0,1,0,0,0,0,0,0,0,-,-,34.18664,-118.74587,LOS ANGELES,PASADENA,-118.16983414,34.18174965
90500823,2017,2017-07-14,9580,2017-07-06,1205,016523,NA,4,1,7,1942,0,1,1,NA,2,406,I-405 N/B (SAN DIEGO FWY),PLUMMER ST,50,N,N,A,-,Y,NA,NA,405,NA,NA,NA,NA,NA,N,Y,3,0,2,2,A,-,03,22350,NA,N,C,C,A,A,H,-,A,D,0,NA,NA,NA,NA,Y,NA,A,01,0,1,1,0,0,0,0,0,0,-,-,34.24339,-118.47276,LOS ANGELES,LOS ANGELES,-118.47287318,34.2433907
90500835,2017,2017-07-14,9580,2017-06-30,1850,021544,NA,5,2,7,1942,0,1,2,NA,2,105,US-101 S/B (VENTURA FREEWAY),VALLEY CIRCLE BLVD,450,S,N,A,-,Y,NA,NA,101,NA,NA,NA,NA,NA,S,N,4,0,2,2,A,-,03,22350,NA,N,C,C,A,A,H,-,A,D,0,NA,NA,NA,NA,Y,NA,A,01,0,0,2,0,0,0,0,0,0,-,-,34.16005,-118.63572,LOS ANGELES,LOS ANGELES,-118.63570083,34.15999779
90500839,2017,2017-07-14,9580,2017-07-06,0945,021627,NA,4,1,7,1942,0,1,2,NA,2,103,US-101 S/B (VENTURA FREEWAY),LOUISE AVE,600,S,N,A,-,Y,NA,NA,101,NA,NA,NA,NA,NA,S,N,4,0,1,2,A,-,07,21658,A,N,B,C,A,A,H,-,A,D,0,NA,NA,NA,NA,Y,NA,-,-,0,0,1,0,0,0,0,0,0,-,-,34.17113,-118.50971,LOS ANGELES,LOS ANGELES,-118.50971001,34.17109008
90500843,2017,2017-07-14,9545,2017-07-08,1130,020655,NA,6,1,9,1900,0,3,5,NA,2,003,ANGELES FOREST HWY,UPPER BIG TUJUNGA CANYON RD,3432,S,N,A,-,N,NA,NA,NA,NA,NA,NA,NA,NA,NA,Y,3,0,1,1,A,-,03,22350,NA,N,E,I,A,A,H,-,A,D,0,NA,NA,NA,NA,Y,NA,A,01,0,1,0,0,0,0,0,0,0,-,-,34.32316,-118.12758,LOS ANGELES,UNINCORPORATED,-118.12763545,34.32335841
90500852,2017,2017-07-14,9540,2017-07-04,0143,021308,NA,2,3,6,1985,0,1,1,NA,2,506,I-5 N/B (GOLDEN STATE FREEWAY),VALENCIA BLVD,1584,S,N,A,-,Y,NA,NA,5,NA,NA,NA,NA,NA,N,Y,4,0,1,2,A,-,07,21658,A,N,C,C,A,A,H,-,C,D,0,NA,NA,NA,Y,Y,NA,A,01,0,0,1,0,0,0,0,0,0,-,-,34.40413,-118.57431,LOS ANGELES,SANTA CLARITA,-118.57430281,34.40413325
90500860,2017,2017-07-14,9540,2017-07-05,0440,021360,NA,3,3,6,1985,0,1,3,NA,1,145,SR-14 (S/B)(ANTELOPE VALLEY FREEWAY),GOLDEN VALLEY ROAD,3696,S,N,A,-,Y,NA,NA,14,NA,NA,NA,NA,NA,NA,Y,3,0,2,5,A,-,03,22350,NA,N,C,C,A,A,H,-,D,D,0,NA,NA,NA,NA,Y,NA,D,22,0,1,1,0,0,0,0,0,0,-,-,34.38469,-118.48477,LOS ANGELES,SANTA CLARITA,-118.48481594,34.38477441
90500883,2017,2017-07-14,9580,2017-07-06,0910,017228,NA,4,1,7,1942,0,1,1,NA,2,405,I-405 S/B (SAN DIEGO FWY),VICTORY BOULEVARD,800,S,N,A,-,Y,NA,NA,405,NA,NA,NA,NA,NA,S,N,4,0,1,2,A,-,03,22350,NA,N,C,C,A,A,H,-,A,D,0,NA,NA,NA,NA,Y,NA,D,22,0,0,1,0,0,0,0,0,0,-,-,34.18375,-118.47326,LOS ANGELES,LOS ANGELES,-118.47317266,34.18381203
90500889,2017,2017-07-14,9580,2017-07-07,1340,020402,NA,5,1,7,1942,0,1,2,NA,2,100,US-101 N/B (VENTURA FREEWAY),COLDWATER CANYON AVE,700,N,N,A,-,Y,NA,NA,101,NA,NA,NA,NA,NA,N,Y,4,0,1,3,A,-,03,22350,NA,N,C,C,A,A,H,-,A,D,0,NA,NA,NA,NA,Y,NA,A,07,0,0,1,0,0,0,0,0,0,-,-,34.1558,-118.43921,LOS ANGELES,LOS ANGELES,-118.43920638,34.15574156
90500903,2017,2017-07-14,9580,2017-07-07,2220,020404,NA,5,3,7,1942,0,1,1,NA,2,404,I-405 N/B (SAN DIEGO FWY),VICTORY BLVD,700,N,N,A,-,Y,NA,NA,405,NA,NA,NA,NA,NA,N,N,4,0,1,2,A,-,07,21658,A,N,C,C,A,A,H,-,C,D,0,NA,NA,NA,NA,Y,NA,A,01,0,0,1,0,0,0,0,0,0,-,-,34.18862,-118.47403,LOS ANGELES,LOS ANGELES,-118.47409968,34.18861888
90500905,2017,2017-07-14,9550,2017-07-11,0815,016109,NA,2,1,9,1900,0,1,3,NA,2,600,STATE ROUTE 60 W/B TO CROSSROADS PKWY,FRY'S PARKWAY,358,S,N,A,-,Y,NA,NA,60,NA,NA,NA,R,NA,W,Y,2,0,1,1,A,-,08,22107,NA,N,E,I,A,A,H,-,A,D,0,NA,NA,NA,NA,Y,NA,A,01,1,0,0,0,0,0,0,0,0,-,-,34.02965,-118.00788,LOS ANGELES,UNINCORPORATED,-118.00788,34.02965
90500906,2017,2017-07-14,9535,2017-07-03,1800,021131,NA,1,2,9,1900,0,1,3,NA,2,620,SR-60 (POMONA FREEWAY) E/B,SAN GABRIEL RIVER,0,NA,Y,A,-,Y,NA,NA,60,NA,NA,NA,NA,NA,E,Y,2,0,1,2,A,-,07,21658,A,N,B,C,A,A,H,-,A,D,0,NA,NA,Y,Y,Y,NA,G,25,1,0,0,0,0,0,0,0,1,-,-,34.0361,-118.03284,LOS ANGELES,UNINCORPORATED,-118.03282608,34.03615287
90500913,2017,2017-07-14,9580,2017-07-07,1205,017228,NA,5,1,7,1942,0,1,2,NA,2,103,US-101 S/B (VENTURA FREEWAY),WOODMAN AVENUE,600,N,N,A,-,Y,NA,NA,101,NA,NA,NA,NA,NA,S,N,4,0,1,2,A,-,03,22350,NA,N,C,C,A,A,H,-,A,D,0,NA,NA,NA,NA,Y,NA,A,01,0,0,1,0,0,0,0,0,0,-,-,34.15547,-118.43568,LOS ANGELES,LOS ANGELES,-118.43567967,34.15554805
90500922,2017,2017-07-14,9580,2017-07-07,1545,020400,NA,5,2,7,1942,0,1,2,NA,2,105,US-101 S/B (VENTURA FREEWAY),RESEDA BLVD,500,N,N,A,-,Y,NA,NA,101,NA,NA,NA,NA,NA,S,N,4,0,1,2,A,-,03,22350,NA,N,C,C,A,A,H,-,A,D,0,NA,NA,NA,NA,Y,NA,D,22,0,0,1,0,0,0,0,0,0,-,-,34.17332,-118.54237,LOS ANGELES,LOS ANGELES,-118.54237058,34.17328506
90500924,2017,2017-07-14,9530,2017-07-05,1600,019050,NA,3,2,7,1941,0,1,1,NA,2,420,I-405 S/B (SAN DIEGO FREEWAY),LAKEWOOD BLVD.,300,N,N,A,-,Y,NA,NA,405,NA,NA,NA,NA,NA,S,N,4,0,1,2,A,-,03,22350,NA,N,C,C,A,A,H,-,A,D,0,NA,NA,NA,NA,Y,NA,A,01,0,0,1,0,0,0,0,0,0,-,-,33.8059,-118.1432,LOS ANGELES,LONG BEACH,-118.14321898,33.80580174
90500978,2017,2017-07-14,9530,2017-07-05,1010,021582,NA,3,1,7,1942,0,1,1,NA,2,400,I-405 S/B (SAN DIEGO FREEWAY),NORMANDIE AVE.,1056,S,N,A,-,Y,NA,NA,405,NA,NA,NA,NA,NA,S,Y,3,0,2,2,A,-,03,22350,NA,N,C,C,A,A,H,-,A,D,0,NA,NA,NA,NA,Y,NA,A,01,0,1,1,0,0,0,0,0,0,-,-,33.85972,-118.29568,LOS ANGELES,LOS ANGELES,-118.29568001,33.85972842
90500996,2017,2017-07-14,9575,2017-07-02,1445,020887,NA,7,2,7,1942,0,1,3,NA,2,043,SR-134 E/B (VENTURA FREEWAY),RIVERSIDE DR (VICTORY BLVD),1500,E,N,A,-,Y,NA,NA,134,NA,NA,NA,NA,NA,E,Y,4,0,1,1,A,-,08,22107,NA,N,E,I,A,A,H,-,A,D,0,NA,NA,NA,NA,Y,NA,A,01,0,0,1,0,0,0,0,0,0,-,-,34.15474,-118.28995,LOS ANGELES,LOS ANGELES,-118.28990302,34.15486857
90501010,2017,2017-07-14,9535,2017-07-10,1005,016915,NA,1,1,9,1900,0,1,1,NA,2,650,I-605 N/B (SAN GABRIEL RIVER FREEWAY),SR-60 (POMONA FREEWAY) W/B,2700,N,N,B,-,Y,NA,NA,605,NA,NA,NA,NA,NA,N,N,4,0,1,2,A,-,07,21658,A,N,B,C,A,A,H,-,A,D,0,NA,NA,NA,NA,Y,NA,-,-,0,0,1,0,0,0,0,0,0,-,-,34.03951,-118.01861,LOS ANGELES,UNINCORPORATED,-118.01859432,34.0394697
90501013,2017,2017-07-14,9550,2017-07-11,1255,015329,NA,2,1,5,1919,0,1,3,NA,2,091,STATE ROUTE 91 E/B (ARTESIA FREEWAY),STUDEBAKER RD.,500,E,N,A,-,Y,NA,NA,91,NA,NA,NA,NA,NA,E,Y,4,0,1,3,A,-,03,22350,NA,N,C,C,A,A,H,-,A,D,0,NA,NA,NA,NA,Y,NA,A,01,0,0,1,0,0,0,0,0,0,-,-,33.87634,-118.09693,LOS ANGELES,CERRITOS,-118.09693023,33.87639649
90501031,2017,2017-07-14,9530,2017-07-06,1050,020236,NA,4,1,6,1972,0,1,1,NA,2,400,I-405 N/B (SAN DIEGO FREEWAY),ARTESIA BLVD.,658,S,N,A,-,Y,NA,NA,405,NA,NA,NA,NA,NA,N,Y,4,0,2,2,A,-,03,22350,NA,N,C,C,A,A,H,-,A,D,0,NA,NA,NA,NA,Y,NA,A,08,0,0,2,0,0,0,0,0,0,-,-,33.87182,-118.34135,LOS ANGELES,TORRANCE,-118.34133176,33.87183327
90501032,2017,2017-07-14,9530,2017-07-06,0002,020930,NA,4,3,7,1942,0,1,1,NA,2,110,I-110 S/B TO I-105 E/B,IMPERIAL HWY.,284,S,N,A,-,Y,NA,NA,110,NA,NA,NA,R,NA,S,Y,3,0,1,2,A,-,03,22350,NA,N,C,C,A,A,H,-,C,D,0,NA,NA,NA,NA,Y,NA,A,01,0,1,0,0,0,0,0,0,0,-,-,33.92007,-118.28125,LOS ANGELES,LOS ANGELES,-118.28125,33.92007
90501036,2017,2017-07-14,9535,2017-07-12,1615,019626,NA,3,2,6,1922,0,1,1,NA,2,400,I-10 (SAN BERNARDINO FREEWAY) E/B,I-605,1000,W,N,A,-,Y,NA,NA,10,NA,NA,NA,NA,NA,E,N,3,0,1,2,A,-,07,21658,A,N,B,C,A,A,H,-,A,D,0,NA,NA,Y,NA,Y,NA,A,01,0,1,0,0,0,0,0,0,1,-,-,34.06452,-118.00257,LOS ANGELES,EL MONTE,-118.00259201,34.06467394
90501050,2017,2017-07-14,9530,2017-07-06,0602,019412,NA,4,1,7,1941,0,1,1,NA,2,071,I-710 S/B (LONG BEACH FREEWAY),SR-91,2,N,N,A,-,Y,NA,NA,NA,NA,NA,NA,NA,NA,NA,Y,4,0,1,2,A,-,08,22107,NA,N,E,I,A,A,H,-,B,D,0,NA,NA,NA,NA,Y,NA,A,01,0,0,1,0,0,0,0,0,0,-,-,33.52321,-118.11357,LOS ANGELES,LONG BEACH,-118.19331926,33.87528545
90501063,2017,2017-07-14,9565,2017-07-12,1415,015587,NA,3,2,7,1942,0,1,1,NA,2,063,I-405 N/B (SAN DIEGO FREEWAY,SANTA MONICA BLVD,20,S,N,A,-,Y,NA,NA,405,NA,NA,NA,NA,NA,N,Y,4,0,2,3,A,-,03,22350,NA,N,C,C,A,A,H,-,A,D,0,NA,NA,NA,NA,Y,NA,A,01,0,0,2,0,0,0,0,0,0,-,-,34.04678,-118.44621,LOS ANGELES,LOS ANGELES,-118.44630214,34.04670054
90501091,2017,2017-07-14,9565,2017-07-13,0500,020958,NA,4,3,6,1933,0,1,1,NA,2,060,I-405 SOUTHBOUND (SAN DIEGO FREEWAY),ARBOR VITAE STREET,410,N,N,A,-,Y,NA,NA,405,NA,NA,NA,NA,NA,S,Y,4,0,1,2,A,-,03,22350,NA,N,C,C,A,A,H,-,B,D,0,NA,NA,NA,NA,Y,NA,A,01,0,0,1,0,0,0,0,0,0,-,-,33.95345,-118.36935,LOS ANGELES,INGLEWOOD,-118.36948665,33.95344126
90501099,2017,2017-07-14,9535,2017-07-13,0805,019857,NA,4,1,9,1900,0,3,5,NA,2,002,ALLEY-WAY S/OF WHITTIER BLVD.,GAGE AVE.,115,W,N,A,-,N,NA,NA,NA,NA,NA,NA,NA,NA,NA,N,3,0,1,2,A,-,03,22350,NA,M,G,B,E,A,H,-,A,D,0,Y,NA,NA,NA,Y,NA,D,22,0,1,0,0,1,0,0,0,0,-,-,34.02342,-118.18527,LOS ANGELES,UNINCORPORATED,-118.18537344,34.02342166
90501113,2017,2017-07-14,9565,2017-07-08,1934,021663,NA,6,2,4,1918,0,1,1,NA,2,061,I-405 N/B (SAN DIEGO FREEWAY),STATE ROUTE 90,420,N,N,A,-,Y,NA,NA,405,NA,NA,NA,NA,NA,N,N,4,0,2,2,A,-,03,22350,NA,N,C,C,A,A,H,-,A,D,0,NA,NA,NA,NA,Y,NA,A,01,0,0,2,0,0,0,0,0,0,-,-,33.99524,-118.40511,LOS ANGELES,CULVER CITY,-118.40498682,33.99533771
90501120,2017,2017-07-14,9565,2017-07-08,1936,021663,NA,6,2,4,1918,0,1,1,NA,2,061,I-405 N/B (SAN DIEGO FREEWAY),STATE ROUTE 90,340,N,N,A,-,Y,NA,NA,405,NA,NA,NA,NA,NA,N,Y,4,0,3,2,A,-,03,22350,NA,N,C,D,A,A,H,-,A,D,0,NA,NA,NA,NA,Y,NA,A,07,0,0,3,0,0,0,0,0,0,-,-,33.99524,-118.40511,LOS ANGELES,CULVER CITY,-118.40498682,33.99533771
90501181,2017,2017-07-14,9550,2017-07-06,1345,020974,NA,4,1,9,1900,0,1,1,NA,2,650,I-605 N/B,ROSE HILLS ROAD,1455,N,N,A,-,Y,NA,NA,NA,NA,NA,NA,NA,NA,NA,Y,4,0,3,4,A,-,03,22350,NA,N,C,C,A,A,H,-,A,D,0,NA,NA,NA,Y,Y,NA,F,26,0,0,3,0,0,0,0,0,0,-,-,34.02064,-118.04805,LOS ANGELES,UNINCORPORATED,-118.04888123,34.0202545
90501183,2017,2017-07-14,9550,2017-07-08,1430,020974,NA,6,2,9,1900,0,2,4,NA,1,032,7TH AVENUE N/B,SR-60 E/B,225,S,N,A,-,N,NA,NA,NA,NA,NA,NA,NA,NA,NA,Y,4,0,1,2,A,-,09,21801,A,F,D,C,A,A,H,-,A,D,0,NA,NA,NA,NA,Y,NA,-,99,0,0,1,0,0,0,0,0,0,-,-,34.01864,-117.98858,LOS ANGELES,UNINCORPORATED,-117.98868475,34.01850893
90501192,2017,2017-07-14,9575,2017-07-09,0805,020846,NA,7,1,7,1942,0,1,3,NA,2,041,SR-134 W/B (VENTURA FREEWAY),FIGUEROA ST.,1867,W,N,A,-,Y,NA,NA,134,NA,NA,NA,NA,NA,W,Y,4,0,1,2,A,-,03,22350,NA,N,C,C,A,A,H,-,A,D,0,NA,NA,NA,NA,Y,NA,A,01,0,0,1,0,0,0,0,0,0,-,-,34.14696,-118.19401,LOS ANGELES,LOS ANGELES,-118.19401875,34.14694119
90501194,2017,2017-07-14,9590,2017-07-07,1625,018997,NA,5,2,7,1942,0,1,1,NA,2,084,I-5 N/B (GOLDEN STATE FREEWAY),LOS FELIZ BLVD,450,S,N,A,-,Y,NA,NA,NA,NA,NA,NA,NA,NA,NA,N,4,0,1,2,A,-,17,21658,NA,N,B,C,A,A,H,-,A,D,0,NA,NA,NA,Y,Y,NA,A,01,0,0,1,0,0,0,0,0,0,-,-,34.12556,-118.34166,LOS ANGELES,LOS ANGELES,-118.27045674,34.11945248
90501199,2017,2017-07-17,9575,2017-07-09,1628,020902,NA,7,2,9,1900,0,3,5,NA,2,008,SUNSET BLVD,MICHILLINDA AVE,0,NA,Y,A,-,N,NA,NA,NA,NA,NA,NA,NA,NA,NA,Y,3,0,3,2,A,-,12,21453,A,N,D,C,A,A,H,-,A,A,0,NA,NA,NA,NA,Y,NA,A,07,0,1,2,0,0,0,0,0,0,-,-,34.13436,-118.06752,LOS ANGELES,UNINCORPORATED,-118.0675201,34.13437003
90501201,2017,2017-07-17,9565,2017-07-14,0915,020086,NA,5,1,7,1942,0,1,1,NA,2,061,I-405 N/B (SAN DIEGO FWY),CENTINELA AVE,1500,S,N,A,-,Y,NA,NA,405,NA,NA,NA,NA,NA,N,N,4,0,1,2,A,-,07,21658,A,N,C,C,A,A,H,-,A,D,0,NA,NA,NA,NA,Y,NA,I,11,0,0,1,0,0,0,0,0,0,-,-,33.97825,-118.39048,LOS ANGELES,LOS ANGELES,-118.39048116,33.97824754
90501203,2017,2017-11-17,9550,2017-07-01,0101,021121,NA,6,3,3,1964,0,1,1,NA,2,650,I-605 S/B,TELEGRAPH ROAD,1700,S,N,A,-,Y,NA,NA,605,NA,NA,NA,NA,NA,S,Y,3,0,1,2,A,-,08,22107,NA,N,D,C,A,A,H,-,C,D,0,NA,NA,NA,NA,Y,NA,A,01,0,1,0,0,0,0,0,0,0,-,-,33.94533,-118.09462,LOS ANGELES,SANTA FE SPRINGS,-118.09458898,33.94531369
90501206,2017,2017-07-17,9550,2017-07-01,0100,021121,NA,6,3,3,1964,0,1,1,NA,2,650,INTERSTATE 605 S/B,TELEGRAPH ROAD,1850,S,N,A,-,Y,NA,NA,605,NA,NA,NA,NA,NA,S,Y,3,0,1,2,A,-,01,23152,A,F,C,C,A,A,H,-,D,D,0,NA,NA,NA,NA,Y,Y,A,01,0,1,0,0,0,0,0,0,0,-,-,33.94609,-118.09424,LOS ANGELES,SANTA FE SPRINGS,-118.0941937,33.94606566
90501207,2017,2017-07-17,9550,2017-07-09,2140,021198,NA,7,2,5,1919,0,1,3,NA,2,091,SR-91 W/B TO I-605,STUDEBAKER RD.,1475,E,N,A,-,Y,NA,NA,91,NA,NA,NA,R,NA,W,Y,4,0,7,2,A,-,03,22350,NA,N,C,C,A,A,H,-,D,D,0,NA,NA,NA,NA,Y,NA,A,01,0,0,7,0,0,0,0,0,0,-,-,33.87666,-118.09472,LOS ANGELES,CERRITOS,-118.09472,33.87666
90501208,2017,2017-07-17,9565,2017-07-05,1220,016326,NA,3,1,9,1900,0,3,5,NA,2,005,FIJI WAY,ADMIRALTY WAY,100,S,N,A,-,N,NA,NA,NA,NA,NA,NA,NA,NA,NA,Y,3,0,1,1,A,-,08,22107,NA,N,E,I,A,A,H,-,A,A,0,NA,NA,NA,NA,Y,NA,A,07,0,1,0,0,0,0,0,0,0,-,-,33.97709,-118.43883,LOS ANGELES,UNINCORPORATED,-118.43864028,33.97716056
90501215,2017,2017-07-17,9565,2017-07-04,2050,020752,NA,2,2,5,1928,0,1,1,NA,2,060,I-405 N/B TO I-105,EL SEGUNDO BLVD,850,N,N,A,-,Y,NA,NA,405,NA,NA,NA,R,NA,N,Y,3,0,3,2,A,-,03,22350,NA,N,C,C,A,A,H,-,D,D,0,NA,NA,NA,NA,Y,NA,A,07,0,2,1,0,0,0,0,0,0,-,-,33.9188,-118.36919,LOS ANGELES,HAWTHORNE,-118.36919,33.9188
90501217,2017,2017-07-17,9550,2017-07-07,1225,021449,NA,5,1,3,1964,0,1,1,NA,2,650,I-605 S/B,TELEGRAPH ROAD,2000,N,N,A,-,Y,NA,NA,605,NA,NA,NA,NA,NA,S,Y,4,0,1,5,A,-,03,22350,NA,N,C,C,A,A,H,-,A,D,0,NA,NA,NA,NA,Y,NA,D,22,0,0,1,0,0,0,0,0,0,-,-,33.9567,-118.08795,LOS ANGELES,SANTA FE SPRINGS,-118.08798556,33.9567204
90501219,2017,2017-07-17,9590,2017-05-28,0015,021671,NA,7,3,7,1942,0,1,1,NA,2,051,I-110 S/B (HARBOR FREEWAY),CENTURY BLVD,300,N,N,A,-,Y,NA,NA,110,NA,NA,NA,NA,NA,S,Y,4,0,1,2,A,-,17,21658,NA,N,B,C,A,A,H,-,C,D,0,NA,NA,NA,NA,Y,NA,-,99,0,0,1,0,0,0,0,0,0,-,-,33.94739,-118.27995,LOS ANGELES,LOS ANGELES,-118.27968981,33.94737801
90501245,2017,2017-07-17,9565,2017-07-10,1840,021372,NA,1,2,7,1942,0,1,1,NA,2,061,I-405 S/B TO LA TIJERA BLVD,LA TIJERA BLVD,50,N,N,A,-,Y,NA,NA,405,NA,NA,NA,R,NA,S,N,4,0,1,2,A,-,03,22350,NA,N,C,C,A,A,H,-,A,D,0,NA,NA,NA,NA,Y,NA,A,01,0,0,1,0,0,0,0,0,0,-,-,33.97165,-118.37855,LOS ANGELES,LOS ANGELES,-118.37855,33.97165
90501249,2017,2017-07-17,9565,2017-07-09,1605,021524,NA,7,2,7,1942,0,1,1,NA,2,082,I-10 E/B (SANTA MONICA FREEWAY),SAWTELLE BLVD,600,W,N,A,-,Y,NA,NA,10,NA,NA,NA,NA,NA,E,Y,4,0,1,3,A,-,03,22350,NA,N,C,C,A,A,H,-,A,D,0,NA,NA,NA,NA,Y,NA,A,01,0,0,1,0,0,0,0,0,0,-,-,34.03,-118.44061,LOS ANGELES,LOS ANGELES,-118.44063862,34.03020145
90501284,2017,2017-07-17,9565,2017-07-11,1635,015275,NA,2,2,7,1942,0,1,1,NA,2,083,I-10 E/B (SANTA MONICA FREEWAY),MOTOR AVENUE,25,W,N,A,-,Y,NA,NA,10,NA,NA,NA,NA,NA,E,N,4,0,1,2,A,-,03,22350,NA,N,C,C,A,A,H,-,A,D,0,NA,NA,NA,NA,Y,NA,A,07,0,0,1,0,0,0,0,0,0,-,-,34.03067,-118.41146,LOS ANGELES,LOS ANGELES,-118.41144235,34.0307196
90501319,2017,2017-07-17,9575,2017-07-07,1150,021200,NA,5,1,7,1942,0,1,1,NA,2,061,I-210 W/B (FOOTHILL FREEWAY),WHEATLAND AVE,1500,E,N,A,-,Y,NA,NA,210,NA,NA,NA,NA,NA,W,Y,4,0,1,2,A,-,07,21658,A,F,E,I,A,A,H,-,A,D,0,NA,NA,NA,NA,Y,NA,-,99,0,0,1,0,0,0,0,0,0,-,-,34.26923,-118.33916,LOS ANGELES,LOS ANGELES,-118.33921526,34.26914223
90501321,2017,2017-07-17,9575,2017-07-08,0835,021200,NA,6,1,7,1942,0,1,1,NA,2,053,I-5 N/B (GOLDEN STATE FREEWAY),OSBORNE STREET,750,N,N,A,-,Y,NA,NA,5,NA,NA,NA,NA,NA,N,Y,3,0,3,2,A,-,03,22350,NA,N,C,C,A,A,H,-,A,D,0,NA,NA,NA,NA,Y,NA,A,07,0,2,1,0,0,0,0,0,0,-,-,34.24647,-118.42386,LOS ANGELES,LOS ANGELES,-118.42399614,34.24632617