CASE_ID,ACCIDENT_YEAR,PROC_DATE,JURIS,COLLISION_DATE,COLLISION_TIME,OFFICER_ID,REPORTING_DISTRICT,DAY_OF_WEEK,CHP_SHIFT,POPULATION,CNTY_CITY_LOC,SPECIAL_COND,BEAT_TYPE,CHP_BEAT_TYPE,CITY_DIVISION_LAPD,CHP_BEAT_CLASS,BEAT_NUMBER,PRIMARY_RD,SECONDARY_RD,DISTANCE,DIRECTION,INTERSECTION,WEATHER_1,WEATHER_2,STATE_HWY_IND,CALTRANS_COUNTY,CALTRANS_DISTRICT,STATE_ROUTE,ROUTE_SUFFIX,POSTMILE_PREFIX,POSTMILE,LOCATION_TYPE,RAMP_INTERSECTION,SIDE_OF_HWY,TOW_AWAY,COLLISION_SEVERITY,NUMBER_KILLED,NUMBER_INJURED,PARTY_COUNT,PRIMARY_COLL_FACTOR,PCF_CODE_OF_VIOL,PCF_VIOL_CATEGORY,PCF_VIOLATION,PCF_VIOL_SUBSECTION,HIT_AND_RUN,TYPE_OF_COLLISION,MVIW,PED_ACTION,ROAD_SURFACE,ROAD_COND_1,ROAD_COND_2,LIGHTING,CONTROL_DEVICE,CHP_ROAD_TYPE,PEDESTRIAN_ACCIDENT,BICYCLE_ACCIDENT,MOTORCYCLE_ACCIDENT,TRUCK_ACCIDENT,NOT_PRIVATE_PROPERTY,ALCOHOL_INVOLVED,STWD_VEHTYPE_AT_FAULT,CHP_VEHTYPE_AT_FAULT,COUNT_SEVERE_INJ,COUNT_VISIBLE_INJ,COUNT_COMPLAINT_PAIN,COUNT_PED_KILLED,COUNT_PED_INJURED,COUNT_BICYCLIST_KILLED,COUNT_BICYCLIST_INJURED,COUNT_MC_KILLED,COUNT_MC_INJURED,PRIMARY_RAMP,SECONDARY_RAMP,LATITUDE,LONGITUDE,COUNTY,CITY,POINT_X,POINT_Y
90518495,2017,2017-08-08,9530,2017-07-30,0640,021642,NA,7,1,9,1900,0,3,5,NA,2,001,COMPTON AVE.,GAGE AVE.,0,NA,Y,A,-,N,NA,NA,NA,NA,NA,NA,NA,NA,NA,Y,4,0,1,2,A,-,12,21453,A,N,D,C,A,A,H,-,A,A,0,NA,NA,NA,NA,Y,NA,A,01,0,0,1,0,0,0,0,0,0,-,-,33.982,-118.2475,LOS ANGELES,UNINCORPORATED,-118.24774006,33.98206007
90518500,2017,2017-08-08,9545,2017-08-02,2238,020960,NA,3,3,6,1950,0,1,3,NA,2,021,SB SR14 (ANTELOPE VALLEY FREEWAY),RAYBURN ROAD,961,S,N,A,-,Y,NA,NA,NA,NA,NA,NA,NA,NA,NA,Y,3,0,1,1,A,-,08,22107,NA,N,E,I,A,A,H,-,D,D,0,NA,NA,NA,NA,Y,NA,A,01,0,1,0,0,0,0,0,0,0,-,-,34.56854,-118.13366,LOS ANGELES,PALMDALE,NA,NA
90518502,2017,2017-08-08,9535,2017-08-01,2013,020813,NA,2,2,9,1900,0,3,5,NA,2,001,HAMMEL ST. (3800 BLOCK),GAGE AVE,25,E,N,A,-,N,NA,NA,NA,NA,NA,NA,NA,NA,NA,N,4,0,1,2,A,-,01,23152,F,N,C,C,A,A,H,-,B,A,0,NA,NA,NA,NA,Y,NA,A,01,0,0,1,0,0,0,0,0,0,-,-,34.04235,-118.18455,LOS ANGELES,UNINCORPORATED,-118.18458765,34.04235
90518518,2017,2017-08-08,9545,2017-08-06,2145,019345,NA,7,2,9,1900,0,3,5,NA,2,004,AVENUE V,82ND ST  E,663,W,N,A,-,N,NA,NA,NA,NA,NA,NA,NA,NA,NA,Y,4,0,1,1,A,-,03,22350,NA,N,E,J,A,A,H,-,D,D,0,NA,NA,NA,NA,Y,NA,D,22,0,0,1,0,0,0,0,0,0,-,-,34.51382,-117.98588,LOS ANGELES,UNINCORPORATED,-117.98586587,34.51379006
9051857,2020,2020-07-06,1941,2020-02-07,1449,11239,901-T,5,5,7,1941,0,0,0,NA,0,NA,ORANGE AV,WARDLOW RD,0,NA,Y,A,-,N,NA,NA,NA,NA,NA,NA,NA,NA,NA,Y,4,0,1,2,A,-,09,21804,A,N,D,C,A,A,H,-,A,D,0,NA,NA,NA,NA,Y,NA,A,NA,0,0,1,0,0,0,0,0,0,-,-,NA,NA,LOS ANGELES,LONG BEACH,-118.17633056640624,33.818931579589844
90518595,2017,2017-08-21,9530,2017-07-24,0247,021463,NA,1,3,7,1942,0,1,1,NA,2,200,I-105 W/B (GLENN ANDERSON FWY),SAN PEDRO ST.,315,W,N,A,-,Y,NA,NA,105,NA,NA,NA,NA,NA,W,Y,4,0,1,2,D,-,00,NA,NA,N,C,C,A,A,H,-,C,D,0,NA,NA,NA,NA,Y,NA,-,-,0,0,1,0,0,0,0,0,0,-,-,33.92772,-118.27065,LOS ANGELES,LOS ANGELES,-118.27064936,33.92772744
90518637,2017,2017-08-08,9575,2017-08-03,1500,018762,NA,4,2,7,1942,0,1,1,NA,2,052,I-5 N/B (GOLDEN STATE FREEWAY),OLINDA PED OVERCROSSING,100,S,N,A,-,Y,NA,NA,5,NA,NA,NA,NA,NA,N,Y,2,0,1,3,A,-,07,21658,A,N,C,C,A,A,H,-,A,D,0,NA,NA,Y,NA,Y,NA,C,02,1,0,0,0,0,0,0,0,1,-,-,34.22323,-118.37117,LOS ANGELES,LOS ANGELES,-118.37120577,34.22317076
90518644,2017,2017-08-08,9530,2017-07-30,1250,021089,NA,7,1,9,1900,0,3,5,NA,2,003,ATLANTIC AVE.,ROSECRANS AVE.,0,NA,Y,A,-,N,NA,NA,NA,NA,NA,NA,NA,NA,NA,N,4,0,1,3,A,-,12,21453,A,F,B,C,A,A,H,-,A,A,0,NA,NA,NA,NA,Y,NA,-,99,0,0,1,0,0,0,0,0,0,-,-,33.90043,-118.18856,LOS ANGELES,UNINCORPORATED,-118.19394005,33.90357008
90518652,2017,2017-08-08,9530,2017-07-30,2045,021325,NA,7,2,7,1941,0,1,1,NA,2,120,I-110 S/B (HARBOR FREEWAY),CHANNEL ST.,3168,N,N,A,-,Y,NA,NA,NA,NA,NA,NA,NA,NA,NA,Y,4,0,2,2,A,-,07,21658,A,N,B,C,A,A,H,-,C,D,0,NA,NA,NA,NA,Y,NA,A,01,0,0,2,0,0,0,0,0,0,-,-,33.76067,-118.288,LOS ANGELES,LONG BEACH,-118.28695071,33.76134167
90518664,2017,2017-08-08,9575,2017-08-03,2008,017414,NA,4,2,3,1991,0,1,1,NA,2,063,I-210 E/B (FOOTHILL FREEWAY),FOOTHILL BLVD.,50,W,N,A,-,Y,NA,NA,NA,NA,NA,NA,NA,NA,NA,Y,4,0,2,2,A,-,03,22350,NA,N,C,C,A,A,D,-,C,D,0,NA,NA,NA,NA,Y,NA,A,01,0,0,2,0,0,0,0,0,0,-,-,34.20696,-118.20648,LOS ANGELES,LA CANADA-FLINTRIDGE,-118.20558499,34.20684311
90518691,2017,2017-08-08,9530,2017-07-25,1345,021709,NA,2,1,9,1900,0,3,5,NA,2,003,ROSECRANS AVENUE,ATLANTIC AVENUE,0,NA,Y,A,-,N,NA,NA,NA,NA,NA,NA,NA,NA,NA,Y,4,0,2,2,A,-,09,21801,A,N,D,C,A,A,H,-,A,D,0,NA,NA,NA,NA,Y,NA,A,01,0,0,2,0,0,0,0,0,0,-,-,33.90359,-118.19393,LOS ANGELES,UNINCORPORATED,-118.19394005,33.90357008
90518698,2017,2017-08-08,9525,2017-07-29,0025,021362,NA,6,3,1,1934,0,1,1,NA,2,652,I-605 N/B TO E/B I-210,I-210 E/B (FOOTHILL FWY),800,S,N,A,-,Y,NA,NA,605,NA,NA,NA,R,NA,N,Y,4,0,1,3,A,-,08,22107,NA,F,B,C,A,A,H,-,D,D,0,NA,NA,NA,NA,Y,NA,A,01,0,0,1,0,0,0,0,0,0,-,-,34.13034,-117.95991,LOS ANGELES,IRWINDALE,-117.95991,34.13034
90518719,2017,2017-08-08,9525,2017-07-29,2250,021280,NA,6,3,9,1900,0,3,5,NA,2,003,AZUSA AVE (400 BLOCK COUNTY HWY N8),TEMPLE AVE,30,N,N,A,-,N,NA,NA,NA,NA,NA,NA,NA,NA,NA,Y,4,0,1,2,A,-,03,22350,NA,N,C,C,A,A,H,-,C,A,0,NA,NA,NA,NA,Y,NA,A,01,0,0,1,0,0,0,0,0,0,-,-,34.02482,-117.91765,LOS ANGELES,UNINCORPORATED,-117.91766879,34.02475803
90518731,2017,2017-08-08,9530,2017-08-01,0657,014701,NA,2,1,7,1941,0,1,1,NA,2,420,I-405 S/B (SAN DIEGO FREEWAY),SANTA FE AVE.,300,N,N,B,C,Y,NA,NA,405,NA,NA,NA,NA,NA,S,Y,4,0,1,1,A,-,08,22107,NA,N,E,I,A,B,H,-,A,D,0,NA,NA,NA,NA,Y,NA,A,01,0,0,1,0,0,0,0,0,0,-,-,33.8251,-118.21678,LOS ANGELES,LONG BEACH,-118.21678874,33.825189
90518737,2017,2017-08-08,9580,2017-08-01,1720,021079,NA,2,2,7,1942,0,1,3,NA,2,115,SR-118 W/B (RONALD REAGAN FWY.),SEPULVEDA BLVD,1500,E,N,B,-,Y,NA,NA,118,NA,NA,NA,NA,NA,W,Y,3,0,1,2,A,-,01,23152,G,N,C,C,A,A,H,-,A,D,0,NA,NA,Y,NA,Y,Y,C,02,0,1,0,0,0,0,0,0,1,-,-,34.26599,-118.46302,LOS ANGELES,LOS ANGELES,-118.46301972,34.26603135
90518751,2017,2017-08-08,9525,2017-07-30,1354,021007,NA,7,1,5,1990,0,1,3,NA,2,574,SR-57 N/B (ORANGE FWY),COLD SPRING LN,460,N,N,A,-,Y,NA,NA,57,NA,NA,NA,NA,NA,N,Y,3,0,5,1,A,-,08,22107,NA,N,E,I,A,A,H,-,A,D,0,NA,NA,NA,NA,Y,NA,D,22,0,5,0,0,0,0,0,0,0,-,-,33.97679,-117.8422,LOS ANGELES,DIAMOND BAR,-117.84228966,33.97683452
90518762,2017,2017-08-08,9525,2017-08-03,0548,016677,NA,4,3,5,1990,0,1,3,NA,2,601,SR-60 W/B (POMONA FWY),BREA CANYON RD.,1900,E,N,B,-,Y,NA,NA,60,NA,NA,NA,NA,NA,W,Y,4,0,1,1,A,-,08,22107,NA,N,E,I,A,A,H,-,B,D,0,NA,NA,NA,NA,Y,NA,D,22,0,0,1,0,0,0,0,0,0,-,-,34.00169,-117.83855,LOS ANGELES,DIAMOND BAR,-117.83854224,34.00160734
90518797,2017,2017-08-08,9525,2017-07-30,1520,019491,NA,7,2,9,1900,0,2,4,NA,2,022,CYPRESS STREET (17900 E. BLOCK),HOLLENBECK STREET (4600 N. BLOCK),0,NA,Y,A,-,N,NA,NA,NA,NA,NA,NA,NA,NA,NA,Y,4,0,1,2,A,-,12,21453,A,N,D,C,A,A,H,-,A,A,0,NA,NA,NA,NA,Y,NA,A,07,0,0,1,0,0,0,0,0,0,-,-,34.09563,-117.89911,LOS ANGELES,UNINCORPORATED,-117.89898012,34.09575007
90518799,2017,2017-08-08,9580,2017-08-01,1800,020728,NA,2,2,7,1942,0,1,3,NA,2,116,SR-118 E/B (RONALD REAGAN FWY.),RESEDA BLVD,812,E,N,B,-,Y,NA,NA,118,NA,NA,NA,NA,NA,E,Y,3,0,1,2,A,-,01,23152,G,N,C,C,A,A,H,-,A,D,0,NA,NA,NA,NA,Y,Y,A,01,0,1,0,0,0,0,0,0,0,-,-,34.27556,-118.53382,LOS ANGELES,LOS ANGELES,-118.53389797,34.2757639
90518806,2017,2017-08-08,9535,2017-07-29,1255,021638,NA,6,1,6,1922,0,1,1,NA,2,401,I-10 (SAN BERNARDINO FREEWAY) W/B,SANTA ANITA AVE,500,E,N,A,-,Y,NA,NA,10,NA,NA,NA,NA,NA,W,N,4,0,1,2,A,-,08,22107,NA,N,C,C,A,A,H,-,A,D,0,NA,NA,NA,NA,Y,NA,A,01,0,0,1,0,0,0,0,0,0,-,-,34.06859,-118.03965,LOS ANGELES,EL MONTE,-118.03965811,34.06853132
90518807,2017,2017-08-08,9590,2017-07-27,0114,020672,NA,4,3,7,1942,0,1,1,NA,2,064,I-10 E/B (SMF),HOOPER AVE.,100,W,N,A,-,Y,NA,NA,10,NA,NA,NA,NA,NA,E,Y,3,0,1,1,A,-,01,23152,A,N,E,I,A,A,H,-,C,D,0,NA,NA,NA,NA,Y,Y,A,01,0,1,0,0,0,0,0,0,0,-,-,34.0238,-118.24492,LOS ANGELES,LOS ANGELES,-118.2449206,34.02379704
90518812,2017,2017-08-08,9550,2017-08-01,1325,018412,NA,2,1,9,1900,0,1,1,NA,2,650,I-605 N/B,BEVERLY BOULEVARD,1500,N,N,A,-,Y,NA,NA,NA,NA,NA,NA,NA,NA,NA,Y,3,0,2,4,A,-,03,22350,NA,N,C,C,A,A,H,-,A,D,0,NA,NA,NA,NA,Y,NA,A,01,0,1,1,0,0,0,0,0,0,-,-,NA,NA,LOS ANGELES,UNINCORPORATED,-118.06022624,34.00721289
90518815,2017,2017-08-08,9535,2017-07-30,1000,020347,NA,7,1,9,1900,0,2,4,NA,2,022,OLYMPIC BLVD,HENDRICKS AVE,0,NA,Y,A,-,N,NA,NA,NA,NA,NA,NA,NA,NA,NA,Y,4,0,2,2,A,-,12,21453,A,N,D,C,A,A,H,-,A,A,0,NA,NA,NA,NA,Y,NA,D,22,0,0,2,0,0,0,0,0,0,-,-,34.01303,-118.14103,LOS ANGELES,UNINCORPORATED,-118.14106005,34.01302002
90518834,2017,2017-08-08,9530,2017-07-29,0945,021430,NA,6,1,9,1900,0,3,5,NA,2,006,VERMONT AVE.,228TH ST.,0,NA,Y,A,-,N,NA,NA,NA,NA,NA,NA,NA,NA,NA,Y,4,0,2,4,A,-,12,21453,A,N,D,C,A,A,H,-,A,A,0,NA,NA,NA,NA,Y,NA,D,22,0,0,2,0,0,0,0,0,0,-,-,33.8191,-118.2901,LOS ANGELES,UNINCORPORATED,-118.29034013,33.81894009
90518848,2017,2017-08-08,9550,2017-08-01,1110,018412,NA,2,1,9,1900,0,1,1,NA,2,650,I-605 S/B,SARAGOSSA ST.,550,N,N,B,-,Y,NA,NA,605,NA,NA,NA,NA,NA,S,Y,2,0,1,2,A,-,03,22350,NA,N,C,C,A,A,H,-,A,D,0,NA,NA,NA,NA,Y,NA,A,07,1,0,0,0,0,0,0,0,0,-,-,33.97999,-118.07673,LOS ANGELES,UNINCORPORATED,-118.076734,33.97999413
90518854,2017,2017-08-08,9530,2017-07-31,1625,015995,NA,1,2,9,1900,0,3,5,NA,2,001,HOOPER AVE. (8700 BLOCK),88TH ST.,40,S,N,A,-,N,NA,NA,NA,NA,NA,NA,NA,NA,NA,Y,3,0,3,3,A,-,03,22350,NA,N,C,C,A,A,H,-,A,D,0,NA,NA,NA,NA,Y,NA,A,01,0,1,2,0,0,0,0,0,0,-,-,33.95737,-118.25409,LOS ANGELES,UNINCORPORATED,-118.25404881,33.95732031
90518869,2017,2017-08-08,9535,2017-07-29,1629,020818,NA,6,2,5,1947,0,1,3,NA,2,600,SR-60 (POMONA FREEWAY) E/B,WILCOX AVE,12,W,N,A,-,Y,NA,NA,60,NA,NA,NA,NA,NA,E,Y,3,0,1,2,A,-,03,22350,NA,N,C,C,A,A,H,-,A,D,0,NA,NA,Y,NA,Y,NA,C,02,0,1,0,0,0,0,0,0,1,-,-,34.0331,-118.12502,LOS ANGELES,MONTEBELLO,-118.12502007,34.03310528
90518891,2017,2017-08-08,9535,2017-07-21,0135,17943,NA,5,3,5,1906,0,1,1,NA,2,651,I-605 S/B TO VALLEY BLVD.,VALLEY BLVD,35,S,N,A,-,Y,NA,NA,605,NA,NA,NA,R,NA,S,Y,2,0,2,1,A,-,08,22107,NA,N,E,I,A,A,H,-,C,D,0,NA,NA,Y,NA,Y,NA,C,02,1,1,0,0,0,0,0,0,2,-,-,34.05475,-118.00424,LOS ANGELES,BALDWIN PARK,-118.00424,34.05475
90518899,2017,2017-08-08,9535,2017-08-04,0238,17943,NA,5,3,9,1900,0,1,1,NA,2,420,I-10 E/B (SAN BERNARDINO FWY),EASTERN AVE.,2000,W,N,A,-,Y,NA,NA,10,NA,NA,NA,NA,NA,E,Y,4,0,1,2,A,-,03,22350,NA,N,C,C,A,A,H,-,C,D,0,NA,NA,NA,NA,Y,NA,A,01,0,0,1,0,0,0,0,0,0,-,-,34.05758,-118.17966,LOS ANGELES,UNINCORPORATED,-118.17969427,34.05765491
90518918,2017,2017-08-08,9590,2017-07-26,1850,021583,NA,3,2,7,1942,0,1,2,NA,2,070,US-101 N/B (HOF),VIRGIL AVENUE,100,S,N,A,-,Y,NA,NA,101,NA,NA,NA,NA,NA,N,Y,4,0,1,3,A,-,03,22350,NA,N,C,C,A,A,H,-,A,D,0,NA,NA,NA,NA,Y,NA,A,07,0,0,1,0,0,0,0,0,0,-,-,34.078360000000004,-118.28644,LOS ANGELES,LOS ANGELES,-118.28644933,34.07831008
90518929,2017,2017-08-08,9590,2017-07-15,1122,021673,NA,6,1,7,1942,0,1,2,NA,2,072,US-101 N/B (HOF),PILGRIMAGE BRIDGE,1100,N,N,A,-,Y,NA,NA,101,NA,NA,NA,NA,NA,N,N,4,0,1,2,A,-,03,22350,NA,M,C,C,A,A,H,-,A,D,0,NA,NA,NA,NA,Y,NA,A,01,0,0,1,0,0,0,0,0,0,-,-,34.11926,-118.338,LOS ANGELES,LOS ANGELES,-118.33797332,34.11927548
90518956,2017,2017-08-08,9590,2017-08-06,2311,021346,NA,7,3,7,1942,0,1,1,NA,2,081,I-5 S/B (GOLDEN STATE FREEWAY),BOYLE AVENUE,100,N,N,A,-,Y,NA,NA,5,NA,NA,NA,NA,NA,S,N,3,0,3,2,A,-,01,23152,A,N,C,C,A,A,H,-,C,D,0,NA,NA,NA,NA,Y,Y,A,01,0,1,2,0,0,0,0,0,0,-,-,34.03954,-118.21948,LOS ANGELES,LOS ANGELES,-118.21949745,34.03954636
9051897,2020,2020-05-29,1942,2020-02-10,1202,41671,2053,1,5,7,1942,0,0,0,NA,0,20A53,S HARBOR BL,W 11TH ST,155,N,N,A,-,N,NA,NA,NA,NA,NA,NA,NA,NA,NA,Y,3,0,1,2,A,-,11,21954,A,N,G,B,E,A,H,-,A,D,0,Y,NA,NA,NA,Y,NA,N,60,0,1,0,0,1,0,0,0,0,-,-,NA,NA,LOS ANGELES,LOS ANGELES,-118.21045684814452,33.78115463256836
90518972,2017,2017-08-08,9535,2017-08-07,0810,013259,NA,1,1,5,1947,0,1,3,NA,2,600,SR-60 E/B (POMONA FREEWAY),GARFIELD AVENUE,912,W,N,A,-,Y,NA,NA,60,NA,NA,NA,NA,NA,E,Y,4,0,2,2,A,-,07,21658,A,N,B,C,A,A,H,-,A,D,0,NA,NA,NA,NA,Y,NA,A,01,0,0,2,0,0,0,0,0,0,-,-,34.03325,-118.13379,LOS ANGELES,MONTEBELLO,-118.13378544,34.0329951
90518980,2017,2017-08-08,9530,2017-07-30,1510,021493,NA,7,2,7,1942,0,1,1,NA,2,110,I-110 S/B TO SR-91 W/B,SR-91,100,N,N,A,-,Y,NA,NA,110,NA,NA,NA,R,NA,S,N,3,0,1,1,A,-,03,22350,NA,N,F,A,A,A,H,-,A,D,0,NA,NA,Y,NA,Y,NA,C,02,0,1,0,0,0,0,0,0,1,-,-,33.87326,-118.28589,LOS ANGELES,LOS ANGELES,-118.28589,33.87326
90518985,2017,2017-08-08,9580,2017-08-02,1817,019319,NA,3,2,7,1942,0,1,3,NA,2,116,SR-118 E/B (RONALD REAGAN FWY.),TAMPA AVE,1056,E,N,A,-,Y,NA,NA,118,NA,NA,NA,NA,NA,E,N,4,0,1,2,A,-,03,22350,NA,N,C,C,A,A,H,-,A,D,0,NA,NA,NA,NA,Y,NA,A,07,0,0,1,0,0,0,0,0,0,-,-,34.27324,-118.54967,LOS ANGELES,LOS ANGELES,-118.54966902,34.27323664
90518991,2017,2017-08-08,9580,2017-07-30,1305,021607,NA,7,1,7,1942,0,1,2,NA,2,103,US-101 N/B (VENTURA FREEWAY),SEPULVEDA BLVD,1584,S,N,A,-,Y,NA,NA,101,NA,NA,NA,NA,NA,N,N,4,0,1,2,A,-,03,22350,NA,N,E,I,A,A,H,-,A,D,0,NA,NA,NA,NA,Y,NA,A,07,0,0,1,0,0,0,0,0,0,-,-,34.15935,-118.46019,LOS ANGELES,LOS ANGELES,-118.46018768,34.15936381
90518996,2017,2017-08-08,9530,2017-07-30,1220,021430,NA,7,1,9,1900,0,3,5,NA,2,001,FLORENCE AVE. (1300 BLOCK),HOOPER AVE.,210,E,N,A,-,N,NA,NA,NA,NA,NA,NA,NA,NA,NA,N,2,0,1,2,A,-,11,21954,A,N,G,B,D,A,H,-,A,D,0,Y,NA,NA,NA,Y,NA,N,60,1,0,0,0,1,0,0,0,0,-,-,33.97469,-118.25124,LOS ANGELES,UNINCORPORATED,-118.16200031,33.91335938
90518999,2017,2017-08-08,9580,2017-07-30,1930,020402,NA,7,2,7,1942,0,2,4,NA,1,129,KANAN DUME RD,NEWTON CANYON RD,600,N,N,A,-,Y,NA,NA,NA,NA,NA,NA,NA,NA,NA,Y,3,0,4,2,A,-,03,22350,NA,N,C,D,A,A,H,-,B,D,0,NA,NA,NA,NA,Y,NA,A,01,0,1,3,0,0,0,0,0,0,-,-,34.07861,-118.8177,LOS ANGELES,LOS ANGELES,-118.8154894,34.07780132
90519001,2017,2017-08-08,9565,2017-07-26,1355,021473,NA,3,1,9,1900,0,3,5,NA,2,002,EL SEGUNDO BLVD,WESTERN AVE,5,E,N,A,-,N,NA,NA,NA,NA,NA,NA,NA,NA,NA,N,4,0,1,2,A,-,09,21802,A,N,D,G,A,A,H,-,A,A,0,NA,Y,NA,NA,Y,NA,L,04,0,0,1,0,0,0,1,0,0,-,-,33.91639,-118.30899,LOS ANGELES,UNINCORPORATED,-118.30906355,33.91644
90519006,2017,2017-08-08,9580,2017-07-31,2135,020983,NA,1,2,7,1942,0,1,3,NA,2,171,SR-170 S/B (HOLLYWOOD FWY.),BURBANK BOULEVARD,50,N,N,A,-,Y,NA,NA,170,NA,NA,NA,NA,NA,S,Y,4,0,1,2,A,-,03,22350,NA,N,C,C,A,A,H,-,C,D,0,NA,NA,NA,NA,Y,NA,A,01,0,0,1,0,0,0,0,0,0,-,-,34.17294,-118.39024,LOS ANGELES,LOS ANGELES,-118.39026136,34.17290782
90519007,2017,2017-08-08,9580,2017-07-29,2219,020832,NA,6,3,7,1942,0,1,2,NA,2,105,US-101 S/B (VENTURA FREEWAY),RESEDA BLVD,820,N,N,A,-,Y,NA,NA,101,NA,NA,NA,NA,NA,S,Y,4,0,1,3,A,-,03,22350,NA,N,C,C,A,A,H,-,D,D,0,NA,NA,NA,NA,Y,NA,A,01,0,0,1,0,0,0,0,0,0,-,-,34.17317,-118.53886,LOS ANGELES,LOS ANGELES,-118.53885913,34.17323296
9051901,2020,2020-05-29,1942,2020-02-10,1715,37357,2054,1,5,7,1942,0,0,0,NA,0,20A34,NORMANDIE,OLYMPIC,109,S,N,A,-,N,NA,NA,NA,NA,NA,NA,NA,NA,NA,N,4,0,1,2,A,-,09,21804,A,N,H,A,A,A,H,-,A,D,0,NA,NA,Y,NA,Y,NA,A,01,0,0,1,0,0,0,0,0,1,-,-,NA,NA,LOS ANGELES,LOS ANGELES,-118.30001068115234,34.05234146118164
90519022,2017,2017-08-08,9580,2017-07-29,2240,020983,NA,6,3,7,1942,0,1,2,NA,2,100,US-101 N/B (HOLLYWOOD FREEWAY),CAMPO DE CAHUENGA,100,N,N,A,-,Y,NA,NA,101,NA,NA,NA,NA,NA,N,N,4,0,1,2,A,-,03,22350,NA,N,C,C,A,A,H,-,C,D,0,NA,NA,NA,NA,Y,NA,A,01,0,0,1,0,0,0,0,0,0,-,-,34.14601,-118.36888,LOS ANGELES,LOS ANGELES,-118.36892478,34.14596581
90519024,2017,2017-08-08,9580,2017-07-30,1345,021475,NA,7,1,7,1942,0,1,2,NA,2,102,US-101 N/B (VENTURA FREEWAY),WOODMAN AVE,200,N,N,A,-,Y,NA,NA,101,NA,NA,NA,NA,NA,N,Y,4,0,3,4,A,-,03,22350,NA,N,C,C,A,A,H,-,A,D,0,NA,NA,NA,NA,Y,NA,A,01,0,0,3,0,0,0,0,0,0,-,-,34.15571,-118.43133,LOS ANGELES,LOS ANGELES,-118.43132993,34.15572484
90519029,2017,2017-08-08,9535,2017-08-05,1220,019056,NA,6,1,4,1909,0,1,1,NA,2,072,I-710 (LONG BEACH FREEWAY) N/B,FLORENCE AVE,500,N,N,A,-,Y,NA,NA,710,NA,NA,NA,NA,NA,N,N,4,0,1,2,A,-,03,22350,NA,N,C,C,A,A,H,-,A,A,0,NA,NA,NA,NA,Y,NA,A,01,0,0,1,0,0,0,0,0,0,-,-,33.97358,-118.16776,LOS ANGELES,BELL GARDENS,-118.16780976,33.97358767
90519039,2017,2017-08-08,9580,2017-08-06,1124,021607,NA,7,1,7,1942,0,1,1,NA,2,405,I-405 S/B (SAN DIEGO FWY),VENTURA BLVD,50,S,N,A,-,Y,NA,NA,405,NA,NA,NA,NA,NA,S,Y,4,0,1,3,A,-,03,22350,NA,N,C,C,A,A,H,-,A,D,0,NA,NA,NA,NA,Y,NA,A,01,0,0,1,0,0,0,0,0,0,-,-,34.15386,-118.46813,LOS ANGELES,LOS ANGELES,-118.46816607,34.15385565
9051905,2020,2020-05-29,1942,2020-02-06,0800,43504,2029,4,5,7,1942,0,0,0,NA,0,20A39,WESTMORELAND AV,WILSHIRE BL,0,NA,Y,A,-,N,NA,NA,NA,NA,NA,NA,NA,NA,NA,N,3,0,1,2,A,-,10,21950,A,N,G,B,B,A,H,-,A,A,0,Y,NA,NA,NA,Y,NA,A,01,0,1,0,0,1,0,0,0,0,-,-,NA,NA,LOS ANGELES,LOS ANGELES,-118.28907775878906,34.06184005737305
90519056,2017,2017-08-08,9530,2017-07-31,1455,015995,NA,1,2,9,1900,0,3,5,NA,2,001,80TH ST. (1200 BLOCK),HOOPER AVE.,104,W,N,A,-,N,NA,NA,NA,NA,NA,NA,NA,NA,NA,N,4,0,1,2,A,-,09,21804,A,N,D,G,A,A,H,-,A,D,0,NA,Y,NA,NA,Y,NA,L,04,0,0,1,0,0,0,1,0,0,-,-,33.96655,-118.25243,LOS ANGELES,UNINCORPORATED,-118.25240227,33.96652459
9051909,2020,2020-05-29,1942,2020-02-07,1605,38007,2055,5,5,7,1942,0,0,0,NA,0,20A69,W OLYMPIC BL,FEDORA ST,7,W,N,A,-,N,NA,NA,NA,NA,NA,NA,NA,NA,NA,N,3,0,1,2,A,-,12,21453,A,F,D,G,A,A,H,-,A,A,0,NA,Y,NA,NA,Y,NA,-,99,0,1,0,0,0,0,1,0,0,-,-,NA,NA,LOS ANGELES,LOS ANGELES,-118.29793548583984,34.052650451660156
90519090,2017,2017-08-08,9530,2017-08-01,1140,021610,NA,2,1,7,1942,0,1,1,NA,2,110,I-110 N/B (HARBOR FREEWAY),ALONDRA BLVD.,265,N,N,B,-,Y,NA,NA,110,NA,NA,NA,NA,NA,N,Y,4,0,1,2,A,-,08,22107,NA,N,B,C,A,A,H,-,A,D,0,NA,NA,NA,NA,Y,NA,A,01,0,0,1,0,0,0,0,0,0,-,-,33.88551,-118.28526,LOS ANGELES,LOS ANGELES,-118.28533493,33.88550444
90519098,2017,2017-08-08,9530,2017-07-31,2341,020956,NA,1,3,5,1977,0,1,1,NA,2,410,I-405 S/B (SAN DIEGO FREEWAY),DEL AMO BLVD.,1056,N,N,A,-,Y,NA,NA,405,NA,NA,NA,NA,NA,S,Y,4,0,1,3,A,-,03,22350,NA,N,C,C,A,A,H,-,C,D,0,NA,NA,NA,NA,Y,NA,A,07,0,0,1,0,0,0,0,0,0,-,-,33.84921,-118.27457,LOS ANGELES,CARSON,-118.27463765,33.84911114