CASE_ID,ACCIDENT_YEAR,PROC_DATE,JURIS,COLLISION_DATE,COLLISION_TIME,OFFICER_ID,REPORTING_DISTRICT,DAY_OF_WEEK,CHP_SHIFT,POPULATION,CNTY_CITY_LOC,SPECIAL_COND,BEAT_TYPE,CHP_BEAT_TYPE,CITY_DIVISION_LAPD,CHP_BEAT_CLASS,BEAT_NUMBER,PRIMARY_RD,SECONDARY_RD,DISTANCE,DIRECTION,INTERSECTION,WEATHER_1,WEATHER_2,STATE_HWY_IND,CALTRANS_COUNTY,CALTRANS_DISTRICT,STATE_ROUTE,ROUTE_SUFFIX,POSTMILE_PREFIX,POSTMILE,LOCATION_TYPE,RAMP_INTERSECTION,SIDE_OF_HWY,TOW_AWAY,COLLISION_SEVERITY,NUMBER_KILLED,NUMBER_INJURED,PARTY_COUNT,PRIMARY_COLL_FACTOR,PCF_CODE_OF_VIOL,PCF_VIOL_CATEGORY,PCF_VIOLATION,PCF_VIOL_SUBSECTION,HIT_AND_RUN,TYPE_OF_COLLISION,MVIW,PED_ACTION,ROAD_SURFACE,ROAD_COND_1,ROAD_COND_2,LIGHTING,CONTROL_DEVICE,CHP_ROAD_TYPE,PEDESTRIAN_ACCIDENT,BICYCLE_ACCIDENT,MOTORCYCLE_ACCIDENT,TRUCK_ACCIDENT,NOT_PRIVATE_PROPERTY,ALCOHOL_INVOLVED,STWD_VEHTYPE_AT_FAULT,CHP_VEHTYPE_AT_FAULT,COUNT_SEVERE_INJ,COUNT_VISIBLE_INJ,COUNT_COMPLAINT_PAIN,COUNT_PED_KILLED,COUNT_PED_INJURED,COUNT_BICYCLIST_KILLED,COUNT_BICYCLIST_INJURED,COUNT_MC_KILLED,COUNT_MC_INJURED,PRIMARY_RAMP,SECONDARY_RAMP,LATITUDE,LONGITUDE,COUNTY,CITY,POINT_X,POINT_Y
90519952,2017,2017-08-09,9565,2017-07-30,1333,021786,NA,7,1,5,1965,0,1,1,NA,2,081,I-10 W/B (SANTA MONICA FREEWAY),CLOVERFIELD BOULEVARD,310,W,N,A,-,Y,NA,NA,10,NA,NA,NA,NA,NA,W,N,4,0,1,2,A,-,03,22350,NA,N,C,C,A,A,H,-,A,D,0,NA,NA,NA,NA,Y,NA,A,08,0,0,1,0,0,0,0,0,0,-,-,34.02432,-118.47053,LOS ANGELES,SANTA MONICA,-118.47051685,34.02426962
9051996,2020,2020-05-29,1942,2020-02-01,1900,41957,1414,6,5,7,1942,0,0,0,N,0,14A13,LINCOLN BL,ROSE AV,200,N,N,A,-,N,NA,NA,NA,NA,NA,NA,NA,NA,NA,Y,4,0,1,2,A,-,09,21801,A,N,D,C,A,A,H,-,C,D,0,NA,NA,Y,NA,Y,NA,A,01,0,0,1,0,0,0,0,0,1,-,-,NA,NA,LOS ANGELES,LOS ANGELES,-118.46841430664064,34.00163269042969
90519970,2017,2017-08-09,9565,2017-08-01,2200,020556,NA,2,3,7,1942,0,1,1,NA,2,010,I-105 W/B (CENTURY FREEWAY),NASH STREET,500,E,N,B,-,Y,NA,NA,NA,NA,NA,NA,NA,NA,NA,Y,4,0,3,4,A,-,03,22350,NA,N,C,C,A,A,H,-,C,D,0,NA,NA,NA,NA,Y,NA,D,22,0,0,3,0,0,0,0,0,0,-,-,33.93035,-118.38474,LOS ANGELES,LOS ANGELES,NA,NA
9052000,2020,2020-10-13,1942,2020-02-06,1145,41510,1454,4,5,7,1942,0,0,0,N,0,14A45,LINCOLN BL,BALI WY,443,S,N,A,-,Y,LA,7,1,-,-,31.03,H,-,S,N,3,0,1,2,A,-,08,22107,NA,N,B,G,A,A,H,-,A,A,0,NA,Y,NA,NA,Y,Y,L,04,0,1,0,0,0,0,1,0,0,-,-,NA,NA,LOS ANGELES,LOS ANGELES,-118.44027709960938,33.9815559387207
90520019,2017,2017-08-09,9565,2017-08-03,2220,019355,NA,4,3,7,1942,0,1,1,NA,2,064,I-405 (SAN DIEGO FREEWAY),SUNSET AVE.,140,N,N,A,-,Y,NA,NA,405,NA,NA,NA,NA,NA,NA,Y,3,0,1,3,A,-,08,22107,NA,F,B,C,A,A,H,-,C,D,0,NA,NA,NA,NA,Y,NA,-,99,0,1,0,0,0,0,0,0,0,-,-,34.07317,-118.46713,LOS ANGELES,LOS ANGELES,-118.46708377,34.07320521
90520022,2017,2017-08-09,9530,2017-08-01,0935,021582,NA,2,1,5,1977,0,1,3,NA,2,310,SR-91 W/B (ARTESIA FREEWAY),AVALON BLVD.,1584,E,N,A,-,Y,NA,NA,91,NA,NA,NA,NA,NA,W,Y,4,0,1,3,A,-,07,21658,A,N,B,C,A,A,H,-,A,D,0,NA,NA,Y,NA,Y,NA,A,01,0,0,1,0,0,0,0,0,1,-,-,33.87369,-118.26046,LOS ANGELES,CARSON,-118.26045901,33.87364847
90520096,2017,2018-03-15,9590,2017-06-03,0426,021086,NA,6,3,7,1942,0,1,2,NA,2,071,US-101 SOUTHBOUND (HOLLYWOOD FREEWAY),VERMONT AVENUE,800,S,N,A,-,Y,NA,NA,101,NA,NA,NA,NA,NA,S,N,1,1,0,2,A,-,11,21954,A,F,G,B,E,A,H,-,D,D,0,Y,NA,NA,NA,Y,NA,N,60,0,0,0,1,0,0,0,0,0,-,-,34.07855,-118.28979,LOS ANGELES,LOS ANGELES,-118.28980596,34.07848995
9052013,2019,2020-02-27,1942,2019-09-25,0705,43133,0557,3,5,7,1942,0,0,0,E,0,25T23,5TH ST,PACIFIC AV,11,W,N,A,-,N,NA,NA,NA,NA,NA,NA,NA,NA,NA,N,2,0,1,2,A,-,09,21801,A,N,G,G,A,A,H,-,A,A,0,NA,Y,NA,NA,Y,NA,A,01,1,0,0,0,0,0,1,0,0,-,-,NA,NA,LOS ANGELES,LOS ANGELES,-118.28794860839844,33.739688873291016
90520148,2017,2017-08-09,9525,2017-08-07,1618,021713,NA,1,2,6,1955,0,1,1,NA,2,108,I-10 E/B (SAN BERNARDINO FWY),DUDLEY ST.,528,W,N,A,-,Y,NA,NA,10,NA,NA,NA,NA,NA,E,Y,4,0,2,2,A,-,03,22350,NA,N,C,C,A,A,H,-,A,D,0,NA,NA,NA,NA,Y,NA,A,01,0,0,2,0,0,0,0,0,0,-,-,34.07267,-117.78038,LOS ANGELES,POMONA,-117.78038102,34.07282932
90520151,2017,2017-08-09,9550,2017-08-09,0855,020741,NA,3,1,9,1900,0,1,1,NA,2,650,INTERSTATE 605 (SAN GABRIEL RIVER FREEW,BEVERLY BOULEVARD,100,S,N,A,-,Y,NA,NA,605,NA,NA,NA,NA,NA,NA,N,4,0,1,2,A,-,03,22350,NA,N,C,C,A,A,H,-,A,D,0,NA,NA,NA,NA,Y,NA,A,01,0,0,1,0,0,0,0,0,0,-,-,34.00402,-118.064,LOS ANGELES,UNINCORPORATED,-118.06404397,34.00407362
90520157,2017,2017-08-09,9565,2017-07-26,1255,021512,NA,3,1,9,1900,0,3,5,NA,2,002,CENTURY BLVD,VERMONT AVE,12,W,N,A,-,N,NA,NA,NA,NA,NA,NA,NA,NA,NA,N,4,0,1,2,A,-,21,22106,NA,N,C,C,A,A,H,-,A,D,0,NA,NA,NA,NA,Y,NA,A,07,0,0,1,0,0,0,0,0,0,-,-,33.94549,-118.2919,LOS ANGELES,UNINCORPORATED,-118.29195949,33.94549
90520163,2017,2017-08-09,9565,2017-07-28,2340,021640,NA,5,3,6,1933,0,1,1,NA,2,060,I-405 S/B (SAN DIEGO FWY),SPRUCE AVE.,50,S,N,A,-,Y,NA,NA,405,NA,NA,NA,NA,NA,S,Y,3,0,3,2,A,-,01,23152,A,N,C,C,A,A,H,-,D,D,0,NA,NA,NA,NA,Y,Y,A,01,0,2,1,0,0,0,0,0,0,-,-,33.95491,-118.36965,LOS ANGELES,INGLEWOOD,-118.36951898,33.95490906
90520199,2017,2017-08-09,9565,2017-08-04,1726,020468,NA,5,2,7,1942,0,1,1,NA,2,063,I-405 N/B (SAN DIEGO FREEWAY),OLYMPIC BLVD,1400,N,N,A,-,Y,NA,NA,405,NA,NA,NA,NA,NA,N,N,4,0,2,2,A,-,03,22350,NA,F,C,C,A,A,H,-,A,D,0,NA,NA,NA,NA,Y,NA,A,01,0,0,2,0,0,0,0,0,0,-,-,34.04265,-118.4426,LOS ANGELES,LOS ANGELES,-118.44272121,34.04254557
90520205,2017,2017-08-09,9525,2017-08-08,0614,014971,NA,2,1,6,1975,0,1,1,NA,2,103,I-10 W/B (SAN BERNARDINO FWY),WEST COVINA PARKWAY,528,E,N,A,-,Y,NA,NA,10,NA,NA,NA,NA,NA,W,Y,3,0,1,2,A,-,07,21658,A,N,B,C,A,A,D,E,A,D,0,NA,NA,Y,NA,Y,NA,A,01,0,1,0,0,0,0,0,0,1,-,-,34.07248,-117.94002,LOS ANGELES,WEST COVINA,-117.94002133,34.07253591
90520215,2017,2017-08-09,9580,2017-07-28,1200,021544,NA,5,1,7,1942,0,1,1,NA,2,405,I-405 S/B (SAN DIEGO FWY),BURBANK BLVD,370,N,N,A,-,Y,NA,NA,405,NA,NA,NA,NA,NA,S,Y,3,0,1,4,A,-,03,22350,NA,N,C,C,A,A,H,-,A,D,0,NA,NA,NA,NA,Y,NA,A,01,0,1,0,0,0,0,0,0,0,-,-,34.1732,-118.46782,LOS ANGELES,LOS ANGELES,-118.4678082,34.17320028
90520221,2017,2017-08-09,9525,2017-08-08,0640,017506,NA,2,1,9,1900,0,1,3,NA,2,573,SR-57 S/B (ORANGE FWY),BREA CANYON RD.,500,S,N,A,-,Y,NA,NA,57,NA,NA,NA,NA,NA,S,Y,4,0,1,2,A,-,03,22350,NA,F,C,C,A,A,H,-,A,D,0,NA,NA,NA,NA,Y,NA,A,01,0,0,1,0,0,0,0,0,0,-,-,33.94769,-117.8673,LOS ANGELES,UNINCORPORATED,-117.86720244,33.94760092
90520222,2017,2017-08-09,9565,2017-08-05,0840,020086,NA,6,1,7,1942,0,1,1,NA,2,083,I-10 E/B (SANTA MONICA FWY),ROBERTSON BLVD,800,E,N,A,-,Y,NA,NA,10,NA,NA,NA,NA,NA,E,Y,3,0,1,2,C,-,18,NA,NA,N,E,J,A,A,H,-,A,D,0,NA,NA,NA,NA,Y,NA,-,-,0,1,0,0,0,0,0,0,0,-,-,34.03279,-118.38779,LOS ANGELES,LOS ANGELES,-118.38770768,34.0326504
90520223,2017,2017-08-09,9525,2017-08-08,0800,018729,NA,2,1,5,1926,0,1,1,NA,2,205,I-210 W/B (FOOTHILL FWY),SUNFLOWER AVE,528,W,N,A,-,Y,NA,NA,210,NA,NA,NA,NA,NA,W,Y,4,0,1,1,A,-,08,22107,NA,N,E,I,A,A,H,-,A,D,0,NA,NA,NA,NA,Y,NA,A,07,0,0,1,0,0,0,0,0,0,-,-,34.11775,-117.85215,LOS ANGELES,GLENDORA,-117.85215,34.11771489
90520226,2017,2017-08-09,9565,2017-08-05,1800,021453,NA,6,2,9,1900,0,2,4,NA,2,022,NORMANDIE AVE.,110TH ST.,50,S,N,A,-,N,NA,NA,NA,NA,NA,NA,NA,NA,NA,N,3,0,1,2,A,-,11,21954,A,N,G,B,D,A,H,-,A,A,0,Y,NA,NA,NA,Y,Y,N,60,0,1,0,0,1,0,0,0,0,-,-,33.93514,-118.30024,LOS ANGELES,UNINCORPORATED,-118.30030415,33.93537291
90520245,2017,2017-08-09,9565,2017-08-08,1720,018154,NA,2,2,7,1942,0,1,1,NA,2,062,I-405 S/B (SAN DIEGO FWY.),PALMS BLVD,300,S,N,A,-,Y,NA,NA,405,NA,NA,NA,NA,NA,S,Y,4,0,2,2,A,-,03,22350,NA,N,C,C,A,A,H,-,A,D,0,NA,NA,NA,NA,Y,NA,A,01,0,0,2,0,0,0,0,0,0,-,-,34.01716,-118.42256,LOS ANGELES,LOS ANGELES,-118.42253931,34.01717639
90520247,2017,2017-08-09,9525,2017-08-08,2235,019890,NA,2,3,4,1960,0,1,3,NA,2,571,SR-57 S/B (ORANGE FWY),ARROW HIGHWAY,500,N,N,A,-,Y,NA,NA,57,NA,NA,NA,NA,NA,S,Y,4,0,1,2,A,-,07,21658,A,N,B,C,A,A,H,-,D,D,0,NA,NA,NA,NA,Y,NA,A,07,0,0,1,0,0,0,0,0,0,-,-,34.11008,-117.82328,LOS ANGELES,SAN DIMAS,-117.82348321,34.10997709
90520254,2017,2017-08-10,9590,2017-07-28,2220,021291,NA,5,3,7,1942,0,1,1,NA,2,062,I-10 E/B (SANTA MONICA FREEWAY),HOOVER STREET,700,W,N,A,-,Y,NA,NA,10,NA,NA,NA,NA,NA,E,Y,3,0,4,2,A,-,03,22350,NA,N,C,C,A,A,H,-,C,D,0,NA,NA,NA,NA,Y,NA,A,07,0,1,3,0,0,0,0,0,0,-,-,34.0368,-118.28569,LOS ANGELES,LOS ANGELES,-118.28569083,34.03682266
90520255,2017,2017-08-10,9550,2017-07-30,2500,021449,NA,7,4,5,1976,0,1,1,NA,2,650,I-605 NB TO WHITTIER BLVD,WHITTIER BOULEVARD,746,S,N,A,-,Y,NA,NA,605,NA,NA,NA,R,NA,N,Y,2,0,1,1,A,-,08,22107,NA,N,E,I,A,A,H,-,A,D,0,NA,NA,NA,NA,Y,Y,A,01,1,0,0,0,0,0,0,0,0,-,-,33.99125,-118.06927,LOS ANGELES,WHITTIER,-118.06927,33.99125
90520258,2017,2017-08-10,9550,2017-07-30,0815,021386,NA,7,1,9,1900,0,3,5,NA,2,001,WASHINGTON BOULEVARD,MILNA AVE,30,E,N,A,-,N,NA,NA,NA,NA,NA,NA,NA,NA,NA,Y,3,0,1,3,A,-,01,23152,A,M,B,C,A,A,H,-,A,D,0,NA,NA,NA,NA,Y,Y,A,01,0,1,0,0,0,0,0,0,0,-,-,33.973,-118.07678,LOS ANGELES,UNINCORPORATED,-118.07696436,33.973369579999996
90520259,2017,2017-08-10,9565,2017-08-02,1100,21599,NA,3,1,9,1900,0,3,5,NA,2,002,101ST ST  E,DENKER AVE,0,NA,Y,A,-,N,NA,NA,NA,NA,NA,NA,NA,NA,NA,Y,3,0,1,2,A,-,12,22450,A,F,D,C,A,A,H,-,A,A,0,NA,NA,NA,NA,Y,NA,A,01,0,1,0,0,0,0,0,0,0,-,-,33.945,-118.3046,LOS ANGELES,UNINCORPORATED,-118.30468006,33.94498007
90520260,2017,2017-08-10,9550,2017-07-30,1730,021141,NA,7,2,5,1935,0,1,1,NA,2,652,INTERSTATE 605 SOUTHBOUND,CARSON STREET,1870,S,N,A,-,Y,NA,NA,NA,NA,NA,NA,NA,NA,NA,Y,3,0,1,1,A,-,01,23152,F,N,E,I,A,A,H,-,A,D,0,NA,NA,NA,NA,Y,NA,A,01,0,1,0,0,0,0,0,0,0,-,-,33.82642,-118.08244,LOS ANGELES,LAKEWOOD,-118.0842,33.83138
90520261,2017,2017-08-10,9550,2017-07-29,1432,021386,NA,6,2,5,1908,0,1,3,NA,2,091,SR-91 WB,BELLFLOWER BOULEVARD,400,E,N,A,-,Y,NA,NA,91,NA,NA,NA,NA,NA,W,Y,3,0,2,5,A,-,03,22350,NA,F,C,C,A,A,H,-,A,D,0,NA,NA,NA,NA,Y,NA,D,22,0,1,1,0,0,0,0,0,0,-,-,33.87626,-118.12404,LOS ANGELES,BELLFLOWER,-118.12404009,33.87629381
90520265,2017,2017-08-10,9550,2017-07-28,2130,021311,NA,5,2,9,1900,0,3,5,NA,2,005,HARBOR BL.,VANTAGE POINTE DR.,221,S,N,A,-,N,NA,NA,NA,NA,NA,NA,NA,NA,NA,Y,4,0,1,1,A,-,01,23152,A,N,E,I,A,A,H,-,C,D,0,NA,NA,NA,NA,Y,Y,A,01,0,0,1,0,0,0,0,0,0,-,-,33.95949,-117.91784,LOS ANGELES,UNINCORPORATED,-117.91796911,33.95954701
90520267,2017,2017-08-10,9525,2017-08-03,2055,020544,NA,4,2,9,1900,0,3,5,NA,2,005,GLENDORA MOUNTAIN RD.,BIG DALTON CANYON RD.,5808,N,N,A,-,N,NA,NA,NA,NA,NA,NA,NA,NA,NA,Y,3,0,1,1,A,-,01,23152,A,N,E,I,A,A,H,-,D,D,0,NA,NA,NA,NA,Y,Y,A,01,0,1,0,0,0,0,0,0,0,-,-,34.16346,-117.84055,LOS ANGELES,UNINCORPORATED,-117.84043725,34.16348717
90520281,2017,2017-08-10,9575,2017-08-03,1316,015935,NA,4,1,3,1991,0,1,1,NA,2,063,I-210 E/B (FOOTHILL FREEWAY),GOULD AVE,100,E,N,A,-,Y,NA,NA,NA,NA,NA,NA,NA,NA,NA,Y,3,0,1,1,A,-,08,22107,NA,N,E,I,A,A,H,-,A,D,0,NA,NA,NA,NA,Y,NA,A,01,0,1,0,0,0,0,0,0,0,-,-,34.19993,-118.1878,LOS ANGELES,LA CANADA-FLINTRIDGE,-118.18900893,34.20121639
90520294,2017,2017-08-10,9575,2017-08-05,1241,020702,NA,6,1,7,1942,0,1,1,NA,2,053,I-5 N/B (GOLDEN STATE FREEWAY),VAN NUYS BLVD.,1000,N,N,A,-,Y,NA,NA,5,NA,NA,NA,NA,NA,N,Y,4,0,1,3,A,-,03,22350,NA,N,C,C,A,A,H,-,A,D,0,NA,NA,NA,NA,Y,NA,D,22,0,0,1,0,0,0,0,0,0,-,-,34.25973,-118.4381,LOS ANGELES,LOS ANGELES,-118.43812293,34.25970624
90520305,2017,2017-08-10,9575,2017-08-05,1435,020918,NA,6,2,7,1942,0,1,3,NA,2,043,SR-134 E/B (VENTURA FREEWAY),SAN FERNANDO RD.,1848,W,N,A,-,Y,NA,NA,134,NA,NA,NA,NA,NA,E,N,4,0,1,2,A,-,07,21658,A,N,B,C,A,A,H,-,A,D,0,NA,NA,NA,Y,Y,NA,F,26,0,0,1,0,0,0,0,0,0,-,-,34.15242,-118.28116,LOS ANGELES,LOS ANGELES,-118.28116136,34.15242614
90520306,2017,2017-08-10,9530,2017-08-02,1430,014413,NA,3,2,9,1900,0,3,5,NA,2,001,ALAMEAD STREET (8100 BLOCK),NADEAU ST.,410,S,N,A,-,N,NA,NA,NA,NA,NA,NA,NA,NA,NA,Y,4,0,1,2,A,-,03,22350,NA,N,C,C,A,A,H,-,A,D,0,NA,NA,NA,Y,Y,NA,F,25,0,0,1,0,0,0,0,0,0,-,-,33.96584,-118.23291,LOS ANGELES,UNINCORPORATED,-118.23297514,33.96634428
90520321,2017,2017-08-10,9575,2017-08-04,0630,020918,NA,5,1,9,1900,0,2,4,NA,2,024,WOODBURY RD. (10 BLOCK),FAIR OAKS AVE.,0,NA,Y,A,-,N,NA,NA,NA,NA,NA,NA,NA,NA,NA,N,3,0,1,2,A,-,10,21950,A,F,G,B,B,A,H,-,A,A,0,Y,NA,NA,NA,Y,NA,-,99,0,1,0,0,1,0,0,0,0,-,-,34.18332,-118.15103,LOS ANGELES,UNINCORPORATED,-118.15083003,34.18324009
90520324,2017,2017-08-10,9575,2017-08-09,1123,020918,NA,3,1,7,1942,0,1,3,NA,2,043,SR-134 E/B (VENTURA FREEWAY),VICTORY BLVD.,1584,W,N,A,-,Y,NA,NA,134,NA,NA,NA,NA,NA,E,Y,4,0,1,2,A,-,03,22350,NA,N,C,C,A,A,H,-,A,D,0,NA,NA,NA,NA,Y,NA,A,01,0,0,1,0,0,0,0,0,0,-,-,34.15564,-118.299,LOS ANGELES,LOS ANGELES,-118.29895614,34.15591011
90520358,2017,2017-08-10,9565,2017-08-05,1000,021524,NA,6,1,6,1933,0,1,1,NA,2,060,I-405 N/B (SAN DIEGO FREEWAY),ARBOR VITAE STREET,1000,S,N,A,-,Y,NA,NA,405,NA,NA,NA,NA,NA,N,Y,4,0,4,3,A,-,03,22350,NA,N,C,C,A,A,H,-,A,D,0,NA,NA,NA,NA,Y,NA,A,07,0,0,4,0,0,0,0,0,0,-,-,33.95032,-118.36865,LOS ANGELES,INGLEWOOD,-118.36861908,33.95032726
90520370,2017,2017-08-10,9535,2017-08-03,0830,019056,NA,4,1,9,1900,0,1,1,NA,2,111,I-10 (SAN BERNARDINO FREEWAY) W/B HOT,HERBERT AVE,500,E,N,A,-,Y,NA,NA,NA,NA,NA,NA,NA,NA,NA,N,4,0,2,4,A,-,03,22350,NA,N,C,C,A,A,H,-,A,D,0,NA,NA,NA,NA,Y,NA,A,01,0,0,2,0,0,0,0,0,0,-,-,34.05795,-118.11801,LOS ANGELES,UNINCORPORATED,-118.18184379,34.05713718
90520374,2017,2017-09-11,9580,2017-03-04,1535,020400,NA,6,2,9,1900,0,1,3,NA,1,121,SR-1 N/B (PACIFIC COAST HWY.),BEACH ACCESS RD,149,W,N,A,-,Y,NA,NA,1,NA,NA,NA,NA,NA,N,Y,1,1,1,2,A,-,08,22107,NA,N,D,C,A,A,H,-,A,D,0,NA,NA,Y,NA,Y,NA,A,01,1,0,0,0,0,0,0,1,1,-,-,34.04602,-118.93246,LOS ANGELES,UNINCORPORATED,-118.93248814,34.04609578
90520411,2017,2017-08-10,9525,2017-08-05,2127,020719,NA,6,2,9,1900,0,3,5,NA,2,003,AZUSA AVE. N/B (BLOCK #400),TEMPLE AVE.,350,N,N,B,-,N,NA,NA,NA,NA,NA,NA,NA,NA,NA,Y,4,0,2,2,A,-,09,21801,A,F,A,C,A,A,H,-,C,D,0,NA,NA,NA,NA,Y,NA,D,22,0,0,2,0,0,0,0,0,0,-,-,34.02566,-117.91721,LOS ANGELES,UNINCORPORATED,-117.91733585,34.02559036
90520447,2017,2017-08-10,9535,2017-08-08,1410,021773,NA,2,2,5,1959,0,1,1,NA,2,400,I-10 (SAN BERNARDINO FREEWAY) E/B,SAN GABRIEL BLVD,1200,W,N,A,-,Y,NA,NA,10,NA,NA,NA,NA,NA,E,N,4,0,1,3,A,-,03,22350,NA,N,C,C,A,A,H,-,A,D,0,NA,NA,NA,NA,Y,NA,A,01,0,0,1,0,0,0,0,0,0,-,-,34.07185,-118.0956,LOS ANGELES,ROSEMEAD,-118.09559905,34.07180174
90520503,2017,2017-08-10,9525,2017-08-07,0705,015443,NA,1,1,6,1955,0,1,3,NA,2,606,SR-60 E/B (POMONA FWY),RESERVOIR ST,100,W,N,A,-,Y,NA,NA,60,NA,NA,NA,NA,NA,E,Y,4,0,1,2,A,-,03,22350,NA,N,C,C,A,A,H,-,A,D,0,NA,NA,NA,NA,Y,NA,A,01,0,0,1,0,0,0,0,0,0,-,-,34.02486,-117.73236,LOS ANGELES,POMONA,-117.7323633,34.02497647
90520531,2017,2017-08-10,9565,2017-08-06,2040,021640,NA,7,2,4,1918,0,1,1,NA,2,061,I-405 N/B (SAN DIEGO FWY),HOWARD HUGHES PKY,1400,N,N,A,-,Y,NA,NA,405,NA,NA,NA,NA,NA,N,Y,3,0,1,3,A,-,03,22350,NA,N,C,C,A,A,H,-,D,D,0,NA,NA,NA,NA,Y,NA,A,01,0,1,0,0,0,0,0,0,0,-,-,33.97738,-118.38876,LOS ANGELES,CULVER CITY,-118.38873712,33.97742874
90520569,2017,2017-08-10,9550,2017-08-04,0415,021196,NA,5,3,9,1900,0,1,1,NA,2,650,I-605 S/B,SLAUSON AVENUE,1250,N,N,A,-,Y,NA,NA,NA,NA,NA,NA,NA,NA,NA,Y,3,0,1,2,A,-,07,21658,A,N,B,C,A,A,H,-,C,D,0,NA,NA,NA,Y,Y,NA,D,22,0,1,0,0,0,0,0,0,0,-,-,33.95309,-118.09009,LOS ANGELES,UNINCORPORATED,-118.08178832,33.97033349
9052057,2019,2020-02-27,1900,2019-09-26,0349,614431,0263,4,5,4,1917,0,0,0,NA,0,26T,ELIZABETH ST,OTIS AV,0,NA,Y,A,-,N,NA,NA,NA,NA,NA,NA,NA,NA,NA,N,4,0,1,2,A,-,09,21802,A,N,D,C,A,A,H,-,C,D,0,NA,NA,NA,NA,Y,NA,A,01,0,0,1,0,0,0,0,0,0,-,-,NA,NA,LOS ANGELES,CUDAHY,-118.1948699951172,33.964111328125
90520584,2017,2017-08-10,9530,2017-07-18,1158,021689,NA,2,1,9,1900,0,3,5,NA,2,002,WILMINGTON AVE.(11700 BLOCK),I-105 E/B (GLENN ANDERSON FWY),151,N,N,A,-,Y,NA,NA,NA,NA,NA,NA,NA,NA,NA,N,3,0,1,2,A,-,01,23152,A,N,C,C,A,A,H,-,A,D,0,NA,NA,NA,NA,Y,NA,A,01,0,1,0,0,0,0,0,0,0,-,-,33.92757,-118.23917,LOS ANGELES,UNINCORPORATED,NA,NA
90520587,2017,2017-08-10,9530,2017-08-03,1215,019338,NA,4,1,7,1942,0,1,1,NA,2,400,I-405 N/B (SAN DIEGO FREEWAY),NORMANDIE AVE.,1056,E,N,A,-,Y,NA,NA,405,NA,NA,NA,NA,NA,N,N,4,0,1,2,A,-,03,22350,NA,N,C,C,A,A,H,-,A,D,0,NA,NA,NA,NA,Y,NA,A,01,0,0,1,0,0,0,0,0,0,-,-,33.85991,-118.29456,LOS ANGELES,LOS ANGELES,-118.29456001,33.8599223
90520600,2017,2017-08-10,9550,2017-07-31,0355,020861,NA,1,3,9,1900,0,3,5,NA,2,005,SR-60 E/B FROM NOGALES STREET N/B,LABIN COURT,290,N,N,A,-,Y,NA,NA,60,NA,NA,NA,R,NA,E,N,4,0,1,2,A,-,11,21954,A,F,G,B,D,A,H,-,C,D,0,Y,NA,NA,NA,Y,NA,N,60,0,0,1,0,1,0,0,0,0,-,-,33.99275,-117.88865,LOS ANGELES,UNINCORPORATED,-117.88865,33.99275
90520607,2017,2017-08-10,9565,2017-08-07,1150,021524,NA,1,1,7,1942,0,1,1,NA,2,061,I-405 N/B (SAN DIEGO FREEWAY),SEPULVEDA BOULEVARD,300,N,N,A,-,Y,NA,NA,405,NA,NA,NA,NA,NA,N,Y,3,0,1,2,A,-,03,22350,NA,N,C,C,A,A,H,-,A,D,0,NA,NA,NA,NA,Y,NA,A,01,0,1,0,0,0,0,0,0,0,-,-,33.9831,-118.39527,LOS ANGELES,LOS ANGELES,-118.39529806,33.98307779
9052061,2019,2020-02-27,1900,2019-09-26,1600,634170,0244,4,5,3,1914,0,0,0,NA,0,27T,ATLANTIC BL,JARDINE ST,30,N,N,A,-,N,NA,NA,NA,NA,NA,NA,NA,NA,NA,N,4,0,1,3,A,-,03,22350,NA,N,C,C,A,A,H,-,A,A,0,NA,NA,NA,NA,Y,NA,-,NA,0,0,1,0,0,0,0,0,0,-,-,NA,NA,LOS ANGELES,COMMERCE,-118.1649169921875,34.00495147705078
90520623,2017,2017-08-10,9545,2017-08-02,1610,018862,NA,3,2,6,1950,0,1,3,NA,2,021,SR-14 N/B,AVENUE O-8,950,N,N,B,-,Y,NA,NA,14,NA,NA,NA,NA,NA,N,Y,4,0,1,1,A,-,08,22107,NA,N,E,I,A,A,H,-,A,D,0,NA,NA,NA,NA,Y,NA,A,01,0,0,1,0,0,0,0,0,0,-,-,34.61165,-118.15292,LOS ANGELES,PALMDALE,-118.15289644,34.61165615
9052065,2019,2020-02-27,1900,2019-09-27,1039,533148,0262,5,5,4,1917,0,0,0,NA,0,26A,CLARA ST,WALKER AV,0,NA,N,B,-,N,NA,NA,NA,NA,NA,NA,NA,NA,NA,N,4,0,1,2,A,-,09,21801,A,N,D,C,A,A,H,-,A,D,0,NA,NA,NA,NA,Y,NA,A,01,0,0,1,0,0,0,0,0,0,-,-,NA,NA,LOS ANGELES,CUDAHY,-118.17452239990234,33.964271545410156
90520652,2017,2017-08-10,9530,2017-07-20,1745,020583,NA,4,2,7,1942,0,1,1,NA,2,110,I-110 N/B (HARBOR FREEWAY),ROSECRANS AVE.,500,S,N,A,-,Y,NA,NA,110,NA,NA,NA,NA,NA,N,N,3,0,1,2,A,-,07,21658,A,F,B,C,A,A,H,-,A,D,0,NA,NA,NA,NA,Y,NA,-,99,0,1,0,0,0,0,0,0,0,-,-,33.89834,-118.28628,LOS ANGELES,LOS ANGELES,-118.28648275,33.89831919