CASE_ID,ACCIDENT_YEAR,PROC_DATE,JURIS,COLLISION_DATE,COLLISION_TIME,OFFICER_ID,REPORTING_DISTRICT,DAY_OF_WEEK,CHP_SHIFT,POPULATION,CNTY_CITY_LOC,SPECIAL_COND,BEAT_TYPE,CHP_BEAT_TYPE,CITY_DIVISION_LAPD,CHP_BEAT_CLASS,BEAT_NUMBER,PRIMARY_RD,SECONDARY_RD,DISTANCE,DIRECTION,INTERSECTION,WEATHER_1,WEATHER_2,STATE_HWY_IND,CALTRANS_COUNTY,CALTRANS_DISTRICT,STATE_ROUTE,ROUTE_SUFFIX,POSTMILE_PREFIX,POSTMILE,LOCATION_TYPE,RAMP_INTERSECTION,SIDE_OF_HWY,TOW_AWAY,COLLISION_SEVERITY,NUMBER_KILLED,NUMBER_INJURED,PARTY_COUNT,PRIMARY_COLL_FACTOR,PCF_CODE_OF_VIOL,PCF_VIOL_CATEGORY,PCF_VIOLATION,PCF_VIOL_SUBSECTION,HIT_AND_RUN,TYPE_OF_COLLISION,MVIW,PED_ACTION,ROAD_SURFACE,ROAD_COND_1,ROAD_COND_2,LIGHTING,CONTROL_DEVICE,CHP_ROAD_TYPE,PEDESTRIAN_ACCIDENT,BICYCLE_ACCIDENT,MOTORCYCLE_ACCIDENT,TRUCK_ACCIDENT,NOT_PRIVATE_PROPERTY,ALCOHOL_INVOLVED,STWD_VEHTYPE_AT_FAULT,CHP_VEHTYPE_AT_FAULT,COUNT_SEVERE_INJ,COUNT_VISIBLE_INJ,COUNT_COMPLAINT_PAIN,COUNT_PED_KILLED,COUNT_PED_INJURED,COUNT_BICYCLIST_KILLED,COUNT_BICYCLIST_INJURED,COUNT_MC_KILLED,COUNT_MC_INJURED,PRIMARY_RAMP,SECONDARY_RAMP,LATITUDE,LONGITUDE,COUNTY,CITY,POINT_X,POINT_Y
90523177,2017,2017-08-21,9550,2017-08-10,1825,020932,NA,4,2,9,1900,0,1,1,NA,2,652,INTERSTATE 605 SOUTHBOUND,DEL AMO BOULEVARD,1600,N,N,A,-,Y,NA,NA,NA,NA,NA,NA,NA,NA,NA,N,4,0,1,2,A,-,03,22350,NA,N,C,C,A,A,H,-,A,D,0,NA,NA,NA,NA,Y,NA,A,08,0,0,1,0,0,0,0,0,0,-,-,33.85015,-118.09442,LOS ANGELES,UNINCORPORATED,-118.09431242,33.85009304
90523179,2017,2017-08-14,9550,2017-08-10,2015,020932,NA,4,2,6,1949,0,1,1,NA,2,651,I 605 SOUTHBOUND,ALONDRA BOULEVARD,2500,N,N,A,-,Y,NA,NA,605,NA,NA,NA,NA,NA,S,Y,4,0,1,1,A,-,08,22107,NA,N,E,I,A,A,H,-,E,D,0,NA,NA,NA,NA,Y,NA,A,01,0,0,1,0,0,0,0,0,0,-,-,33.89449,-118.10507,LOS ANGELES,NORWALK,-118.10497013,33.8944935
90523180,2017,2017-08-14,9590,2017-08-04,2050,021111,NA,5,2,7,1942,0,1,1,NA,2,065,I-10 W/B (SANTA MONICA FREEWAY),ALAMEDA STREET,50,W,N,A,-,Y,NA,NA,10,NA,NA,NA,NA,NA,W,N,4,0,2,2,A,-,03,22350,NA,N,C,C,A,A,H,-,C,D,0,NA,NA,NA,NA,Y,NA,A,01,0,0,2,0,0,0,0,0,0,-,-,34.02451,-118.23984,LOS ANGELES,LOS ANGELES,-118.23984877,34.02453136
90523181,2017,2017-08-14,9565,2017-08-05,1238,021576,NA,6,1,9,1900,0,2,4,NA,2,024,IMPERIAL HWY. EASTBOUND,WILTON PL.,30,W,N,A,-,N,NA,NA,NA,NA,NA,NA,NA,NA,NA,N,4,0,1,2,A,-,03,22350,NA,N,C,C,A,A,H,-,A,A,0,NA,NA,NA,NA,Y,NA,D,22,0,0,1,0,0,0,0,0,0,-,-,33.9309,-118.31355,LOS ANGELES,UNINCORPORATED,-118.31354871,33.93100055
90523188,2017,2017-08-14,9590,2017-08-05,0253,021190,NA,6,3,7,1942,0,1,1,NA,2,062,I-10 E/B (SMF),HOOVER STREET,1000,W,N,A,-,Y,NA,NA,10,NA,NA,NA,NA,NA,E,Y,3,0,1,1,A,-,08,22107,NA,N,E,I,A,A,H,-,C,D,0,NA,NA,NA,NA,Y,NA,A,01,0,1,0,0,0,0,0,0,0,-,-,34.03685,-118.28674,LOS ANGELES,LOS ANGELES,-118.28673959,34.03679736
90523190,2017,2017-08-15,9565,2017-08-06,1703,020468,NA,7,2,5,1965,0,1,1,NA,2,081,I-10 E/B (SANTA MONICA FREEWAY),CLOVERFIELD BLVD,1290,E,N,A,-,Y,NA,NA,10,NA,NA,NA,NA,NA,E,Y,4,0,2,4,A,-,03,22350,NA,N,C,C,A,A,H,-,A,D,0,NA,NA,NA,NA,Y,NA,A,01,0,0,2,0,0,0,0,0,0,-,-,34.02568,-118.46499,LOS ANGELES,SANTA MONICA,-118.46495664,34.02553407
90523193,2017,2017-08-15,9565,2017-08-13,1315,015275,NA,7,1,7,1942,0,1,1,NA,2,063,I-405 S/B (SAN DIEGO FREEWAY),OLYMPIC BOULEVARD,528,N,N,B,-,Y,NA,NA,405,NA,NA,NA,NA,NA,S,Y,4,0,2,3,A,-,03,22350,NA,N,C,C,A,A,H,-,A,D,0,NA,NA,NA,NA,Y,NA,A,07,0,0,2,0,0,0,0,0,0,-,-,34.04285,-118.44317,LOS ANGELES,LOS ANGELES,-118.44322577,34.04280193
90523196,2017,2017-08-15,9590,2017-08-05,1540,021705,NA,6,2,7,1942,0,1,1,NA,2,050,I-110 N/B (HARBOR FREEWAY),MANCHESTER AVE.,1000,S,N,A,-,Y,NA,NA,110,NA,NA,NA,NA,NA,N,N,4,0,2,4,A,-,03,22350,NA,N,C,C,A,A,H,-,A,D,0,NA,NA,NA,NA,Y,NA,A,01,0,0,2,0,0,0,0,0,0,-,-,33.95595,-118.28068,LOS ANGELES,LOS ANGELES,-118.28071583,33.95594962
90523199,2017,2017-08-15,9590,2017-08-05,1255,021767,NA,6,1,7,1942,0,1,3,NA,2,095,SR-2 W/B (GLENDALE FREEWAY),SAN FERNANDO DR,100,E,N,A,-,Y,NA,NA,2,NA,NA,NA,NA,NA,W,Y,4,0,2,4,A,-,03,22350,NA,N,C,C,A,A,H,-,A,D,0,NA,NA,NA,NA,Y,NA,A,07,0,0,2,0,0,0,0,0,0,-,-,34.11346,-118.24411,LOS ANGELES,LOS ANGELES,-118.24410515,34.11345229
90523206,2017,2017-08-15,9590,2017-08-06,0125,021201,NA,7,3,7,1942,0,1,1,NA,2,051,I-110 S/B (HARBOR FREEWAY),COLDEN AVE.,300,N,N,A,-,Y,NA,NA,110,NA,NA,NA,NA,NA,S,Y,3,0,6,2,A,-,07,21658,A,F,B,C,A,A,H,-,C,D,0,NA,NA,NA,NA,Y,NA,-,99,0,4,2,0,0,0,0,0,0,-,-,33.94999,-118.28001,LOS ANGELES,LOS ANGELES,-118.28002955,33.94998604
90523214,2017,2017-08-15,9580,2017-08-02,1931,019952,NA,3,2,7,1942,0,1,2,NA,2,103,US-101 S/B (VENTURA FREEWAY),VAN NUYS BLVD,1320,N,N,A,-,Y,NA,NA,101,NA,NA,NA,NA,NA,S,Y,3,0,3,4,A,-,03,22350,NA,N,C,C,A,A,H,-,A,D,0,NA,NA,NA,NA,Y,NA,A,01,0,1,2,0,0,0,0,0,0,-,-,34.158,-118.4558,LOS ANGELES,LOS ANGELES,-118.45581795,34.15792487
90523217,2017,2017-08-15,9565,2017-08-07,1840,021163,NA,1,2,5,1965,0,1,1,NA,2,081,I-10 E/B (SANTA MONICA FREEWAY),STEWART STREET,293,W,N,A,-,Y,NA,NA,10,NA,NA,NA,NA,NA,E,N,4,0,1,2,A,-,07,21658,A,N,B,C,A,A,H,-,B,D,0,NA,NA,Y,NA,Y,NA,A,01,0,0,1,0,0,0,0,0,1,-,-,34.02593,-118.46379,LOS ANGELES,SANTA MONICA,-118.4637669,34.02584368
90523220,2017,2017-08-15,9550,2017-08-05,2340,021150,NA,6,3,6,1949,0,1,A,NA,2,787,12901 HOXIE AVENUE,I-605,162,W,N,A,-,N,NA,NA,NA,NA,NA,NA,NA,NA,NA,Y,2,0,3,1,A,-,12,22450,A,N,E,I,A,A,H,-,C,D,0,NA,NA,NA,NA,Y,NA,A,07,3,0,0,0,0,0,0,0,0,-,-,33.91274,-118.10574,LOS ANGELES,NORWALK,NA,NA
90523229,2017,2017-08-15,9565,2017-08-08,1415,019420,NA,2,2,7,1942,0,1,1,NA,2,082,I-10 E/B (SANTA MONICA FWY),I-405 S/B,900,W,N,A,-,Y,NA,NA,10,NA,NA,NA,NA,NA,E,N,4,0,1,2,A,-,03,22350,NA,N,C,C,A,A,H,-,A,D,0,NA,NA,NA,NA,Y,NA,A,07,0,0,1,0,0,0,0,0,0,-,-,34.0304,-118.43841,LOS ANGELES,LOS ANGELES,-118.43842381,34.03050535
9052326,2019,2020-03-02,1942,2019-12-12,1910,43320,0401,4,5,7,1942,0,0,0,D,0,A56,RT 10,RT 5,0,NA,Y,A,-,Y,NA,NA,NA,NA,NA,NA,NA,NA,NA,N,3,0,1,2,A,-,06,21751,NA,N,B,D,A,A,H,-,C,D,0,NA,NA,Y,NA,Y,NA,A,01,0,1,0,0,0,0,0,0,0,-,-,NA,NA,LOS ANGELES,LOS ANGELES,-118.3993911743164,34.029388427734375
90523263,2017,2017-08-15,9525,2017-08-03,2300,020989,NA,4,3,9,1900,0,3,5,NA,2,005,GLENDORA MOUNTAIN RD.,BIG DALTON CANYON RD.,17424,N,N,A,-,N,NA,NA,NA,NA,NA,NA,NA,NA,NA,Y,4,0,1,1,A,-,03,22350,NA,N,E,I,A,A,H,-,D,D,0,NA,NA,NA,NA,Y,NA,A,01,0,0,1,0,0,0,0,0,0,-,-,34.16672,-117.84756,LOS ANGELES,UNINCORPORATED,-117.84730858,34.16705575
90523279,2017,2017-08-15,9525,2017-08-05,0216,020989,NA,6,3,4,1905,0,1,1,NA,2,204,I-210 E/B TO VERNON AVE.,VERNON AVE,355,W,N,A,-,Y,NA,NA,210,NA,NA,NA,R,NA,E,Y,4,0,1,1,A,-,01,23152,A,N,E,J,A,A,H,-,C,D,0,NA,NA,NA,NA,Y,Y,A,01,0,0,1,0,0,0,0,0,0,-,-,34.12657,-117.91722,LOS ANGELES,AZUSA,-117.91722,34.12657
90523288,2016,2017-08-15,9590,2016-09-14,0309,019363,NA,3,3,7,1942,0,1,S,NA,2,904,US-101 (SANTA ANA FREEWAY) N/B,4TH STREET NORTH EDGE,40,S,N,B,-,Y,NA,NA,101,NA,NA,NA,NA,NA,N,N,1,1,0,2,A,-,00,21960,NA,N,G,B,E,A,H,-,D,D,0,Y,NA,NA,NA,Y,NA,N,60,0,0,0,1,0,0,0,0,0,-,-,34.043,-118.22101,LOS ANGELES,LOS ANGELES,-118.22100263,34.04299981
9052330,2019,2020-03-03,1965,2019-06-08,1029,4009,0B2C,6,5,5,1965,0,0,0,NA,0,B002,17TH ST,OAK ST,0,NA,Y,A,-,N,NA,NA,NA,NA,NA,NA,NA,NA,NA,N,3,0,1,2,A,-,12,22450,A,N,D,C,A,A,H,-,A,A,0,NA,NA,Y,NA,Y,NA,A,01,0,1,0,0,0,0,0,0,1,-,-,37.002838134765625,-120.9885025024414,LOS ANGELES,SANTA MONICA,-118.46607971191406,34.011688232421875
90523334,2017,2017-09-08,9530,2017-08-03,1725,021191,NA,4,2,5,1915,0,3,5,NA,2,002,COMPTON AVENUE (700 BLOCK),AVALON BLVD.,600,E,N,A,-,N,NA,NA,NA,NA,NA,NA,NA,NA,NA,N,4,0,1,2,A,-,21,22106,NA,N,B,C,A,A,H,-,A,D,0,NA,NA,NA,NA,Y,NA,A,01,0,0,1,0,0,0,0,0,0,-,-,33.89526,-118.26353,LOS ANGELES,COMPTON,-118.26340771,33.8952494
9052334,2019,2020-05-29,1965,2019-06-10,1216,3693,0B1A,1,5,5,1965,0,0,0,NA,0,B001,PACIFIC COAST HWY,PACIFIC COAST HWY 200,129,N,N,A,-,Y,LA,7,1,-,-,36.79,H,-,S,N,4,0,4,3,A,-,03,22350,NA,N,C,C,A,A,H,-,A,A,0,NA,NA,NA,NA,Y,NA,A,01,0,0,4,0,0,0,0,0,0,-,-,NA,NA,LOS ANGELES,SANTA MONICA,-118.5158233642578,34.02619552612305
90523341,2017,2017-08-15,9540,2017-07-27,1245,017076,NA,4,1,9,1900,0,1,1,NA,2,513,I-5 S/B (GOLDEN STATE FREEWAY),SMOKEY BEAR RD,372,S,N,A,-,Y,NA,NA,5,NA,NA,NA,NA,NA,S,Y,2,0,5,4,A,-,03,22350,NA,N,C,C,A,A,H,-,A,D,0,NA,NA,NA,NA,Y,NA,A,01,2,1,2,0,0,0,0,0,0,-,-,34.70736,-118.79595,LOS ANGELES,UNINCORPORATED,-118.79600501,34.70733557
90523344,2017,2017-08-15,9530,2017-08-04,1540,020923,NA,5,2,7,1941,0,1,1,NA,2,420,I-405 S/B (SAN DIEGO FREEWAY),ATLANTIC AVE.,500,N,N,A,-,Y,NA,NA,405,NA,NA,NA,NA,NA,S,N,4,0,1,2,A,-,03,22350,NA,N,C,C,A,A,H,-,A,D,0,NA,NA,NA,NA,Y,NA,A,01,0,0,1,0,0,0,0,0,0,-,-,33.81555,-118.18615,LOS ANGELES,LONG BEACH,-118.1861249,33.81562616
9052335,2019,2020-05-29,1965,2019-06-24,0952,3178,0B1G,1,5,5,1965,0,0,0,NA,0,B001,RT 10,4TH ST N,5,E,N,B,-,Y,LA,7,1,-,R,34.686,R,4,N,N,3,0,1,2,A,-,10,21950,A,N,G,B,B,A,H,-,A,A,0,Y,NA,NA,NA,Y,NA,A,07,0,1,0,0,1,0,0,0,0,WF,-,37.00408172607422,-121.01428985595705,LOS ANGELES,SANTA MONICA,-118.48756408691406,34.01386642456055
90523356,2017,2017-08-15,9540,2017-08-07,2226,021308,NA,1,3,7,1942,0,1,1,NA,1,502,I-5 N/B (GOLDEN STATE FREEWAY),SR-14,2640,S,N,A,-,Y,NA,NA,5,NA,NA,NA,NA,NA,N,Y,4,0,2,2,A,-,04,21703,NA,N,C,C,A,A,D,-,C,A,0,NA,NA,NA,NA,Y,NA,A,01,0,0,2,0,0,0,0,0,0,-,-,34.3267,-118.5042,LOS ANGELES,LOS ANGELES,-118.50424154,34.32667116
90523360,2017,2017-08-15,9530,2017-08-04,1718,020923,NA,5,2,7,1941,0,1,1,NA,2,420,I-405 N/B (SAN DIEGO FREEWAY),TEMPLE AVE.,50,N,N,A,-,Y,NA,NA,405,NA,NA,NA,NA,NA,N,Y,4,0,1,3,A,-,03,22350,NA,N,C,C,A,A,H,-,A,D,0,NA,NA,NA,NA,Y,NA,A,07,0,0,1,0,0,0,0,0,0,-,-,33.811,-118.16,LOS ANGELES,LONG BEACH,-118.16006418,33.81089151
90523368,2017,2017-08-15,9535,2017-08-04,1925,017954,NA,5,2,5,1959,0,1,3,NA,2,621,SR-60 W/B (POMONA FREEWAY),SAN GABRIEL BLVD,1000,E,N,A,-,Y,NA,NA,60,NA,NA,NA,NA,NA,W,N,4,0,3,3,A,-,03,22350,NA,N,C,C,A,A,H,-,A,D,0,NA,NA,NA,NA,Y,NA,A,01,0,0,3,0,0,0,0,0,0,-,-,34.04097,-118.07512,LOS ANGELES,ROSEMEAD,-118.07510926,34.04089529
90523376,2017,2017-08-15,9530,2017-08-03,0810,021610,NA,4,1,5,1977,0,1,1,NA,2,110,I-110 S/B TO I-405 N/B,190TH ST.,560,S,N,A,-,Y,NA,NA,110,NA,NA,NA,R,NA,S,Y,4,0,1,3,A,-,07,21658,A,F,B,C,A,A,H,-,A,D,0,NA,NA,NA,NA,Y,NA,-,99,0,0,1,0,0,0,0,0,0,-,-,33.85943,-118.28547,LOS ANGELES,CARSON,-118.28547,33.85943
90523381,2017,2017-08-15,9540,2017-08-10,0715,014339,NA,4,1,9,1900,0,1,1,NA,2,510,I-5 N/B (GOLDEN STATE FREEWAY),WHITAKER PEAK RD,5650,N,N,A,-,Y,NA,NA,5,NA,NA,NA,NA,NA,N,Y,2,0,1,1,A,-,03,22350,NA,N,E,J,A,A,C,-,A,D,0,NA,NA,NA,NA,Y,NA,D,22,1,0,0,0,0,0,0,0,0,-,-,34.59841,-118.71092,LOS ANGELES,UNINCORPORATED,-118.71097557,34.59841567
90523384,2017,2017-09-01,9545,2017-08-07,0745,013963,NA,1,1,9,1900,0,3,5,NA,2,001,110TH ST  W,AVENUE K,350,N,N,A,-,N,NA,NA,NA,NA,NA,NA,NA,NA,NA,Y,4,0,3,2,A,-,08,22107,NA,N,D,C,A,A,H,-,A,D,0,NA,NA,NA,Y,Y,NA,G,25,0,0,3,0,0,0,0,0,0,-,-,34.6759,-118.32419,LOS ANGELES,UNINCORPORATED,-118.32418,34.67558986
90523386,2017,2017-08-15,9530,2017-08-04,1020,020923,NA,5,1,7,1941,0,1,1,NA,2,430,I-405 N/B (SAN DIEGO FREEWAY),PALO VERDE AVE.,300,S,N,A,-,Y,NA,NA,405,NA,NA,NA,NA,NA,N,Y,3,0,1,2,A,-,03,22350,NA,N,C,C,A,A,H,-,A,D,0,NA,NA,Y,NA,Y,NA,C,02,0,1,0,0,0,0,0,0,1,-,-,33.79334,-118.10314,LOS ANGELES,LONG BEACH,-118.10306524,33.79343332
9052339,2019,2020-05-27,1965,2019-03-17,1102,4003,0B1B,7,5,5,1965,0,0,0,NA,0,B001,PACIFIC COAST HWY,CALIFORNIA INCLINE,1718,S,N,A,-,Y,LA,7,1,-,-,35.78,H,-,S,N,2,0,1,1,A,-,08,22107,NA,N,H,A,A,A,H,-,A,A,0,NA,NA,Y,NA,Y,NA,C,02,1,0,0,0,0,0,0,0,1,-,-,NA,NA,LOS ANGELES,SANTA MONICA,-118.50252532958984,34.01688766479492
90523395,2017,2017-08-15,9530,2017-08-03,0630,021771,NA,4,1,9,1900,0,3,5,NA,2,001,91ST ST.,HOOPER AVE.,0,NA,Y,A,-,N,NA,NA,NA,NA,NA,NA,NA,NA,NA,N,4,0,2,2,A,-,09,21802,A,N,D,C,A,A,H,-,A,A,0,NA,NA,NA,NA,Y,NA,A,01,0,0,2,0,0,0,0,0,0,-,-,33.9539,-118.254,LOS ANGELES,UNINCORPORATED,-118.25405005,33.9538901
9052341,2019,2020-03-18,1965,2019-05-04,1837,3553,0B3A,6,5,5,1965,0,0,0,NA,0,B003,SANTA MONICA PL N,HARVARD ST,128,E,N,A,-,N,NA,NA,NA,NA,NA,NA,NA,NA,NA,NA,2,0,1,2,C,-,18,NA,NA,N,G,B,D,A,H,-,A,D,0,Y,NA,NA,NA,Y,NA,-,-,1,0,0,0,1,0,0,0,0,-,-,NA,NA,LOS ANGELES,SANTA MONICA,-118.47225952148438,34.03495407104492
9052342,2019,2020-03-18,1965,2019-05-09,1220,3178,0B3F,4,5,5,1965,0,0,0,NA,0,B003,26TH ST,CLOVERFIELD BL,492,E,N,A,-,N,NA,NA,NA,NA,NA,NA,NA,NA,NA,NA,4,0,1,2,A,-,11,21950,B,F,G,B,E,A,H,-,A,A,0,Y,NA,NA,NA,Y,NA,N,60,0,0,1,0,1,0,0,0,0,-,-,37.01464080810547,-120.9968490600586,LOS ANGELES,SANTA MONICA,-118.47064971923828,34.025699615478516
9052343,2019,2020-03-24,1965,2019-05-17,1102,4003,0B2C,5,5,5,1965,0,0,0,NA,0,B002,23RD ST,DEWEY ST,61,N,N,A,-,N,NA,NA,NA,NA,NA,NA,NA,NA,NA,NA,4,0,2,2,A,-,03,22350,NA,N,C,C,A,A,H,-,A,A,0,NA,NA,NA,NA,Y,NA,A,01,0,0,2,0,0,0,0,0,0,-,-,NA,NA,LOS ANGELES,SANTA MONICA,-118.45718383789064,34.00968933105469
90523437,2017,2017-08-15,9545,2017-08-07,0811,018353,NA,1,1,9,1900,0,3,5,NA,2,003,SIERRA HIGHWAY,ANGELES FOREST HWY,850,N,N,A,-,N,NA,NA,NA,NA,NA,NA,NA,NA,NA,Y,3,0,1,1,A,-,08,22107,NA,N,F,A,A,A,H,-,A,D,0,NA,NA,Y,NA,Y,NA,C,02,0,1,0,0,0,0,0,0,1,-,-,34.51139,-118.10934,LOS ANGELES,UNINCORPORATED,-118.10918203,34.51079697
9052344,2019,2020-03-18,1965,2019-05-19,2139,3993,0B1L,7,5,5,1965,0,0,0,NA,0,B001,2ND ST,SANTA MONICA BL,0,NA,-,A,-,N,NA,NA,NA,NA,NA,NA,NA,NA,NA,NA,3,0,2,3,A,-,03,22350,NA,N,G,B,C,A,H,-,C,D,0,Y,NA,NA,NA,Y,NA,A,01,0,2,0,0,2,0,0,0,0,-,-,NA,NA,LOS ANGELES,SANTA MONICA,-118.4970703125,34.0148811340332
90523440,2017,2017-08-15,9540,2017-08-08,1421,017076,NA,2,2,9,1900,0,1,1,NA,2,509,I-5 S/B (GOLDEN STATE FREEWAY),PARKER ROAD,3168,S,N,A,-,Y,NA,NA,5,NA,NA,NA,NA,NA,S,Y,3,0,1,2,A,-,07,21658,A,N,E,C,A,A,H,-,A,D,0,NA,NA,NA,NA,Y,NA,A,07,0,1,0,0,0,0,0,0,0,-,-,34.48062,-118.61475,LOS ANGELES,UNINCORPORATED,-118.61461374,34.48062635
9052345,2019,2020-03-18,1965,2019-05-02,2215,3158,0B1F,4,5,5,1965,0,0,0,NA,0,B001,NIELSON WY,PIER AV,475,N,N,A,-,N,NA,NA,NA,NA,NA,NA,NA,NA,NA,NA,3,0,1,2,A,-,10,21950,A,F,G,B,C,A,H,-,C,A,0,Y,NA,NA,NA,Y,NA,A,01,0,1,0,0,1,0,0,0,0,-,-,NA,NA,LOS ANGELES,SANTA MONICA,-118.48171997070313,33.999122619628906
90523456,2017,2017-08-15,9530,2017-08-03,1550,021709,NA,4,2,7,1941,0,1,1,NA,2,071,I-710 N/B (LONG BEACH FREEWAY),SR-91 E/B (ARTESIA FREEWAY),750,S,N,A,-,Y,NA,NA,710,NA,NA,NA,NA,NA,N,Y,4,0,2,3,A,-,03,22350,NA,N,C,C,A,A,H,-,A,D,0,NA,NA,NA,NA,Y,NA,A,07,0,0,2,0,0,0,0,0,0,-,-,33.869839999999996,-118.19475,LOS ANGELES,LONG BEACH,-118.19478164,33.86985642
9052346,2019,2020-03-18,1965,2019-05-06,0845,3178,0B2A,1,5,5,1965,0,0,0,NA,0,B002,OCEAN PARK BL,BEVERLY AV,0,NA,Y,A,-,N,NA,NA,NA,NA,NA,NA,NA,NA,NA,NA,3,0,1,2,A,-,09,21801,A,F,D,G,A,A,H,-,A,A,0,NA,Y,NA,NA,Y,NA,A,01,0,1,0,0,0,0,1,0,0,-,-,36.99419021606445,-121.00582885742188,LOS ANGELES,SANTA MONICA,-118.47907257080078,34.00537109375
90523465,2017,2017-08-15,9530,2017-08-08,1320,016110,NA,2,1,9,1900,0,3,5,NA,2,002,EL SEGUNDO BLVD.       (300 BLOCK),BROADWAY,60,W,N,A,-,N,NA,NA,NA,NA,NA,NA,NA,NA,NA,Y,4,0,1,2,A,-,03,22350,NA,N,C,C,A,A,H,-,A,D,0,NA,NA,NA,NA,Y,NA,A,01,0,0,1,0,0,0,0,0,0,-,-,33.9163,-118.2788,LOS ANGELES,UNINCORPORATED,-118.27855738,33.91642
9052348,2019,2020-03-19,1965,2019-05-18,1512,3553,0B3C,6,5,5,1965,0,0,0,NA,0,B003,COLORADO AV,12TH ST,210,E,N,A,-,N,NA,NA,NA,NA,NA,NA,NA,NA,NA,NA,2,0,2,2,A,-,05,21651,B,N,A,G,A,A,H,-,A,A,0,NA,Y,NA,NA,Y,NA,M,94,1,1,0,0,0,0,1,0,0,-,-,NA,NA,LOS ANGELES,SANTA MONICA,-118.48404693603516,34.02030944824219
9052349,2019,2020-03-18,1965,2019-05-03,1835,3985,0B2A,5,5,5,1965,0,0,0,NA,0,B002,MARINE ST,HIGHLAND AV,20,W,N,A,-,N,NA,NA,NA,NA,NA,NA,NA,NA,NA,NA,3,0,1,2,A,-,05,21650,NA,N,H,G,A,A,H,-,A,A,0,NA,Y,NA,NA,Y,NA,A,01,0,1,0,0,0,0,1,0,0,-,-,NA,NA,LOS ANGELES,SANTA MONICA,-118.47503662109376,34.00157928466797
90523491,2017,2017-08-15,9530,2017-08-03,0825,021709,NA,4,1,7,1941,0,1,1,NA,2,420,I-405 N/B (SAN DIEGO FREEWAY),BELLFLOWER BLVD.,1584,N,N,A,-,Y,NA,NA,405,NA,NA,NA,NA,NA,N,N,4,0,1,2,A,-,03,22350,NA,N,C,C,A,A,H,-,A,D,0,NA,NA,NA,NA,Y,NA,A,07,0,0,1,0,0,0,0,0,0,-,-,33.80306,-118.13642,LOS ANGELES,LONG BEACH,-118.136426,33.80303238
90523493,2017,2017-08-15,9530,2017-08-07,1135,019792,NA,1,1,9,1900,0,1,1,NA,2,120,I-110 N/B FROM CARSON ST.,CARSON ST.,1056,S,N,A,-,Y,NA,NA,110,NA,NA,NA,R,NA,N,Y,3,0,1,1,A,-,03,22350,NA,N,F,I,A,A,H,-,A,D,0,NA,NA,NA,NA,Y,NA,A,07,0,1,0,0,0,0,0,0,0,-,-,33.82869,-118.28705,LOS ANGELES,UNINCORPORATED,-118.28705,33.82869
9052350,2019,2020-03-18,1965,2019-05-05,2200,37964,0B3B,7,5,5,1965,0,0,0,NA,0,B003,SANTA MONICA BL,14TH ST,49,W,N,B,-,N,NA,NA,NA,NA,NA,NA,NA,NA,NA,Y,3,0,1,2,A,-,07,21658,A,N,H,C,A,A,H,-,C,D,0,NA,NA,NA,NA,Y,NA,M,94,0,1,0,0,0,0,0,0,0,-,-,NA,NA,LOS ANGELES,SANTA MONICA,-118.4858169555664,34.02397537231445
90523514,2017,2017-08-15,9530,2017-08-07,2315,020388,NA,1,3,9,1900,0,3,5,NA,2,005,CRENSHAW BLVD.,MANHATTAN BEACH BLVD.,0,NA,Y,A,-,N,NA,NA,NA,NA,NA,NA,NA,NA,NA,Y,3,0,2,2,A,-,09,21801,A,N,D,C,A,A,H,-,C,A,0,NA,NA,NA,NA,Y,NA,D,22,0,1,1,0,0,0,0,0,0,-,-,33.88721,-118.32665,LOS ANGELES,UNINCORPORATED,-118.32654001,33.88739001
90523528,2017,2017-08-15,9575,2017-07-29,1620,021669,NA,6,2,7,1942,0,1,3,NA,2,043,SR-134 W/B (VENTURA FREEWAY),SAN FERNANDO ROAD,100,E,N,A,-,Y,NA,NA,134,NA,NA,NA,NA,NA,W,Y,4,0,1,3,A,-,07,21658,A,F,B,C,A,A,H,-,A,D,0,NA,NA,NA,NA,Y,NA,-,99,0,0,1,0,0,0,0,0,0,-,-,34.15435,-118.27361,LOS ANGELES,LOS ANGELES,-118.27361331,34.15436539
9052353,2019,2020-03-18,1965,2019-05-01,1505,3158,0B3A,3,5,5,1965,0,0,0,NA,0,B003,17TH ST,SANTA MONICA BL,302,S,N,A,-,N,NA,NA,NA,NA,NA,NA,NA,NA,NA,Y,4,0,1,3,A,-,08,22102,NA,N,D,C,A,A,H,-,A,D,0,NA,NA,NA,NA,Y,NA,A,07,0,0,1,0,0,0,0,0,0,-,-,37.017608642578125,-121.00565338134766,LOS ANGELES,SANTA MONICA,-118.48217010498048,34.025779724121094