CASE_ID,ACCIDENT_YEAR,PROC_DATE,JURIS,COLLISION_DATE,COLLISION_TIME,OFFICER_ID,REPORTING_DISTRICT,DAY_OF_WEEK,CHP_SHIFT,POPULATION,CNTY_CITY_LOC,SPECIAL_COND,BEAT_TYPE,CHP_BEAT_TYPE,CITY_DIVISION_LAPD,CHP_BEAT_CLASS,BEAT_NUMBER,PRIMARY_RD,SECONDARY_RD,DISTANCE,DIRECTION,INTERSECTION,WEATHER_1,WEATHER_2,STATE_HWY_IND,CALTRANS_COUNTY,CALTRANS_DISTRICT,STATE_ROUTE,ROUTE_SUFFIX,POSTMILE_PREFIX,POSTMILE,LOCATION_TYPE,RAMP_INTERSECTION,SIDE_OF_HWY,TOW_AWAY,COLLISION_SEVERITY,NUMBER_KILLED,NUMBER_INJURED,PARTY_COUNT,PRIMARY_COLL_FACTOR,PCF_CODE_OF_VIOL,PCF_VIOL_CATEGORY,PCF_VIOLATION,PCF_VIOL_SUBSECTION,HIT_AND_RUN,TYPE_OF_COLLISION,MVIW,PED_ACTION,ROAD_SURFACE,ROAD_COND_1,ROAD_COND_2,LIGHTING,CONTROL_DEVICE,CHP_ROAD_TYPE,PEDESTRIAN_ACCIDENT,BICYCLE_ACCIDENT,MOTORCYCLE_ACCIDENT,TRUCK_ACCIDENT,NOT_PRIVATE_PROPERTY,ALCOHOL_INVOLVED,STWD_VEHTYPE_AT_FAULT,CHP_VEHTYPE_AT_FAULT,COUNT_SEVERE_INJ,COUNT_VISIBLE_INJ,COUNT_COMPLAINT_PAIN,COUNT_PED_KILLED,COUNT_PED_INJURED,COUNT_BICYCLIST_KILLED,COUNT_BICYCLIST_INJURED,COUNT_MC_KILLED,COUNT_MC_INJURED,PRIMARY_RAMP,SECONDARY_RAMP,LATITUDE,LONGITUDE,COUNTY,CITY,POINT_X,POINT_Y
9052527,2019,2020-05-27,1965,2019-03-27,1832,3553,NA,3,5,5,1965,0,0,0,NA,0,NA,PACIFIC COAST HWY,CALIFORNIA INCLINE,33,S,N,B,C,Y,LA,7,1,-,-,36.11,I,5,N,Y,3,0,1,5,A,-,08,22100,A,N,C,C,A,A,H,-,A,A,0,NA,NA,NA,NA,Y,NA,A,01,0,1,0,0,0,0,0,0,0,-,-,NA,NA,LOS ANGELES,SANTA MONICA,-118.50666046142578,34.02029037475586
9052528,2019,2020-05-27,1965,2019-03-26,1940,3764,0B1B,2,5,5,1965,0,0,0,NA,0,B001,PACIFIC COAST HWY,PACIFIC COAST HWY 1000,77,NA,N,A,-,Y,LA,7,1,-,-,35.91,H,-,N,Y,4,0,2,2,A,-,03,22350,NA,N,C,C,A,A,H,-,D,D,0,NA,NA,NA,NA,Y,NA,A,07,0,0,2,0,0,0,0,0,0,-,-,NA,NA,LOS ANGELES,SANTA MONICA,-118.5041275024414,34.0182991027832
90525281,2017,2017-08-17,9550,2017-08-14,0840,015746,NA,1,1,6,1949,0,1,1,NA,2,651,INTERSTATE 605 (SAN GABRIEL RIVER FREEW,FIRESTONE BOULEVARD,1000,S,N,B,-,Y,NA,NA,605,NA,NA,NA,NA,NA,NA,N,4,0,1,2,A,-,03,22350,NA,N,C,C,A,A,H,-,A,A,0,NA,NA,NA,NA,Y,NA,D,22,0,0,1,0,0,0,0,0,0,-,-,33.92887,-118.10288,LOS ANGELES,NORWALK,-118.10300519,33.92891478
90525283,2017,2017-08-17,9565,2017-08-14,1340,019138,NA,1,1,7,1942,0,1,1,NA,2,064,I-405 SB (SAN DIEGO FREEWAY),GETTY CENTER DR,200,S,N,A,-,Y,NA,NA,NA,NA,NA,NA,NA,NA,NA,Y,4,0,1,3,A,-,03,22350,NA,N,C,C,A,A,H,-,A,D,0,NA,NA,NA,NA,Y,NA,A,01,0,0,1,0,0,0,0,0,0,-,-,34.08798,-118.48534,LOS ANGELES,LOS ANGELES,-118.47537387,34.08806506
90525284,2017,2017-09-01,9530,2017-08-04,0630,021430,NA,5,1,5,1956,0,1,1,NA,2,400,I-405 N/B (SAN DIEGO FREEWAY),ARTESIA BLVD.,500,S,N,A,-,Y,NA,NA,NA,NA,NA,NA,NA,NA,NA,N,3,0,1,1,A,-,08,22107,NA,N,F,A,A,A,H,-,A,D,0,NA,NA,Y,NA,Y,NA,C,02,0,1,0,0,0,0,0,0,1,-,-,33.87293,-118.34183,LOS ANGELES,REDONDO BEACH,-118.34204,33.87278
90525296,2017,2017-08-17,9525,2017-08-11,2300,020869,NA,5,3,9,1900,0,1,1,NA,2,106,I-10 E/B (SAN BERNARDINO FWY),VIA VERDE,1584,W,N,A,-,Y,NA,NA,10,NA,NA,NA,NA,NA,E,Y,4,0,1,2,A,-,03,22350,NA,N,C,C,A,A,D,E,D,D,0,NA,NA,NA,NA,Y,NA,A,07,0,0,1,0,0,0,0,0,0,-,-,34.06828,-117.84974,LOS ANGELES,UNINCORPORATED,-117.84974154,34.06825187
9052530,2019,2020-03-03,1965,2019-04-19,0542,4009,0B4G,5,5,5,1965,0,0,0,NA,0,B002,4TH ST,PICO BL,0,NA,Y,A,-,N,NA,NA,NA,NA,NA,NA,NA,NA,NA,N,2,0,1,2,A,-,10,21950,A,N,G,B,B,A,H,-,C,A,0,Y,NA,NA,NA,Y,NA,A,01,1,0,0,0,1,0,0,0,0,-,-,36.99848937988281,-121.01426696777344,LOS ANGELES,SANTA MONICA,-118.4872817993164,34.009639739990234
9052531,2019,2020-05-29,1965,2019-05-23,1510,3158,0B0O,4,5,5,1965,0,0,0,NA,0,B001,PACIFIC COAST HWY,MILEPOST 1 LA 35.60,350,NA,N,C,-,Y,LA,7,1,-,-,36.76,H,-,S,N,4,0,1,2,A,-,08,22107,NA,N,C,C,A,B,H,-,A,D,0,NA,NA,NA,NA,Y,NA,D,22,0,0,1,0,0,0,0,0,0,-,-,NA,NA,LOS ANGELES,SANTA MONICA,-118.515380859375,34.02597427368164
90525311,2017,2017-08-17,9580,2017-08-12,1204,021607,NA,6,1,7,1942,0,1,1,NA,2,407,I-405 S/B (SAN DIEGO FWY),ROSCOE BLVD,150,N,N,A,-,Y,NA,NA,405,NA,NA,NA,NA,NA,S,Y,4,0,3,2,A,-,03,22350,NA,N,C,C,A,A,H,-,A,D,0,NA,NA,NA,NA,Y,NA,A,01,0,0,3,0,0,0,0,0,0,-,-,34.22196,-118.4733,LOS ANGELES,LOS ANGELES,-118.47331256,34.22196013
9052532,2019,2020-05-29,1965,2019-05-27,1112,3693,0B1C,1,5,5,1965,0,0,0,NA,0,B001,PACIFIC COAST HWY,PACIFIC COAST HWY 1150,824,N,N,A,-,Y,LA,7,1,-,-,35.75,H,-,S,N,3,0,2,2,A,-,09,21801,A,N,D,C,A,A,H,-,A,A,0,NA,NA,NA,NA,Y,NA,A,01,0,1,1,0,0,0,0,0,0,-,-,NA,NA,LOS ANGELES,SANTA MONICA,-118.50214385986328,34.01658630371094
90525333,2017,2017-08-17,9580,2017-08-15,1535,020400,NA,2,2,7,1942,0,1,3,NA,2,114,SR-118 E/B (RONALD REAGAN FWY.),LAUREL CANYON BLVD,400,W,N,A,-,Y,NA,NA,118,NA,NA,NA,NA,NA,E,N,4,0,1,2,A,-,03,22350,NA,F,C,C,A,A,H,-,A,D,0,NA,NA,NA,NA,Y,Y,-,99,0,0,1,0,0,0,0,0,0,-,-,34.26616,-118.44587,LOS ANGELES,LOS ANGELES,-118.44586987,34.26615922
90525339,2017,2017-08-17,9530,2017-08-10,1100,020938,NA,4,1,2,1967,0,1,1,NA,2,420,I-405 S/B (SAN DIEGO FREEWAY),CALIFORNIA AVE.,88,N,N,A,-,Y,NA,NA,405,NA,NA,NA,NA,NA,S,Y,4,0,2,3,A,-,07,21658,A,N,B,C,A,A,H,-,A,D,0,NA,NA,NA,NA,Y,NA,A,01,0,0,2,0,0,0,0,0,0,-,-,33.81428,-118.18107,LOS ANGELES,SIGNAL HILL,-118.18107903,33.81418279
9052534,2019,2020-03-03,1965,2019-04-25,1400,4005,0B1G,4,5,5,1965,0,0,0,NA,0,B001,LINCOLN BL,MICHIGAN AV,0,NA,Y,A,-,N,NA,NA,1,NA,NA,NA,NA,NA,NA,N,4,0,1,2,A,-,09,21801,A,N,B,C,A,A,H,-,A,A,0,NA,NA,NA,NA,Y,NA,A,01,0,0,1,0,0,0,0,0,0,-,-,34.01382064819336,-118.48474884033205,LOS ANGELES,SANTA MONICA,-118.48529815673828,34.014373779296875
90525344,2017,2017-08-17,9540,2017-08-08,0500,020875,NA,2,3,9,1900,0,2,4,NA,1,201,SIERRA HWY (2100 BLOCK),SHADY LANE RD,10,S,N,A,-,N,NA,NA,NA,NA,NA,NA,NA,NA,NA,Y,3,0,1,1,A,-,01,23152,A,N,E,I,A,A,H,-,D,D,0,NA,NA,NA,NA,Y,NA,A,01,0,1,0,0,0,0,0,0,0,-,-,34.51638,-118.27693,LOS ANGELES,UNINCORPORATED,-118.27645816,34.51618242
90525346,2017,2017-08-17,9580,2017-08-14,1520,019319,NA,1,2,7,1942,0,1,2,NA,2,102,US-101 N/B (HOLLYWOOD FREEWAY),WOODMAN AVE,1056,N,N,A,-,Y,NA,NA,101,NA,NA,NA,NA,NA,N,Y,3,0,2,2,A,-,03,22350,NA,N,C,C,A,A,H,-,A,D,0,NA,NA,NA,NA,Y,NA,A,07,0,1,1,0,0,0,0,0,0,-,-,34.15577,-118.43568,LOS ANGELES,LOS ANGELES,-118.43568011,34.15574416
90525347,2017,2017-08-17,9530,2017-07-09,1005,021430,NA,7,1,9,1900,0,3,5,NA,2,002,BROADWAY,135TH ST.,0,NA,Y,A,-,N,NA,NA,NA,NA,NA,NA,NA,NA,NA,Y,1,1,3,2,A,-,12,21453,A,N,D,C,A,A,H,-,A,A,0,NA,NA,NA,NA,Y,NA,D,22,0,1,2,0,0,0,0,0,0,-,-,33.90925,-118.27829,LOS ANGELES,UNINCORPORATED,-118.27841012,33.90916006
9052535,2019,2020-05-15,1965,2019-04-25,1456,4009,9B1C,4,5,5,1965,0,0,0,NA,0,B001,ARIZONA AV,OCEAN AV,0,NA,Y,A,-,N,NA,NA,NA,NA,NA,NA,NA,NA,NA,N,3,0,1,1,A,-,03,22350,NA,N,F,I,A,A,H,-,A,A,0,NA,NA,NA,NA,Y,NA,-,NA,0,1,0,0,0,0,0,0,0,-,-,37.00674057006836,-121.02320861816406,LOS ANGELES,SANTA MONICA,-118.49965667724608,34.01543045043945
9052536,2019,2020-05-29,1965,2019-05-27,0744,3178,0B1G,1,5,5,1965,0,0,0,NA,0,B001,OLYMPIC DR,4TH ST,0,NA,Y,A,-,Y,LA,7,1,-,R,34.597,R,4,S,N,4,0,1,2,A,-,12,21453,A,N,D,D,A,A,H,-,A,A,0,NA,NA,NA,NA,Y,NA,A,07,0,0,1,0,0,0,0,0,0,-,-,37.00331115722656,-121.01336669921876,LOS ANGELES,SANTA MONICA,-118.48623657226564,34.014530181884766
90525360,2017,2017-08-17,9580,2017-08-13,2045,020573,NA,7,2,7,1942,0,1,2,NA,2,104,US-101 N/B TO VENTURA BLVD,VENTURA BLVD,35,N,N,A,-,Y,NA,NA,101,NA,NA,NA,R,NA,N,N,4,0,2,2,A,-,03,22350,NA,M,C,C,A,A,H,-,C,D,0,NA,NA,NA,NA,Y,NA,A,01,0,0,2,0,0,0,0,0,0,-,-,34.16917,-118.61297,LOS ANGELES,LOS ANGELES,-118.61297,34.16917
90525363,2017,2017-08-17,9550,2017-08-14,1420,015746,NA,1,2,9,1900,0,1,3,NA,2,602,STATE ROUTE 60 (POMONA FREEWAY),FULLERTON ROAD,1000,E,N,A,-,Y,NA,NA,60,NA,NA,NA,NA,NA,NA,Y,4,0,2,4,A,-,03,22350,NA,N,C,C,A,A,H,-,A,D,0,NA,NA,NA,Y,Y,NA,F,27,0,0,2,0,0,0,0,0,0,-,-,33.99424,-117.90128,LOS ANGELES,UNINCORPORATED,-117.90127987,33.99428617
90525365,2017,2017-08-17,9540,2017-08-11,0735,021464,NA,5,1,9,1900,0,1,1,NA,2,507,I-5 S/B (GOLDEN STATE FREEWAY),SR-126,890,N,N,A,-,Y,NA,NA,5,NA,NA,NA,NA,NA,S,Y,4,0,1,2,C,-,18,NA,NA,N,B,C,A,A,H,-,A,D,0,NA,NA,NA,Y,Y,NA,-,-,0,0,1,0,0,0,0,0,0,-,-,34.44518,-118.60922,LOS ANGELES,UNINCORPORATED,-118.60926703,34.44510972
90525372,2017,2017-08-17,9580,2017-08-09,2145,020404,NA,3,2,7,1942,0,1,1,NA,2,405,I-405 S/B (SAN DIEGO FWY),US 101 (VENTURA FREEWAY),1584,N,N,A,-,Y,NA,NA,405,NA,NA,NA,NA,NA,S,Y,4,0,1,2,A,-,01,23152,A,N,C,C,A,A,H,-,D,D,0,NA,NA,NA,NA,Y,Y,A,01,0,0,1,0,0,0,0,0,0,-,-,34.16539,-118.4698,LOS ANGELES,LOS ANGELES,-118.46971339,34.1653895
90525374,2017,2017-08-17,9550,2017-08-14,1830,019293,NA,1,2,6,1949,0,1,1,NA,2,500,INTERSTATE 5 (SANTA ANA FREEWAY),IMPERIAL HIGHWAY,500,S,N,A,-,Y,NA,NA,5,NA,NA,NA,NA,NA,NA,N,4,0,1,2,A,-,03,22350,NA,N,C,C,A,A,H,-,A,D,0,NA,NA,NA,NA,Y,NA,A,01,0,0,1,0,0,0,0,0,0,-,-,33.91605,-118.07885,LOS ANGELES,NORWALK,-118.07892742,33.91597969
9052538,2019,2020-03-04,1965,2019-04-12,1603,353,0B3B,5,5,5,1965,0,0,0,NA,0,B003,SANTA MONICA BL,18TH ST,9,W,N,A,-,N,NA,NA,NA,NA,NA,NA,NA,NA,NA,N,3,0,1,2,A,-,11,21950,B,N,G,B,B,A,H,-,A,A,0,Y,NA,NA,NA,Y,NA,N,60,0,1,0,0,1,0,0,0,0,-,-,NA,NA,LOS ANGELES,SANTA MONICA,-118.48193359375,34.02714157104492
90525383,2017,2017-08-17,9550,2017-08-14,1532,017998,NA,1,2,5,1908,0,1,3,NA,2,091,STATE ROUTE 91 (ARTESIA FREEWAY),BELLFLOWER BLVD,100,W,N,A,-,Y,NA,NA,91,NA,NA,NA,NA,NA,NA,Y,4,0,1,2,A,-,08,22107,NA,N,E,I,A,A,H,-,A,D,0,NA,NA,NA,NA,Y,NA,A,01,0,0,1,0,0,0,0,0,0,-,-,33.87621,-118.12518,LOS ANGELES,BELLFLOWER,-118.12518021,33.87629088
90525386,2017,2017-08-17,9540,2017-08-11,2210,021134,NA,5,3,9,1900,0,1,1,NA,2,508,I-5 N/B (GOLDEN STATE FWY),HASLEY CANYON RD,4225,N,N,A,-,Y,NA,NA,5,NA,NA,NA,NA,NA,N,Y,3,0,1,3,A,-,07,21658,A,F,B,C,A,A,H,-,D,D,0,NA,NA,Y,Y,Y,NA,-,99,0,1,0,0,0,0,0,0,1,-,-,34.46769,-118.61662,LOS ANGELES,UNINCORPORATED,-118.61655319,34.46768802
90525388,2017,2017-08-17,9580,2017-08-13,0110,020876,NA,7,3,7,1942,0,1,1,NA,2,404,I-405 N/B (SAN DIEGO FWY),VICTORY BLVD,1056,S,N,A,-,Y,NA,NA,405,NA,NA,NA,NA,NA,N,Y,4,0,1,1,A,-,01,23152,A,N,E,I,A,A,H,-,D,D,0,NA,NA,NA,NA,Y,Y,A,01,0,0,1,0,0,0,0,0,0,-,-,34.18534,-118.47372,LOS ANGELES,LOS ANGELES,-118.47372158,34.18533945
9052539,2019,2020-03-03,1965,2019-05-30,1930,3824,0B3C,4,5,5,1965,0,0,0,NA,0,NA,BROADWAY,18TH ST,72,W,N,A,-,N,NA,NA,NA,NA,NA,NA,NA,NA,NA,N,4,0,1,2,A,-,03,22350,NA,M,C,D,A,A,H,-,A,D,0,NA,NA,NA,NA,Y,NA,A,01,0,0,1,0,0,0,0,0,0,-,-,37.01702880859375,-121.0030517578125,LOS ANGELES,SANTA MONICA,-118.48056030273438,34.025691986083984
90525437,2017,2017-08-17,9550,2017-08-15,2115,018150,NA,2,2,9,1900,0,1,1,NA,2,650,I-605 (S/B) TO SLAUSON AVENUE,SLAUSON AVENUE,250,N,N,A,-,Y,NA,NA,NA,NA,NA,NA,NA,NA,NA,N,4,0,2,2,A,-,03,22350,NA,N,C,C,A,A,H,-,C,D,0,NA,NA,NA,Y,Y,NA,G,25,0,0,2,0,0,0,0,0,0,-,-,33.96799,-118.03856,LOS ANGELES,UNINCORPORATED,-118.08316831,33.96784424
90525480,2017,2017-08-17,9550,2017-08-17,0755,018408,NA,4,1,3,1964,0,1,1,NA,2,650,I-605 S/B,TELEGRAPH ROAD,400,N,N,A,-,Y,NA,NA,605,NA,NA,NA,NA,NA,S,N,4,0,1,2,A,-,07,21658,A,N,B,C,A,A,H,-,A,D,0,NA,NA,NA,Y,Y,NA,G,25,0,0,1,0,0,0,0,0,0,-,-,33.9515,-118.0911,LOS ANGELES,SANTA FE SPRINGS,-118.09105576,33.95147449
90525490,2017,2017-08-17,9525,2017-08-17,0845,014971,NA,4,1,5,1926,0,1,1,NA,2,205,I-210 W/B (FOOTHILL FWY),SUNFLOWER AVE,3168,E,N,A,-,Y,NA,NA,210,NA,NA,NA,NA,NA,W,Y,4,0,1,3,A,-,03,22350,NA,N,C,C,A,A,H,-,A,D,0,NA,NA,NA,NA,Y,NA,A,07,0,0,1,0,0,0,0,0,0,-,-,34.12051,-117.83645,LOS ANGELES,GLENDORA,-117.83646371,34.12056547
90525496,2017,2017-08-17,9540,2017-08-14,0525,015093,NA,1,3,7,1942,0,1,1,NA,1,503,I-5 SOUTHBOUND (GOLDEN STATE FREEWAY),ROXFORD STREET,2200,N,N,B,-,Y,NA,NA,5,NA,NA,NA,NA,NA,S,Y,4,0,1,3,A,-,08,22107,NA,F,B,C,A,A,H,-,D,D,0,NA,NA,NA,NA,Y,NA,-,99,0,0,1,0,0,0,0,0,0,-,-,34.30706,-118.48335,LOS ANGELES,LOS ANGELES,-118.48336782,34.30704312
90525500,2017,2017-08-17,9550,2017-08-16,0930,018408,NA,3,1,9,1900,0,1,1,NA,2,650,I-605 S/B,SARAGOSA ST.,450,N,N,B,-,Y,NA,NA,605,NA,NA,NA,NA,NA,S,N,4,0,1,2,A,-,03,22350,NA,N,C,C,A,A,H,-,A,D,0,NA,NA,NA,NA,Y,NA,A,01,0,0,1,0,0,0,0,0,0,-,-,33.982,-118.0748,LOS ANGELES,UNINCORPORATED,-118.07475667,33.9819602
90525501,2017,2017-08-17,9550,2017-08-16,1520,021202,NA,3,2,9,1900,0,2,4,NA,1,023,MULLBERRY DRIVE,MARYKNOLL,100,S,N,A,-,N,NA,NA,NA,NA,NA,NA,NA,NA,NA,Y,4,0,1,2,A,-,03,22350,NA,N,C,C,A,A,H,-,A,D,0,NA,NA,NA,NA,Y,NA,D,22,0,0,1,0,0,0,0,0,0,-,-,33.94979,-118.0375,LOS ANGELES,UNINCORPORATED,-118.03676444,33.94939732
90525506,2017,2017-08-17,9540,2017-08-15,1805,019772,NA,2,2,9,1900,0,1,3,NA,2,146,SR-14 N/B (ANTELOPE VALLEY FREEWAY),SOLEDAD CANYON RD,4752,N,N,A,-,Y,NA,NA,14,NA,NA,NA,NA,NA,N,Y,2,0,1,1,A,-,08,22107,NA,N,E,I,A,A,H,-,A,D,0,NA,NA,NA,NA,Y,NA,D,22,1,0,0,0,0,0,0,0,0,-,-,34.44229,-118.36494,LOS ANGELES,UNINCORPORATED,-118.36502169,34.44235311
90525535,2017,2017-08-17,9530,2017-08-10,0255,020583,NA,4,3,7,1942,0,1,1,NA,2,110,I-110 N/B (HARBOR FREEWAY),ROSECRANS AVE.,690,S,N,A,-,Y,NA,NA,110,NA,NA,NA,NA,NA,N,Y,4,0,1,1,A,-,03,22350,NA,N,E,I,A,A,H,-,D,D,0,NA,NA,NA,NA,Y,NA,A,01,0,0,1,0,0,0,0,0,0,-,-,33.89996,-118.28596,LOS ANGELES,LOS ANGELES,-118.2865167,33.89996161
90525547,2017,2017-08-17,9545,2017-07-02,1010,018758,NA,7,1,9,1900,0,3,5,NA,2,004,235TH STREET EAST,EAST AVE U,1887,N,N,A,-,N,NA,NA,NA,NA,NA,NA,NA,NA,NA,Y,1,1,0,2,A,-,09,21804,A,N,D,C,A,A,H,-,A,D,0,NA,NA,Y,NA,Y,NA,C,06,0,0,0,0,0,0,0,1,0,-,-,34.53274,-117.71312,LOS ANGELES,UNINCORPORATED,-117.71307095,34.5327099
90525550,2017,2017-08-17,9550,2017-08-17,1050,018408,NA,4,1,9,1900,0,1,1,NA,2,650,I-605 N/B,SR-60,1000,S,N,A,-,Y,NA,NA,605,NA,NA,NA,NA,NA,N,Y,4,0,1,2,A,-,07,21658,A,N,B,C,A,A,H,-,A,D,0,NA,NA,NA,Y,Y,NA,G,25,0,0,1,0,0,0,0,0,0,-,-,34.03,-118.0324,LOS ANGELES,UNINCORPORATED,-118.0323861,34.02997626
90525561,2017,2017-08-17,9575,2017-08-09,2000,020526,NA,3,2,7,1942,0,1,3,NA,2,043,SR-134 E/B (VENTURA FREEWAY),FOREST LAWN DRIVE,300,W,N,A,-,Y,NA,NA,134,NA,NA,NA,NA,NA,E,Y,4,0,1,2,A,-,07,21658,A,N,B,C,A,A,H,-,B,D,0,NA,NA,NA,NA,Y,NA,A,01,0,0,1,0,0,0,0,0,0,-,-,34.15467,-118.31163,LOS ANGELES,LOS ANGELES,-118.31163261,34.15468112
90525588,2017,2017-08-17,9575,2017-08-09,1820,014187,NA,3,2,7,1942,0,1,1,NA,2,052,I-5 N/B (GOLDEN STATE FREEWAY),LANKERSHIM BLVD,950,N,N,A,-,Y,NA,NA,NA,NA,NA,NA,NA,NA,NA,N,4,0,1,2,A,-,08,22107,NA,M,B,C,A,A,H,-,A,D,0,NA,NA,NA,NA,Y,NA,-,99,0,0,1,0,0,0,0,0,0,-,-,34.13405,-118.23266,LOS ANGELES,LOS ANGELES,-118.39060329,34.22784377
90525599,2017,2017-08-17,9530,2017-07-25,1520,019050,NA,2,2,9,1900,0,1,1,NA,2,200,I-105 E/B (GLENN ANDERSON FWY),AVALON BLVD.,950,W,N,A,-,Y,NA,NA,NA,NA,NA,NA,NA,NA,NA,Y,3,0,1,2,A,-,07,21658,A,N,C,C,A,A,H,-,A,D,0,NA,NA,Y,NA,Y,NA,A,01,0,1,0,0,0,0,0,0,1,-,-,33.9276,-118.2671,LOS ANGELES,UNINCORPORATED,-118.26832548,33.92728
90525612,2017,2017-08-17,9525,2017-08-07,1600,018402,NA,1,2,5,1990,0,1,3,NA,2,574,SR-57 N/B (ORANGE FWY),PATHFINDER,1584,N,N,A,-,Y,NA,NA,57,NA,NA,NA,NA,NA,N,Y,3,0,1,2,A,-,03,22350,NA,N,C,C,A,A,H,-,A,D,0,NA,NA,Y,NA,Y,NA,C,02,0,1,0,0,0,0,0,0,1,-,-,33.9928,-117.84202,LOS ANGELES,DIAMOND BAR,-117.84205178,33.99281299
90525646,2017,2017-08-17,9530,2017-08-10,1440,020923,NA,4,2,9,1900,0,3,5,NA,2,006,TORRANCE BLVD. (900 BLOCK),BRODY AVE.,40,W,N,A,-,N,NA,NA,NA,NA,NA,NA,NA,NA,NA,N,4,0,1,2,A,-,03,22350,NA,N,C,C,A,A,H,-,A,D,0,NA,NA,NA,NA,Y,NA,A,01,0,0,1,0,0,0,0,0,0,-,-,33.842,-118.2921,LOS ANGELES,UNINCORPORATED,-118.29136147,33.84201
90525649,2017,2017-08-17,9550,2017-08-17,0905,020025,NA,4,1,6,1949,0,1,1,NA,2,651,INTERSTATE 605 (SAN GABRIEL RIVER FREEW,CECILIA STREET,100,S,N,A,-,Y,NA,NA,605,NA,NA,NA,NA,NA,NA,Y,4,0,1,2,A,-,03,22350,NA,N,C,C,A,A,H,-,A,D,0,NA,NA,NA,NA,Y,NA,A,01,0,0,1,0,0,0,0,0,0,-,-,33.93174,-118.10143,LOS ANGELES,NORWALK,-118.10137509,33.93171153
90525686,2017,2017-08-17,9535,2017-08-04,0945,017954,NA,5,1,5,1948,0,1,3,NA,2,620,SR-60 (POMONA FREEWAY) E/B,GREENWOOD AVE,25,W,N,A,-,Y,NA,NA,60,NA,NA,NA,NA,NA,E,Y,3,0,1,1,A,-,08,22107,NA,N,E,I,A,A,H,-,A,D,0,NA,NA,NA,NA,Y,NA,A,01,0,1,0,0,0,0,0,0,0,-,-,34.03383,-118.10888,LOS ANGELES,MONTEREY PARK,-118.10890516,34.03391732
90525696,2017,2017-08-17,9535,2017-08-07,1815,021778,NA,1,2,5,1959,0,1,1,NA,2,401,I-10 (SAN BERNARDINO FREEWAY) W/B,TEMPLE CITY BLVD.,1500,W,N,A,-,Y,NA,NA,10,NA,NA,NA,NA,NA,W,Y,4,0,1,4,A,-,03,22350,NA,N,C,C,A,A,H,-,A,D,0,NA,NA,NA,NA,Y,NA,A,01,0,0,1,0,0,0,0,0,0,-,-,34.0726,-118.0627,LOS ANGELES,ROSEMEAD,-118.06269909,34.07253291
90525736,2017,2017-08-17,9530,2017-08-08,1745,021792,NA,2,2,7,1942,0,1,1,NA,2,110,I-110 S/B (HARBOR FREEWAY),190TH ST.,500,N,N,A,-,Y,NA,NA,110,NA,NA,NA,NA,NA,S,N,4,0,1,2,A,-,04,21703,NA,N,C,C,A,A,H,-,A,D,0,NA,NA,NA,NA,Y,NA,A,01,0,0,1,0,0,0,0,0,0,-,-,33.8669,-118.2852,LOS ANGELES,LOS ANGELES,-118.28506642,33.86690013
90525746,2017,2017-08-17,9530,2017-08-10,0715,020938,NA,4,1,7,1941,0,1,1,NA,2,430,I-405 S/B (SAN DIEGO FREEWAY),PALO VERDE AVE.,667,S,N,A,-,Y,NA,NA,405,NA,NA,NA,NA,NA,S,Y,4,0,1,4,A,-,03,22350,NA,N,D,C,A,A,H,-,A,D,0,NA,NA,NA,Y,Y,NA,A,01,0,0,1,0,0,0,0,0,0,-,-,33.79545,-118.10618,LOS ANGELES,LONG BEACH,-118.10615263,33.79548969
90525768,2017,2017-08-17,9580,2017-08-07,1225,021607,NA,1,1,7,1942,0,1,1,NA,2,405,I-405 S/B (SAN DIEGO FWY),SEPULVEDA BLVD,160,N,N,A,-,Y,NA,NA,405,NA,NA,NA,NA,NA,S,Y,3,0,3,3,A,-,03,22350,NA,N,C,C,A,A,H,-,A,D,0,NA,NA,NA,NA,Y,NA,A,07,0,1,2,0,0,0,0,0,0,-,-,34.14952,-118.46909,LOS ANGELES,LOS ANGELES,-118.4689917,34.14947067
90525779,2017,2017-08-17,9530,2017-08-10,1150,021089,NA,4,1,9,1900,0,1,1,NA,2,210,I-105 E/B (GLENN ANDERSON FWY),WILLOWBROOK AVE.,161,E,N,A,-,Y,NA,NA,105,NA,NA,NA,NA,NA,E,Y,4,0,2,2,A,-,01,23152,A,F,C,C,A,A,H,-,A,D,0,NA,NA,NA,NA,Y,Y,D,22,0,0,2,0,0,0,0,0,0,-,-,33.92798,-118.23677,LOS ANGELES,UNINCORPORATED,-118.23676776,33.92801701
90525782,2017,2017-09-26,9580,2017-08-07,1600,021492,NA,1,2,7,1942,0,1,3,NA,2,170,SR-170 N/B (HOLLYWOOD FWY.),VICTORY BLVD,550,S,N,A,-,Y,NA,NA,170,NA,NA,NA,NA,NA,N,Y,3,0,1,2,A,-,03,22350,NA,N,C,C,A,A,H,-,A,D,0,NA,NA,Y,NA,Y,NA,C,02,0,1,0,0,0,0,0,0,1,-,-,34.18526,-118.40056,LOS ANGELES,LOS ANGELES,-118.40056383,34.18525751