CASE_ID,ACCIDENT_YEAR,PROC_DATE,JURIS,COLLISION_DATE,COLLISION_TIME,OFFICER_ID,REPORTING_DISTRICT,DAY_OF_WEEK,CHP_SHIFT,POPULATION,CNTY_CITY_LOC,SPECIAL_COND,BEAT_TYPE,CHP_BEAT_TYPE,CITY_DIVISION_LAPD,CHP_BEAT_CLASS,BEAT_NUMBER,PRIMARY_RD,SECONDARY_RD,DISTANCE,DIRECTION,INTERSECTION,WEATHER_1,WEATHER_2,STATE_HWY_IND,CALTRANS_COUNTY,CALTRANS_DISTRICT,STATE_ROUTE,ROUTE_SUFFIX,POSTMILE_PREFIX,POSTMILE,LOCATION_TYPE,RAMP_INTERSECTION,SIDE_OF_HWY,TOW_AWAY,COLLISION_SEVERITY,NUMBER_KILLED,NUMBER_INJURED,PARTY_COUNT,PRIMARY_COLL_FACTOR,PCF_CODE_OF_VIOL,PCF_VIOL_CATEGORY,PCF_VIOLATION,PCF_VIOL_SUBSECTION,HIT_AND_RUN,TYPE_OF_COLLISION,MVIW,PED_ACTION,ROAD_SURFACE,ROAD_COND_1,ROAD_COND_2,LIGHTING,CONTROL_DEVICE,CHP_ROAD_TYPE,PEDESTRIAN_ACCIDENT,BICYCLE_ACCIDENT,MOTORCYCLE_ACCIDENT,TRUCK_ACCIDENT,NOT_PRIVATE_PROPERTY,ALCOHOL_INVOLVED,STWD_VEHTYPE_AT_FAULT,CHP_VEHTYPE_AT_FAULT,COUNT_SEVERE_INJ,COUNT_VISIBLE_INJ,COUNT_COMPLAINT_PAIN,COUNT_PED_KILLED,COUNT_PED_INJURED,COUNT_BICYCLIST_KILLED,COUNT_BICYCLIST_INJURED,COUNT_MC_KILLED,COUNT_MC_INJURED,PRIMARY_RAMP,SECONDARY_RAMP,LATITUDE,LONGITUDE,COUNTY,CITY,POINT_X,POINT_Y
90527205,2017,2017-08-21,9550,2017-08-12,1415,021410,NA,6,2,9,1900,0,3,5,NA,2,001,MINES AVE,BROADWAY AVE,1000,E,N,A,-,N,NA,NA,NA,NA,NA,NA,NA,NA,NA,Y,4,0,4,3,A,-,08,22107,NA,N,D,C,A,A,H,-,A,D,0,NA,NA,NA,NA,Y,NA,A,01,0,0,4,0,0,0,0,0,0,-,-,33.97635,-118.06294,LOS ANGELES,UNINCORPORATED,-118.06226743,33.97580886
90527223,2017,2017-08-21,9530,2017-08-13,0110,021325,NA,7,3,7,1941,0,1,1,NA,2,071,I-710 N/B (LONG BEACH FREEWAY),LONG BEACH BLVD.,495,S,N,A,-,Y,NA,NA,710,NA,NA,NA,NA,NA,N,Y,3,0,2,2,A,-,07,21658,A,F,B,C,A,A,H,-,C,D,0,NA,NA,NA,NA,Y,NA,-,99,0,1,1,0,0,0,0,0,0,-,-,33.8609,-118.20023,LOS ANGELES,LONG BEACH,-118.20027971,33.86093446
90527246,2017,2017-08-21,9530,2017-08-16,1730,018270,NA,3,2,9,1900,0,3,5,NA,2,002,135TH STREET (200 BLOCK),SAN PEDRO ST.,30,W,N,A,-,N,NA,NA,NA,NA,NA,NA,NA,NA,NA,Y,4,0,1,2,A,-,03,22350,NA,N,C,C,A,A,H,-,A,A,0,NA,NA,NA,NA,Y,NA,A,01,0,0,1,0,0,0,0,0,0,-,-,33.90915,-118.26992,LOS ANGELES,UNINCORPORATED,-118.26976868,33.90916023
90527256,2017,2017-08-21,9530,2017-08-17,0725,015995,NA,4,1,7,1942,0,1,1,NA,2,200,I-105 W/B (GLENN ANDERSON FWY),FIGUEROA ST.,15,E,N,A,-,Y,NA,NA,105,NA,NA,NA,NA,NA,W,Y,4,0,1,4,A,-,07,21658,A,F,B,C,A,A,H,-,A,D,0,NA,NA,Y,NA,Y,NA,-,99,0,0,1,0,0,0,0,0,1,-,-,33.92882,-118.28235,LOS ANGELES,LOS ANGELES,-118.28235077,33.92889217
90527266,2017,2017-08-21,9530,2017-08-17,1650,020923,NA,4,2,7,1942,0,1,1,NA,2,110,I-110 S/B (HARBOR FREEWAY),108TH ST.,200,N,N,A,-,Y,NA,NA,110,NA,NA,NA,NA,NA,S,N,3,0,1,2,A,-,07,21658,A,N,B,C,A,A,H,-,A,D,0,NA,NA,Y,NA,Y,NA,A,01,0,1,0,0,0,0,0,0,1,-,-,33.9443,-118.2799,LOS ANGELES,LOS ANGELES,-118.28003595,33.94431213
90527267,2017,2017-08-21,9525,2017-08-09,0935,014593,NA,3,1,5,1906,0,1,1,NA,2,103,I-10 W/B FROM FRAZIER ST.,FRAZIER ST.,400,W,N,A,-,Y,NA,NA,10,NA,NA,NA,R,NA,W,N,4,0,1,3,A,-,21,22106,NA,N,C,C,A,A,H,-,A,A,0,NA,NA,NA,NA,Y,NA,A,07,0,0,1,0,0,0,0,0,0,-,-,34.06653,-117.99205,LOS ANGELES,BALDWIN PARK,-117.99205,34.06653
90527270,2017,2017-08-21,9565,2017-07-29,0120,021578,NA,6,3,7,1942,0,1,1,NA,2,083,I-10 W/B (SANTA MONICA FWY.),LA CIENEGA BLVD.,400,W,N,A,-,Y,NA,NA,10,NA,NA,NA,NA,NA,W,Y,2,0,3,3,A,-,08,22107,NA,N,E,I,A,A,H,-,C,D,0,NA,NA,NA,NA,Y,Y,A,01,1,1,1,0,0,0,0,0,0,-,-,34.03657,-118.38044,LOS ANGELES,LOS ANGELES,-118.38050115,34.03681533
90527281,2017,2017-08-21,9575,2017-08-09,0800,021566,NA,3,1,3,1991,0,1,1,NA,2,063,I-210 E/B FROM ANGELES CREST HWY N/B,ANGELES CREST HWY,400,E,N,A,-,Y,NA,NA,NA,NA,NA,NA,NA,NA,NA,N,4,0,1,2,A,-,03,22350,NA,N,C,C,A,A,H,-,A,A,0,NA,NA,NA,NA,Y,NA,E,22,0,0,1,0,0,0,0,0,0,-,-,34.12361,-118.11902,LOS ANGELES,LA CANADA-FLINTRIDGE,-118.19890751,34.20616697
90527290,2017,2017-08-21,9540,2017-08-13,1358,020634,NA,7,1,9,1900,0,1,1,NA,2,512,I-5 N/B (GOLDEN STATE FREEWAY),SMOKEY BEAR RD,1200,S,N,A,-,Y,NA,NA,5,NA,NA,NA,NA,NA,N,Y,4,0,1,3,A,-,03,22350,NA,N,C,C,A,A,H,-,A,D,0,NA,NA,NA,NA,Y,NA,A,07,0,0,1,0,0,0,0,0,0,-,-,34.70673,-118.79542,LOS ANGELES,UNINCORPORATED,-118.7954394,34.70672133
90527298,2017,2017-08-21,9530,2017-08-18,1424,017755,NA,5,2,5,1977,0,1,1,NA,2,410,I-405 S/B (SAN DIEGO FREEWAY),I-110,78,N,N,A,-,Y,NA,NA,NA,NA,NA,NA,NA,NA,NA,N,4,0,2,2,A,-,03,22350,NA,N,C,C,A,A,H,-,A,D,0,NA,NA,NA,NA,Y,NA,A,07,0,0,2,0,0,0,0,0,0,-,-,33.85152,-118.2856,LOS ANGELES,CARSON,-118.28481,33.85688
90527306,2017,2017-08-21,9530,2017-08-14,1359,021212,NA,1,1,7,1942,0,1,1,NA,2,110,I-110 N/B (HARBOR FREEWAY),I-105 E/B (GLENN ANDERSON FWY),300,S,N,A,-,Y,NA,NA,110,NA,NA,NA,NA,NA,N,Y,4,0,1,2,A,-,03,22350,NA,N,C,C,A,A,H,-,A,D,0,NA,NA,NA,NA,Y,NA,A,01,0,0,1,0,0,0,0,0,0,-,-,33.92248,-118.28136,LOS ANGELES,LOS ANGELES,-118.28142104,33.92249809
90527307,2017,2017-08-21,9550,2017-08-13,0630,021274,NA,7,1,6,1949,0,1,1,NA,2,501,INTERSTATE 5 N/B,NORWALK BOULEVARD,2867,S,N,A,-,Y,NA,NA,5,NA,NA,NA,NA,NA,N,Y,3,0,2,1,A,-,08,22107,NA,M,E,J,A,A,H,-,A,D,0,NA,NA,NA,NA,Y,NA,A,01,0,2,0,0,0,0,0,0,0,-,-,33.90658,-118.06684,LOS ANGELES,NORWALK,-118.06669875,33.90672185
9052733,2019,2020-02-27,1965,2019-04-01,0907,3984,0B3C,1,5,5,1965,0,0,0,NA,0,B003,20TH ST,OLYMPIC BL,0,NA,Y,A,-,N,NA,NA,NA,NA,NA,NA,NA,NA,NA,N,4,0,1,2,A,-,12,21453,A,N,D,C,A,A,H,-,A,B,0,NA,NA,NA,NA,Y,NA,A,01,0,0,1,0,0,0,0,0,0,-,-,NA,NA,LOS ANGELES,SANTA MONICA,-118.47499084472656,34.02436828613281
90527333,2017,2017-08-21,9575,2017-08-12,0135,021213,NA,6,3,9,1900,0,2,4,NA,2,024,WOODBURY RD. (100 W. BLOCK),GLENROSE AVE.,148,E,N,A,-,N,NA,NA,NA,NA,NA,NA,NA,NA,NA,Y,3,0,1,2,A,-,01,23152,A,N,C,E,A,A,H,-,C,D,0,NA,NA,NA,NA,Y,Y,A,01,0,1,0,0,0,0,0,0,0,-,-,34.18314,-118.1545,LOS ANGELES,UNINCORPORATED,-118.15475364,34.18303932
9052734,2018,2020-02-27,1910,2018-04-16,0710,03633,NA,1,5,4,1910,0,0,0,NA,0,004,WILSHIRE BL,WHITTIER DR,0,NA,Y,A,-,N,NA,NA,NA,NA,NA,NA,NA,NA,NA,Y,4,0,2,3,A,-,09,21801,A,N,D,C,A,A,H,-,A,A,0,NA,NA,NA,NA,Y,NA,A,01,0,0,2,0,0,0,0,0,0,-,-,NA,NA,LOS ANGELES,BEVERLY HILLS,-118.41465759277344,34.067081451416016
90527376,2017,2017-08-21,9540,2017-08-15,0545,013644,NA,2,3,6,1985,0,1,1,NA,2,506,I-5 N/B TO MAGIC MOUNTAIN PKWY.,MAGIC MOUNTAIN PKWY.,500,S,N,B,-,Y,NA,NA,5,NA,NA,NA,R,NA,N,N,4,0,1,2,A,-,03,22350,NA,F,C,C,A,A,H,-,D,A,0,NA,NA,NA,NA,Y,NA,A,01,0,0,1,0,0,0,0,0,0,-,-,34.42207,-118.5821,LOS ANGELES,SANTA CLARITA,-118.5821,34.42207
90527395,2017,2017-11-29,9525,2017-08-08,1040,014593,NA,2,1,6,1975,0,1,1,NA,2,105,I-10 W/B (SAN BERNARDINO FWY),AZUSA AVE,528,W,N,A,-,Y,NA,NA,10,NA,NA,NA,NA,NA,W,Y,4,0,1,3,A,-,03,22350,NA,N,C,C,A,A,D,E,A,D,0,NA,NA,NA,NA,Y,NA,A,07,0,0,1,0,0,0,0,0,0,-,-,34.07228,-117.91602,LOS ANGELES,WEST COVINA,-117.91601981,34.07230732
9052741,2019,2020-03-04,1965,2019-03-27,2200,3158,NA,3,5,5,1965,0,0,0,NA,0,NA,WILSHIRE BL,16TH ST,24,E,N,A,-,N,NA,NA,NA,NA,NA,NA,NA,NA,NA,N,3,0,1,1,A,-,01,23152,A,N,E,I,A,A,H,-,C,D,0,NA,NA,NA,NA,Y,Y,A,01,0,1,0,0,0,0,0,0,0,-,-,NA,NA,LOS ANGELES,SANTA MONICA,-118.48694610595705,34.02835464477539
9052742,2019,2020-03-05,1965,2019-03-20,1810,3158,0B3A,3,5,5,1965,0,0,0,NA,0,B003,12TH ST,ARIZONA AV,0,NA,Y,A,-,N,NA,NA,NA,NA,NA,NA,NA,NA,NA,N,3,0,1,4,A,-,09,21802,A,N,D,C,A,A,H,-,A,A,0,NA,NA,NA,NA,Y,NA,A,07,0,1,0,0,0,0,0,0,0,-,-,NA,NA,LOS ANGELES,SANTA MONICA,-118.48918914794922,34.02391815185547
90527420,2017,2017-08-21,9550,2017-08-15,1230,021410,NA,2,1,9,1900,0,1,1,NA,2,650,I-605 (SAN GABRIEL RIVER FREEWAY) S/B,WHITTIER BLVD,500,N,N,A,-,Y,NA,NA,605,NA,NA,NA,NA,NA,S,N,4,0,1,3,A,-,08,22107,NA,F,D,C,A,A,H,-,A,D,0,NA,NA,NA,NA,Y,NA,-,99,0,0,1,0,0,0,0,0,0,-,-,33.99771,-118.06798,LOS ANGELES,UNINCORPORATED,-118.06830785,33.99779333
9052743,2019,2020-03-11,1965,2019-03-18,0822,3984,0B3C,1,5,5,1965,0,0,0,NA,0,B003,141ST,OLYMPIC BL,22,N,N,A,-,N,NA,NA,NA,NA,NA,NA,NA,NA,NA,N,3,0,1,2,A,-,09,21801,A,N,-,J,A,A,H,-,A,A,0,NA,NA,NA,NA,Y,NA,A,01,0,1,0,0,0,0,0,0,0,-,-,NA,NA,LOS ANGELES,SANTA MONICA,NA,NA
90527434,2017,2017-08-21,9575,2017-08-04,1634,021685,NA,5,2,9,1900,0,1,1,NA,2,062,I-210 W/B (FOOTHILL FREEWAY),OCEAN VIEW BLVD.,200,E,N,A,-,Y,NA,NA,210,NA,NA,NA,NA,NA,W,Y,4,0,2,3,A,-,01,23152,A,N,C,C,A,A,D,-,A,D,0,NA,NA,NA,NA,Y,Y,A,01,0,0,2,0,0,0,0,0,0,-,-,34.21332,-118.23061,LOS ANGELES,UNINCORPORATED,-118.23062238,34.21329716
9052744,2019,2020-03-05,1965,2019-03-30,1800,3957,0B1A,6,5,5,1965,0,0,0,NA,0,B001,PACIFIC COAST HWY,WILSHIRE BL,108,S,N,A,-,N,NA,NA,NA,NA,NA,NA,NA,NA,NA,N,3,0,2,2,A,-,08,22107,NA,N,C,C,A,A,H,-,A,D,0,NA,NA,NA,NA,Y,NA,A,01,0,2,0,0,0,0,0,0,0,-,-,NA,NA,LOS ANGELES,SANTA MONICA,-118.50154113769533,34.016258239746094
90527441,2017,2017-08-21,9550,2017-08-16,1550,020594,NA,3,2,9,1900,0,3,5,NA,2,002,LEFFINGWELL ROAD W/B,LA MIRADA BOULEVARD,70,W,N,A,-,Y,NA,NA,NA,NA,NA,NA,NA,NA,NA,Y,4,0,1,2,A,-,03,22350,NA,N,C,C,A,A,H,-,A,D,0,NA,NA,Y,NA,Y,NA,C,02,0,0,1,0,0,0,0,0,1,-,-,33.92681,-118.0124,LOS ANGELES,UNINCORPORATED,-118.01220169,33.92668818
90527445,2017,2017-08-21,9575,2017-08-09,0715,021566,NA,3,1,3,1991,0,1,1,NA,2,062,I-210 E/B (FOOTHILL FREEWAY),OCEAN VIEW BLVD. O/C,70,E,N,A,-,Y,NA,NA,NA,NA,NA,NA,NA,NA,NA,Y,4,0,1,2,A,-,08,22107,NA,N,E,I,A,A,H,-,A,D,0,NA,NA,NA,NA,Y,NA,A,07,0,0,1,0,0,0,0,0,0,-,-,34.12673,-118.13654,LOS ANGELES,LA CANADA-FLINTRIDGE,-118.22770946,34.21154091
90527449,2017,2017-08-21,9550,2017-08-16,1715,020824,NA,3,2,1,1932,0,1,3,NA,2,600,STATE ROUTE 60 (POMONA FREEWAY) W/B,CROSSROADS PARKWAY,600,W,N,A,-,Y,NA,NA,60,NA,NA,NA,NA,NA,W,N,4,0,2,3,A,-,03,22350,NA,N,C,C,A,A,H,-,A,D,0,NA,NA,NA,Y,Y,NA,G,25,0,0,2,0,0,0,0,0,0,-,-,34.02967,-118.017,LOS ANGELES,INDUSTRY,-118.01702708,34.0295719
9052745,2019,2020-03-05,1965,2019-03-13,1840,3553,0B1K,3,5,5,1965,0,0,0,NA,0,B001,2ND ST,ARIZONA AV,0,NA,Y,A,-,N,NA,NA,NA,NA,NA,NA,NA,NA,NA,N,3,0,1,2,A,-,11,21954,A,N,G,B,E,A,H,-,C,A,0,Y,NA,NA,NA,Y,NA,N,60,0,1,0,0,1,0,0,0,0,-,-,NA,NA,LOS ANGELES,SANTA MONICA,-118.49864196777344,34.01622009277344
90527452,2017,2017-08-21,9530,2017-08-18,2235,020714,NA,5,3,9,1900,0,3,5,NA,2,001,MAKEE AVE.,62ND ST,0,NA,Y,B,-,N,NA,NA,NA,NA,NA,NA,NA,NA,NA,Y,4,0,1,3,A,-,12,22450,A,N,D,C,A,A,H,-,C,A,0,NA,NA,NA,NA,Y,NA,A,07,0,0,1,0,0,0,0,0,0,-,-,33.98392,-118.24669,LOS ANGELES,UNINCORPORATED,-118.24655006,33.98387005
90527453,2017,2017-08-21,9530,2017-08-16,1030,021582,NA,3,1,6,1972,0,1,1,NA,2,400,I-405 N/B (SAN DIEGO FREEWAY),WESTERN AVE.,20,N,N,A,-,Y,NA,NA,405,NA,NA,NA,NA,NA,N,Y,4,0,2,3,A,-,03,22350,NA,N,C,C,A,A,H,-,A,D,0,NA,NA,NA,NA,Y,NA,A,01,0,0,2,0,0,0,0,0,0,-,-,33.85994,-118.30937,LOS ANGELES,TORRANCE,-118.30936627,33.85997734
9052746,2019,2020-03-04,1965,2019-03-21,2125,3911,0B43,4,5,5,1965,0,0,0,NA,0,B004,16TH ST,MONTANA AV,0,NA,Y,A,-,N,NA,NA,NA,NA,NA,NA,NA,NA,NA,N,4,0,1,2,A,-,10,21950,A,N,G,B,B,A,H,-,C,D,0,Y,NA,NA,NA,Y,NA,A,01,0,0,1,0,1,0,0,0,0,-,-,NA,NA,LOS ANGELES,SANTA MONICA,-118.49330902099608,34.033729553222656
9052747,2019,2020-03-05,1965,2019-03-18,0928,3984,0B3F,1,5,5,1965,0,0,0,NA,0,B003,260TH ST,PENNSYLVANIA AV,0,NA,Y,A,-,N,NA,NA,NA,NA,NA,NA,NA,NA,NA,N,3,0,1,2,A,-,12,21453,A,N,-,J,A,A,H,-,A,A,0,NA,NA,Y,NA,Y,NA,C,03,0,1,0,0,0,0,0,0,1,-,-,NA,NA,LOS ANGELES,SANTA MONICA,NA,NA
9052748,2019,2020-03-05,1965,2019-03-31,1505,3764,0B3A,7,5,5,1965,0,0,0,NA,0,B003,SANTA MONICA BL,26TH ST,150,W,N,A,-,N,NA,NA,NA,NA,NA,NA,NA,NA,NA,N,3,0,1,2,A,-,09,21804,A,N,D,C,A,A,H,-,A,D,0,NA,NA,Y,NA,Y,NA,A,07,0,1,0,0,0,0,0,0,1,-,-,NA,NA,LOS ANGELES,SANTA MONICA,-118.4746551513672,34.033016204833984
9052749,2019,2020-03-05,1965,2019-03-25,1450,3158,0B2C,1,5,5,1965,0,0,0,NA,0,B002,23RD ST,HILL ST,0,NA,Y,A,-,N,NA,NA,NA,NA,NA,NA,NA,NA,NA,N,3,0,1,2,A,-,09,21802,A,N,D,C,A,A,H,-,A,A,0,NA,NA,NA,NA,Y,NA,A,01,0,1,0,0,0,0,0,0,0,-,-,NA,NA,LOS ANGELES,SANTA MONICA,-118.46058654785156,34.01369857788086
9052750,2019,2020-03-05,1965,2019-03-22,1544,3985,0B1L,5,5,5,1965,0,0,0,NA,0,B001,OCEAN AV,BROADWAY,39,S,N,A,-,N,NA,NA,NA,NA,NA,NA,NA,NA,NA,N,3,0,1,2,-,-,-,NA,NA,N,H,G,A,A,H,-,A,A,0,NA,Y,NA,NA,Y,NA,-,-,0,1,0,0,0,0,1,0,0,-,-,NA,NA,LOS ANGELES,SANTA MONICA,-118.49639892578124,34.01264572143555
9052751,2019,2020-03-05,1965,2019-03-27,1500,3641,0B3E,3,5,5,1965,0,0,0,NA,0,B003,CLOVERFIELD BL,DELAWARE AV,130,N,N,A,-,N,NA,NA,NA,NA,NA,NA,NA,NA,NA,N,4,0,1,2,-,-,-,NA,NA,N,B,C,A,A,H,-,A,D,0,NA,NA,NA,NA,Y,NA,-,-,0,0,1,0,0,0,0,0,0,-,-,NA,NA,LOS ANGELES,SANTA MONICA,-118.46925354003906,34.02448654174805
9052752,2019,2020-03-05,1965,2019-03-29,0630,3996,NA,5,5,5,1965,0,0,0,NA,0,NA,19TH CT,SANTA MONICA BL,3,S,N,A,-,N,NA,NA,NA,NA,NA,NA,NA,NA,NA,N,3,0,1,2,A,-,05,21650,1,N,H,G,A,A,H,-,B,C,0,NA,Y,NA,NA,Y,NA,L,04,0,1,0,0,0,0,1,0,0,-,-,37.0195198059082,-121.0031967163086,LOS ANGELES,SANTA MONICA,-118.48097229003906,34.02789306640625
9052753,2018,2020-03-05,1910,2018-03-03,1838,04924,NA,6,5,4,1910,0,0,0,NA,0,005,NORTH SANTA MONICA BL,N MAPLE DR,200,E,N,A,-,N,NA,NA,NA,NA,NA,NA,NA,NA,NA,N,3,0,1,2,A,-,08,22107,NA,F,-,G,A,A,A,D,A,D,0,NA,Y,NA,NA,Y,Y,L,04,0,1,0,0,0,0,1,0,0,-,-,34.076751708984375,-118.3961181640625,LOS ANGELES,BEVERLY HILLS,-118.39609527587892,34.076873779296875
9052754,2019,2020-03-04,1965,2019-03-22,1451,3985,0B2A,5,5,5,1965,0,0,0,NA,0,B002,OCEAN PARK BL,6TH ST,24,E,N,A,-,N,NA,NA,NA,NA,NA,NA,NA,NA,NA,N,3,0,1,1,A,-,03,22350,NA,N,H,G,A,A,H,-,A,A,0,NA,Y,NA,NA,Y,NA,L,04,0,1,0,0,0,0,1,0,0,-,-,NA,NA,LOS ANGELES,SANTA MONICA,-118.47959136962892,34.00505828857422
9052755,2019,2020-03-04,1965,2019-03-26,0905,3178,B3F,2,5,5,1965,0,0,0,NA,0,B003,OLYMPIC BL,21ST ST,1267,W,N,A,-,N,NA,NA,NA,NA,NA,NA,NA,NA,NA,N,4,0,2,2,A,-,04,21703,NA,N,C,C,A,A,H,-,A,A,0,NA,NA,NA,NA,Y,NA,A,01,0,0,2,0,0,0,0,0,0,-,-,NA,NA,LOS ANGELES,SANTA MONICA,-118.47701263427734,34.0227165222168
9052756,2019,2020-03-04,1965,2019-03-27,1915,3158,0B17,3,5,5,1965,0,0,0,NA,0,B001,MAIN ST,PICO BL,180,N,N,A,-,N,NA,NA,NA,NA,NA,NA,NA,NA,NA,N,2,0,1,1,A,-,08,22107,NA,N,F,A,A,A,H,-,B,A,0,NA,NA,NA,NA,Y,NA,M,94,1,0,0,0,0,0,0,0,0,-,-,NA,NA,LOS ANGELES,SANTA MONICA,-118.48987579345705,34.00841522216797
90527563,2017,2017-08-21,9545,2017-08-12,1500,018550,NA,6,2,9,1900,0,3,5,NA,2,002,SAN FRANCISQUITO CANYON RD,ELIZABETH LAKE RD,0,NA,Y,A,-,N,NA,NA,NA,NA,NA,NA,NA,NA,NA,Y,4,0,1,2,A,-,09,21802,A,N,D,C,A,A,H,-,A,A,0,NA,NA,NA,NA,Y,NA,D,22,0,0,1,0,0,0,0,0,0,-,-,34.6488,-118.3766,LOS ANGELES,UNINCORPORATED,-118.37667008,34.64884011
9052757,2019,2020-03-04,1965,2019-03-25,1016,3178,0B2B,1,5,5,1965,0,0,0,NA,0,B002,11TH ST,HILL ST,44,S,N,A,-,N,NA,NA,NA,NA,NA,NA,NA,NA,NA,N,3,0,1,1,A,-,01,23152,A,M,E,I,A,A,H,-,A,A,0,NA,NA,NA,NA,Y,Y,A,01,0,1,0,0,0,0,0,0,0,-,-,NA,NA,LOS ANGELES,SANTA MONICA,-118.47237396240234,34.00697326660156
9052758,2019,2020-03-05,1965,2019-03-24,1613,3764,0B4D,7,5,5,1965,0,0,0,NA,0,B004,WASHINGTON AV,LINCOLN BL,180,W,N,A,-,N,NA,NA,NA,NA,NA,NA,NA,NA,NA,N,3,0,1,2,A,-,09,21804,A,N,H,G,A,A,H,-,A,D,0,NA,Y,NA,NA,Y,NA,L,04,0,1,0,0,0,0,1,0,0,-,-,NA,NA,LOS ANGELES,SANTA MONICA,-118.49818420410156,34.02460479736328
9052759,2019,2020-03-04,1965,2019-03-17,1355,4003,NA,7,5,5,1965,0,0,0,NA,0,B001,SANTA MONICA BL,6TH ST,0,NA,Y,A,-,N,NA,NA,NA,NA,NA,NA,NA,NA,NA,N,3,0,1,2,-,-,-,NA,NA,N,-,G,A,A,H,-,A,A,0,NA,Y,NA,NA,Y,NA,-,-,0,1,0,0,0,0,1,0,0,-,-,NA,NA,LOS ANGELES,SANTA MONICA,-118.49330902099608,34.01795959472656
90527593,2017,2017-08-21,9535,2017-08-12,0919,019056,NA,6,1,9,1900,0,2,4,NA,2,025,ATLANTIC BLVD (1400 S. BLOCK),FERGUSON DR,14,N,N,A,-,N,NA,NA,NA,NA,NA,NA,NA,NA,NA,Y,2,0,1,1,A,-,01,23152,A,N,E,I,A,A,H,-,A,D,0,NA,NA,NA,NA,Y,Y,A,07,1,0,0,0,0,0,0,0,0,-,-,34.01082,-118.15886,LOS ANGELES,UNINCORPORATED,-118.15881586,34.01076605
9052760,2019,2020-03-05,1965,2019-03-28,1729,3158,0B2A,4,5,5,1965,0,0,0,NA,0,B002,LINCOLN BL,PINE ST,0,NA,Y,A,-,N,NA,NA,NA,NA,NA,NA,NA,NA,NA,N,4,0,1,3,A,-,17,21461,A,N,D,C,A,A,H,-,A,D,0,NA,NA,NA,NA,Y,NA,A,07,0,0,1,0,0,0,0,0,0,-,-,NA,NA,LOS ANGELES,SANTA MONICA,-118.4779815673828,34.00828170776367
90527631,2017,2017-08-21,9525,2017-07-30,0040,020693,NA,7,3,4,1946,0,1,1,NA,2,202,I-210 E/B (FOOTHILL FWY),MAYFLOWER AVE,500,W,N,A,-,Y,NA,NA,210,NA,NA,NA,NA,NA,E,Y,4,0,1,2,A,-,03,22350,NA,F,C,C,A,A,H,-,C,D,0,NA,NA,NA,NA,Y,NA,D,22,0,0,1,0,0,0,0,0,0,-,-,34.13778,-118.01391,LOS ANGELES,MONROVIA,-118.01391261,34.13777517
90527667,2017,2017-08-21,9525,2017-08-04,2235,021280,NA,5,3,9,1900,0,2,4,NA,2,045,VALLEY BLVD  (14200 BLOCK),5TH AVE  (100 BLOCK),17,E,N,A,-,N,NA,NA,NA,NA,NA,NA,NA,NA,NA,N,2,0,1,2,A,-,11,21954,A,F,G,B,D,A,H,-,C,D,0,Y,NA,NA,NA,Y,NA,N,60,1,0,0,0,1,0,0,0,0,-,-,34.0397,-117.98173,LOS ANGELES,UNINCORPORATED,-117.98172719,34.03968996
90527674,2017,2017-08-21,9530,2017-08-15,1300,019792,NA,2,1,7,1942,0,1,1,NA,2,120,I-110 S/B (HARBOR FREEWAY),GAFFEY ST.,480,N,N,A,-,Y,NA,NA,110,NA,NA,NA,NA,NA,S,Y,3,0,2,1,A,-,03,22350,NA,N,E,I,A,A,H,-,A,D,0,NA,NA,NA,NA,Y,NA,A,01,0,2,0,0,0,0,0,0,0,-,-,33.74763,-118.29124,LOS ANGELES,LOS ANGELES,-118.29129803,33.74766956
90527682,2017,2017-08-21,9580,2017-08-10,0930,019511,NA,4,1,7,1942,0,1,2,NA,2,102,US-101 N/B (VENTURA FREEWAY),WOODMAN AVE,1320,S,N,A,-,Y,NA,NA,101,NA,NA,NA,NA,NA,N,Y,4,0,1,2,A,-,07,21658,A,N,B,C,A,A,H,-,A,D,0,NA,NA,Y,NA,Y,NA,A,01,0,0,1,0,0,0,0,0,1,-,-,34.15586,-118.42843,LOS ANGELES,LOS ANGELES,-118.42843066,34.15571196
90527686,2017,2017-08-21,9565,2017-08-08,1650,021775,NA,2,2,5,1965,0,1,1,NA,2,082,I-10 EASTBOUND (SANTA MONICA FREEWAY),CLOVERFIELD BLVD,71,W,N,A,-,Y,NA,NA,10,NA,NA,NA,NA,NA,E,Y,4,0,2,2,A,-,03,22350,NA,N,C,C,A,A,H,-,A,D,0,NA,NA,NA,Y,Y,NA,D,22,0,0,2,0,0,0,0,0,0,-,-,34.02437,-118.46969,LOS ANGELES,SANTA MONICA,-118.46968051,34.02433473
90527702,2017,2017-08-21,9580,2017-08-11,0002,018718,NA,5,3,7,1942,0,1,2,NA,2,103,US-101 S/B (VENTURA FREEWAY),WOODMAN AVE,2000,N,N,A,-,Y,NA,NA,101,NA,NA,NA,NA,NA,S,Y,3,0,1,3,A,-,01,23152,A,N,C,C,A,A,H,-,D,D,0,NA,NA,NA,NA,Y,Y,A,01,0,1,0,0,0,0,0,0,0,-,-,34.15555,-118.43886,LOS ANGELES,LOS ANGELES,-118.43886021,34.15555853
90527714,2017,2017-08-21,9530,2017-08-16,0530,021623,NA,3,3,5,1943,0,1,1,NA,2,210,I-105 E/B (GLENN ANDERSON FWY),LONG BEACH BLVD.,1000,E,N,A,-,Y,NA,NA,105,NA,NA,NA,NA,NA,E,Y,4,0,1,2,A,-,07,21658,A,F,C,C,A,A,H,-,B,D,0,NA,NA,Y,NA,Y,Y,-,99,0,0,1,0,0,0,0,0,1,-,-,33.9206,-118.2004,LOS ANGELES,LYNWOOD,-118.20042715,33.92053814