CASE_ID,ACCIDENT_YEAR,PROC_DATE,JURIS,COLLISION_DATE,COLLISION_TIME,OFFICER_ID,REPORTING_DISTRICT,DAY_OF_WEEK,CHP_SHIFT,POPULATION,CNTY_CITY_LOC,SPECIAL_COND,BEAT_TYPE,CHP_BEAT_TYPE,CITY_DIVISION_LAPD,CHP_BEAT_CLASS,BEAT_NUMBER,PRIMARY_RD,SECONDARY_RD,DISTANCE,DIRECTION,INTERSECTION,WEATHER_1,WEATHER_2,STATE_HWY_IND,CALTRANS_COUNTY,CALTRANS_DISTRICT,STATE_ROUTE,ROUTE_SUFFIX,POSTMILE_PREFIX,POSTMILE,LOCATION_TYPE,RAMP_INTERSECTION,SIDE_OF_HWY,TOW_AWAY,COLLISION_SEVERITY,NUMBER_KILLED,NUMBER_INJURED,PARTY_COUNT,PRIMARY_COLL_FACTOR,PCF_CODE_OF_VIOL,PCF_VIOL_CATEGORY,PCF_VIOLATION,PCF_VIOL_SUBSECTION,HIT_AND_RUN,TYPE_OF_COLLISION,MVIW,PED_ACTION,ROAD_SURFACE,ROAD_COND_1,ROAD_COND_2,LIGHTING,CONTROL_DEVICE,CHP_ROAD_TYPE,PEDESTRIAN_ACCIDENT,BICYCLE_ACCIDENT,MOTORCYCLE_ACCIDENT,TRUCK_ACCIDENT,NOT_PRIVATE_PROPERTY,ALCOHOL_INVOLVED,STWD_VEHTYPE_AT_FAULT,CHP_VEHTYPE_AT_FAULT,COUNT_SEVERE_INJ,COUNT_VISIBLE_INJ,COUNT_COMPLAINT_PAIN,COUNT_PED_KILLED,COUNT_PED_INJURED,COUNT_BICYCLIST_KILLED,COUNT_BICYCLIST_INJURED,COUNT_MC_KILLED,COUNT_MC_INJURED,PRIMARY_RAMP,SECONDARY_RAMP,LATITUDE,LONGITUDE,COUNTY,CITY,POINT_X,POINT_Y
90533681,2017,2017-11-02,9535,2017-08-21,1908,021538,NA,1,2,9,1900,0,2,4,NA,2,018,3RD STREET (5100 BLOCK),WOODS AVE,13,W,N,A,-,N,NA,NA,NA,NA,NA,NA,NA,NA,NA,N,4,0,1,2,A,-,21,22106,NA,N,C,C,A,A,H,-,A,A,0,NA,NA,NA,NA,Y,NA,A,01,0,0,1,0,0,0,0,0,0,-,-,34.03365,-118.15592,LOS ANGELES,UNINCORPORATED,-118.15580275,34.03349806
90533686,2017,2017-08-25,9565,2017-08-17,1732,019138,NA,4,2,7,1942,0,1,1,NA,2,063,I-405 NB (SAN DIEGO FREEWAY),SANTA MONICA BLVD,50,S,N,A,-,Y,NA,NA,405,NA,NA,NA,NA,NA,N,Y,3,0,1,3,A,-,03,22350,NA,N,B,C,A,A,H,-,A,D,0,NA,NA,Y,NA,Y,NA,C,02,0,1,0,0,0,0,0,0,1,-,-,34.04676,-118.44645,LOS ANGELES,LOS ANGELES,-118.44639462,34.04680776
90533690,2017,2017-08-25,9540,2017-08-19,0856,019317,NA,6,1,9,1900,0,1,1,NA,1,503,I-5(S/B)(GOLDEN STATE FREEWAY),CALGROVE BOULEVARD,528,S,N,A,-,Y,NA,NA,5,NA,NA,NA,NA,NA,NA,Y,4,0,3,5,A,-,03,22350,NA,N,C,C,A,A,D,-,A,A,0,NA,NA,NA,NA,Y,NA,A,01,0,0,3,0,0,0,0,0,0,-,-,34.3415,-118.52683,LOS ANGELES,UNINCORPORATED,-118.52679812,34.34158746
90533696,2017,2017-08-25,9540,2017-08-19,2100,021370,NA,6,2,9,1900,0,2,4,NA,1,204,BOUQUET CANYON RD,QUARRY RD,700,N,N,A,-,N,NA,NA,NA,NA,NA,NA,NA,NA,NA,Y,3,0,1,1,A,-,01,23152,A,N,E,A,A,A,H,-,D,D,0,NA,NA,NA,NA,Y,Y,A,01,0,1,0,0,0,0,0,0,0,-,-,34.55355,-118.41136,LOS ANGELES,UNINCORPORATED,-118.41145722,34.55351962
90533702,2017,2017-08-25,9545,2017-08-15,1625,018862,NA,2,2,6,1950,0,1,3,NA,2,021,SR-14 S/B,10TH ST  W,100,N,N,A,-,Y,NA,NA,14,NA,NA,NA,NA,NA,S,Y,3,0,1,1,A,-,08,22107,NA,N,E,I,A,A,H,-,A,D,0,NA,NA,NA,NA,Y,NA,A,01,0,1,0,0,0,0,0,0,0,-,-,34.60574,-118.14826,LOS ANGELES,PALMDALE,-118.14828204,34.60571054
90533706,2017,2017-08-25,9540,2017-08-18,1435,019337,NA,5,2,9,1900,0,1,3,NA,2,146,SR-14 N/B (ANTELOPE VALLEY FREEWAY),ESCONDIDO CANYON ROAD,2112,N,N,A,-,Y,NA,NA,14,NA,NA,NA,NA,NA,N,Y,3,0,2,2,A,-,03,22350,NA,N,C,C,A,A,H,-,A,D,0,NA,NA,NA,Y,Y,NA,J,48,0,1,1,0,0,0,0,0,0,-,-,34.49519,-118.27544,LOS ANGELES,UNINCORPORATED,-118.27548647,34.49531213
90533781,2017,2017-08-25,9530,2017-08-06,0400,021325,NA,7,3,7,1942,0,1,1,NA,2,110,I-110 S/B (HARBOR FREEWAY),IMPERIAL HWY.,140,N,N,A,-,Y,NA,NA,110,NA,NA,NA,NA,NA,S,Y,2,0,2,1,A,-,08,22107,NA,N,E,I,A,A,H,-,C,D,0,NA,NA,NA,NA,Y,NA,A,01,2,0,0,0,0,0,0,0,0,-,-,33.93143,-118.28081,LOS ANGELES,LOS ANGELES,-118.2809369,33.93144673
90533828,2017,2017-08-25,9530,2017-08-13,2250,021541,NA,7,3,6,1972,0,1,1,NA,2,400,I-405 S/B (SAN DIEGO FREEWAY),WESTERN AVE.,100,S,N,A,-,Y,NA,NA,405,NA,NA,NA,NA,NA,S,Y,4,0,2,3,A,-,03,22350,NA,N,C,C,A,A,H,-,D,D,0,NA,NA,NA,NA,Y,NA,A,07,0,0,2,0,0,0,0,0,0,-,-,33.8596,-118.3087,LOS ANGELES,TORRANCE,-118.30869239,33.85973795
90533853,2017,2017-08-25,9535,2017-08-20,0630,019056,NA,7,1,9,1900,0,2,4,NA,2,024,WHITTIER BLVD,EASTERN AVE,0,NA,Y,A,-,Y,NA,NA,NA,NA,NA,NA,NA,NA,NA,Y,3,0,1,2,A,-,01,23152,A,N,D,C,A,A,H,-,A,A,0,NA,NA,NA,NA,Y,Y,A,01,0,1,0,0,0,0,0,0,0,-,-,34.02391,-118.17394,LOS ANGELES,UNINCORPORATED,-118.17396006,34.02392007
90533885,2017,2017-08-25,9540,2017-08-18,1105,018513,NA,5,1,7,1942,0,1,1,NA,2,210,I-210 W/B (FOOTHILL FREEWAY),MACLAY ST,1056,E,N,A,-,Y,NA,NA,210,NA,NA,NA,NA,NA,W,N,4,0,2,2,A,-,03,22350,NA,N,C,C,A,A,H,-,A,D,0,NA,NA,NA,NA,Y,NA,A,01,0,0,2,0,0,0,0,0,0,-,-,34.29986,-118.41966,LOS ANGELES,LOS ANGELES,-118.41975357,34.29976082
90533886,2017,2018-06-06,9580,2017-05-20,1540,021498,NA,6,2,7,1942,0,1,1,NA,2,406,I-405 N/B (SAN DIEGO FWY),NORDHOFF ST,2112,S,N,A,-,Y,NA,NA,405,NA,NA,NA,NA,NA,N,N,4,0,1,2,A,-,03,22350,NA,M,C,C,A,A,H,-,A,D,0,NA,NA,NA,NA,Y,NA,-,99,0,0,1,0,0,0,0,0,0,-,-,34.23199,-118.47289,LOS ANGELES,LOS ANGELES,-118.47298107,34.23199091
90533888,2017,2017-08-25,9535,2017-08-20,0845,021599,NA,7,1,9,1900,0,2,4,NA,2,018,BEVERLY BLVD,ATLANTIC BLVD,0,NA,Y,A,-,N,NA,NA,NA,NA,NA,NA,NA,NA,NA,Y,4,0,1,2,A,-,12,21453,A,N,D,C,A,A,H,-,A,A,0,NA,NA,NA,NA,Y,NA,A,07,0,0,1,0,0,0,0,0,0,-,-,34.03336,-118.15274,LOS ANGELES,UNINCORPORATED,-118.15371002,34.03213011
90533891,2017,2017-08-25,9590,2017-08-02,1545,016642,NA,3,2,7,1942,0,1,2,NA,2,071,US-101 S/B (SANTA ANA FREEWAY),ALAMEDA STREET,500,S,N,B,-,Y,NA,NA,101,NA,NA,NA,NA,NA,S,Y,4,0,1,3,A,-,03,22350,NA,N,C,C,A,A,H,-,A,D,0,NA,NA,NA,NA,Y,NA,D,22,0,0,1,0,0,0,0,0,0,-,-,34.05359,-118.23491,LOS ANGELES,LOS ANGELES,-118.2349062,34.05368972
90533917,2017,2017-08-25,9530,2017-08-24,1517,017755,NA,4,2,7,1941,0,1,1,NA,2,430,I-405 N/B (SAN DIEGO FREEWAY),REDONDO AVE.,1560,S,N,A,-,Y,NA,NA,NA,NA,NA,NA,NA,NA,NA,Y,4,0,1,3,A,-,07,21658,A,N,C,C,A,A,H,-,A,D,0,NA,NA,NA,NA,Y,NA,A,01,0,0,1,0,0,0,0,0,0,-,-,33.79605,-118.14795,LOS ANGELES,LONG BEACH,-118.14629504,33.80646925
90533919,2017,2017-08-25,9580,2017-08-13,2045,021461,NA,7,2,7,1942,0,1,1,NA,2,407,I-405 S/B TO NORDHOFF STREET,NORDHOFF ST,10,N,N,A,-,Y,NA,NA,405,NA,NA,NA,R,NA,S,N,4,0,2,2,A,-,03,22350,NA,N,C,C,A,A,H,-,C,A,0,NA,NA,NA,NA,Y,NA,A,01,0,0,2,0,0,0,0,0,0,-,-,34.23573,-118.47352,LOS ANGELES,LOS ANGELES,-118.47352,34.23573
90533920,2017,2017-08-25,9530,2017-08-20,2222,20714,NA,7,3,9,1900,0,3,5,NA,2,001,HOLMES AVE.,SLAUSON AVE.,0,NA,Y,A,-,N,NA,NA,NA,NA,NA,NA,NA,NA,NA,N,4,0,1,2,A,-,09,21801,A,N,D,C,A,A,H,-,C,A,0,NA,NA,NA,NA,Y,NA,A,01,0,0,1,0,0,0,0,0,0,-,-,33.9892,-118.2412,LOS ANGELES,UNINCORPORATED,-118.24119009,33.98955009
90533937,2017,2017-08-25,9530,2017-08-20,2010,021380,NA,7,2,7,1942,0,1,1,NA,2,110,I-110 N/B (HARBOR FREEWAY),102ND ST.,62,S,N,A,-,Y,NA,NA,110,NA,NA,NA,NA,NA,N,N,4,0,1,2,A,-,03,22350,NA,N,C,C,A,A,H,-,B,D,0,NA,NA,NA,NA,Y,NA,A,07,0,0,1,0,0,0,0,0,0,-,-,33.9435,-118.2796,LOS ANGELES,LOS ANGELES,-118.279772,33.94350797
90533938,2017,2017-08-25,9540,2017-08-21,1900,018582,NA,1,2,9,1900,0,3,5,NA,2,200,MINT CANYON ROAD (10900 BLOCK),SIERRA HIGHWAY,3168,S,N,A,-,N,NA,NA,NA,NA,NA,NA,NA,NA,NA,N,3,0,1,2,A,-,05,21650,NA,N,A,C,A,A,H,-,A,D,0,NA,NA,Y,NA,Y,NA,C,06,0,1,0,0,0,0,0,0,1,-,-,34.52025,-118.32747,LOS ANGELES,UNINCORPORATED,-118.34067,34.51281
90533945,2017,2017-08-25,9580,2017-08-17,1915,020400,NA,4,2,7,1942,0,1,2,NA,2,103,US-101 S/B (HOLLYWOOD FREEWAY),WOODMAN AVE,600,N,N,A,-,Y,NA,NA,101,NA,NA,NA,NA,NA,S,Y,4,0,1,3,A,-,03,22350,NA,N,C,C,A,A,H,-,A,D,0,NA,NA,NA,NA,Y,NA,A,01,0,0,1,0,0,0,0,0,0,-,-,34.15597,-118.42597,LOS ANGELES,LOS ANGELES,-118.42593302,34.15580375
90533949,2017,2017-08-25,9580,2017-08-22,1725,020153,NA,2,2,9,1900,0,2,4,NA,1,127,MALIBU CANYON RD,FRANCISCO RANCH RD.,3960,N,N,A,-,N,NA,NA,NA,NA,NA,NA,NA,NA,NA,Y,3,0,2,2,A,-,03,22350,NA,N,C,C,A,A,H,-,A,D,0,NA,NA,NA,NA,Y,NA,A,07,0,1,1,0,0,0,0,0,0,-,-,34.05855,-118.69426,LOS ANGELES,UNINCORPORATED,-118.69426284,34.05877743
90533951,2017,2017-08-25,9530,2017-08-24,1145,021089,NA,4,1,9,1900,0,3,5,NA,2,002,AVALON BLVD.,COMPTON BLVD.,0,NA,Y,A,-,N,NA,NA,NA,NA,NA,NA,NA,NA,NA,Y,4,0,2,2,A,-,09,21801,A,N,A,C,A,A,H,-,A,A,0,NA,NA,NA,NA,Y,NA,A,07,0,0,2,0,0,0,0,0,0,-,-,33.89528,-118.26558,LOS ANGELES,UNINCORPORATED,-118.26538011,33.89520003
90533954,2017,2017-08-25,9580,2017-08-16,1050,021627,NA,3,1,7,1942,0,1,3,NA,2,171,SR-170 S/B (HOLLYWOOD FWY.),CHANDLER AVE,200,N,N,A,-,Y,NA,NA,170,NA,NA,NA,NA,NA,S,Y,4,0,2,4,A,-,03,22350,NA,N,C,C,A,A,H,-,A,D,0,NA,NA,NA,NA,Y,NA,A,01,0,0,2,0,0,0,0,0,0,-,-,34.1694,-118.38528,LOS ANGELES,LOS ANGELES,-118.38533013,34.16935292
90533958,2017,2017-08-25,9530,2017-08-24,1410,017755,NA,4,2,7,1941,0,1,1,NA,2,430,I-405 S/B FROM WILLOW ST.,WILLOW ST.,585,S,N,A,-,Y,NA,NA,NA,NA,NA,NA,NA,NA,NA,Y,3,0,2,2,A,-,03,22350,NA,N,C,C,A,A,H,-,A,A,0,NA,NA,NA,NA,Y,NA,A,08,0,1,1,0,0,0,0,0,0,-,-,33.841,-118.26536,LOS ANGELES,LONG BEACH,-118.13853,33.80361
90533960,2017,2017-09-04,9580,2017-08-17,0840,021627,NA,4,1,7,1942,0,1,3,NA,2,117,SR-118 W/B (RONALD REAGAN FWY.),WOODLEY AVE,200,E,N,A,-,Y,NA,NA,118,NA,NA,NA,NA,NA,W,Y,4,0,2,3,A,-,03,22350,NA,N,C,C,A,A,H,-,A,D,0,NA,NA,NA,NA,Y,NA,D,22,0,0,2,0,0,0,0,0,0,-,-,34.2682,-118.4852,LOS ANGELES,LOS ANGELES,-118.48516151,34.2682522
90533972,2017,2017-08-25,9580,2017-08-22,0915,021491,NA,2,1,7,1942,0,1,2,NA,2,101,US-101 S/B (HOLLYWOOD FREEWAY),VINELAND AVE,528,N,N,A,-,Y,NA,NA,101,NA,NA,NA,NA,NA,S,N,4,0,1,2,A,-,03,22350,NA,N,C,C,A,A,H,-,A,D,0,NA,NA,NA,NA,Y,NA,A,01,0,0,1,0,0,0,0,0,0,-,-,34.14814,-118.37218,LOS ANGELES,LOS ANGELES,-118.37219885,34.1481131
90533983,2017,2017-08-25,9550,2017-08-23,1000,020025,NA,3,1,6,1949,0,1,1,NA,2,651,INTERSTATE 605 (SAN GABRIEL RIVER FREEW,IMPERIAL HIGHWAY,125,N,N,A,-,Y,NA,NA,605,NA,NA,NA,NA,NA,NA,Y,3,0,1,1,A,-,08,22107,NA,N,E,I,A,A,H,-,A,D,0,NA,NA,NA,NA,Y,NA,A,07,0,1,0,0,0,0,0,0,0,-,-,33.91757,-118.1052,LOS ANGELES,NORWALK,-118.10481169,33.91755372
90533992,2017,2017-08-25,9580,2017-08-16,2150,020353,NA,3,2,7,1942,0,1,3,NA,2,119,SR-118 W/B (RONALD REAGAN FWY.),ROCKY PEAK RD.,3100,E,N,A,-,Y,NA,NA,118,NA,NA,NA,NA,NA,W,Y,4,0,2,2,A,-,03,22350,NA,N,C,C,A,A,H,-,D,D,0,NA,NA,NA,NA,Y,NA,A,01,0,0,2,0,0,0,0,0,0,-,-,34.27394,-118.62827,LOS ANGELES,LOS ANGELES,-118.62826629,34.27393397
90534045,2017,2017-10-06,9550,2017-08-15,1550,020974,NA,2,2,9,1900,0,2,4,NA,1,051,HARBOR BOULEVARD,FULLERTON ROAD,0,NA,Y,A,-,N,NA,NA,NA,NA,NA,NA,NA,NA,NA,Y,4,0,2,2,A,-,09,21801,A,N,D,C,A,A,H,-,A,D,0,NA,NA,NA,NA,Y,NA,A,01,0,0,2,0,0,0,0,0,0,-,-,33.96667,-117.91543,LOS ANGELES,UNINCORPORATED,-117.92487002,33.95385007
90534083,2017,2017-08-25,9545,2017-08-15,1740,018862,NA,2,2,9,1900,0,3,5,NA,2,001,AVENUE L,42ND ST  W,321,W,N,A,-,N,NA,NA,NA,NA,NA,NA,NA,NA,NA,Y,4,0,4,3,A,-,03,22350,NA,N,C,C,A,A,H,-,A,D,0,NA,NA,NA,NA,Y,NA,D,22,0,0,4,0,0,0,0,0,0,-,-,34.66024,-118.20675,LOS ANGELES,UNINCORPORATED,-118.20679527,34.660191760000004
90534093,2017,2017-08-25,9540,2017-08-22,0803,013893,NA,2,1,6,1985,0,1,3,NA,2,147,SR-14 S/B (ANTELOPEVALLEY FREEWAY),OAK SPRINGS CANYON RD,295,N,N,A,-,Y,NA,NA,14,NA,NA,NA,NA,NA,S,Y,3,0,4,3,A,-,03,22350,NA,N,C,C,A,A,H,-,A,D,0,NA,NA,NA,NA,Y,NA,A,01,0,1,3,0,0,0,0,0,0,-,-,34.42786,-118.41434,LOS ANGELES,SANTA CLARITA,-118.41434153,34.42778924
90534102,2017,2017-08-25,9540,2017-08-23,0714,013893,NA,3,1,7,1942,0,1,1,NA,1,503,I-5 S/B (GOLDEN STATE FREEWAY),BALBOA BLVD,2,S,N,A,-,Y,NA,NA,5,NA,NA,NA,NA,NA,S,Y,3,0,2,2,A,-,03,22350,NA,N,C,C,A,A,H,-,A,D,0,NA,NA,NA,NA,Y,NA,A,01,0,1,1,0,0,0,0,0,0,-,-,34.32085,-118.49616,LOS ANGELES,LOS ANGELES,-118.49617812,34.32081941
90534111,2017,2017-08-25,9535,2017-08-24,0640,019056,NA,4,1,4,1907,0,1,1,NA,2,072,I-710 (LONG BEACH FREEWAY) N/B,SLAUSON AVE,500,S,N,A,-,Y,NA,NA,NA,NA,NA,NA,NA,NA,NA,N,4,0,1,3,A,-,03,22350,NA,N,C,C,A,A,H,-,A,D,0,NA,NA,NA,NA,Y,NA,A,01,0,0,1,0,0,0,0,0,0,-,-,33.9746,-118.1246,LOS ANGELES,BELL,-118.16897877,33.98537268
90534129,2017,2017-08-25,9550,2017-08-18,1035,021166,NA,5,1,3,1964,0,1,1,NA,2,501,I-5 S/B,CARMENITA ROAD,840,N,N,A,-,Y,NA,NA,5,NA,NA,NA,NA,NA,S,Y,4,0,1,3,A,-,03,22350,NA,N,C,C,A,A,H,-,A,D,0,NA,NA,NA,NA,Y,NA,A,01,0,0,1,0,0,0,0,0,0,-,-,33.8999,-118.05826,LOS ANGELES,SANTA FE SPRINGS,-118.05826098,33.89989835
90534142,2017,2017-08-25,9535,2017-08-18,0650,015636,NA,5,1,9,1900,0,1,1,NA,2,071,I-710 (LONG BEACH FREEWAY) S/B,HUMPHREYS AVE,100,N,N,B,-,Y,NA,NA,710,NA,NA,NA,NA,NA,S,N,4,0,1,2,A,-,07,21658,A,N,F,A,A,A,D,H,A,D,0,NA,NA,Y,NA,Y,NA,A,01,0,0,1,0,0,0,0,0,1,-,-,34.0301,-118.17134,LOS ANGELES,UNINCORPORATED,-118.17152104,34.03017971
90534180,2017,2017-08-25,9545,2017-08-21,1846,015589,NA,1,2,6,1992,0,1,3,NA,2,011,SR-14 N/B,AVENUE K-8,2112,N,N,A,-,Y,NA,NA,14,NA,NA,NA,NA,NA,N,Y,4,0,1,4,A,-,03,22350,NA,N,C,C,A,A,H,-,A,D,0,NA,NA,NA,NA,Y,NA,A,01,0,0,1,0,0,0,0,0,0,-,-,34.66978,-118.15375,LOS ANGELES,LANCASTER,-118.15378209000001,34.66977002
90534187,2017,2017-08-25,9530,2017-08-15,1800,021771,NA,2,2,9,1900,0,3,5,NA,2,001,NADEAU ST. (1400 BLOCK),ANTWERP AVE.,16,W,N,A,-,N,NA,NA,NA,NA,NA,NA,NA,NA,NA,Y,4,0,1,2,A,-,21,22106,NA,N,B,C,A,A,H,-,A,D,0,NA,NA,NA,NA,Y,NA,D,22,0,0,1,0,0,0,0,0,0,-,-,33.9675,-118.249,LOS ANGELES,UNINCORPORATED,-118.24902266,33.96745
90534195,2017,2017-08-25,9530,2017-08-17,1600,021771,NA,4,2,7,1941,0,1,A,NA,2,710,I-710 N/B (LONG BEACH FREEWAY),PACIFIC COAST HWY.,41,S,N,A,-,Y,NA,NA,710,NA,NA,NA,NA,NA,N,Y,4,0,2,3,A,-,03,22350,NA,N,C,C,A,A,H,-,A,D,0,NA,NA,NA,NA,Y,NA,A,01,0,0,2,0,0,0,0,0,0,-,-,33.7897,-118.2078,LOS ANGELES,LONG BEACH,-118.20776919,33.7897
90534210,2017,2017-08-25,9550,2017-08-18,1115,020969,NA,5,1,9,1900,0,2,4,NA,1,041,HALLIBURTON ROAD,STIMSON AVENUE,0,NA,Y,A,-,N,NA,NA,NA,NA,NA,NA,NA,NA,NA,Y,4,0,1,2,A,-,12,21453,A,N,D,C,A,A,H,-,A,A,0,NA,NA,NA,NA,Y,NA,A,01,0,0,1,0,0,0,0,0,0,-,-,33.99652,-117.96368,LOS ANGELES,UNINCORPORATED,-117.96359011,33.99640011
90534227,2017,2017-08-25,9530,2017-08-24,0750,021709,NA,4,1,7,1941,0,1,1,NA,2,071,I-710 S/B (LONG BEACH FREEWAY),CARSON ST.,1584,N,N,A,-,Y,NA,NA,710,NA,NA,NA,NA,NA,S,Y,3,0,1,2,A,-,07,21658,A,N,B,C,A,A,H,-,A,D,0,NA,NA,NA,Y,Y,NA,A,01,0,1,0,0,0,0,0,0,0,-,-,33.8364,-118.2082,LOS ANGELES,LONG BEACH,-118.2082872,33.83642288
90534235,2017,2017-08-25,9550,2017-08-16,1745,020795,NA,3,2,9,1900,0,3,5,NA,2,005,HARBOR BOULEVARD,WELLINGTON LANE,25,S,N,A,-,N,NA,NA,NA,NA,NA,NA,NA,NA,NA,Y,4,0,1,3,A,-,03,22350,NA,N,C,C,A,A,H,-,A,D,0,NA,NA,NA,NA,Y,NA,D,22,0,0,1,0,0,0,0,0,0,-,-,33.95893,-117.91919,LOS ANGELES,UNINCORPORATED,-117.91923501,33.95903187
90534265,2017,2017-08-25,9550,2017-08-22,1820,018150,NA,2,2,9,1900,0,1,1,NA,2,650,I-605 (N/B),SLAUSON AVENUE,1400,S,N,A,-,Y,NA,NA,605,NA,NA,NA,NA,NA,NA,Y,4,0,1,4,A,-,03,22350,NA,N,C,C,A,A,H,-,A,D,0,NA,NA,NA,NA,Y,NA,A,01,0,0,1,0,0,0,0,0,0,-,-,33.96353,-118.08484,LOS ANGELES,UNINCORPORATED,-118.08475313,33.96349437
9053427,2020,2020-05-15,1941,2020-02-16,0954,10519,NA,7,5,7,1941,0,0,0,NA,0,NA,ANAHEIM ST,ELM AV,0,NA,Y,A,-,N,NA,NA,NA,NA,NA,NA,NA,NA,NA,Y,4,0,1,2,A,-,09,21804,A,N,D,C,A,A,H,-,A,A,0,NA,NA,NA,NA,Y,NA,D,NA,0,0,1,0,0,0,0,0,0,-,-,NA,NA,LOS ANGELES,LONG BEACH,-118.18798065185548,33.78261947631836
90534304,2017,2017-08-25,9530,2017-08-18,0730,021089,NA,5,1,7,1942,0,1,3,NA,2,310,SR-91 W/B TO I-110 S/B,I-110,125,E,N,A,-,Y,NA,NA,91,NA,NA,NA,R,NA,W,Y,3,0,1,1,A,-,03,22350,NA,N,E,A,A,A,H,-,A,D,0,NA,NA,Y,NA,Y,NA,C,02,0,1,0,0,0,0,0,0,1,-,-,33.87258,-118.28448,LOS ANGELES,LOS ANGELES,-118.28448,33.87258
90534316,2017,2017-08-25,9430,2017-08-18,1430,015185,NA,5,2,9,1900,0,1,1,NA,2,051,I-5 NB (GOLDEN STATE FREEWAY),GORMAN CREEK UC,4752,S,N,A,-,Y,NA,NA,5,NA,NA,NA,NA,NA,N,Y,4,0,1,2,A,-,07,21658,A,N,C,C,A,A,H,-,A,D,0,NA,NA,NA,NA,Y,NA,A,07,0,0,1,0,0,0,0,0,0,-,-,34.77881,-118.8142,LOS ANGELES,UNINCORPORATED,-118.81415367,34.77888422
90534362,2017,2017-08-25,9535,2017-08-22,1900,021538,NA,2,2,9,1900,0,2,4,NA,2,025,ATLANTIC BLVD (900 BLOCK),LOUIS PL,65,S,N,A,-,N,NA,NA,NA,NA,NA,NA,NA,NA,NA,N,3,0,1,2,C,-,18,NA,NA,N,H,G,A,A,H,-,A,D,0,NA,Y,NA,NA,Y,NA,-,-,0,1,0,0,0,0,1,0,0,-,-,34.01901,-118.15771,LOS ANGELES,UNINCORPORATED,-118.15768391,34.0191375
90534366,2017,2017-08-25,9535,2017-08-15,1445,021773,NA,2,2,9,1900,0,3,5,NA,2,001,MEDFORD STREET,BONNIE BEACH PLACE,0,NA,Y,A,-,N,NA,NA,NA,NA,NA,NA,NA,NA,NA,Y,3,0,2,3,A,-,09,21802,A,N,D,C,A,A,H,-,A,A,0,NA,NA,NA,NA,Y,NA,A,08,0,1,1,0,0,0,0,0,0,-,-,34.05989,-118.18345,LOS ANGELES,UNINCORPORATED,-118.18342013,34.05986006
9053439,2020,2020-05-21,1941,2020-02-15,1804,11134,901T,6,5,7,1941,0,0,0,NA,0,NA,XIMENO AV,10TH ST,0,NA,Y,A,-,N,NA,NA,NA,NA,NA,NA,NA,NA,NA,Y,4,0,1,2,D,-,00,NA,NA,N,D,C,A,A,H,-,C,A,0,NA,NA,NA,NA,Y,NA,-,-,0,0,1,0,0,0,0,0,0,-,-,NA,NA,LOS ANGELES,LONG BEACH,-118.14157104492188,33.77894973754883
90534414,2017,2017-08-25,9550,2017-08-20,1831,021123,NA,7,2,5,1908,0,1,3,NA,2,091,SR-91 W/B,CLARK AVENUE,650,W,N,A,-,Y,NA,NA,91,NA,NA,NA,NA,NA,W,Y,3,0,1,2,A,-,03,22350,NA,F,B,C,A,A,H,-,A,D,0,NA,NA,NA,NA,Y,NA,-,99,0,1,0,0,0,0,0,0,0,-,-,33.87739,-118.1373,LOS ANGELES,BELLFLOWER,-118.1372993,33.87729191
90534416,2017,2017-08-25,9550,2017-08-24,2020,021202,NA,4,2,6,1949,0,1,1,NA,2,651,I-605,FIRESTONE BOULEVARD,600,S,N,A,-,Y,NA,NA,605,NA,NA,NA,NA,NA,NA,Y,4,0,1,2,A,-,08,22107,NA,N,B,C,A,A,H,-,C,D,0,NA,NA,NA,NA,Y,NA,A,01,0,0,1,0,0,0,0,0,0,-,-,33.92548,-118.10366,LOS ANGELES,NORWALK,-118.10376827,33.92551109
90534443,2017,2017-08-28,9550,2017-08-24,1700,019857,NA,4,2,9,1900,0,3,5,NA,2,001,NORWALK BLVD. (6900 BLOCK),MINES BLVD.,20,N,N,A,-,N,NA,NA,NA,NA,NA,NA,NA,NA,NA,Y,4,0,2,2,A,-,03,22350,NA,N,C,C,A,A,H,-,A,A,0,NA,NA,NA,NA,Y,NA,A,01,0,0,2,0,0,0,0,0,0,-,-,33.98281,-118.0712,LOS ANGELES,UNINCORPORATED,-118.07131713,33.98255161
90534452,2017,2017-08-28,9590,2017-08-11,1830,021132,NA,5,2,7,1942,0,1,1,NA,2,081,I-5 S/B (GSF) TO I-10 W/B (SMF),7TH STREET,500,S,N,A,-,Y,NA,NA,5,NA,NA,NA,R,NA,S,N,4,0,3,2,A,-,03,22350,NA,N,C,C,A,A,H,-,A,D,0,NA,NA,NA,NA,Y,NA,A,01,0,0,3,0,0,0,0,0,0,-,-,34.03308,-118.22218,LOS ANGELES,LOS ANGELES,-118.22218,34.03308
90534453,2017,2017-08-28,9590,2017-06-25,1720,021291,NA,7,2,7,1942,0,1,1,NA,2,063,I-10 W/B (SANTA MONICA FREEWAY),GRIFFITH AVE,300,W,N,A,-,Y,NA,NA,10,NA,NA,NA,NA,NA,W,N,4,0,3,3,A,-,03,22350,NA,N,C,C,A,A,H,-,A,D,0,NA,NA,NA,NA,Y,NA,A,01,0,0,3,0,0,0,0,0,0,-,-,34.0281,-118.25307,LOS ANGELES,LOS ANGELES,-118.25306882,34.0281022