CASE_ID,ACCIDENT_YEAR,PROC_DATE,JURIS,COLLISION_DATE,COLLISION_TIME,OFFICER_ID,REPORTING_DISTRICT,DAY_OF_WEEK,CHP_SHIFT,POPULATION,CNTY_CITY_LOC,SPECIAL_COND,BEAT_TYPE,CHP_BEAT_TYPE,CITY_DIVISION_LAPD,CHP_BEAT_CLASS,BEAT_NUMBER,PRIMARY_RD,SECONDARY_RD,DISTANCE,DIRECTION,INTERSECTION,WEATHER_1,WEATHER_2,STATE_HWY_IND,CALTRANS_COUNTY,CALTRANS_DISTRICT,STATE_ROUTE,ROUTE_SUFFIX,POSTMILE_PREFIX,POSTMILE,LOCATION_TYPE,RAMP_INTERSECTION,SIDE_OF_HWY,TOW_AWAY,COLLISION_SEVERITY,NUMBER_KILLED,NUMBER_INJURED,PARTY_COUNT,PRIMARY_COLL_FACTOR,PCF_CODE_OF_VIOL,PCF_VIOL_CATEGORY,PCF_VIOLATION,PCF_VIOL_SUBSECTION,HIT_AND_RUN,TYPE_OF_COLLISION,MVIW,PED_ACTION,ROAD_SURFACE,ROAD_COND_1,ROAD_COND_2,LIGHTING,CONTROL_DEVICE,CHP_ROAD_TYPE,PEDESTRIAN_ACCIDENT,BICYCLE_ACCIDENT,MOTORCYCLE_ACCIDENT,TRUCK_ACCIDENT,NOT_PRIVATE_PROPERTY,ALCOHOL_INVOLVED,STWD_VEHTYPE_AT_FAULT,CHP_VEHTYPE_AT_FAULT,COUNT_SEVERE_INJ,COUNT_VISIBLE_INJ,COUNT_COMPLAINT_PAIN,COUNT_PED_KILLED,COUNT_PED_INJURED,COUNT_BICYCLIST_KILLED,COUNT_BICYCLIST_INJURED,COUNT_MC_KILLED,COUNT_MC_INJURED,PRIMARY_RAMP,SECONDARY_RAMP,LATITUDE,LONGITUDE,COUNTY,CITY,POINT_X,POINT_Y
9053452,2020,2020-05-20,1900,2020-02-17,1510,533418,2321,1,5,5,1919,0,0,0,NA,0,230T,SOUTH ST,GRIDLEY RD,429,W,N,A,-,N,NA,NA,NA,NA,NA,NA,NA,NA,NA,Y,4,0,3,2,A,-,09,21801,A,N,D,C,A,A,H,-,A,A,0,NA,NA,NA,NA,Y,NA,A,01,0,0,3,0,0,0,0,0,0,-,-,NA,NA,LOS ANGELES,CERRITOS,-118.09237670898438,33.858489990234375
90534526,2017,2017-08-28,9535,2017-08-24,0600,021599,NA,4,1,5,1952,0,1,1,NA,2,075,I-710 (LONG BEACH FREEWAY) S/B,COMPTON BLVD,300,N,N,A,-,Y,NA,NA,710,NA,NA,NA,NA,NA,S,Y,4,0,1,4,A,-,03,22350,NA,N,C,C,A,A,H,-,B,D,0,NA,NA,NA,NA,Y,NA,D,22,0,0,1,0,0,0,0,0,0,-,-,33.896209999999996,-118.18765,LOS ANGELES,PARAMOUNT,-118.18772463,33.89622012
9053456,2020,2020-05-20,1900,2020-02-12,1450,279485,2316,3,5,5,1919,0,0,0,NA,0,230T,CARMENITA RD,ROSE ST,0,NA,Y,A,-,N,NA,NA,NA,NA,NA,NA,NA,NA,NA,Y,3,0,3,2,A,-,09,21802,A,N,D,C,A,A,H,-,A,A,0,NA,NA,NA,NA,Y,NA,A,01,0,2,1,0,0,0,0,0,0,-,-,NA,NA,LOS ANGELES,CERRITOS,-118.04646301269533,33.869911193847656
9053459,2020,2020-05-16,1941,2020-02-15,1425,10677,NA,6,5,7,1941,0,0,0,NA,0,NA,ATLANTIC AV,ESTHER ST,2,S,N,A,-,N,NA,NA,NA,NA,NA,NA,NA,NA,NA,N,4,0,2,2,A,-,03,22350,NA,N,C,C,A,A,H,-,A,D,0,NA,NA,NA,NA,Y,NA,A,NA,0,0,2,0,0,0,0,0,0,-,-,NA,NA,LOS ANGELES,LONG BEACH,-118.18502807617188,33.78895568847656
9053460,2020,2020-05-20,1900,2020-02-14,0740,439951,2319,5,5,5,1919,0,0,0,NA,0,230T,CARMENITA RD,ALONDRA BL,500,S,N,A,-,N,NA,NA,NA,NA,NA,NA,NA,NA,NA,Y,4,0,1,1,A,-,03,22350,A,N,E,I,A,A,H,-,A,D,0,NA,NA,NA,NA,Y,NA,A,NA,0,0,1,0,0,0,0,0,0,-,-,NA,NA,LOS ANGELES,CERRITOS,-118.04661560058594,33.88644790649414
90534628,2017,2017-08-28,9550,2017-08-17,2327,021123,NA,4,3,6,1949,0,1,1,NA,2,651,I-605 N/B,FIRESTONE BOULEVARD,370,S,N,A,-,Y,NA,NA,605,NA,NA,NA,NA,NA,N,Y,3,0,1,5,A,-,03,22350,NA,N,B,C,A,A,H,-,C,D,0,NA,NA,NA,NA,Y,NA,A,01,0,1,0,0,0,0,0,0,0,-,-,33.92413,-118.10438,LOS ANGELES,NORWALK,-118.10406413,33.92404649
90534632,2017,2017-08-28,9550,2017-08-18,1810,021311,NA,5,2,9,1900,0,1,1,NA,2,650,I-605 (SAN GABRIEL RIVER FWY) N/B,TELEGRAPH ROAD,200,N,N,A,-,Y,NA,NA,NA,NA,NA,NA,NA,NA,NA,N,4,0,1,2,A,-,03,22350,NA,N,C,C,A,A,H,-,A,D,0,NA,NA,NA,NA,Y,NA,A,01,0,0,1,0,0,0,0,0,0,-,-,33.95038,-118.09148,LOS ANGELES,UNINCORPORATED,-118.09160684,33.95014092
9053464,2020,2020-05-20,1900,2020-02-12,0745,536383,2318,3,5,5,1919,0,0,0,NA,0,234,ELM PARK DR,166TH ST,0,NA,Y,A,-,N,NA,NA,NA,NA,NA,NA,NA,NA,NA,N,4,0,1,2,A,-,08,22107,NA,N,G,B,D,A,H,-,A,D,0,Y,NA,NA,NA,Y,NA,A,08,0,0,1,0,1,0,0,0,0,-,-,NA,NA,LOS ANGELES,CERRITOS,-118.06826782226564,33.88045120239258
90534671,2017,2017-08-28,9590,2017-08-13,0328,021767,NA,7,3,7,1942,0,1,1,NA,2,053,I-110 S/B (HARBOR FREEWAY),2ND ST,200,S,N,A,-,Y,NA,NA,110,NA,NA,NA,NA,NA,S,Y,4,0,1,2,A,-,01,23152,A,N,E,I,A,A,H,-,C,D,0,NA,NA,NA,NA,Y,Y,A,01,0,0,1,0,0,0,0,0,0,-,-,34.0514,-118.26068,LOS ANGELES,LOS ANGELES,-118.26077611,34.0515585
90534675,2017,2017-08-28,9590,2017-08-12,2230,021705,NA,6,3,7,1942,0,1,1,NA,2,050,I-110 N/B (HARBOR FREEWAY),COLDEN AVE.,100,N,N,A,-,Y,NA,NA,110,NA,NA,NA,NA,NA,N,Y,2,0,4,2,A,-,07,21658,A,F,B,C,A,A,H,-,C,D,0,NA,NA,NA,NA,Y,NA,-,99,1,2,1,0,0,0,0,0,0,-,-,33.95078,-118.28,LOS ANGELES,LOS ANGELES,-118.27984854,33.95081085
9053468,2020,2020-05-20,1900,2020-02-10,1720,618931,2316,1,5,5,1919,0,0,0,NA,0,230K2,183RD ST,KAMSTRA AV,0,NA,Y,A,-,N,NA,NA,NA,NA,NA,NA,NA,NA,NA,Y,4,0,3,3,A,-,12,21453,A,N,D,C,A,A,H,-,A,A,0,NA,NA,NA,NA,Y,NA,A,08,0,0,3,0,0,0,0,0,0,-,-,NA,NA,LOS ANGELES,CERRITOS,-118.0573501586914,33.865840911865234
90534708,2017,2017-08-28,9590,2017-08-26,0810,021040,NA,6,1,7,1942,0,1,1,NA,2,085,I-5 S/B (GOLDEN STATE FREEWAY),GRIFFITH PARK DRIVE,1047,N,N,A,-,Y,NA,NA,NA,NA,NA,NA,NA,NA,NA,Y,2,0,4,3,A,-,03,22350,NA,N,C,C,A,A,H,-,A,D,0,NA,NA,NA,NA,Y,NA,D,22,2,1,1,0,0,0,0,0,0,-,-,34.73772,-118.16249,LOS ANGELES,LOS ANGELES,NA,NA
9053472,2020,2020-05-20,1900,2020-02-08,1640,519546,2314,6,5,5,1919,0,0,0,NA,0,230T,BLOOMFIELD AV,195TH ST,0,NA,Y,A,-,N,NA,NA,NA,NA,NA,NA,NA,NA,NA,Y,4,0,2,2,A,-,09,21801,A,N,D,C,A,A,H,-,A,A,0,NA,NA,NA,NA,Y,NA,A,07,0,0,2,0,0,0,0,0,0,-,-,NA,NA,LOS ANGELES,CERRITOS,-118.06359100341795,33.853431701660156
9053476,2020,2020-05-20,1900,2020-02-07,1556,630161,2318,5,5,5,1919,0,0,0,NA,0,230A,166TH ST,SHOEMAKER AV,0,NA,Y,A,-,N,NA,NA,NA,NA,NA,NA,NA,NA,NA,Y,4,0,1,2,A,-,09,21801,A,N,H,C,A,A,H,-,A,A,0,NA,NA,NA,NA,Y,NA,A,01,0,0,1,0,0,0,0,0,0,-,-,NA,NA,LOS ANGELES,CERRITOS,-118.05523681640624,33.880550384521484
90534775,2017,2017-08-28,9535,2017-08-16,1429,021773,NA,3,2,9,1900,0,2,4,NA,2,018,BEVERLY BLVD (5800 BLOCK),GERHART AVE,20,W,N,A,-,N,NA,NA,NA,NA,NA,NA,NA,NA,NA,N,3,0,1,2,A,-,12,21453,A,N,H,G,A,A,H,-,A,A,0,NA,Y,NA,NA,Y,NA,A,01,0,1,0,0,0,0,1,0,0,-,-,34.02671,-118.14444,LOS ANGELES,UNINCORPORATED,-118.14419334,34.02655218
90534795,2017,2017-08-28,9575,2017-08-04,2129,021026,NA,5,2,7,1942,0,1,3,NA,2,070,SR-118 W/B (RONALD REAGAN FWY),SAN FERNANDO RD.,500,W,N,A,-,Y,NA,NA,118,NA,NA,NA,NA,NA,W,Y,4,0,2,2,A,-,03,22350,NA,N,C,C,A,A,D,-,C,D,0,NA,NA,NA,NA,Y,NA,A,01,0,0,2,0,0,0,0,0,0,-,-,34.26791,-118.43736,LOS ANGELES,LOS ANGELES,-118.43735919,34.26790542
90534798,2017,2017-08-28,9575,2017-08-07,2226,021732,NA,1,3,7,1942,0,1,1,NA,2,053,I-5 N/B (GOLDEN STATE FREEWAY),PAXTON ST.,1200,S,N,A,-,Y,NA,NA,5,NA,NA,NA,NA,NA,N,Y,3,0,1,2,A,-,01,23152,A,N,C,C,A,A,H,-,C,D,0,NA,NA,NA,NA,Y,Y,A,07,0,1,0,0,0,0,0,0,0,-,-,34.25973,-118.43797000000001,LOS ANGELES,LOS ANGELES,-118.43805292,34.25964092
9053480,2020,2020-05-20,1900,2020-02-07,1435,546537,2318,5,5,5,1919,0,0,0,NA,0,233A,ARTESIA BL,BELSHIRE AV,238,W,N,A,-,N,NA,NA,NA,NA,NA,NA,NA,NA,NA,Y,4,0,1,2,A,-,09,21804,A,N,B,C,A,A,H,-,A,D,0,NA,NA,NA,NA,Y,NA,A,01,0,0,1,0,0,0,0,0,0,-,-,NA,NA,LOS ANGELES,CERRITOS,-118.071533203125,33.8731689453125
90534801,2017,2017-08-28,9575,2017-08-10,0148,020393,NA,4,3,3,1991,0,1,3,NA,2,090,SR-2 E/B (GLENDALE FREEWAY),VERDUGO RD.,1000,W,N,A,-,Y,NA,NA,NA,NA,NA,NA,NA,NA,NA,Y,3,0,1,2,A,-,01,23152,A,N,D,E,A,A,D,-,C,A,0,NA,NA,NA,NA,Y,Y,A,07,0,1,0,0,0,0,0,0,0,-,-,34.20245,-118.21866,LOS ANGELES,LA CANADA-FLINTRIDGE,-118.21911922,34.20260152
90534808,2017,2017-08-28,9590,2017-08-12,0310,021346,NA,6,3,7,1942,0,1,2,NA,2,072,US-101 N/B (HOLLYWOOD FREEWAY),UNIVERSAL STUDIOS BOULEVARD,500,S,N,A,-,Y,NA,NA,101,NA,NA,NA,NA,NA,N,Y,3,0,1,1,A,-,01,23152,A,N,E,J,A,A,H,-,C,D,0,NA,NA,NA,NA,Y,Y,A,01,0,1,0,0,0,0,0,0,0,-,-,34.13284,-118.3511,LOS ANGELES,LOS ANGELES,-118.35115921,34.13273886
90534823,2017,2017-08-28,9540,2017-08-20,1530,021389,NA,7,2,9,1900,0,1,1,NA,1,503,I-5 S/B (GOLDEN STATE FREEWAY),THE OLD RD,650,S,N,A,-,Y,NA,NA,5,NA,NA,NA,NA,NA,S,Y,4,0,1,2,A,-,08,22107,NA,N,C,C,A,A,H,-,E,D,0,NA,NA,NA,NA,Y,NA,D,22,0,0,1,0,0,0,0,0,0,-,-,34.34956,-118.54103,LOS ANGELES,UNINCORPORATED,-118.54102477,34.34957351
90534828,2017,2017-08-28,9545,2017-08-19,1446,018550,NA,6,2,9,1900,0,3,5,NA,2,003,ANGELES FOREST HWY,ALISO CANYON RD,5808,S,N,A,-,N,NA,NA,NA,NA,NA,NA,NA,NA,NA,Y,4,0,1,1,A,-,08,22107,NA,N,F,A,A,A,H,-,A,D,0,NA,NA,NA,NA,Y,NA,A,01,0,0,1,0,0,0,0,0,0,-,-,34.408,-118.0795,LOS ANGELES,UNINCORPORATED,-118.07790917,34.40533905
90534831,2017,2017-08-28,9590,2017-08-05,1530,021757,NA,6,2,7,1942,0,1,1,NA,2,051,I-110 S/B (HARBOR FREEWAY),MARTIN LUTHER KING JR BLVD,370,N,N,A,-,Y,NA,NA,110,NA,NA,NA,NA,NA,S,N,4,0,2,3,A,-,03,22350,NA,N,C,C,A,A,H,-,A,D,0,NA,NA,NA,NA,Y,NA,A,07,0,0,2,0,0,0,0,0,0,-,-,34.01215,-118.28135,LOS ANGELES,LOS ANGELES,-118.28111236,34.01214757
9053484,2020,2020-05-20,1900,2020-02-06,2010,533418,2318,4,5,5,1919,0,0,0,NA,0,230T,GRIDLEY RD,ACLARE ST,0,N,N,A,-,N,NA,NA,NA,NA,NA,NA,NA,NA,NA,Y,4,0,3,2,A,-,08,22107,NA,N,A,C,A,A,H,-,C,A,0,NA,NA,NA,NA,Y,NA,A,01,0,0,3,0,0,0,0,0,0,-,-,33.85850143432617,-118.09410095214844,LOS ANGELES,CERRITOS,-118.09101104736328,33.87419891357422
90534849,2017,2017-08-28,9535,2017-08-18,1350,021778,NA,5,1,9,1900,0,2,4,NA,2,016,1ST ST.,MEDNIK AVE.,0,NA,Y,A,-,N,NA,NA,NA,NA,NA,NA,NA,NA,NA,Y,4,0,1,2,A,-,09,21801,A,N,D,C,A,A,H,-,A,A,0,NA,NA,NA,NA,Y,NA,D,22,0,0,1,0,0,0,0,0,0,-,-,34.037,-118.1619,LOS ANGELES,UNINCORPORATED,-118.16186006,34.03704004
90534853,2017,2017-08-28,9535,2017-08-21,1535,021131,NA,1,2,9,1900,0,2,4,NA,2,024,WHITTIER BLVD. (5000 BLOCK),FRASER AVE.,22,W,N,A,-,N,NA,NA,NA,NA,NA,NA,NA,NA,NA,N,4,0,1,2,A,-,03,22350,NA,M,C,C,A,A,H,-,A,D,0,NA,NA,NA,NA,Y,NA,D,22,0,0,1,0,0,0,0,0,0,-,-,34.02132,-118.16185,LOS ANGELES,UNINCORPORATED,-118.1617503,34.02135459
90534858,2017,2017-08-28,9525,2017-08-10,1330,021392,NA,4,1,1,1934,0,1,1,NA,2,204,I-210 E/B (FOOTHILL FWY),I-605 N/B (SAN GABRIEL RIVER FWY),1000,E,N,A,-,Y,NA,NA,210,NA,NA,NA,NA,NA,E,Y,4,0,1,3,A,-,03,22350,NA,N,C,C,A,A,H,-,A,D,0,NA,NA,NA,NA,Y,NA,A,01,0,0,1,0,0,0,0,0,0,-,-,34.13384,-117.95597,LOS ANGELES,IRWINDALE,-117.95597808,34.13380799
90534880,2017,2017-08-28,9525,2017-08-12,1655,021355,NA,6,2,6,1975,0,1,1,NA,2,105,I-10 W/B (SAN BERNARDINO FWY),PUENTE AVE,300,E,N,A,-,Y,NA,NA,10,NA,NA,NA,NA,NA,W,N,4,0,1,2,A,-,03,22350,NA,M,C,C,A,A,D,E,A,D,0,NA,NA,NA,NA,Y,NA,A,01,0,0,1,0,0,0,0,0,0,-,-,34.07036,-117.96052,LOS ANGELES,WEST COVINA,-117.9605276,34.07041916
90534881,2017,2017-08-28,9550,2017-08-18,1410,021100,NA,5,2,9,1900,0,1,3,NA,2,600,STATE ROUTE 60 EASTBOUND,7TH AVENUE,1600,E,N,A,-,Y,NA,NA,60,NA,NA,NA,NA,NA,E,Y,4,0,1,3,A,-,07,21658,A,N,B,C,A,A,H,-,A,D,0,NA,NA,NA,Y,Y,NA,A,01,0,0,1,0,0,0,0,0,0,-,-,34.01933,-117.98811,LOS ANGELES,UNINCORPORATED,-117.98812526,34.01931538
90534893,2017,2017-08-28,9540,2017-08-13,1440,021151,NA,7,2,6,1985,0,1,3,NA,1,144,SR-14 N/B (ANTELOPE VALLEY FREEWAY),LOST CANYON RD,1584,S,N,A,-,Y,NA,NA,14,NA,NA,NA,NA,NA,N,Y,3,0,1,2,A,-,07,21658,A,N,B,C,A,A,H,-,A,D,0,NA,NA,NA,NA,Y,NA,A,01,0,1,0,0,0,0,0,0,0,-,-,34.42177,-118.43099,LOS ANGELES,SANTA CLARITA,-118.43096962,34.42172596
90534917,2017,2017-08-28,9550,2017-08-18,1350,020974,NA,5,1,9,1900,0,1,3,NA,2,600,SR-60 E/B,HACIENDA BOULEVARD,3100,W,N,A,-,Y,NA,NA,60,NA,NA,NA,NA,NA,E,Y,4,0,1,4,A,-,03,22350,NA,N,C,C,A,A,H,-,A,D,0,NA,NA,NA,NA,Y,NA,A,01,0,0,1,0,0,0,0,0,0,-,-,34.0099,-117.97421,LOS ANGELES,UNINCORPORATED,-117.97423207,34.00982627
90534918,2017,2019-01-03,9545,2017-08-24,2104,020547,NA,4,2,9,1900,0,3,5,NA,2,002,20TH ST  W,AVENUE N,0,NA,Y,A,-,N,NA,NA,NA,NA,NA,NA,NA,NA,NA,Y,2,0,5,2,A,-,01,23152,G,N,D,C,A,A,H,-,C,A,0,NA,NA,NA,NA,Y,Y,A,01,2,3,0,0,0,0,0,0,0,-,-,34.3752,-118.0954,LOS ANGELES,UNINCORPORATED,-118.16524011,34.63114003
90534935,2017,2017-08-28,9550,2017-08-20,1820,021037,NA,7,2,9,1900,0,1,3,NA,2,602,SR-60 WESTBOUND,NOGALES STREET,1800,W,N,A,-,Y,NA,NA,60,NA,NA,NA,NA,NA,W,Y,4,0,3,3,A,-,03,22350,NA,N,C,C,A,A,H,-,A,D,0,NA,NA,NA,NA,Y,NA,A,07,0,0,3,0,0,0,0,0,0,-,-,33.99421,-117.89513,LOS ANGELES,UNINCORPORATED,-117.89513011,33.99427551
90534949,2017,2017-08-28,9540,2017-08-19,0310,021361,NA,6,3,9,1900,0,1,3,NA,2,146,SR-14 N/B (ANTELOPE VALLEY FREEWAY),ESCONDIDO CANYON RD,1320,N,N,A,-,Y,NA,NA,14,NA,NA,NA,NA,NA,N,Y,3,0,1,1,A,-,08,22107,NA,N,E,I,A,A,H,-,D,D,0,NA,NA,NA,Y,Y,NA,G,25,0,1,0,0,0,0,0,0,0,-,-,34.49388,-118.27871,LOS ANGELES,UNINCORPORATED,-118.27875574,34.49399022
90534955,2017,2017-08-28,9540,2017-08-27,0410,021361,NA,7,3,9,1900,0,1,3,NA,1,142,SR-14 N/B (ANTELOPE VALLEY FREEWAY),THE OLD ROAD,700,N,N,A,-,Y,NA,NA,14,NA,NA,NA,NA,NA,N,Y,3,0,2,1,A,-,08,22107,NA,N,E,I,A,A,H,-,C,D,0,NA,NA,NA,NA,Y,NA,A,01,0,1,1,0,0,0,0,0,0,-,-,34.33598,-118.50773,LOS ANGELES,UNINCORPORATED,-118.50788768,34.33600956
90534968,2017,2017-08-28,9525,2017-08-13,1300,019491,NA,7,1,9,1900,0,3,5,NA,2,002,SUNFLOWER AVENUE (900 N. BLOCK),CYPRESS STREET,0,NA,Y,A,-,N,NA,NA,NA,NA,NA,NA,NA,NA,NA,N,3,0,1,2,A,-,09,21804,A,N,D,J,A,A,H,-,A,A,0,NA,NA,Y,NA,Y,NA,C,03,0,1,0,0,0,0,0,0,1,-,-,34.09537,-117.84649,LOS ANGELES,UNINCORPORATED,-117.84641005,34.09579008
90534973,2017,2017-08-28,9530,2017-08-06,0315,021541,NA,7,3,5,1943,0,3,5,NA,2,002,ALAMEDA ST.,110TH ST.,50,N,N,A,-,N,NA,NA,NA,NA,NA,NA,NA,NA,NA,Y,3,0,1,1,A,-,08,22107,NA,M,E,I,A,A,H,-,C,D,0,NA,NA,NA,NA,Y,Y,A,01,0,1,0,0,0,0,0,0,0,-,-,33.9356,-118.2266,LOS ANGELES,LYNWOOD,-118.22618016,33.93577609
90535037,2017,2017-08-28,9540,2017-08-25,1920,021389,NA,5,2,7,1942,0,1,1,NA,1,502,I-5 N/B (GOLDEN STATE FREEWAY),BALBOA BLVD,800,N,N,A,-,Y,NA,NA,5,NA,NA,NA,NA,NA,N,Y,4,0,2,3,A,-,03,22350,NA,N,C,C,A,A,H,-,D,D,0,NA,NA,NA,NA,Y,NA,A,07,0,0,2,0,0,0,0,0,0,-,-,34.32395,-118.50126,LOS ANGELES,LOS ANGELES,-118.50126013,34.32394977
90535049,2017,2017-08-28,9590,2017-08-27,0117,021346,NA,7,3,7,1942,0,1,1,NA,2,052,I-110 N/B (HARBOR FREEWAY),3RD STREET,270,N,N,B,-,Y,NA,NA,110,NA,NA,NA,NA,NA,N,Y,4,0,4,4,A,-,01,23152,A,N,C,C,A,A,H,-,C,D,0,NA,NA,NA,NA,Y,Y,A,01,0,0,4,0,0,0,0,0,0,-,-,34.05668,-118.25533,LOS ANGELES,LOS ANGELES,-118.25534903,34.05669963
90535067,2017,2017-08-28,9530,2017-08-14,0510,021541,NA,1,3,5,1943,0,1,1,NA,2,210,I-105 E/B (GLENN ANDERSON FWY),MONA BLVD.,300,E,N,A,-,Y,NA,NA,105,NA,NA,NA,NA,NA,E,Y,3,0,1,1,A,-,08,22107,NA,N,E,I,A,A,H,-,B,D,0,NA,NA,NA,NA,Y,NA,A,01,0,1,0,0,0,0,0,0,0,-,-,33.9286,-118.2291,LOS ANGELES,LYNWOOD,-118.22908153,33.92852855
90535083,2017,2017-08-28,9530,2017-08-18,1430,021490,NA,5,2,9,1900,0,3,5,NA,2,001,FLORENCE AVE.,WHITSETT AVE.,0,NA,Y,A,-,N,NA,NA,NA,NA,NA,NA,NA,NA,NA,N,4,0,2,2,A,-,09,21802,A,N,D,C,A,A,H,-,A,D,0,NA,NA,NA,NA,Y,NA,A,01,0,0,2,0,0,0,0,0,0,-,-,33.97471,-118.24062,LOS ANGELES,UNINCORPORATED,-118.24064006,33.97473009
90535091,2017,2017-08-28,9580,2017-08-27,2055,020876,NA,7,2,7,1942,0,1,2,NA,2,105,US-101 S/B TO RESEDA BLVD.,RESEDA BLVD,20,N,N,A,-,Y,NA,NA,101,NA,NA,NA,R,NA,S,N,4,0,1,2,A,-,01,23152,A,N,C,C,A,A,H,-,C,A,0,NA,NA,NA,NA,Y,Y,A,07,0,0,1,0,0,0,0,0,0,-,-,34.17291,-118.53635,LOS ANGELES,LOS ANGELES,-118.53635,34.17291
90535104,2017,2017-08-28,9530,2017-08-18,1830,020548,NA,5,2,7,1941,0,1,1,NA,2,430,I-405 N/B (SAN DIEGO FREEWAY),LAKEWOOD BLVD.,1400,N,N,A,-,Y,NA,NA,405,NA,NA,NA,NA,NA,N,Y,3,0,4,6,A,-,03,22350,NA,F,C,C,A,A,H,-,A,D,0,NA,NA,NA,NA,Y,NA,A,01,0,1,3,0,0,0,0,0,0,-,-,33.80645,-118.14704,LOS ANGELES,LONG BEACH,-118.14702104,33.80657658
90535133,2017,2017-08-28,9550,2017-08-25,1150,021410,NA,5,1,9,1900,0,3,5,NA,2,002,SANTA GERTRUDES AVE,LEFFINGWELL RD,2000,S,N,A,-,N,NA,NA,NA,NA,NA,NA,NA,NA,NA,N,4,0,1,2,A,-,09,21804,A,N,D,C,A,A,H,-,A,D,0,NA,NA,NA,NA,Y,NA,A,01,0,0,1,0,0,0,0,0,0,-,-,33.9286,-117.99428,LOS ANGELES,UNINCORPORATED,-117.994429,33.92585814
90535154,2017,2017-08-28,9530,2017-08-24,0750,020315,NA,4,1,7,1942,0,1,1,NA,2,400,I-405 S/B (SAN DIEGO FREEWAY),VERMONT AVENUE,500,N,N,A,-,Y,NA,NA,405,NA,NA,NA,NA,NA,S,Y,4,0,1,4,A,-,03,22350,NA,N,C,C,A,A,H,-,A,D,0,NA,NA,NA,NA,Y,NA,A,01,0,0,1,0,0,0,0,0,0,-,-,33.8591,-118.2901,LOS ANGELES,LOS ANGELES,-118.29007513,33.85918642
90535177,2017,2017-08-28,9535,2017-08-24,1700,021795,NA,4,2,5,1901,0,1,1,NA,2,420,I-10 E/B FROM ATLANTIC BLVD,ATLANTIC BLVD,100,E,N,A,-,Y,NA,NA,10,NA,NA,NA,R,NA,E,N,4,0,1,2,A,-,03,22350,NA,N,C,C,A,A,H,-,A,D,0,NA,NA,NA,NA,Y,NA,A,01,0,0,1,0,0,0,0,0,0,-,-,34.07129,-118.13641,LOS ANGELES,ALHAMBRA,-118.13641,34.07129
90535192,2017,2017-10-20,9535,2017-08-25,1315,019056,NA,5,1,9,1900,0,3,5,NA,2,002,HAY AVE (700 S. BLOCK),WHITTIER BLVD,150,N,N,A,-,N,NA,NA,NA,NA,NA,NA,NA,NA,NA,N,4,0,1,3,A,-,09,21804,A,N,D,C,A,A,H,-,A,D,0,NA,NA,NA,NA,Y,NA,A,01,0,0,1,0,0,0,0,0,0,-,-,34.01577,-118.1345,LOS ANGELES,UNINCORPORATED,-118.13443349,34.01600971
90535196,2017,2017-08-28,9565,2017-08-27,0105,021251,NA,7,3,7,1942,0,1,1,NA,2,062,I-405 N/B (SAN DIEGO FREEWAY),PICO BLVD.,100,N,N,B,-,Y,NA,NA,405,NA,NA,NA,NA,NA,N,Y,3,0,1,2,A,-,01,23152,A,F,C,C,A,A,H,-,C,D,0,NA,NA,NA,NA,Y,Y,A,07,0,1,0,0,0,0,0,0,0,-,-,34.03612,-118.43805,LOS ANGELES,LOS ANGELES,-118.43813744,34.03607982
90535225,2017,2017-08-28,9580,2017-06-08,1245,20100,NA,4,1,7,1942,0,1,2,NA,2,103,US-101 S/B (VENTURA FREEWAY),WOODMAN AVE,500,N,N,A,-,Y,NA,NA,101,NA,NA,NA,NA,NA,S,Y,4,0,1,3,A,-,03,22350,NA,N,C,C,A,A,H,-,A,D,0,NA,NA,NA,NA,Y,NA,A,01,0,0,1,0,0,0,0,0,0,-,-,34.15564,-118.43665,LOS ANGELES,LOS ANGELES,-118.43665037,34.15555214
90535238,2017,2017-08-28,9525,2017-08-18,0520,019966,NA,5,3,9,1900,0,2,4,NA,2,045,VALLEY BLVD (13000 E),SANTA MARIANA AVE (100 S.),0,NA,Y,A,-,N,NA,NA,NA,NA,NA,NA,NA,NA,NA,N,4,0,1,2,A,-,09,21802,A,N,A,C,A,A,H,-,C,D,0,NA,NA,NA,NA,Y,NA,A,01,0,0,1,0,0,0,0,0,0,-,-,34.05114,-117.99902,LOS ANGELES,UNINCORPORATED,-117.99904011,34.05115005
90535251,2017,2017-08-28,9565,2017-08-20,1502,018804,NA,7,2,7,1942,0,1,1,NA,2,061,I-405 N/B TO JEFFERSON BLVD,JEFFERSON BLVD.,542,S,N,A,-,Y,NA,NA,405,NA,NA,NA,R,NA,N,Y,3,0,1,1,A,-,01,23152,A,N,E,I,A,A,H,-,A,D,0,NA,NA,NA,NA,Y,Y,D,22,0,1,0,0,0,0,0,0,0,-,-,33.98676,-118.39769,LOS ANGELES,LOS ANGELES,-118.39769,33.98676
90535292,2017,2017-08-28,9565,2017-08-14,1940,021640,NA,1,2,9,1900,0,3,5,NA,2,002,ALLEY WEST OF VERMONT AVE.,93RD ST,300,S,N,A,-,N,NA,NA,NA,NA,NA,NA,NA,NA,NA,Y,4,0,1,2,A,-,11,21954,A,N,G,B,D,A,H,-,A,D,0,Y,NA,NA,NA,Y,NA,N,60,0,0,1,0,1,0,0,0,0,-,-,33.95155,-118.29257,LOS ANGELES,UNINCORPORATED,-118.29256526,33.95135482