CASE_ID,ACCIDENT_YEAR,PROC_DATE,JURIS,COLLISION_DATE,COLLISION_TIME,OFFICER_ID,REPORTING_DISTRICT,DAY_OF_WEEK,CHP_SHIFT,POPULATION,CNTY_CITY_LOC,SPECIAL_COND,BEAT_TYPE,CHP_BEAT_TYPE,CITY_DIVISION_LAPD,CHP_BEAT_CLASS,BEAT_NUMBER,PRIMARY_RD,SECONDARY_RD,DISTANCE,DIRECTION,INTERSECTION,WEATHER_1,WEATHER_2,STATE_HWY_IND,CALTRANS_COUNTY,CALTRANS_DISTRICT,STATE_ROUTE,ROUTE_SUFFIX,POSTMILE_PREFIX,POSTMILE,LOCATION_TYPE,RAMP_INTERSECTION,SIDE_OF_HWY,TOW_AWAY,COLLISION_SEVERITY,NUMBER_KILLED,NUMBER_INJURED,PARTY_COUNT,PRIMARY_COLL_FACTOR,PCF_CODE_OF_VIOL,PCF_VIOL_CATEGORY,PCF_VIOLATION,PCF_VIOL_SUBSECTION,HIT_AND_RUN,TYPE_OF_COLLISION,MVIW,PED_ACTION,ROAD_SURFACE,ROAD_COND_1,ROAD_COND_2,LIGHTING,CONTROL_DEVICE,CHP_ROAD_TYPE,PEDESTRIAN_ACCIDENT,BICYCLE_ACCIDENT,MOTORCYCLE_ACCIDENT,TRUCK_ACCIDENT,NOT_PRIVATE_PROPERTY,ALCOHOL_INVOLVED,STWD_VEHTYPE_AT_FAULT,CHP_VEHTYPE_AT_FAULT,COUNT_SEVERE_INJ,COUNT_VISIBLE_INJ,COUNT_COMPLAINT_PAIN,COUNT_PED_KILLED,COUNT_PED_INJURED,COUNT_BICYCLIST_KILLED,COUNT_BICYCLIST_INJURED,COUNT_MC_KILLED,COUNT_MC_INJURED,PRIMARY_RAMP,SECONDARY_RAMP,LATITUDE,LONGITUDE,COUNTY,CITY,POINT_X,POINT_Y
90538131,2017,2017-08-31,9550,2017-08-29,0720,020131,NA,2,1,6,1949,0,1,1,NA,2,651,I-605 NORTHBOUND,ROSECRANS AVENUE,1500,S,N,A,-,Y,NA,NA,605,NA,NA,NA,NA,NA,N,Y,3,0,1,4,A,-,06,21755,NA,N,B,C,A,A,H,-,A,D,0,NA,NA,Y,NA,Y,NA,C,02,0,1,0,0,0,0,0,0,1,-,-,33.8994,-118.105,LOS ANGELES,NORWALK,-118.10487145,33.89941062
90538135,2017,2017-08-31,9525,2017-08-24,0935,014971,NA,4,1,5,1906,0,1,1,NA,2,104,I-10 E/B (SAN BERNARDINO FWY),BALDWIN PARK BLVD,528,W,N,A,-,Y,NA,NA,10,NA,NA,NA,NA,NA,E,Y,4,0,1,3,A,-,03,22350,NA,F,C,C,A,A,H,-,A,D,0,NA,NA,NA,NA,Y,NA,-,-,0,0,1,0,0,0,0,0,0,-,-,34.06702,-117.98436,LOS ANGELES,BALDWIN PARK,-117.98437458,34.06712723
90538148,2017,2017-08-31,9525,2017-08-24,1350,015980,NA,4,1,5,1990,0,1,3,NA,2,574,SR-57 N/B (ORANGE FWY),PATHFINDER RD,2640,N,N,A,-,Y,NA,NA,57,NA,NA,NA,NA,NA,N,Y,4,0,1,4,A,-,03,22350,NA,N,C,C,A,A,H,-,A,D,0,NA,NA,NA,NA,Y,NA,D,22,0,0,1,0,0,0,0,0,0,-,-,33.99307,-117.84193,LOS ANGELES,DIAMOND BAR,-117.84194436,33.99307587
9053815,2020,2020-06-10,1955,2020-02-06,1609,42554,52,4,5,6,1955,0,0,0,NA,0,005,MISSION BL,CURRAN PL,222,W,N,A,-,N,NA,NA,NA,NA,NA,NA,NA,NA,NA,Y,3,0,4,2,A,-,03,22350,NA,N,C,C,A,A,H,-,A,A,0,NA,NA,NA,Y,Y,NA,A,01,0,2,2,0,0,0,0,0,0,-,-,NA,NA,LOS ANGELES,POMONA,-117.77596282958984,34.05388259887695
90538157,2017,2017-08-31,9550,2017-08-22,1025,016237,NA,2,1,5,1919,0,1,3,NA,2,092,STATE ROUTE 91 W/B (ARTESIA FREEWAY),SHOEMAKER AVENUE,300,E,N,A,-,Y,NA,NA,NA,NA,NA,NA,NA,NA,NA,N,4,0,1,2,A,-,03,22350,NA,N,C,C,A,A,H,-,A,D,0,NA,NA,NA,NA,Y,NA,A,01,0,0,1,0,0,0,0,0,0,-,-,33.87069,-118.05286,LOS ANGELES,CERRITOS,-118.05504,33.8698
90538163,2017,2017-08-31,9550,2017-08-24,1540,017998,NA,4,2,9,1900,0,2,4,NA,1,051,FULLERTON ROAD,SUNRISE AVE,150,S,N,A,-,N,NA,NA,NA,NA,NA,NA,NA,NA,NA,N,3,0,1,2,A,-,09,21804,A,N,D,C,A,A,H,-,A,D,0,NA,NA,NA,NA,Y,NA,D,22,0,1,0,0,0,0,0,0,0,-,-,33.97112,-117.91188,LOS ANGELES,UNINCORPORATED,-117.91187432,33.97114303
90538175,2017,2017-08-31,9550,2017-08-25,0450,019293,NA,5,3,5,1919,0,1,1,NA,2,652,I-605 N/B TO SR-91 W/B,SR-91,250,N,N,A,-,Y,NA,NA,605,NA,NA,NA,R,NA,N,Y,3,0,1,1,A,-,01,23152,A,N,E,I,A,A,H,-,D,D,0,NA,NA,NA,NA,Y,Y,A,01,0,1,0,0,0,0,0,0,0,-,-,33.87745,-118.10204,LOS ANGELES,CERRITOS,-118.10204,33.87745
90538183,2017,2017-08-31,9525,2017-08-22,1350,019495,NA,2,1,1,1934,0,1,1,NA,2,652,I-605 N/B TO LIVE OAK AVE. W/B,LIVE OAK AVE.,528,S,N,A,-,Y,NA,NA,605,NA,NA,NA,R,NA,N,Y,4,0,1,2,A,-,03,22350,NA,N,C,C,A,A,H,-,A,D,0,NA,NA,NA,NA,Y,NA,A,07,0,0,1,0,0,0,0,0,0,-,-,34.1076,-117.9815,LOS ANGELES,IRWINDALE,-117.9815,34.1076
90538211,2017,2017-08-31,9590,2017-06-16,0615,021502,NA,5,1,7,1942,0,1,3,NA,2,030,SR-60 E/B (POF) TO I-5 S/B (SAF),SOTO STREET,500,E,N,A,-,Y,NA,NA,60,NA,NA,NA,R,NA,E,Y,3,0,1,3,A,-,03,22350,NA,N,C,C,A,A,H,-,A,D,0,NA,NA,NA,NA,Y,NA,A,01,0,1,0,0,0,0,0,0,0,-,-,34.02896,-118.21677,LOS ANGELES,LOS ANGELES,-118.21677,34.02896
90538225,2017,2017-08-31,9550,2017-08-21,1905,021054,NA,1,2,5,1935,0,1,1,NA,2,150,INTERSTATE 105 W/B,LAKEWOOD BOULEVARD,1000,E,N,A,-,Y,NA,NA,NA,NA,NA,NA,NA,NA,NA,Y,3,0,1,2,A,-,03,22350,NA,N,C,C,A,A,H,-,A,D,0,NA,NA,Y,NA,Y,NA,C,02,0,1,0,0,0,0,0,0,1,-,-,33.9132,-118.1329,LOS ANGELES,LAKEWOOD,-118.13763,33.91326
90538232,2017,2017-08-31,9525,2017-08-19,1610,020505,NA,6,2,9,1900,0,1,3,NA,1,024,SR-39 (SAN GABRIEL CANYON RD.),ROBB'S GULCH,1056,N,N,A,-,Y,NA,NA,39,NA,NA,NA,NA,NA,NA,Y,2,0,1,1,A,-,03,22350,NA,N,E,I,A,A,H,-,A,D,0,NA,NA,Y,NA,Y,NA,C,02,1,0,0,0,0,0,0,0,1,-,-,34.22196,-117.85175,LOS ANGELES,UNINCORPORATED,-117.8518151,34.22204078
90538234,2017,2017-08-31,9525,2017-08-24,1810,018402,NA,4,2,5,1990,0,1,3,NA,2,574,SR-57 N/B (ORANGE FWY),BREA CANYON RD.,50,N,N,A,-,Y,NA,NA,NA,NA,NA,NA,NA,NA,NA,Y,4,0,1,2,A,-,03,22350,NA,N,B,D,A,A,H,-,A,D,0,NA,NA,Y,NA,Y,NA,C,02,0,0,1,0,0,0,0,0,1,-,-,33.95655,-117.86117,LOS ANGELES,DIAMOND BAR,-117.85976777,33.95788021
90538262,2017,2017-08-31,9580,2017-08-27,1530,020728,NA,7,2,3,1995,0,2,4,NA,1,127,MALIBU CANYON RD,HARBOR VISTA DR,340,S,N,A,-,N,NA,NA,NA,NA,NA,NA,NA,NA,NA,Y,3,0,2,2,A,-,08,22107,NA,F,A,C,A,A,H,-,A,D,0,NA,NA,NA,NA,Y,NA,A,01,0,1,1,0,0,0,0,0,0,-,-,34.04164,-118.6944,LOS ANGELES,MALIBU,-118.69441893,34.04165138
90538271,2017,2017-08-31,9525,2017-08-13,0639,018761,NA,7,1,4,1905,0,1,1,NA,2,203,I-210 W/B FROM AZUSA AVE. ON-RAMP,AZUSA AVE,123,E,N,A,-,Y,NA,NA,210,NA,NA,NA,R,NA,W,Y,3,0,1,2,C,-,18,NA,NA,N,D,C,A,A,H,-,A,A,0,NA,NA,NA,Y,Y,NA,-,-,0,1,0,0,0,0,0,0,0,-,-,34.1207,-117.9072,LOS ANGELES,AZUSA,-117.9072,34.1207
90538323,2017,2017-08-31,9525,2017-08-30,0745,014971,NA,3,1,4,1946,0,1,1,NA,2,202,I-210 E/B (FOOTHILL FWY),MAGNOLIA AVE,310,W,N,A,-,Y,NA,NA,210,NA,NA,NA,NA,NA,E,N,4,0,1,2,A,-,03,22350,NA,N,C,C,A,A,H,-,A,D,0,NA,NA,NA,NA,Y,NA,A,07,0,0,1,0,0,0,0,0,0,-,-,34.13544,-118.00617,LOS ANGELES,MONROVIA,-118.00617026,34.13543657
9053833,2020,2020-05-21,1942,2020-02-17,1030,43989,1414,1,5,7,1942,0,0,0,N,0,14A13,LINCOLN BL,SUPERBA AV,0,NA,Y,A,-,N,NA,NA,NA,NA,NA,NA,NA,NA,NA,Y,4,0,1,2,A,-,12,21453,A,N,D,C,A,A,H,-,A,A,0,NA,NA,NA,NA,Y,NA,A,01,0,0,1,0,0,0,0,0,0,-,-,NA,NA,LOS ANGELES,LOS ANGELES,-118.45762634277344,33.99641036987305
90538330,2017,2017-08-31,9525,2017-08-29,1215,014971,NA,2,1,5,1906,0,1,1,NA,2,103,I-10 W/B (SAN BERNARDINO FWY),BALDWIN PARK BLVD,2112,E,N,A,-,Y,NA,NA,10,NA,NA,NA,NA,NA,W,Y,4,0,1,2,A,-,03,22350,NA,N,C,C,A,A,H,-,A,D,0,NA,NA,NA,NA,Y,NA,A,01,0,0,1,0,0,0,0,0,0,-,-,34.06851,-117.97509,LOS ANGELES,BALDWIN PARK,-117.97508794,34.06849408
90538339,2017,2017-08-31,9525,2017-08-29,0700,014971,NA,2,1,6,1975,0,1,1,NA,2,105,I-10 W/B (SAN BERNARDINO FWY),VINCENT AVE,1584,E,N,A,-,Y,NA,NA,10,NA,NA,NA,NA,NA,W,N,4,0,1,2,A,-,03,22350,NA,F,C,C,A,A,D,E,A,D,0,NA,NA,NA,NA,Y,NA,A,01,0,0,1,0,0,0,0,0,0,-,-,34.07238,-117.92142,LOS ANGELES,WEST COVINA,-117.92142021,34.07236334
9053837,2020,2020-06-10,1942,2020-02-18,1025,43118,0726,2,5,7,1942,0,0,0,G,0,7A73W2,LA BREA AV,1ST ST,100,N,N,A,-,N,NA,NA,NA,NA,NA,NA,NA,NA,NA,N,4,0,1,2,C,-,18,NA,NA,N,B,E,A,A,H,-,A,D,0,NA,NA,NA,NA,Y,NA,-,-,0,0,1,0,0,0,0,0,0,-,-,NA,NA,LOS ANGELES,LOS ANGELES,-118.34404754638672,34.07384490966797
90538397,2017,2017-08-31,9550,2017-08-31,0830,020741,NA,4,1,5,1919,0,1,1,NA,2,652,INTERSTATE 605,STATE ROUTE 91,1750,N,N,A,-,Y,NA,NA,605,NA,NA,NA,NA,NA,NA,N,4,0,1,3,A,-,03,22350,NA,N,C,C,A,A,H,-,A,D,0,NA,NA,NA,NA,Y,NA,A,07,0,0,1,0,0,0,0,0,0,-,-,33.88122,-118.10371,LOS ANGELES,CERRITOS,-118.10375743,33.88121371
90538408,2017,2017-08-31,9550,2017-08-29,0715,015040,NA,2,1,6,1949,0,1,1,NA,2,500,I-5 N/B (SANTA ANA FREEWAY),PIONEER BOULEVARD,500,S,N,A,-,Y,NA,NA,5,NA,NA,NA,NA,NA,N,N,4,0,1,2,A,-,03,22350,NA,N,C,C,A,A,D,-,A,D,0,NA,NA,NA,Y,Y,NA,G,25,0,0,1,0,0,0,0,0,0,-,-,33.91897,-118.08105,LOS ANGELES,NORWALK,-118.08106717,33.91895787
9053841,2020,2020-03-03,1948,2020-01-25,1621,463,1948,6,5,5,1948,0,0,0,NA,0,002,GARVEY AV,BALTIMORE AV,44,E,N,A,-,N,NA,NA,NA,NA,NA,NA,NA,NA,NA,NA,4,0,1,3,A,-,03,22350,NA,M,C,C,A,A,H,-,A,A,0,NA,NA,NA,NA,Y,Y,A,01,0,0,1,0,0,0,0,0,0,-,-,34.062469482421875,-118.12435913085938,LOS ANGELES,MONTEREY PARK,-118.12425231933594,34.062538146972656
9053843,2020,2020-03-06,1942,2020-01-12,1410,39693,0205,7,5,7,1942,0,0,0,B,0,11A95,SUNSET BL,WESTERLY TER,0,NA,Y,A,-,N,NA,NA,NA,NA,NA,NA,NA,NA,NA,N,2,0,1,2,A,-,17,21209,NA,N,B,C,A,A,-,-,A,A,0,NA,NA,NA,NA,Y,NA,-,NA,1,0,0,0,0,0,0,0,0,-,-,NA,NA,LOS ANGELES,LOS ANGELES,-118.27452850341795,34.08475875854492
90538441,2017,2017-08-31,9590,2017-08-21,2313,020663,NA,1,3,7,1942,0,1,2,NA,2,073,US-101 S/B (HOLLYWOOD FREEWAY),VERMONT AVENUE,1000,N,N,A,-,Y,NA,NA,101,NA,NA,NA,NA,NA,S,Y,3,0,1,2,A,-,07,21658,A,N,B,C,A,A,H,-,C,D,0,NA,NA,NA,NA,Y,NA,A,07,0,1,0,0,0,0,0,0,0,-,-,34.08123,-118.29543,LOS ANGELES,LOS ANGELES,-118.29542212,34.08124631
90538458,2017,2017-09-01,9550,2017-08-31,1634,015045,NA,4,2,6,1920,0,1,1,NA,2,500,I-5 S/B (SANTA ANA FREEWAY),LAKEWOOD BOULEVARD,1056,N,N,A,-,Y,NA,NA,5,NA,NA,NA,NA,NA,S,N,4,0,2,2,A,-,03,22350,NA,N,C,C,A,A,H,-,A,D,0,NA,NA,NA,NA,Y,NA,D,22,0,0,2,0,0,0,0,0,0,-,-,33.960679999999996,-118.11599,LOS ANGELES,DOWNEY,-118.11591536,33.96078323
90538459,2017,2017-09-01,9590,2017-08-24,1830,019805,NA,4,2,7,1942,0,1,2,NA,2,042,US-101 N/B (SANTA ANA FREEWAY),4TH ST.,950,S,N,A,-,Y,NA,NA,101,NA,NA,NA,NA,NA,N,Y,4,0,1,2,A,-,03,22350,NA,N,C,C,A,A,H,-,A,D,0,NA,NA,NA,NA,Y,NA,A,01,0,0,1,0,0,0,0,0,0,-,-,34.04034,-118.22151,LOS ANGELES,LOS ANGELES,-118.22146826,34.04033221
9053847,2020,2020-03-17,1942,2020-01-06,1445,43895,RAMPA,1,5,7,1942,0,0,0,NA,0,2A91,RAMPART BL,WILSHIRE BL,200,S,-,A,-,N,NA,NA,NA,NA,NA,NA,NA,NA,NA,N,4,0,1,2,A,-,11,21955,NA,N,G,B,D,A,H,-,A,D,0,Y,NA,NA,NA,Y,Y,N,60,0,0,1,0,1,0,0,0,0,-,-,NA,NA,LOS ANGELES,LOS ANGELES,-118.28263092041016,34.060420989990234
90538473,2017,2017-09-01,9535,2017-08-31,1430,020818,NA,4,2,5,1901,0,1,1,NA,2,420,I-10 (SAN BERNARDINO FREEWAY) E/B,FREMONT AVE,600,W,N,A,-,Y,NA,NA,10,NA,NA,NA,NA,NA,E,N,4,0,1,2,A,-,03,22350,NA,N,C,C,A,A,H,-,A,D,0,NA,NA,NA,NA,Y,NA,A,01,0,0,1,0,0,0,0,0,0,-,-,34.06738,-118.15264,LOS ANGELES,ALHAMBRA,-118.15266279,34.0674228
90538484,2017,2017-09-01,9590,2017-06-26,1725,020443,NA,1,2,7,1942,0,1,2,NA,2,071,US-101(HOLLYWOOD FREEWAY) SB,EDGEWARE RD.,400,S,N,A,-,Y,NA,NA,101,NA,NA,NA,NA,NA,S,Y,4,0,2,3,A,-,03,22350,NA,N,C,C,A,A,H,-,C,D,0,NA,NA,NA,NA,Y,NA,A,01,0,0,2,0,0,0,0,0,0,-,-,34.06639,-118.25345,LOS ANGELES,LOS ANGELES,-118.25348866,34.06633606
90538485,2017,2017-09-01,9590,2017-07-20,0320,020443,NA,4,3,7,1942,0,1,1,NA,2,010,SR-110 N/B (ARROYO SECO PARKWAY),YALE ST. PED. O/C,810,N,N,A,-,Y,NA,NA,110,NA,NA,NA,NA,NA,N,Y,4,0,1,1,A,-,08,22107,NA,N,E,I,A,A,H,-,C,D,0,NA,NA,NA,NA,Y,NA,A,01,0,0,1,0,0,0,0,0,0,-,-,34.06723,-118.23934,LOS ANGELES,LOS ANGELES,-118.23933459,34.06721919
90538489,2017,2017-09-01,9535,2017-08-27,1443,021538,NA,7,2,4,1907,0,1,1,NA,2,073,I-710 (LONG BEACH FREEWAY) S/B,CLARA ST,75,S,N,A,-,Y,NA,NA,NA,NA,NA,NA,NA,NA,NA,Y,4,0,1,3,A,-,03,22350,NA,M,C,C,A,A,H,-,A,D,0,NA,NA,NA,NA,Y,NA,A,01,0,0,1,0,0,0,0,0,0,-,-,33.96056,-118.17047,LOS ANGELES,BELL,-118.16963114,33.9634188
90538490,2017,2017-09-01,9590,2017-08-21,2014,020672,NA,1,2,7,1942,0,1,2,NA,2,073,US-101 S/B,UNIVESAL STUDIOS BLVD.,100,S,N,A,-,Y,NA,NA,NA,NA,NA,NA,NA,NA,NA,N,4,0,2,3,A,-,03,22350,NA,N,C,C,A,A,H,-,C,D,0,NA,NA,NA,NA,Y,NA,A,07,0,0,2,0,0,0,0,0,0,-,-,34.07491,-118.20551,LOS ANGELES,LOS ANGELES,-118.35218428,34.13295854
90538492,2017,2017-09-01,9590,2017-08-22,1800,020672,NA,2,2,7,1942,0,1,1,NA,2,081,I-5 S/B (GSF),MARIETTA ST.,550,W,N,A,-,Y,NA,NA,5,NA,NA,NA,NA,NA,S,N,4,0,1,2,A,-,03,22350,NA,N,C,C,A,A,H,-,A,D,0,NA,NA,NA,NA,Y,NA,D,22,0,0,1,0,0,0,0,0,0,-,-,34.02922,-118.21497,LOS ANGELES,LOS ANGELES,-118.21495012,34.02926629
90538493,2017,2017-09-01,9550,2017-08-25,1920,021532,NA,5,2,9,1900,0,1,3,NA,2,601,STATE ROUTE 60 W/B,AZUSA AVENUE,100,E,N,A,-,Y,NA,NA,NA,NA,NA,NA,NA,NA,NA,Y,2,0,1,1,A,-,08,22107,NA,N,E,I,A,A,H,-,C,D,0,NA,NA,NA,NA,Y,NA,A,01,1,0,0,0,0,0,0,0,0,-,-,33.99528,-117.91797,LOS ANGELES,UNINCORPORATED,-117.93088613,33.99701147
90538496,2017,2017-09-01,9590,2017-06-26,1825,020697,NA,1,2,7,1942,0,1,1,NA,2,050,I-110 NORTHBOUND (HARBOR FREEWAY),43RD ST,330,S,N,A,-,Y,NA,NA,110,NA,NA,NA,NA,NA,N,Y,3,0,1,3,A,-,07,21658,A,F,B,C,A,A,H,-,A,D,0,NA,NA,NA,NA,Y,NA,-,-,0,1,0,0,0,0,0,0,0,-,-,34.0064,-118.28091,LOS ANGELES,LOS ANGELES,-118.28096162,34.00640055
90538504,2017,2017-09-01,9565,2017-08-19,1934,021663,NA,6,2,7,1942,0,1,1,NA,2,083,I-10 E/B (SANTA MONICA FREEWAY),LA CIENEGA BLVD,300,W,N,A,-,Y,NA,NA,10,NA,NA,NA,NA,NA,E,Y,4,0,1,2,A,-,08,22107,NA,N,B,C,A,A,H,-,B,D,0,NA,NA,Y,NA,Y,NA,C,02,0,0,1,0,0,0,0,0,1,-,-,34.03681,-118.37985,LOS ANGELES,LOS ANGELES,-118.37984539,34.03677773
90538508,2017,2017-09-01,9565,2017-08-19,2227,021663,NA,6,3,7,1942,0,1,1,NA,2,082,I-10 E/B (SANTA MONICA FREEWAY),BUNDY DR,200,E,N,A,-,Y,NA,NA,10,NA,NA,NA,NA,NA,E,Y,4,0,1,3,A,-,03,22350,NA,N,C,C,A,A,H,-,C,D,0,NA,NA,NA,NA,Y,NA,A,01,0,0,1,0,0,0,0,0,0,-,-,34.02882,-118.44652,LOS ANGELES,LOS ANGELES,-118.44653269,34.02886862
9053851,2020,2020-05-21,1942,2020-01-16,2200,43578,0256,4,5,7,1942,0,0,0,B,0,2A68,WESTLAKE AV,6TH ST,100,N,N,C,-,N,NA,NA,NA,NA,NA,NA,NA,NA,NA,N,4,0,1,2,A,-,11,21954,A,N,G,B,E,B,H,-,C,D,0,Y,NA,NA,NA,Y,NA,N,60,0,0,1,0,1,0,0,0,0,-,-,NA,NA,LOS ANGELES,LOS ANGELES,-118.27350616455078,34.059234619140625
90538512,2017,2017-09-01,9565,2017-08-29,1425,021473,NA,2,2,7,1942,0,1,1,NA,2,083,I-10 E/B (SANTA MONICA FWY),OVERLAND AVE,250,W,N,A,-,Y,NA,NA,10,NA,NA,NA,NA,NA,E,Y,4,0,3,2,A,-,03,22350,NA,N,C,C,A,A,H,-,A,D,0,NA,NA,NA,NA,Y,NA,A,01,0,0,3,0,0,0,0,0,0,-,-,34.03162,-118.4187,LOS ANGELES,LOS ANGELES,-118.41869997,34.03165838
90538516,2017,2017-09-01,9565,2017-08-21,1425,021572,NA,1,2,7,1942,0,1,1,NA,2,083,I-10 E/B (SANTA MONICA FREEWAY),CATTARAUGUS AVE,100,W,N,A,-,Y,NA,NA,10,NA,NA,NA,NA,NA,E,Y,4,0,2,2,A,-,03,22350,NA,N,C,C,A,A,H,-,A,D,0,NA,NA,NA,NA,Y,NA,D,22,0,0,2,0,0,0,0,0,0,-,-,34.03347,-118.38636,LOS ANGELES,LOS ANGELES,-118.38634913,34.03345157
90538528,2017,2017-09-01,9525,2017-08-19,1330,019491,NA,6,1,6,1955,0,1,1,NA,2,119,I-10 W/B (SAN BERNARDINO FWY),WHITE AVENUE,500,W,N,A,-,Y,NA,NA,10,NA,NA,NA,NA,NA,W,Y,3,0,1,1,A,-,03,22350,NA,N,F,A,A,A,H,-,A,D,0,NA,NA,Y,NA,Y,NA,C,02,0,1,0,0,0,0,0,0,1,-,-,34.07089,-117.7629,LOS ANGELES,POMONA,-117.7629,34.07093888
90538529,2017,2017-09-01,9590,2017-08-16,0840,015575,NA,3,1,7,1942,0,1,3,NA,2,095,SR-2 W/B (GLENDALE FREEWAY),COLORADO BLVD,2006,W,N,A,-,Y,NA,NA,2,NA,NA,NA,NA,NA,W,N,4,0,1,2,A,-,03,22350,NA,N,C,C,A,A,H,-,A,D,0,NA,NA,NA,NA,Y,NA,A,01,0,0,1,0,0,0,0,0,0,-,-,34.13551,-118.22962,LOS ANGELES,LOS ANGELES,-118.22959364,34.13550618
90538532,2016,2017-09-20,9545,2016-11-30,1340,018033,NA,3,1,9,1900,0,3,5,NA,2,003,WARD RD,SR-14 S/B,183,W,N,A,-,N,NA,NA,NA,NA,NA,NA,NA,NA,NA,Y,4,0,1,2,A,-,09,21802,A,N,D,C,A,A,H,-,D,A,0,NA,NA,NA,Y,Y,NA,A,01,0,0,1,0,0,0,0,0,0,-,-,34.50139,-118.2284,LOS ANGELES,UNINCORPORATED,NA,NA
90538537,2017,2017-09-01,9535,2017-08-27,0138,021119,NA,7,3,4,1907,0,1,1,NA,2,072,I-710 (LONG BEACH FREEWAY) N/B,SLAUSON AVE,150,S,N,A,-,Y,NA,NA,710,NA,NA,NA,NA,NA,N,Y,3,0,2,1,A,-,01,23152,A,N,E,J,A,A,H,-,C,D,0,NA,NA,NA,NA,Y,Y,A,07,0,1,1,0,0,0,0,0,0,-,-,33.98629,-118.16943,LOS ANGELES,BELL,-118.16941579,33.98629716
90538542,2017,2017-09-01,9535,2017-08-25,1853,021538,NA,5,2,9,1900,0,3,5,NA,2,001,FISHER ST,MEDNIK AVE,0,NA,Y,A,-,N,NA,NA,NA,NA,NA,NA,NA,NA,NA,Y,4,0,2,2,A,-,09,21801,A,N,B,C,A,A,H,-,A,D,0,NA,NA,NA,NA,Y,NA,D,22,0,0,2,0,0,0,0,0,0,-,-,34.04332,-118.16199,LOS ANGELES,UNINCORPORATED,-118.16191007,34.04330006
90538543,2017,2017-09-01,9535,2017-08-26,1056,017416,NA,6,1,9,1900,0,1,1,NA,2,071,SR-60 FROM FLORAL DRIVE,FLORAL DR.,500,S,N,A,-,Y,NA,NA,NA,NA,NA,NA,NA,NA,NA,Y,4,0,1,5,A,-,03,22350,NA,N,C,C,A,A,H,-,A,D,0,NA,NA,NA,NA,Y,NA,A,07,0,0,1,0,0,0,0,0,0,-,-,34.04285,-118.17083,LOS ANGELES,UNINCORPORATED,NA,NA
90538547,2017,2017-09-19,9540,2017-05-23,0515,014277,NA,2,3,9,1900,0,1,1,NA,2,507,I-5 SOUTHBOUND (GOLDEN STATE FREEWAY),LYONS AVE,1747,N,N,A,-,Y,NA,NA,5,NA,NA,NA,NA,NA,S,Y,2,0,1,3,C,-,18,NA,NA,F,E,J,A,A,H,-,D,D,0,NA,NA,NA,NA,Y,NA,-,-,1,0,0,0,0,0,0,0,0,-,-,34.38299,-118.5679,LOS ANGELES,UNINCORPORATED,-118.56786649,34.38300354
90538548,2017,2017-09-01,9535,2017-08-27,1741,021538,NA,7,2,9,1900,0,1,1,NA,2,071,I-710 S/B TO WHITTIE BLVD/OLYMPIC BLVD,EASTERN AVE.,30,E,N,A,-,Y,NA,NA,710,NA,NA,NA,R,NA,S,Y,4,0,1,2,A,-,03,22350,NA,N,E,I,A,A,H,-,A,A,0,NA,NA,NA,NA,Y,NA,D,23,0,0,1,0,0,0,0,0,0,-,-,34.02187,-118.17342,LOS ANGELES,UNINCORPORATED,-118.17342,34.02187
9053855,2020,2020-03-06,1942,2020-01-25,0215,42544,RD020,6,5,7,1942,0,0,0,NA,0,2A5-W3,SUNSET BL,VENDOME ST,15,E,N,A,-,N,NA,NA,NA,NA,NA,NA,NA,NA,NA,Y,4,0,1,7,A,-,08,22102,NA,N,B,C,A,A,H,-,C,D,0,NA,NA,NA,NA,Y,NA,A,07,0,0,1,0,0,0,0,0,0,-,-,NA,NA,LOS ANGELES,LOS ANGELES,-118.27426147460938,34.084190368652344
90538553,2017,2017-09-01,9535,2017-08-26,2249,021363,NA,6,3,6,1922,0,1,1,NA,2,400,I-10 (SAN BERNARDINO FREEWAY) E/B,DURFEE AVE,950,W,N,A,-,Y,NA,NA,10,NA,NA,NA,NA,NA,E,Y,3,0,1,3,A,-,01,23152,A,N,C,C,A,A,H,-,C,D,0,NA,NA,NA,NA,Y,Y,A,01,0,1,0,0,0,0,0,0,0,-,-,34.065,-118.01432,LOS ANGELES,EL MONTE,-118.01431938,34.06500303
90538555,2017,2017-09-01,9540,2017-08-24,0044,021214,NA,4,3,9,1900,0,1,1,NA,1,502,I-5 N/B (GOLDEN STATE FREEWAY),SR-14,50,S,N,B,-,Y,NA,NA,5,NA,NA,NA,NA,NA,N,Y,3,0,1,2,A,-,01,23152,A,N,C,C,A,A,H,-,D,D,0,NA,NA,NA,NA,Y,Y,A,01,0,1,0,0,0,0,0,0,0,-,-,34.33254,-118.50717,LOS ANGELES,UNINCORPORATED,-118.5072413,34.33249993
9053856,2020,2020-05-20,1942,2020-02-02,2053,44078,0261,7,5,7,1942,0,0,0,B,0,2A45,HOOVER ST,8TH ST,5,S,N,A,-,N,NA,NA,NA,NA,NA,NA,NA,NA,NA,N,3,0,1,2,A,-,10,21950,A,N,G,B,B,A,H,-,C,A,0,Y,NA,NA,NA,Y,NA,A,01,0,1,0,0,1,0,0,0,0,-,-,NA,NA,LOS ANGELES,LOS ANGELES,-118.28421020507813,34.05769729614258
90538565,2017,2017-09-01,9590,2017-08-21,1610,015575,NA,1,2,7,1942,0,1,1,NA,2,085,I-5 S/B (GOLDEN STATE FREEWAY),FLETCHER DRIVE,125,N,N,A,-,Y,NA,NA,5,NA,NA,NA,NA,NA,S,N,4,0,3,3,A,-,03,22350,NA,N,C,C,A,A,H,-,A,D,0,NA,NA,NA,NA,Y,NA,A,01,0,0,3,0,0,0,0,0,0,-,-,34.10688,-118.25636,LOS ANGELES,LOS ANGELES,-118.2563636,34.10687335