CASE_ID,ACCIDENT_YEAR,PROC_DATE,JURIS,COLLISION_DATE,COLLISION_TIME,OFFICER_ID,REPORTING_DISTRICT,DAY_OF_WEEK,CHP_SHIFT,POPULATION,CNTY_CITY_LOC,SPECIAL_COND,BEAT_TYPE,CHP_BEAT_TYPE,CITY_DIVISION_LAPD,CHP_BEAT_CLASS,BEAT_NUMBER,PRIMARY_RD,SECONDARY_RD,DISTANCE,DIRECTION,INTERSECTION,WEATHER_1,WEATHER_2,STATE_HWY_IND,CALTRANS_COUNTY,CALTRANS_DISTRICT,STATE_ROUTE,ROUTE_SUFFIX,POSTMILE_PREFIX,POSTMILE,LOCATION_TYPE,RAMP_INTERSECTION,SIDE_OF_HWY,TOW_AWAY,COLLISION_SEVERITY,NUMBER_KILLED,NUMBER_INJURED,PARTY_COUNT,PRIMARY_COLL_FACTOR,PCF_CODE_OF_VIOL,PCF_VIOL_CATEGORY,PCF_VIOLATION,PCF_VIOL_SUBSECTION,HIT_AND_RUN,TYPE_OF_COLLISION,MVIW,PED_ACTION,ROAD_SURFACE,ROAD_COND_1,ROAD_COND_2,LIGHTING,CONTROL_DEVICE,CHP_ROAD_TYPE,PEDESTRIAN_ACCIDENT,BICYCLE_ACCIDENT,MOTORCYCLE_ACCIDENT,TRUCK_ACCIDENT,NOT_PRIVATE_PROPERTY,ALCOHOL_INVOLVED,STWD_VEHTYPE_AT_FAULT,CHP_VEHTYPE_AT_FAULT,COUNT_SEVERE_INJ,COUNT_VISIBLE_INJ,COUNT_COMPLAINT_PAIN,COUNT_PED_KILLED,COUNT_PED_INJURED,COUNT_BICYCLIST_KILLED,COUNT_BICYCLIST_INJURED,COUNT_MC_KILLED,COUNT_MC_INJURED,PRIMARY_RAMP,SECONDARY_RAMP,LATITUDE,LONGITUDE,COUNTY,CITY,POINT_X,POINT_Y
90540654,2017,2017-09-05,9580,2017-09-02,1640,021607,NA,6,2,7,1942,0,1,2,NA,2,102,US-101 N/B (VENTURA FREEWAY),SEPULVEDA BVLD,1056,S,N,A,-,Y,NA,NA,101,NA,NA,NA,NA,NA,N,Y,4,0,2,3,A,-,03,22350,NA,N,C,C,A,A,H,-,A,D,0,NA,NA,NA,NA,Y,NA,A,07,0,0,2,0,0,0,0,0,0,-,-,34.15963,-118.46283,LOS ANGELES,LOS ANGELES,-118.46282995,34.15950641
90540657,2017,2017-09-05,9545,2017-08-26,1035,018097,NA,6,1,9,1900,0,3,5,NA,2,001,GODDE HILL RD,ELIZABETH LAKE RD,3000,N,N,A,-,N,NA,NA,NA,NA,NA,NA,NA,NA,NA,Y,3,0,1,1,A,-,08,22107,NA,N,F,A,A,A,H,-,A,D,0,NA,NA,NA,NA,Y,NA,A,01,0,1,0,0,0,0,0,0,0,-,-,34.60785,-118.24971,LOS ANGELES,UNINCORPORATED,-118.24976158,34.60784416
90540669,2017,2017-09-05,9590,2017-06-16,2342,021346,NA,5,3,7,1942,0,1,1,NA,2,060,I-10 E/B (SMF) FROM LA BREA AVENUE N/B,HARCOURT AVENUE,250,W,N,A,-,Y,NA,NA,10,NA,NA,NA,R,NA,E,Y,2,0,1,1,A,-,08,22107,NA,N,E,J,A,A,H,-,C,D,0,NA,NA,NA,NA,Y,NA,A,01,1,0,0,0,0,0,0,0,0,-,-,34.03401,-118.35106,LOS ANGELES,LOS ANGELES,-118.35106,34.03401
90540683,2017,2017-09-05,9580,2017-09-02,1130,019511,NA,6,1,9,1900,0,1,3,NA,1,271,SR-27 S/B (TOPANGA CYN. BLVD.),FALLS DR,3960,S,N,A,-,Y,NA,NA,27,NA,NA,NA,NA,NA,S,N,4,0,1,1,A,-,03,22350,NA,N,F,A,A,A,H,-,A,D,0,NA,Y,NA,NA,Y,NA,L,04,0,0,1,0,0,0,1,0,0,-,-,34.05902,-118.58409,LOS ANGELES,UNINCORPORATED,-118.58407437,34.05902316
9054069,2019,2020-03-17,1942,2019-12-23,0610,33169,0192,1,5,7,1942,0,0,0,A,0,1A61,WASHINGTON BL,GRAND AV,0,NA,Y,C,-,N,NA,NA,NA,NA,NA,NA,NA,NA,NA,N,4,0,1,2,D,-,00,NA,NA,N,A,B,B,B,H,-,C,A,0,Y,NA,NA,NA,Y,NA,-,-,0,0,1,0,1,0,0,0,0,-,-,NA,NA,LOS ANGELES,LOS ANGELES,-118.26837921142578,34.03261947631836
90540691,2017,2017-09-05,9580,2017-09-02,1250,020836,NA,6,1,7,1942,0,1,2,NA,2,102,US-101 N/B (VENTURA FREEWAY),SEPULVEDA BLVD,150,S,N,A,-,Y,NA,NA,101,NA,NA,NA,NA,NA,N,Y,4,0,1,3,A,-,03,22350,NA,N,C,C,A,A,H,-,A,D,0,NA,NA,NA,NA,Y,NA,A,07,0,0,1,0,0,0,0,0,0,-,-,34.1605,-118.4665,LOS ANGELES,LOS ANGELES,-118.46668341,34.15977518
90540699,2017,2017-09-05,9580,2017-09-02,1235,020836,NA,6,1,7,1942,0,1,2,NA,2,102,US-101 N/B (HOLLYWOOD FREEWAY),SEPULVEDA BLVD,300,S,N,A,-,Y,NA,NA,NA,NA,NA,NA,NA,NA,NA,Y,4,0,1,2,A,-,03,22350,NA,N,C,C,A,A,H,-,A,D,0,NA,NA,NA,NA,Y,NA,A,07,0,0,1,0,0,0,0,0,0,-,-,34.1605,-118.1605,LOS ANGELES,LOS ANGELES,-118.4651717,34.15954667
9054071,2020,2020-03-16,1942,2020-01-15,1630,342009,1469,3,5,7,1942,0,0,0,N,0,14A73,LA CIENEGA BL,LA TIJERA BL,5,S,N,A,-,N,NA,NA,NA,NA,NA,NA,NA,NA,NA,Y,4,0,1,2,C,-,18,NA,NA,N,A,C,A,A,H,-,A,D,0,NA,NA,NA,NA,Y,NA,-,-,0,0,1,0,0,0,0,0,0,-,-,NA,NA,LOS ANGELES,LOS ANGELES,-118.37024688720705,33.97871780395508
9054073,2020,2020-05-20,1942,2020-02-23,1850,42471,1841,7,5,7,1942,0,0,0,R,0,18A41,S FIGUEROA ST,W 106TH ST,15,E,N,A,-,N,NA,NA,NA,NA,NA,NA,NA,NA,NA,Y,4,0,2,2,A,-,09,21801,A,N,D,C,A,A,H,-,D,A,0,NA,NA,NA,NA,Y,Y,A,01,0,0,2,0,0,0,0,0,0,-,-,NA,NA,LOS ANGELES,LOS ANGELES,-118.28260040283205,33.94009017944336
90540756,2017,2017-09-05,9550,2017-08-31,0850,020741,NA,4,1,5,1919,0,1,1,NA,2,652,INTERSTATE 605 SOUTHBOUND,SOUTH ST.,1050,N,N,A,-,Y,NA,NA,605,NA,NA,NA,NA,NA,S,Y,4,0,1,2,A,-,03,22350,NA,N,C,C,A,A,H,-,A,D,0,NA,NA,NA,NA,Y,NA,A,07,0,0,1,0,0,0,0,0,0,-,-,33.8613,-118.09719,LOS ANGELES,CERRITOS,-118.09717538,33.86130585
90540759,2017,2017-09-05,9575,2017-08-24,0740,020030,NA,4,1,6,1925,0,1,1,NA,2,062,I-210 E/B (FOOTHILL FREEWAY),LOWELL AVE.,600,E,N,A,-,Y,NA,NA,210,NA,NA,NA,NA,NA,E,Y,4,0,1,3,A,-,07,21658,A,N,C,C,A,A,H,-,A,D,0,NA,NA,NA,Y,Y,NA,A,01,0,0,1,0,0,0,0,0,0,-,-,34.23016,-118.26285,LOS ANGELES,GLENDALE,-118.26281557,34.23031539
90540772,2017,2017-09-05,9530,2017-08-24,0755,021490,NA,4,1,9,1900,0,3,5,NA,2,005,MANHATTAN BEACH BLVD.,CRENSHAW BLVD.,0,NA,Y,B,-,N,NA,NA,NA,NA,NA,NA,NA,NA,NA,Y,4,0,1,3,A,-,12,21453,A,N,A,C,A,A,H,-,A,A,0,NA,NA,NA,NA,Y,NA,A,01,0,0,1,0,0,0,0,0,0,-,-,33.88745,-118.32655,LOS ANGELES,UNINCORPORATED,-118.32654001,33.88739001
9054078,2020,2020-06-09,1942,2020-02-18,2230,38417,1401,2,5,7,1942,0,0,0,N,0,14A27,SAWTELLE BL,NATIONAL BL,0,NA,Y,A,-,N,NA,NA,NA,NA,NA,NA,NA,NA,NA,N,2,0,1,2,A,-,10,21950,A,N,G,B,B,A,H,-,C,A,0,Y,NA,NA,NA,Y,NA,A,01,1,0,0,0,1,0,0,0,0,-,-,NA,NA,LOS ANGELES,LOS ANGELES,-118.4314193725586,34.026248931884766
90540803,2017,2017-09-05,9535,2017-09-02,0720,016277,NA,6,1,9,1900,0,3,5,NA,2,002,ALLEY NORTH OF WHITTIER BLVD,AMALIA AVE,15,E,N,A,-,N,NA,NA,NA,NA,NA,NA,NA,NA,NA,N,4,0,1,2,A,-,09,21804,A,N,D,G,A,A,H,-,A,D,0,NA,Y,NA,NA,Y,NA,L,04,0,0,1,0,0,0,1,0,0,-,-,34.0207,-118.15608,LOS ANGELES,UNINCORPORATED,-118.15608,34.0207
90540868,2017,2017-09-05,9545,2017-08-27,1100,018758,NA,7,1,9,1900,0,3,5,NA,2,004,BIG PINES HWY,BIG ROCK CREEK RD,5333,E,N,A,-,N,NA,NA,NA,NA,NA,NA,NA,NA,NA,N,2,0,1,1,A,-,03,22350,NA,N,E,I,A,A,H,-,A,D,0,NA,NA,Y,NA,Y,NA,C,02,1,0,0,0,0,0,0,0,1,-,-,34.42832,-117.81956,LOS ANGELES,UNINCORPORATED,-117.81907535,34.42845793
90540872,2017,2017-09-05,9530,2017-08-25,1525,021493,NA,5,2,7,1942,0,1,1,NA,2,110,I-110 N/B (HARBOR FREEWAY),111TH PL.,250,N,N,A,-,Y,NA,NA,110,NA,NA,NA,NA,NA,N,N,4,0,2,2,A,-,03,22350,NA,F,C,C,A,A,H,-,A,D,0,NA,NA,NA,NA,Y,NA,-,99,0,0,2,0,0,0,0,0,0,-,-,33.93475,-118.27983,LOS ANGELES,LOS ANGELES,-118.27976264,33.93474527
90540878,2017,2017-09-05,9530,2017-08-19,1010,021059,NA,6,1,9,1900,0,1,1,NA,2,120,I-110 N/B (HARBOR FREEWAY),214TH ST.,350,S,N,A,-,Y,NA,NA,110,NA,NA,NA,NA,NA,N,N,3,0,1,2,A,-,07,21658,A,F,E,I,A,A,H,-,A,A,0,NA,NA,NA,NA,Y,NA,-,-,0,1,0,0,0,0,0,0,0,-,-,33.83353,-118.28724,LOS ANGELES,UNINCORPORATED,-118.28724318,33.83353
90540935,2017,2017-09-05,9590,2017-06-19,1100,021596,NA,1,1,7,1942,0,1,1,NA,2,053,I-110 S/B (HARBOR FREEWAY),PICO BLVD,450,N,N,A,-,Y,NA,NA,110,NA,NA,NA,NA,NA,S,Y,4,0,1,3,A,-,08,22107,NA,F,B,C,A,A,H,-,A,D,0,NA,NA,NA,NA,Y,NA,A,01,0,0,1,0,0,0,0,0,0,-,-,34.04401,-118.27229,LOS ANGELES,LOS ANGELES,-118.27221729,34.04395294
90540936,2017,2017-09-05,9535,2017-09-03,0120,021381,NA,7,3,5,1943,0,1,1,NA,2,075,I-710 (LONG BEACH FREEWAY) S/B,IMPERIAL HWY,1700,S,N,A,-,Y,NA,NA,710,NA,NA,NA,NA,NA,S,Y,4,0,1,2,A,-,03,22350,NA,M,C,C,A,A,H,-,C,D,0,NA,NA,NA,NA,Y,NA,-,99,0,0,1,0,0,0,0,0,0,-,-,33.92614,-118.17806,LOS ANGELES,LYNWOOD,-118.1779834,33.92615676
90540958,2017,2017-09-05,9540,2017-07-25,1906,018759,NA,2,2,9,1900,0,1,1,NA,2,513,I-5 S/B (GOLDEN STATE FREEWAY),QUAIL LAKE RD,1356,N,N,A,-,Y,NA,NA,5,NA,NA,NA,NA,NA,S,Y,3,0,4,2,B,-,22,NA,NA,N,D,C,A,A,H,-,A,D,0,NA,NA,NA,Y,Y,NA,J,43,0,2,2,0,0,0,0,0,0,-,-,34.76486,-118.79907,LOS ANGELES,UNINCORPORATED,-118.79903031,34.76488306
90540960,2017,2017-09-05,9590,2017-08-22,1400,016642,NA,2,2,7,1942,0,1,2,NA,2,073,US-101 S/B (HOLLYWOOD FREEWAY),FOUNTAIN AVENUE,350,N,N,A,-,Y,NA,NA,101,NA,NA,NA,NA,NA,S,Y,4,0,1,2,A,-,03,22350,NA,N,C,C,A,A,H,-,A,D,0,NA,NA,NA,Y,Y,NA,A,07,0,0,1,0,0,0,0,0,0,-,-,34.0954,-118.31217,LOS ANGELES,LOS ANGELES,-118.312133,34.09545869
90540962,2017,2017-09-05,9525,2017-08-25,2000,019495,NA,5,2,6,1975,0,1,1,NA,2,104,I-10 E/B (SAN BERNARDINO FWY),VINCENT AVE,1584,W,N,A,-,Y,NA,NA,10,NA,NA,NA,NA,NA,E,Y,3,0,4,3,A,-,03,22350,NA,N,C,C,A,A,H,-,C,D,0,NA,NA,NA,NA,Y,NA,A,01,0,1,3,0,0,0,0,0,0,-,-,34.0724,-117.9321,LOS ANGELES,WEST COVINA,-117.93210185,34.072277389999996
90540978,2017,2017-09-05,9530,2017-08-25,0004,021541,NA,5,3,7,1942,0,1,1,NA,2,110,I-110 S/B (HARBOR FREEWAY),CENTURY BLVD.,100,S,N,A,-,Y,NA,NA,110,NA,NA,NA,NA,NA,S,Y,3,0,1,3,A,-,08,22107,NA,N,E,I,A,A,H,-,C,D,0,NA,NA,NA,NA,Y,NA,A,01,0,1,0,0,0,0,0,0,0,-,-,33.9451,-118.28,LOS ANGELES,LOS ANGELES,-118.27994797,33.94509392
90540986,2017,2017-09-05,9525,2017-08-26,1725,021080,NA,6,2,5,1990,0,1,3,NA,2,603,SR-60 W/B (POMONA FWY),GRAND AVE,1320,E,N,A,-,Y,NA,NA,60,NA,NA,NA,NA,NA,W,N,4,0,1,2,A,-,03,22350,NA,N,C,C,A,A,H,-,A,D,0,NA,NA,NA,NA,Y,NA,A,01,0,0,1,0,0,0,0,0,0,-,-,34.01481,-117.81919,LOS ANGELES,DIAMOND BAR,-117.81915878,34.0147847
90541002,2017,2017-09-05,9525,2017-08-23,1810,019632,NA,3,2,6,1955,0,1,1,NA,2,110,I-10 E/B (SAN BERNARDINO FWY),GAREY AVENUE,299,E,N,A,-,Y,NA,NA,10,NA,NA,NA,NA,NA,E,Y,3,0,1,3,A,-,03,22350,NA,N,C,C,A,A,H,-,A,D,0,NA,NA,Y,NA,Y,NA,C,02,0,1,0,0,0,0,0,0,1,-,-,34.0744,-117.75067,LOS ANGELES,POMONA,-117.7506845,34.07443524
90541005,2017,2017-09-05,9590,2017-08-22,0650,015985,NA,2,1,7,1942,0,1,1,NA,2,011,SR-110 S/B (ARROYO SECO PARKWAY),AVENUE 26,200,S,N,A,-,Y,NA,NA,110,NA,NA,NA,NA,NA,S,N,4,0,1,2,A,-,03,22350,NA,N,C,C,A,A,H,-,A,D,0,NA,NA,NA,NA,Y,NA,A,01,0,0,1,0,0,0,0,0,0,-,-,34.08211,-118.22422,LOS ANGELES,LOS ANGELES,-118.22411223,34.08193833
90541009,2017,2017-09-05,9565,2017-08-23,0833,021775,NA,3,1,7,1942,0,1,1,NA,2,082,1-10 EASTBOUND (SANTA MONICA FREEWAY),SAWTELLE BOULEVARD,600,W,N,B,-,Y,NA,NA,NA,NA,NA,NA,NA,NA,NA,N,3,0,1,2,A,-,07,21658,A,N,B,C,A,A,H,-,A,D,0,NA,NA,NA,NA,Y,NA,A,01,0,1,0,0,0,0,0,0,0,-,-,34.03066,-118.43744,LOS ANGELES,LOS ANGELES,NA,NA
90541023,2017,2017-09-05,9590,2017-08-22,1550,015985,NA,2,2,7,1942,0,1,1,NA,2,052,I-110 N/B (HARBOR FREEWAY),VENICE BLVD,75,N,N,A,-,Y,NA,NA,110,NA,NA,NA,NA,NA,N,N,4,0,1,3,A,-,03,22350,NA,N,C,C,A,A,H,-,A,D,0,NA,NA,NA,NA,Y,NA,A,01,0,0,1,0,0,0,0,0,0,-,-,34.03899,-118.27456,LOS ANGELES,LOS ANGELES,-118.27380513,34.03887205
90541024,2017,2017-09-05,9580,2017-08-23,0935,021491,NA,3,1,7,1942,0,1,1,NA,2,404,I-405 N/B (SAN DIEGO FWY),SEPULVEDA BLVD,4752,S,N,A,-,Y,NA,NA,405,NA,NA,NA,NA,NA,N,Y,2,0,3,4,A,-,07,21658,A,N,B,C,A,A,H,-,A,D,0,NA,NA,NA,NA,Y,NA,A,01,1,2,0,0,0,0,0,0,0,-,-,34.1349,-118.47176,LOS ANGELES,LOS ANGELES,-118.47201564,34.13497972
90541033,2017,2017-09-05,9565,2017-08-24,1540,021775,NA,4,2,9,1900,0,1,1,NA,2,060,I-405 SOUTHBOUND (SAN DIEGO FREEWAY),EL SEGUNDO BOULEVARD,300,N,N,A,-,Y,NA,NA,405,NA,NA,NA,NA,NA,S,N,3,0,1,2,A,-,07,21658,A,N,B,C,A,A,H,-,A,D,0,NA,NA,Y,NA,Y,NA,A,01,0,1,0,0,0,0,0,0,1,-,-,33.91879,-118.36976,LOS ANGELES,UNINCORPORATED,-118.369793,33.91879803
90541039,2017,2017-09-05,9565,2017-09-04,2103,021171,NA,1,2,5,1965,0,1,1,NA,2,081,I-10 E/B (SANTA MONICA FREEWAY),20TH STREET,69,E,N,B,-,Y,NA,NA,10,NA,NA,NA,NA,NA,E,Y,4,0,7,4,A,-,01,23152,A,F,B,C,A,A,H,-,D,D,0,NA,NA,NA,NA,Y,Y,A,01,0,0,7,0,0,0,0,0,0,-,-,34.02333,-118.4735,LOS ANGELES,SANTA MONICA,-118.47349219,34.023302
90541043,2017,2017-09-05,9590,2017-08-20,1220,021654,NA,7,1,7,1942,0,1,1,NA,2,061,I-10 W/B (SANTA MONICA FREEWAY),VENICE BOULEVARD,300,E,N,A,-,Y,NA,NA,10,NA,NA,NA,NA,NA,W,N,4,0,1,2,A,-,03,22350,NA,N,C,C,A,A,H,-,A,D,0,NA,NA,NA,NA,Y,NA,A,01,0,0,1,0,0,0,0,0,0,-,-,34.03622,-118.37353,LOS ANGELES,LOS ANGELES,-118.37353142,34.03621332
90541050,2017,2017-09-05,9525,2017-08-26,1810,020505,NA,6,2,5,1906,0,1,1,NA,2,103,I-10 W/B (SAN BERNARDINO FWY),BALDWIN PARK BLVD,200,W,N,A,-,Y,NA,NA,10,NA,NA,NA,NA,NA,W,N,4,0,1,2,A,-,03,22350,NA,N,C,C,A,A,H,-,A,D,0,NA,NA,NA,NA,Y,NA,D,22,0,0,1,0,0,0,0,0,0,-,-,34.0675,-117.98272,LOS ANGELES,BALDWIN PARK,-117.98271886,34.06749059
90541055,2017,2017-09-05,9530,2017-08-25,0815,021642,NA,5,1,7,1942,0,1,1,NA,2,200,I-105 W/B (GLENN ANDERSON FWY),VERMONT AVE.,700,N,N,B,-,Y,NA,NA,105,NA,NA,NA,NA,NA,W,Y,3,0,1,2,A,-,06,21755,NA,N,B,C,A,A,H,-,A,D,0,NA,NA,Y,NA,Y,NA,C,02,0,1,0,0,0,0,0,0,1,-,-,33.92898,-118.29012,LOS ANGELES,LOS ANGELES,-118.29012082,33.92888805
90541056,2017,2017-09-05,9590,2017-08-21,0920,016546,NA,1,1,7,1942,0,1,2,NA,2,073,US-101 S/B (HOF),UNIVERSAL STUDIOS BLVD.,250,S,N,A,-,Y,NA,NA,101,NA,NA,NA,NA,NA,S,N,4,0,1,2,A,-,03,22350,NA,M,C,C,A,A,H,-,A,D,0,NA,NA,NA,NA,Y,NA,-,99,0,0,1,0,0,0,0,0,0,-,-,34.13294,-118.35213,LOS ANGELES,LOS ANGELES,-118.35212479,34.13295228
90541067,2017,2017-09-05,9565,2017-08-24,1730,021694,NA,4,2,9,1900,0,3,5,NA,2,005,ADMIRALTY WAY,PALAWAN WAY,0,NA,Y,A,-,N,NA,NA,NA,NA,NA,NA,NA,NA,NA,N,4,0,1,2,A,-,10,21950,A,F,G,B,B,A,H,-,B,A,0,Y,NA,NA,NA,Y,NA,-,99,0,0,1,0,1,0,0,0,0,-,-,33.98318,-118.45753,LOS ANGELES,UNINCORPORATED,-118.45782004,33.98324002
90541076,2017,2017-09-05,9590,2017-08-21,0445,021291,NA,1,3,7,1942,0,1,2,NA,2,070,US-101 N/B (HOLLYWOOD FREEWAY),ROSEMONT AVE,500,N,N,A,-,Y,NA,NA,101,NA,NA,NA,NA,NA,N,Y,3,0,1,1,A,-,08,22107,NA,N,E,I,A,A,H,-,C,D,0,NA,NA,NA,NA,Y,NA,D,22,0,1,0,0,0,0,0,0,0,-,-,34.07363,-118.27062,LOS ANGELES,LOS ANGELES,-118.27059413,34.07368424
90541099,2017,2017-09-05,9590,2017-08-22,2230,020046,NA,2,3,7,1942,0,1,1,NA,2,083,I-5 S/B (GOLDEN STATE FREEWAY),SAN FERNANDO RD.,400,N,N,A,-,Y,NA,NA,5,NA,NA,NA,NA,NA,S,Y,4,0,1,2,A,-,03,22350,NA,N,C,C,A,A,H,-,C,D,0,NA,NA,NA,NA,Y,NA,A,01,0,0,1,0,0,0,0,0,0,-,-,34.08297,-118.22777,LOS ANGELES,LOS ANGELES,-118.22776453,34.08298402
90541101,2017,2017-09-05,9590,2017-08-22,1645,016243,NA,2,2,7,1942,0,1,1,NA,2,010,SR-110 N/B (ASP),SR-110 S/B TO HILL STREET,20,S,N,A,-,Y,NA,NA,110,NA,NA,NA,NA,NA,N,N,4,0,1,3,A,-,03,22350,NA,N,C,C,A,A,H,-,A,D,0,NA,NA,NA,NA,Y,NA,A,08,0,0,1,0,0,0,0,0,0,-,-,34.06867,-118.23672,LOS ANGELES,LOS ANGELES,-118.23672548,34.06867857
90541122,2017,2017-09-05,9530,2017-08-28,1045,021610,NA,1,1,5,1943,0,1,1,NA,2,210,I-105 W/B (GLENN ANDERSON FWY),LONG BEACH BLVD.,245,E,N,A,-,Y,NA,NA,105,NA,NA,NA,NA,NA,W,Y,4,0,1,2,A,-,03,22350,NA,F,C,C,A,A,H,-,A,D,0,NA,NA,NA,NA,Y,NA,A,01,0,0,1,0,0,0,0,0,0,-,-,33.92161,-118.20198,LOS ANGELES,LYNWOOD,-118.20199038,33.92158682
90541127,2017,2017-09-05,9530,2017-08-26,1447,021792,NA,6,2,7,1942,0,1,1,NA,2,120,I-110 N/B TO N/B 47,I-110 N/B (HARBOR FREEWAY),215,E,N,A,-,Y,NA,NA,110,NA,NA,NA,R,NA,N,Y,3,0,1,1,A,-,01,23152,A,N,E,I,A,A,H,-,A,D,0,NA,NA,NA,NA,Y,Y,A,01,0,1,0,0,0,0,0,0,0,-,-,33.7483,-118.28951,LOS ANGELES,LOS ANGELES,-118.28951,33.7483
90541150,2017,2017-09-05,9530,2017-08-27,0020,021108,NA,7,3,7,1941,0,1,1,NA,2,071,I-710 N/B (LONG BEACH FREEWAY),ARTESIA BLVD.,200,S,N,B,-,Y,NA,NA,710,NA,NA,NA,NA,NA,N,Y,3,0,1,2,A,-,01,23152,A,N,B,C,A,A,H,-,C,D,0,NA,NA,NA,NA,Y,Y,A,01,0,1,0,0,0,0,0,0,0,-,-,33.87364,-118.19337,LOS ANGELES,LONG BEACH,-118.19349509,33.87366938
90541167,2017,2017-09-05,9430,2017-09-01,0838,017301,NA,5,1,9,1900,0,2,4,NA,1,021,FRAZIER MOUNTAIN PARK RD,LEBEC RD,686,W,N,A,-,N,NA,NA,NA,NA,NA,NA,NA,NA,NA,Y,4,0,1,3,A,-,09,21801,A,N,D,C,A,A,H,-,A,D,0,NA,NA,NA,NA,Y,NA,A,01,0,0,1,0,0,0,0,0,0,-,-,34.81746,-118.88737,LOS ANGELES,UNINCORPORATED,-118.88704211,34.81773796
90541176,2017,2017-09-05,9565,2017-08-25,1550,021576,NA,5,2,9,1900,0,2,4,NA,2,021,106TH ST.,VERMONT AVE.,10,W,N,A,-,N,NA,NA,NA,NA,NA,NA,NA,NA,NA,Y,3,0,1,2,A,-,08,22107,NA,F,D,C,A,A,H,-,A,A,0,NA,NA,NA,NA,Y,NA,A,07,0,1,0,0,0,0,0,0,0,-,-,33.94001,-118.29198,LOS ANGELES,UNINCORPORATED,-118.29195291,33.94003992
90541178,2017,2017-09-05,9535,2017-08-29,1633,014473,NA,2,2,5,1947,0,1,3,NA,2,600,SR-60 E/B (POMONA FREEWAY),FINDLAY AVE U/C,196,E,N,A,-,Y,NA,NA,60,NA,NA,NA,NA,NA,E,Y,4,0,1,2,A,-,17,22517,NA,N,B,C,A,A,H,-,A,D,0,NA,NA,Y,NA,Y,NA,A,01,0,0,1,0,0,0,0,0,1,-,-,34.033,-118.13527,LOS ANGELES,MONTEBELLO,-118.13527013,34.03298537
90541181,2017,2017-09-05,9550,2017-08-28,0915,020151,NA,1,1,5,1919,0,1,3,NA,2,091,SR-91 E/B TO BELLFLOWER BLVD,BELLFLOWER BLVD.,250,W,N,A,-,Y,NA,NA,NA,NA,NA,NA,NA,NA,NA,Y,2,0,1,2,A,-,08,22107,NA,N,C,C,A,A,H,-,A,D,0,NA,NA,Y,NA,Y,NA,C,02,1,0,0,0,0,0,0,0,1,-,-,33.876,-118.12801,LOS ANGELES,CERRITOS,-118.12603188,33.87607
90541201,2017,2017-09-06,9575,2017-08-06,1525,021744,NA,7,2,7,1942,0,1,3,NA,2,070,SR-118 E/B (RONALD REAGAN FREEWAY),LAUREL CANYON BLVD.,144,E,N,A,-,Y,NA,NA,118,NA,NA,NA,NA,NA,E,Y,3,0,1,2,A,-,03,22350,NA,N,C,C,A,A,H,-,A,D,0,NA,NA,NA,NA,Y,NA,A,07,0,1,0,0,0,0,0,0,0,-,-,34.26721,-118.4395,LOS ANGELES,LOS ANGELES,-118.4395178,34.26730789
90541203,2017,2017-10-06,9565,2017-08-27,1250,021706,NA,7,1,7,1942,0,1,1,NA,2,064,I-405 S/B (SAN DIEGO FREEWAY),SUNSET BLVD.,800,N,N,A,-,Y,NA,NA,405,NA,NA,NA,NA,NA,S,Y,3,0,1,2,A,-,03,22350,NA,N,C,C,A,A,H,-,A,D,0,NA,NA,Y,NA,Y,NA,C,02,0,1,0,0,0,0,0,0,1,-,-,34.07478,-118.46821,LOS ANGELES,LOS ANGELES,-118.46825618,34.07474483
90541215,2017,2017-09-06,9575,2017-08-27,1835,021047,NA,7,2,7,1942,0,1,3,NA,2,043,SR-134 W/B (VENTURA FREEWAY),RIVERSIDE DR.,20,E,N,A,-,Y,NA,NA,134,NA,NA,NA,NA,NA,W,Y,4,0,3,2,A,-,03,22350,NA,N,C,C,A,A,H,-,A,D,0,NA,NA,NA,NA,Y,NA,A,01,0,0,3,0,0,0,0,0,0,-,-,34.15546,-118.29369,LOS ANGELES,LOS ANGELES,-118.29369039,34.15543744
90541221,2017,2017-09-06,9550,2017-09-03,1421,021386,NA,7,2,9,1900,0,3,5,NA,2,002,IMPERIAL HIGHWAY (SR-90) EASTBOUND,LEFFINGWELL ROAD,25,W,N,A,-,Y,NA,NA,NA,NA,NA,NA,NA,NA,NA,Y,4,0,1,2,A,-,01,23152,A,F,C,C,A,A,H,-,A,D,0,NA,NA,Y,NA,Y,Y,D,22,0,0,1,0,0,0,0,0,1,-,-,33.9169,-118.0502,LOS ANGELES,UNINCORPORATED,-118.05023221,33.91688916
90541230,2017,2017-09-06,9590,2017-08-25,0235,021583,NA,5,3,7,1942,0,1,2,NA,2,071,US-101 S/B (HOLLYWOOD FREEWAY),GLENDALE BLVD,600,N,N,A,-,Y,NA,NA,101,NA,NA,NA,NA,NA,S,N,4,0,1,2,A,-,07,21658,A,M,B,C,A,A,H,-,E,D,0,NA,NA,NA,NA,Y,NA,-,99,0,0,1,0,0,0,0,0,0,-,-,34.07071,-118.26412,LOS ANGELES,LOS ANGELES,-118.26412285,34.07070351
90541243,2017,2017-09-06,9565,2017-08-22,1015,015587,NA,2,1,7,1942,0,1,1,NA,2,064,I-405 S/B (SAN DIEGO FREEWAY),SKIRBALL CENTER DR,3168,S,N,A,-,Y,NA,NA,405,NA,NA,NA,NA,NA,S,Y,3,0,1,2,A,-,08,22107,NA,N,B,C,A,A,H,-,A,D,0,NA,NA,Y,NA,Y,NA,A,01,0,1,0,0,0,0,0,0,1,-,-,34.11431,-118.48232,LOS ANGELES,LOS ANGELES,-118.4821426,34.11429753