CASE_ID,ACCIDENT_YEAR,PROC_DATE,JURIS,COLLISION_DATE,COLLISION_TIME,OFFICER_ID,REPORTING_DISTRICT,DAY_OF_WEEK,CHP_SHIFT,POPULATION,CNTY_CITY_LOC,SPECIAL_COND,BEAT_TYPE,CHP_BEAT_TYPE,CITY_DIVISION_LAPD,CHP_BEAT_CLASS,BEAT_NUMBER,PRIMARY_RD,SECONDARY_RD,DISTANCE,DIRECTION,INTERSECTION,WEATHER_1,WEATHER_2,STATE_HWY_IND,CALTRANS_COUNTY,CALTRANS_DISTRICT,STATE_ROUTE,ROUTE_SUFFIX,POSTMILE_PREFIX,POSTMILE,LOCATION_TYPE,RAMP_INTERSECTION,SIDE_OF_HWY,TOW_AWAY,COLLISION_SEVERITY,NUMBER_KILLED,NUMBER_INJURED,PARTY_COUNT,PRIMARY_COLL_FACTOR,PCF_CODE_OF_VIOL,PCF_VIOL_CATEGORY,PCF_VIOLATION,PCF_VIOL_SUBSECTION,HIT_AND_RUN,TYPE_OF_COLLISION,MVIW,PED_ACTION,ROAD_SURFACE,ROAD_COND_1,ROAD_COND_2,LIGHTING,CONTROL_DEVICE,CHP_ROAD_TYPE,PEDESTRIAN_ACCIDENT,BICYCLE_ACCIDENT,MOTORCYCLE_ACCIDENT,TRUCK_ACCIDENT,NOT_PRIVATE_PROPERTY,ALCOHOL_INVOLVED,STWD_VEHTYPE_AT_FAULT,CHP_VEHTYPE_AT_FAULT,COUNT_SEVERE_INJ,COUNT_VISIBLE_INJ,COUNT_COMPLAINT_PAIN,COUNT_PED_KILLED,COUNT_PED_INJURED,COUNT_BICYCLIST_KILLED,COUNT_BICYCLIST_INJURED,COUNT_MC_KILLED,COUNT_MC_INJURED,PRIMARY_RAMP,SECONDARY_RAMP,LATITUDE,LONGITUDE,COUNTY,CITY,POINT_X,POINT_Y
90541857,2017,2017-09-06,9580,2017-09-01,2335,020404,NA,5,3,7,1942,0,1,3,NA,2,116,SR-118 E/B TO PORTER RANCH RD.,PORTER RANCH RD,425,W,N,A,-,Y,NA,NA,118,NA,NA,NA,R,NA,E,Y,3,0,2,2,A,-,01,23152,A,N,C,C,A,A,H,-,D,D,0,NA,NA,NA,NA,Y,Y,A,01,0,1,1,0,0,0,0,0,0,-,-,34.27309,-118.57102,LOS ANGELES,LOS ANGELES,-118.57102,34.27309
90541865,2017,2017-09-06,9530,2017-08-30,0559,021582,NA,3,3,5,1977,0,1,1,NA,2,410,I-405 N/B (SAN DIEGO FREEWAY),213TH ST.,528,N,N,A,-,Y,NA,NA,405,NA,NA,NA,NA,NA,N,N,4,0,1,2,A,-,03,22350,NA,N,C,C,A,A,H,-,A,D,0,NA,NA,NA,NA,Y,NA,A,01,0,0,1,0,0,0,0,0,0,-,-,33.83678,-118.26076,LOS ANGELES,CARSON,-118.26074147,33.83679731
90541877,2017,2017-09-06,9575,2017-08-28,1900,021784,NA,1,2,7,1942,0,1,3,NA,2,070,SR-118 E/B (RONALD REAGAN FREEWAY),GLENOAKS BLVD.,350,E,N,A,-,Y,NA,NA,118,NA,NA,NA,NA,NA,E,N,4,0,1,2,A,-,03,22350,NA,N,C,C,A,A,H,-,A,D,0,NA,NA,NA,NA,Y,NA,A,01,0,0,1,0,0,0,0,0,0,-,-,34.27977,-118.41936,LOS ANGELES,LOS ANGELES,-118.41933309,34.27973325
90541909,2017,2017-09-06,9530,2017-09-06,0756,020175,NA,3,1,5,1943,0,1,1,NA,2,210,I-105 E/B (GLENN ANDERSON FWY),LONG BEACH BLVD.,2376,E,N,A,-,Y,NA,NA,105,NA,NA,NA,NA,NA,E,Y,4,0,2,2,A,-,03,22350,NA,N,C,C,A,A,H,-,A,D,0,NA,NA,NA,NA,Y,NA,A,01,0,0,2,0,0,0,0,0,0,-,-,33.92141,-118.20201,LOS ANGELES,LYNWOOD,-118.20207732,33.92125417
90541910,2017,2017-09-06,9575,2017-08-28,1855,020995,NA,1,2,6,1912,0,1,3,NA,2,044,SR-134 E/B (VENTURA FREEWAY),BUENA VISTA ST.,100,E,N,A,-,Y,NA,NA,134,NA,NA,NA,NA,NA,E,N,3,0,2,3,A,-,03,22350,NA,N,C,C,A,A,H,-,A,D,0,NA,NA,NA,NA,Y,NA,A,01,0,1,1,0,0,0,0,0,0,-,-,34.15436,-118.32242,LOS ANGELES,BURBANK,-118.32241546,34.15433754
90541923,2017,2017-09-06,9540,2017-08-28,2040,017076,NA,1,2,9,1900,0,1,1,NA,2,510,I-5 N/B (GOLDEN STATE FREEWAY),VISTA DEL LAGO ROAD,5808,S,N,A,-,Y,NA,NA,5,NA,NA,NA,NA,NA,N,Y,2,0,5,6,A,-,08,22107,NA,N,B,E,A,A,H,-,A,D,0,NA,NA,NA,Y,Y,NA,G,25,1,3,1,0,0,0,0,0,0,-,-,34.6484,-118.75257,LOS ANGELES,UNINCORPORATED,-118.75271673,34.64833434
90541926,2017,2017-09-06,9565,2017-08-25,2255,021808,NA,5,3,5,1928,0,1,1,NA,2,012,I-105 E/B (CENTURY FREEWAY),HAWTHORNE BLVD,20,E,N,A,-,Y,NA,NA,105,NA,NA,NA,NA,NA,E,Y,4,0,1,2,A,-,07,21658,A,N,B,C,A,A,H,-,C,D,0,NA,NA,NA,NA,Y,NA,A,01,0,0,1,0,0,0,0,0,0,-,-,33.93325,-118.35208,LOS ANGELES,HAWTHORNE,-118.35206767,33.93331984
90541946,2017,2017-09-06,9580,2017-08-28,1935,021498,NA,1,2,7,1942,0,1,2,NA,2,102,US-101 N/B (VENTURA FREEWAY),VAN NUYS BLVD,1056,N,N,A,-,Y,NA,NA,101,NA,NA,NA,NA,NA,N,N,4,0,2,2,A,-,07,21658,A,F,B,C,A,A,H,-,A,D,0,NA,NA,NA,NA,Y,NA,-,99,0,0,2,0,0,0,0,0,0,-,-,34.15756,-118.45083,LOS ANGELES,LOS ANGELES,-118.45082794,34.1575755
90541952,2017,2017-09-06,9540,2017-09-04,1503,017076,NA,1,2,9,1900,0,1,1,NA,2,511,I-5 S/B (GOLDEN STATE FREEWAY),TEMPLIN HIGHWAY,2112,N,N,A,-,Y,NA,NA,5,NA,NA,NA,NA,NA,S,Y,3,0,2,1,A,-,03,22350,NA,N,F,A,A,A,H,-,A,D,0,NA,NA,NA,NA,Y,NA,D,22,0,1,1,0,0,0,0,0,0,-,-,34.57527,-118.69845,LOS ANGELES,UNINCORPORATED,-118.69849903,34.57518685
90541970,2017,2017-09-06,9590,2017-06-21,1020,021596,NA,3,1,7,1942,0,1,1,NA,2,052,I-110 N/B (HARBOR FREEWAY),7TH STREET,450,S,N,A,-,Y,NA,NA,110,NA,NA,NA,NA,NA,N,Y,4,0,3,3,A,-,03,22350,NA,N,C,C,A,A,H,-,A,D,0,NA,NA,NA,NA,Y,NA,A,01,0,0,3,0,0,0,0,0,0,-,-,34.04932,-118.26376,LOS ANGELES,LOS ANGELES,-118.26386546,34.0494939
90541979,2017,2017-09-06,9525,2017-08-24,1740,021748,NA,4,2,9,1900,0,3,5,NA,2,002,CONWELL AVE,COVINA BLVD,0,NA,Y,A,-,N,NA,NA,NA,NA,NA,NA,NA,NA,NA,Y,3,0,1,2,A,-,09,21802,A,N,F,A,A,A,H,-,A,D,0,NA,NA,Y,NA,Y,NA,A,07,0,1,0,0,0,0,0,0,1,-,-,34.09935,-117.90505,LOS ANGELES,UNINCORPORATED,-117.90562008,34.09940008
90541993,2017,2017-09-06,9580,2017-09-01,1710,021475,NA,5,2,7,1942,0,1,2,NA,2,101,US-101 S/B (VENTURA FREEWAY),COLDWATER CANYON AVE,528,S,N,A,-,Y,NA,NA,101,NA,NA,NA,NA,NA,S,N,4,0,1,2,A,-,03,22350,NA,N,C,C,A,A,H,-,A,D,0,NA,NA,NA,NA,Y,NA,A,07,0,0,1,0,0,0,0,0,0,-,-,34.15667,-118.41145,LOS ANGELES,LOS ANGELES,-118.41145016,34.15663057
90542050,2017,2017-09-06,9580,2017-08-13,2000,021498,NA,7,2,7,1942,0,1,3,NA,2,170,SR-170 N/B (HOLLYWOOD FWY.),MAGNOLIA BLVD,400,N,N,A,-,Y,NA,NA,170,NA,NA,NA,NA,NA,N,Y,4,0,1,2,A,-,08,22107,NA,M,B,C,A,A,H,-,C,D,0,NA,NA,NA,NA,Y,NA,D,22,0,0,1,0,0,0,0,0,0,-,-,34.166,-118.38309,LOS ANGELES,LOS ANGELES,-118.38305573,34.16601498
90542058,2017,2017-09-06,9550,2017-08-08,0310,021656,NA,2,3,5,1919,0,1,1,NA,2,652,INTERSTATE 605 N/B,STATE ROUTE 91 (ARTESIA FREEWAY),1200,S,N,A,-,Y,NA,NA,605,NA,NA,NA,NA,NA,N,Y,4,0,1,2,A,-,07,21658,A,F,B,C,A,A,H,-,D,D,0,NA,NA,NA,NA,Y,NA,A,01,0,0,1,0,0,0,0,0,0,-,-,33.87284,-118.10107000000001,LOS ANGELES,CERRITOS,-118.10105807,33.87284493
90542062,2017,2017-09-06,9590,2017-07-30,1240,020617,NA,7,1,7,1942,0,1,1,NA,2,050,I-110 N/B (HAF),79TH STREET,1000,S,N,A,-,Y,NA,NA,110,NA,NA,NA,NA,NA,N,N,4,0,1,2,A,-,03,22350,NA,N,C,C,A,A,H,-,A,D,0,NA,NA,NA,NA,Y,NA,D,22,0,0,1,0,0,0,0,0,0,-,-,33.96599,-118.28067,LOS ANGELES,LOS ANGELES,-118.28073062,33.96599002
90542102,2017,2017-09-06,9590,2017-08-31,0555,020617,NA,4,3,7,1942,0,1,1,NA,2,050,I-110 N/B (HAF),MANCHESTER AVE,200,N,N,A,-,Y,NA,NA,110,NA,NA,NA,NA,NA,N,Y,4,0,1,2,A,-,03,22350,NA,N,C,C,A,A,H,-,A,D,0,NA,NA,NA,NA,Y,NA,A,01,0,0,1,0,0,0,0,0,0,-,-,33.96064,-118.28065,LOS ANGELES,LOS ANGELES,-118.28072165,33.9606398
90542103,2017,2017-09-06,9565,2017-08-20,1125,021576,NA,7,1,9,1900,0,3,5,NA,2,003,STOCKET ST.,LA BREA AVE.,0,NA,Y,A,-,N,NA,NA,NA,NA,NA,NA,NA,NA,NA,Y,3,0,2,2,A,-,09,21801,A,N,D,C,A,A,H,-,A,A,0,NA,NA,NA,NA,Y,NA,A,01,0,1,1,0,0,0,0,0,0,-,-,33.99706,-118.35786,LOS ANGELES,UNINCORPORATED,-118.357929,33.997032
90542107,2017,2017-09-06,9590,2017-06-21,0540,021678,NA,3,3,7,1942,0,1,1,NA,2,082,I-5 N/B (GOLDEN STATE FREEWAY),HUMBOLDT ST.,230,S,N,A,-,Y,NA,NA,5,NA,NA,NA,NA,NA,N,Y,4,0,2,2,A,-,08,22107,NA,N,B,C,A,A,H,-,B,D,0,NA,NA,NA,Y,Y,NA,A,07,0,0,2,0,0,0,0,0,0,-,-,34.07807,-118.21952,LOS ANGELES,LOS ANGELES,-118.21954609,34.07805841
90542115,2017,2017-09-06,9535,2017-09-01,0755,016277,NA,5,1,9,1900,0,2,4,NA,2,025,ATLANTIC BOULEVARD,VERONA STREET,0,NA,Y,A,-,N,NA,NA,NA,NA,NA,NA,NA,NA,NA,N,4,0,2,2,A,-,09,21801,A,N,A,C,A,A,H,-,A,A,0,NA,NA,NA,NA,Y,NA,A,01,0,0,2,0,0,0,0,0,0,-,-,34.01823,-118.15795,LOS ANGELES,UNINCORPORATED,-118.15795,34.01824002
90542143,2017,2017-09-06,9525,2017-08-29,0030,019188,NA,2,3,1,1934,0,1,1,NA,2,651,I-605 S/B TO ARROW HWY,ARROW HIGHWAY,18,N,N,A,-,Y,NA,NA,605,NA,NA,NA,R,NA,S,Y,3,0,1,1,A,-,01,23152,A,N,E,I,A,A,H,-,C,A,0,NA,NA,NA,NA,Y,Y,A,01,0,1,0,0,0,0,0,0,0,-,-,34.11475,-117.97857,LOS ANGELES,IRWINDALE,-117.97857,34.11475
90542144,2017,2017-09-06,9580,2017-08-26,1615,021079,NA,6,2,7,1942,0,1,1,NA,2,406,I-405 N/B (SAN DIEGO FWY),NORDHOFF ST,1500,S,N,A,-,Y,NA,NA,405,NA,NA,NA,NA,NA,N,Y,4,0,1,3,A,-,07,21658,A,N,C,C,A,A,H,-,A,D,0,NA,NA,NA,NA,Y,NA,A,01,0,0,1,0,0,0,0,0,0,-,-,34.23105,-118.47297,LOS ANGELES,LOS ANGELES,-118.47299049,34.23105021
90542151,2017,2017-09-06,9590,2017-06-22,2240,021667,NA,4,3,7,1942,0,1,1,NA,2,083,I-5 S/B (GOLDEN STATE FREEWAY),HARWOOD STREET,100,S,N,A,-,Y,NA,NA,5,NA,NA,NA,NA,NA,S,Y,4,0,1,3,A,-,03,22350,NA,N,C,C,A,A,H,-,A,D,0,NA,NA,NA,NA,Y,NA,A,01,0,0,1,0,0,0,0,0,0,-,-,34.08687,-118.23396,LOS ANGELES,LOS ANGELES,-118.23395944,34.08687092
90542160,2017,2017-09-06,9530,2017-08-31,1700,021623,NA,4,2,7,1942,0,1,1,NA,2,110,I-110 S/B (HARBOR FREEWAY),SR-91,500,S,N,A,-,Y,NA,NA,110,NA,NA,NA,NA,NA,S,N,4,0,2,2,A,-,03,22350,NA,N,C,C,A,A,H,-,A,D,0,NA,NA,NA,NA,Y,Y,A,08,0,0,2,0,0,0,0,0,0,-,-,33.8727,-118.2851,LOS ANGELES,LOS ANGELES,-118.28513128,33.87269979
90542211,2017,2017-09-06,9590,2017-06-23,1835,021317,NA,5,2,7,1942,0,1,3,NA,2,095,SR-2 W/B (GLENDALE FREEWAY),SAN FERNANDO RD,900,E,N,A,-,Y,NA,NA,2,NA,NA,NA,NA,NA,W,N,4,0,1,2,A,-,03,22350,NA,N,C,C,A,A,H,-,A,D,0,NA,NA,NA,NA,Y,NA,A,01,0,0,1,0,0,0,0,0,0,-,-,34.11431,-118.24331,LOS ANGELES,LOS ANGELES,-118.24314882,34.1140537
90542224,2017,2017-09-06,9550,2017-08-27,1130,020551,NA,7,1,6,1920,0,1,1,NA,2,150,I-105 EASTBOUND,LAKEWOOD BLVD.,1000,E,N,A,-,Y,NA,NA,105,NA,NA,NA,NA,NA,E,N,4,0,2,2,A,-,03,22350,NA,N,C,C,A,A,H,-,A,D,0,NA,NA,NA,NA,Y,NA,A,01,0,0,2,0,0,0,0,0,0,-,-,33.913,-118.1391,LOS ANGELES,DOWNEY,-118.13909952,33.91293747
90542232,2017,2017-09-06,9530,2017-09-01,1255,017755,NA,5,1,7,1941,0,1,1,NA,2,430,I-405 S/B (SAN DIEGO FREEWAY),LAKEWOOD BLVD.,850,S,N,A,-,Y,NA,NA,NA,NA,NA,NA,NA,NA,NA,Y,4,0,1,2,A,-,03,22350,NA,N,C,C,A,A,H,-,A,D,0,NA,NA,NA,NA,Y,NA,A,01,0,0,1,0,0,0,0,0,0,-,-,33.85418,-118.28177,LOS ANGELES,LONG BEACH,-118.14257,33.80567
90542245,2017,2017-09-06,9580,2017-08-26,0550,021544,NA,6,3,7,1942,0,1,2,NA,2,103,US-101 S/B (VENTURA FREEWAY),HAYVENHURST AVE,30,N,N,A,-,Y,NA,NA,101,NA,NA,NA,NA,NA,S,Y,4,0,1,2,A,-,01,23152,A,N,C,C,A,A,H,-,B,D,0,NA,NA,NA,Y,Y,Y,A,01,0,0,1,0,0,0,0,0,0,-,-,34.16539,-118.49256,LOS ANGELES,LOS ANGELES,-118.49256226,34.16538177
90542252,2017,2017-09-06,9565,2017-08-22,1755,021694,NA,2,2,7,1942,0,1,1,NA,2,064,I-405 N/B (SAN DIEGO FWY),SKIRBALL CENTER DR,2285,S,N,A,-,Y,NA,NA,405,NA,NA,NA,NA,NA,N,Y,4,0,1,1,C,-,18,NA,NA,N,E,I,A,A,H,-,A,D,0,NA,NA,NA,NA,Y,NA,-,-,0,0,1,0,0,0,0,0,0,-,-,34.11682,-118.48157,LOS ANGELES,LOS ANGELES,-118.4817325,34.11683148
90542255,2017,2017-09-06,9580,2017-08-26,1605,021498,NA,6,2,7,1942,0,1,3,NA,2,170,SR-170 N/B (HOLLYWOOD FWY.),VANOWEN ST,300,S,N,A,-,Y,NA,NA,170,NA,NA,NA,NA,NA,N,N,3,0,2,4,A,-,08,22107,NA,N,C,E,E,A,H,-,A,D,0,Y,NA,NA,NA,Y,NA,A,01,0,1,1,0,2,0,0,0,0,-,-,34.19317,-118.40217,LOS ANGELES,LOS ANGELES,-118.40223919,34.19316089
90542260,2017,2017-09-06,9580,2017-08-27,0600,019511,NA,7,1,9,1900,0,2,4,NA,1,131,MULHOLLAND HWY,KANAN RD,2640,W,N,A,-,N,NA,NA,NA,NA,NA,NA,NA,NA,NA,Y,2,0,1,2,A,-,06,21750,NA,N,B,C,A,A,H,-,A,D,0,NA,NA,Y,NA,Y,NA,C,02,1,0,0,0,0,0,0,0,1,-,-,34.09661,-118.81444,LOS ANGELES,UNINCORPORATED,-118.82092012,34.09442056
90542266,2017,2017-09-06,9565,2017-08-28,0725,021706,NA,1,1,7,1942,0,1,1,NA,2,064,I-405 S/B (SAN DIEGO FREEWAY),MULHOLLAND DRIVE,200,S,N,B,-,Y,NA,NA,405,NA,NA,NA,NA,NA,S,Y,3,0,1,2,A,-,08,22107,NA,N,B,C,A,A,H,-,A,D,0,NA,NA,Y,NA,Y,NA,A,07,0,1,0,0,0,0,0,0,1,-,-,34.12568,-118.47615,LOS ANGELES,LOS ANGELES,-118.47619543,34.12571678
90542270,2017,2017-09-20,9565,2017-08-28,1145,021706,NA,1,1,7,1942,0,1,1,NA,2,064,I-405 S/B (SAN DIEGO FREEWAY),GETTY CENTER DRIVE,800,S,N,A,-,Y,NA,NA,405,NA,NA,NA,NA,NA,S,Y,4,0,2,4,A,-,03,22350,NA,N,C,C,A,A,H,-,A,D,0,NA,NA,NA,NA,Y,NA,A,07,0,0,2,0,0,0,0,0,0,-,-,34.0864,-118.47512,LOS ANGELES,LOS ANGELES,-118.47512067,34.08639991
90542272,2017,2017-09-06,9565,2017-08-30,0745,021729,NA,3,1,9,1900,0,3,5,NA,2,002,EL SEGUNDO BLVD.,BUDLONG AVE.,50,W,N,A,-,N,NA,NA,NA,NA,NA,NA,NA,NA,NA,Y,4,0,2,3,A,-,03,22350,NA,N,C,C,A,A,H,-,A,D,0,NA,NA,NA,NA,Y,NA,A,07,0,0,2,0,0,0,0,0,0,-,-,33.91643,-118.2967,LOS ANGELES,UNINCORPORATED,-118.29657448,33.91644
90542286,2017,2017-09-06,9550,2017-09-01,1830,021263,NA,5,2,3,1903,0,1,3,NA,2,091,STATE ROUTE 91 WESTBOUND,STUDEBAKER ROAD,200,E,N,A,-,Y,NA,NA,NA,NA,NA,NA,NA,NA,NA,N,4,0,1,3,A,-,03,22350,NA,N,C,C,A,A,H,-,A,D,0,NA,NA,NA,NA,Y,NA,A,01,0,0,1,0,0,0,0,0,0,-,-,33.87645,-118.099,LOS ANGELES,ARTESIA,-118.09917251,33.87648
90542293,2017,2017-09-07,9565,2017-08-26,1820,021171,NA,6,2,9,1900,0,3,5,NA,2,002,94TH STREET,VERMONT AVENUE,0,NA,Y,A,-,N,NA,NA,NA,NA,NA,NA,NA,NA,NA,Y,4,0,1,2,A,-,01,23152,A,N,D,C,A,A,H,-,A,A,0,NA,NA,NA,NA,Y,Y,A,01,0,0,1,0,0,0,0,0,0,-,-,33.95096,-118.29187,LOS ANGELES,UNINCORPORATED,-118.29189002,33.95095004
90542324,2017,2017-09-07,9580,2017-08-24,1741,019952,NA,4,2,9,1900,0,1,2,NA,2,107,US-101 S/B (VENTURA FREEWAY),MUREAU RD,1320,N,N,A,-,Y,NA,NA,101,NA,NA,NA,NA,NA,S,Y,4,0,3,3,A,-,03,22350,NA,N,C,C,A,A,H,-,A,D,0,NA,NA,NA,NA,Y,NA,A,01,0,0,3,0,0,0,0,0,0,-,-,34.1493,-118.6679,LOS ANGELES,UNINCORPORATED,-118.66790038,34.1493059
90542347,2017,2017-09-07,9565,2017-08-18,1009,015587,NA,5,1,7,1942,0,1,1,NA,2,064,I-405 S/B (SAN DIEGO FREEWAY),SKIRBALL CENTER DR,3168,S,N,A,-,Y,NA,NA,405,NA,NA,NA,NA,NA,S,Y,4,0,1,2,A,-,07,21658,A,N,B,C,A,A,H,-,A,D,0,NA,NA,Y,NA,Y,NA,A,01,0,0,1,0,0,0,0,0,1,-,-,34.11387,-118.48213,LOS ANGELES,LOS ANGELES,-118.48217245,34.11387299
90542376,2017,2017-09-07,9565,2017-08-23,1832,021808,NA,3,2,7,1942,0,1,1,NA,2,062,I-405 N/B (SAN DIEGO FWY),NATIONAL BLVD.,202,S,N,A,-,Y,NA,NA,405,NA,NA,NA,NA,NA,N,N,4,0,1,2,A,-,03,22350,NA,N,C,C,A,A,H,-,B,D,0,NA,NA,NA,NA,Y,NA,A,07,0,0,1,0,0,0,0,0,0,-,-,34.02631,-118.42956,LOS ANGELES,LOS ANGELES,-118.42951487,34.02634571
90542380,2017,2017-09-07,9590,2017-07-15,1350,020617,NA,6,1,7,1942,0,1,1,NA,2,060,I-10 E/B (SMF),ARLINGTON AVENUE,1000,W,N,A,-,Y,NA,NA,10,NA,NA,NA,NA,NA,E,N,4,0,1,2,A,-,07,21658,A,F,B,C,A,A,H,-,A,D,0,NA,NA,NA,NA,Y,NA,-,99,0,0,1,0,0,0,0,0,0,-,-,34.03609,-118.3209,LOS ANGELES,LOS ANGELES,-118.320913,34.03617694
90542381,2017,2017-09-07,9565,2017-08-18,0636,020209,NA,5,1,7,1942,0,1,1,NA,2,083,I-10 E/B (SANTA MONICA FREEWAY),BAGLEY AVE,1000,E,N,A,-,Y,NA,NA,10,NA,NA,NA,NA,NA,E,Y,3,0,1,1,A,-,03,22350,NA,N,F,A,A,A,H,-,A,D,0,NA,NA,Y,NA,Y,NA,C,02,0,1,0,0,0,0,0,0,1,-,-,34.02941,-118.4022,LOS ANGELES,LOS ANGELES,-118.4021948,34.02946592
90542396,2017,2017-09-07,9590,2017-07-21,1625,020617,NA,5,2,7,1942,0,1,2,NA,2,071,US-101 S/B (HOF),EDGEWARE ROAD,500,S,N,A,-,Y,NA,NA,101,NA,NA,NA,NA,NA,S,N,4,0,1,2,A,-,03,22350,NA,N,C,C,A,A,H,-,A,D,0,NA,NA,NA,NA,Y,NA,A,01,0,0,1,0,0,0,0,0,0,-,-,34.06579,-118.25272,LOS ANGELES,LOS ANGELES,-118.25272239,34.06578668
90542411,2017,2017-09-07,9545,2017-07-18,0918,016885,NA,2,1,9,1900,0,3,5,NA,2,001,70TH STREET EAST,AVENUE I,0,NA,Y,A,-,N,NA,NA,NA,NA,NA,NA,NA,NA,NA,Y,1,1,0,2,A,-,09,21802,A,N,D,C,A,A,H,-,A,A,0,NA,NA,Y,Y,Y,NA,G,25,0,0,0,0,0,0,0,1,0,-,-,34.70465,-118.00541,LOS ANGELES,UNINCORPORATED,-118.00545012,34.70464003
90542417,2017,2017-09-07,9545,2017-06-07,2500,013963,NA,3,4,9,1900,0,2,4,NA,1,013,ELIZABETH LAKE ROAD,90TH STREET WEST,10560,W,N,A,-,N,NA,NA,NA,NA,NA,NA,NA,NA,NA,Y,1,1,0,1,A,-,08,22107,NA,N,E,I,A,A,H,-,D,D,0,NA,NA,NA,NA,Y,NA,A,07,0,0,0,0,0,0,0,0,0,-,-,34.62943,-118.32956,LOS ANGELES,UNINCORPORATED,-118.32094238,34.62892623
90542418,2017,2017-09-07,9525,2017-08-29,0755,021779,NA,2,1,6,1975,0,1,1,NA,2,104,I-10 E/B (SAN BERNARDINO FWY),PACIFIC AVE,1584,W,N,A,-,Y,NA,NA,10,NA,NA,NA,NA,NA,E,N,4,0,2,2,A,-,03,22350,NA,N,C,C,A,A,D,E,A,D,0,NA,NA,NA,NA,Y,NA,A,01,0,0,2,0,0,0,0,0,0,-,-,34.07125,-117.95129,LOS ANGELES,WEST COVINA,-117.95128562,34.07120761
90542419,2017,2017-09-07,9530,2017-09-01,1235,020427,NA,5,1,7,1941,0,1,1,NA,2,072,I-710 S/B TO I-405 S/B,CARSON ST.,200,S,N,A,-,Y,NA,NA,710,NA,NA,NA,R,NA,S,N,4,0,2,3,A,-,03,22350,NA,N,C,C,A,A,H,-,A,D,0,NA,NA,NA,NA,Y,NA,A,01,0,0,2,0,0,0,0,0,0,-,-,33.8321,-118.2091,LOS ANGELES,LONG BEACH,-118.2091,33.8321
90542439,2017,2017-09-07,9550,2017-09-01,1750,021311,NA,5,2,7,1941,0,1,3,NA,2,090,SR-91 (ARTESIA FWY) E/B,ORANGE AVENUE,200,E,N,A,-,Y,NA,NA,91,NA,NA,NA,NA,NA,E,Y,3,0,2,3,A,-,03,22350,NA,N,C,C,A,A,H,-,A,D,0,NA,NA,NA,NA,Y,NA,A,01,0,1,1,0,0,0,0,0,0,-,-,33.87684,-118.1759,LOS ANGELES,LONG BEACH,-118.17590029,33.87688986
90542441,2017,2017-09-07,9545,2017-07-23,1140,021518,NA,7,1,9,1900,0,1,3,NA,1,042,SR-138 EASTBOUND,213TH STREET EAST,0,NA,Y,A,-,Y,NA,NA,138,NA,NA,NA,NA,NA,E,Y,2,0,1,2,A,-,16,24002,A,N,D,C,A,A,H,-,A,A,0,NA,NA,NA,Y,Y,NA,F,26,1,0,0,0,0,0,0,0,0,-,-,34.49845,-117.74816,LOS ANGELES,UNINCORPORATED,-117.74815987,34.4985136
90542443,2017,2017-09-07,9540,2017-08-29,0500,021360,NA,2,3,6,1985,0,1,3,NA,1,143,SR-14 S/B (ANTELOPE VALLEY FREEWAY),LOS PINETOS ROAD,2349,S,N,A,-,Y,NA,NA,14,NA,NA,NA,NA,NA,S,Y,2,0,1,2,A,-,03,22350,NA,N,B,C,A,A,H,-,D,D,0,NA,NA,Y,NA,Y,NA,C,02,1,0,0,0,0,0,0,0,1,-,-,34.35131,-118.50457,LOS ANGELES,SANTA CLARITA,-118.50471516,34.3512553
90542452,2017,2018-11-09,9540,2017-04-29,1140,021434,NA,6,1,9,1900,0,2,4,NA,1,104,SAN FRANCISQUITO CYN RD (33000 BLOCK),SAN FRANCISQUITO MTWY,1584,N,N,A,-,N,NA,NA,NA,NA,NA,NA,NA,NA,NA,Y,1,2,1,3,A,-,06,21751,NA,N,A,C,A,A,H,-,A,D,0,NA,NA,NA,NA,Y,NA,D,22,1,0,0,0,0,0,0,0,0,-,-,34.55371,-118.50401,LOS ANGELES,UNINCORPORATED,-118.5075375,34.55234932
90542456,2017,2017-09-07,9525,2017-08-27,0300,020989,NA,7,3,9,1900,0,3,5,NA,2,003,AMAR RD. (1600 BLOCK),INDIAN SUMMER AVE.,270,E,N,A,-,N,NA,NA,NA,NA,NA,NA,NA,NA,NA,Y,3,0,2,5,A,-,01,23152,A,N,C,C,A,A,H,-,C,D,0,NA,NA,NA,NA,Y,Y,A,01,0,1,1,0,0,0,0,0,0,-,-,34.0358,-117.92889,LOS ANGELES,UNINCORPORATED,-117.92919391,34.0358989
90542477,2017,2017-09-07,9550,2017-09-01,2130,021311,NA,5,2,9,1900,0,1,1,NA,2,150,I-105 (CENTURY FWY) E/B,PARAMOUNT BOULEVARD,400,E,N,A,-,Y,NA,NA,NA,NA,NA,NA,NA,NA,NA,N,4,0,2,2,A,-,03,22350,NA,N,C,C,A,A,H,-,C,D,0,NA,NA,NA,NA,Y,NA,A,07,0,0,2,0,0,0,0,0,0,-,-,33.91201,-118.15728,LOS ANGELES,UNINCORPORATED,-118.15871459,33.91186269