CASE_ID,ACCIDENT_YEAR,PROC_DATE,JURIS,COLLISION_DATE,COLLISION_TIME,OFFICER_ID,REPORTING_DISTRICT,DAY_OF_WEEK,CHP_SHIFT,POPULATION,CNTY_CITY_LOC,SPECIAL_COND,BEAT_TYPE,CHP_BEAT_TYPE,CITY_DIVISION_LAPD,CHP_BEAT_CLASS,BEAT_NUMBER,PRIMARY_RD,SECONDARY_RD,DISTANCE,DIRECTION,INTERSECTION,WEATHER_1,WEATHER_2,STATE_HWY_IND,CALTRANS_COUNTY,CALTRANS_DISTRICT,STATE_ROUTE,ROUTE_SUFFIX,POSTMILE_PREFIX,POSTMILE,LOCATION_TYPE,RAMP_INTERSECTION,SIDE_OF_HWY,TOW_AWAY,COLLISION_SEVERITY,NUMBER_KILLED,NUMBER_INJURED,PARTY_COUNT,PRIMARY_COLL_FACTOR,PCF_CODE_OF_VIOL,PCF_VIOL_CATEGORY,PCF_VIOLATION,PCF_VIOL_SUBSECTION,HIT_AND_RUN,TYPE_OF_COLLISION,MVIW,PED_ACTION,ROAD_SURFACE,ROAD_COND_1,ROAD_COND_2,LIGHTING,CONTROL_DEVICE,CHP_ROAD_TYPE,PEDESTRIAN_ACCIDENT,BICYCLE_ACCIDENT,MOTORCYCLE_ACCIDENT,TRUCK_ACCIDENT,NOT_PRIVATE_PROPERTY,ALCOHOL_INVOLVED,STWD_VEHTYPE_AT_FAULT,CHP_VEHTYPE_AT_FAULT,COUNT_SEVERE_INJ,COUNT_VISIBLE_INJ,COUNT_COMPLAINT_PAIN,COUNT_PED_KILLED,COUNT_PED_INJURED,COUNT_BICYCLIST_KILLED,COUNT_BICYCLIST_INJURED,COUNT_MC_KILLED,COUNT_MC_INJURED,PRIMARY_RAMP,SECONDARY_RAMP,LATITUDE,LONGITUDE,COUNTY,CITY,POINT_X,POINT_Y
90542482,2017,2017-09-07,9550,2017-08-31,1620,019857,NA,4,2,9,1900,0,2,4,NA,1,022,LEFFINGWELL ROAD (14100 BLOCK),COTEAU DRIVE,65,E,N,A,-,N,NA,NA,NA,NA,NA,NA,NA,NA,NA,N,4,0,1,3,A,-,07,21658,A,N,C,C,A,A,H,-,A,D,0,NA,NA,NA,NA,Y,NA,A,01,0,0,1,0,0,0,0,0,0,-,-,33.92265,-118.03018,LOS ANGELES,UNINCORPORATED,-118.03477407,33.92159786
90542483,2017,2017-09-07,9550,2017-09-02,1540,020741,NA,6,2,9,1900,0,2,4,NA,1,051,FULLERTON ROAD,MESCAL ST.,30,N,N,A,-,N,NA,NA,NA,NA,NA,NA,NA,NA,NA,N,4,0,1,2,A,-,03,22350,NA,N,C,C,A,A,H,-,A,A,0,NA,NA,NA,NA,Y,NA,A,08,0,0,1,0,0,0,0,0,0,-,-,33.97665,-117.90953,LOS ANGELES,UNINCORPORATED,-117.90979355,33.97658257
90542495,2017,2017-09-07,9550,2017-09-02,1530,019857,NA,6,2,6,1949,0,1,1,NA,2,651,INTERSTATE 605 N/B,FIRESTONE BOULEVARD,545,N,N,A,-,Y,NA,NA,605,NA,NA,NA,NA,NA,N,N,4,0,1,2,A,-,07,21658,A,N,F,A,A,A,H,-,A,D,0,NA,NA,Y,NA,Y,NA,D,22,0,0,1,0,0,0,0,0,1,-,-,33.92926,-118.1025,LOS ANGELES,NORWALK,-118.10254519,33.92927889
90542534,2017,2017-09-07,9525,2017-08-29,1140,014637,NA,2,1,1,1934,0,1,1,NA,2,203,I-210 W/B (FOOTHILL FWY),SAN GABRIEL RIVER,1500,E,N,A,-,Y,NA,NA,210,NA,NA,NA,NA,NA,W,Y,4,0,1,3,A,-,04,21703,NA,N,C,C,A,A,H,-,A,D,0,NA,NA,NA,NA,Y,NA,A,01,0,0,1,0,0,0,0,0,0,-,-,34.1308,-117.94567,LOS ANGELES,IRWINDALE,-117.94570049,34.13071374
90542539,2017,2017-09-07,9540,2017-09-01,0615,018208,NA,5,1,7,1942,0,1,1,NA,1,503,I-5 S/B (GOLDEN STATE FREEWAY),SAN FERNANDO RD,1600,S,N,A,-,Y,NA,NA,5,NA,NA,NA,NA,NA,S,Y,3,0,1,4,A,-,07,21658,A,N,C,C,A,A,H,-,A,D,0,NA,NA,Y,NA,Y,NA,A,01,0,1,0,0,0,0,0,0,1,-,-,34.31109,-118.4868,LOS ANGELES,LOS ANGELES,-118.48685737,34.31104856
90542550,2017,2017-09-07,9540,2017-09-02,0545,019254,NA,6,3,6,1985,0,1,3,NA,1,144,SR-14 N/B (ANTELOPE VALLEY FREEWAY),VIA PRINCESSA WAY,173,N,N,A,-,Y,NA,NA,14,NA,NA,NA,NA,NA,N,Y,2,0,1,1,A,-,08,22107,NA,N,E,I,A,A,H,-,C,D,0,NA,NA,NA,NA,Y,NA,A,01,1,0,0,0,0,0,0,0,0,-,-,34.40302,-118.45324,LOS ANGELES,SANTA CLARITA,-118.4533846,34.40327614
90542568,2017,2017-09-07,9580,2017-08-25,2153,020296,NA,5,2,7,1942,0,1,2,NA,2,101,US-101 S/B (VENTURA FREEWAY),LAUREL CANYON BLVD,1320,N,N,A,-,Y,NA,NA,101,NA,NA,NA,NA,NA,S,Y,4,0,2,2,A,-,08,22107,NA,N,D,C,A,A,H,-,D,D,0,NA,NA,NA,NA,Y,NA,A,01,0,0,2,0,0,0,0,0,0,-,-,34.15592,-118.40206,LOS ANGELES,LOS ANGELES,-118.40202853,34.15599176
90542572,2017,2017-09-07,9525,2017-08-30,1813,019632,NA,3,2,4,1946,0,1,1,NA,2,201,I-210 W/B (FOOTHILL FWY),MYRTLE AVE,300,W,N,A,-,Y,NA,NA,210,NA,NA,NA,NA,NA,W,Y,4,0,1,2,A,-,03,22350,NA,N,C,C,A,A,H,-,A,D,0,NA,NA,NA,NA,Y,NA,A,01,0,0,1,0,0,0,0,0,0,-,-,34.13557,-118.00197,LOS ANGELES,MONROVIA,-118.00196998,34.13556308
9054259,2020,2020-05-28,1942,2020-02-12,1730,34792,2142,3,5,7,1942,0,0,0,NA,0,21A42,WINNETKA AV,ROSCOE BL,0,NA,Y,A,-,N,NA,NA,NA,NA,NA,NA,NA,NA,NA,Y,2,0,1,2,D,-,00,NA,NA,N,A,C,A,A,H,-,C,A,0,NA,NA,NA,NA,Y,NA,-,-,1,0,0,0,0,0,0,0,0,-,-,NA,NA,LOS ANGELES,LOS ANGELES,-118.57105255126952,34.22024917602539
90542595,2017,2017-09-07,9530,2017-09-04,0800,018745,NA,1,1,6,1972,0,1,1,NA,2,400,I-405 S/B (SAN DIEGO FREEWAY),PRAIRIE AVE.,100,S,N,B,-,Y,NA,NA,405,NA,NA,NA,NA,NA,S,Y,4,0,1,1,A,-,08,22107,NA,N,E,I,A,A,H,-,A,D,0,NA,NA,NA,NA,Y,NA,A,01,0,0,1,0,0,0,0,0,0,-,-,33.87503,-118.34401,LOS ANGELES,TORRANCE,-118.34391062,33.87510394
90542598,2017,2017-09-07,9580,2017-08-25,1405,021079,NA,5,2,7,1942,0,1,3,NA,2,116,SR-118 E/B (RONALD REAGAN FWY.),TAMPA AVE,1500,E,N,A,-,Y,NA,NA,118,NA,NA,NA,NA,NA,E,Y,3,0,2,2,A,-,03,22350,NA,N,C,C,A,A,H,-,A,D,0,NA,NA,NA,NA,Y,NA,A,01,0,1,1,0,0,0,0,0,0,-,-,34.27297,-118.55051,LOS ANGELES,LOS ANGELES,-118.55051591,34.27299031
90542607,2017,2017-09-07,9590,2017-08-28,0840,016230,NA,1,1,7,1942,0,1,1,NA,2,063,I-10 W/B SMF (COLLECTOR ROAD),VERMONT AVENUE,100,E,N,A,-,Y,NA,NA,10,NA,NA,NA,NA,NA,W,Y,4,0,1,4,A,-,03,22350,NA,N,C,C,A,A,H,-,A,D,0,NA,NA,NA,NA,Y,NA,A,07,0,0,1,0,0,0,0,0,0,-,-,34.0372,-118.29058,LOS ANGELES,LOS ANGELES,-118.29058179,34.03705199
90542643,2017,2017-09-07,9530,2017-09-04,0745,015995,NA,1,1,9,1900,0,3,5,NA,2,001,WALNUT ST. (2800 BLOCK),MOUNTAIN VIEW AVE.,102,W,N,A,-,N,NA,NA,NA,NA,NA,NA,NA,NA,NA,N,4,0,1,2,A,-,09,21804,A,N,D,C,A,A,H,-,A,D,0,NA,NA,NA,NA,Y,NA,A,01,0,0,1,0,0,0,0,0,0,-,-,33.97261,-118.21797,LOS ANGELES,UNINCORPORATED,-118.21798315,33.97256471
90542645,2017,2017-09-07,9540,2017-09-05,0850,018208,NA,2,1,9,1900,0,1,3,NA,1,143,SR-14 S/B (ANTELOPE VALLEY FREEWAY),NEWHALL AVE,4752,S,N,A,-,Y,NA,NA,NA,NA,NA,NA,NA,NA,NA,Y,4,0,2,4,A,-,03,22350,NA,N,C,C,A,A,H,-,A,D,0,NA,NA,NA,NA,Y,NA,A,01,0,0,2,0,0,0,0,0,0,-,-,34.35213,-118.50494,LOS ANGELES,UNINCORPORATED,-118.50519632,34.35275987
90542656,2017,2017-09-07,9540,2017-09-05,1820,018582,NA,2,2,9,1900,0,2,4,NA,1,201,SIERRA HIGHWAY NB,DAVENPORT ROAD,3168,N,N,A,-,N,NA,NA,NA,NA,NA,NA,NA,NA,NA,Y,4,0,1,1,A,-,08,22107,NA,N,F,I,A,A,H,-,A,D,0,NA,NA,NA,NA,Y,NA,D,22,0,0,1,0,0,0,0,0,0,-,-,34.48901,-118.387,LOS ANGELES,UNINCORPORATED,-118.38699409,34.49024558
90542658,2017,2017-09-07,9580,2017-09-03,2145,019876,NA,7,2,7,1942,0,1,2,NA,2,104,US-101 N/B (VENTURA FREEWAY),WINNETKA AVE,25,S,N,B,-,Y,NA,NA,101,NA,NA,NA,NA,NA,N,N,4,0,2,2,A,-,03,22350,NA,F,C,C,A,A,H,-,C,A,0,NA,NA,NA,NA,Y,NA,-,99,0,0,2,0,0,0,0,0,0,-,-,34.17273,-118.57078,LOS ANGELES,LOS ANGELES,-118.57068353,34.17240078
90542660,2017,2017-09-07,9580,2017-08-26,1515,021492,NA,6,2,7,1942,0,1,2,NA,2,101,US-101 S/B (VENTURA FREEWAY),COLDWATER CANYON AVE,1000,S,N,A,-,Y,NA,NA,101,NA,NA,NA,NA,NA,S,Y,3,0,1,2,A,-,06,21755,A,N,C,C,A,A,H,-,A,D,0,NA,NA,Y,NA,Y,NA,C,02,0,1,0,0,0,0,0,0,1,-,-,34.15663,-118.41174,LOS ANGELES,LOS ANGELES,-118.41173999,34.15663174
90542666,2017,2017-09-07,9530,2017-08-28,1820,021623,NA,1,2,9,1900,0,3,5,NA,2,003,LIME AVE.,LINSLEY ST.,0,NA,Y,A,-,N,NA,NA,NA,NA,NA,NA,NA,NA,NA,N,2,0,1,2,A,-,09,21802,A,N,D,C,A,A,H,-,A,A,0,NA,NA,Y,NA,Y,NA,A,01,1,0,0,0,0,0,0,0,1,-,-,33.8906,-118.1919,LOS ANGELES,UNINCORPORATED,-118.19192,33.89062005
90542676,2017,2017-09-07,9580,2017-08-27,1648,021607,NA,7,2,7,1942,0,1,2,NA,2,105,US-101 S/B (VENTURA FREEWAY),VENTURA BLVD,1056,N,N,A,-,Y,NA,NA,101,NA,NA,NA,NA,NA,S,Y,3,0,1,2,A,-,03,22350,NA,N,C,C,A,A,H,-,A,C,0,NA,NA,NA,NA,Y,NA,A,07,0,1,0,0,0,0,0,0,0,-,-,34.1673,-118.61502,LOS ANGELES,LOS ANGELES,-118.61500373,34.16727171
90542677,2017,2017-09-21,9525,2017-08-30,1703,019495,NA,3,2,5,1906,0,1,1,NA,2,104,I-10 E/B (SAN BERNARDINO FWY),PUENTE AVE,1584,E,N,A,-,Y,NA,NA,10,NA,NA,NA,NA,NA,E,N,4,0,1,2,A,-,03,22350,NA,N,C,C,A,A,D,E,A,D,0,NA,NA,NA,NA,Y,NA,D,22,0,0,1,0,0,0,0,0,0,-,-,34.0708,-117.9567,LOS ANGELES,BALDWIN PARK,-117.95668365,34.07064105
90542690,2017,2017-09-07,9580,2017-08-27,1220,019511,NA,7,1,9,1900,0,2,4,NA,1,131,MULHOLLAND HWY,ENCINAL CANYON RD,2640,W,N,A,-,N,NA,NA,NA,NA,NA,NA,NA,NA,NA,Y,2,0,2,2,A,-,03,22350,NA,N,B,C,A,A,H,-,A,D,0,NA,NA,Y,NA,Y,NA,C,02,2,0,0,0,0,0,0,0,2,-,-,34.09312,-118.83139,LOS ANGELES,UNINCORPORATED,-118.83288725,34.09714089
90542692,2017,2017-09-07,9590,2017-08-17,1545,019146,NA,4,2,7,1942,0,1,1,NA,2,052,I-110 N/B (HARBOR FREEWAY),JEFFERSON BLVD.,100,N,N,A,-,Y,NA,NA,110,NA,NA,NA,NA,NA,N,Y,4,0,1,3,A,-,07,21658,A,N,B,C,A,A,H,-,A,D,0,NA,NA,Y,NA,Y,NA,A,01,0,0,1,0,0,0,0,0,1,-,-,34.02139,-118.27762,LOS ANGELES,LOS ANGELES,-118.27774249,34.02146794
90542698,2017,2017-09-07,9580,2017-08-28,1920,021492,NA,1,2,7,1942,0,1,1,NA,2,406,I-405 N/B (SAN DIEGO FWY),ROSCOE BLVD,2376,S,N,A,-,Y,NA,NA,405,NA,NA,NA,NA,NA,N,N,4,0,1,2,A,-,03,22350,NA,N,C,C,A,A,H,-,C,D,0,NA,NA,NA,NA,Y,NA,A,01,0,0,1,0,0,0,0,0,0,-,-,34.21748,-118.47316,LOS ANGELES,LOS ANGELES,-118.47312636,34.21747967
90542700,2017,2017-09-07,9580,2017-08-29,1508,021257,NA,2,2,7,1942,0,1,2,NA,2,105,US-101 S/B (VENTURA FREEWAY),DE SOTO AVE.,50,S,N,A,-,Y,NA,NA,101,NA,NA,NA,NA,NA,S,Y,4,0,2,3,A,-,03,22350,NA,N,C,C,A,A,H,-,A,D,0,NA,NA,NA,Y,Y,NA,F,26,0,0,2,0,0,0,0,0,0,-,-,34.16792,-118.58798,LOS ANGELES,LOS ANGELES,-118.58797923,34.16792692
90542703,2017,2017-09-07,9525,2017-08-30,0300,018505,NA,3,3,5,1926,0,1,1,NA,2,206,I-210 E/B (FOOTHILL FWY),GRAND AVE,1000,E,N,A,-,Y,NA,NA,210,NA,NA,NA,NA,NA,E,N,4,0,1,2,A,-,07,21658,A,N,B,C,A,A,H,-,D,D,0,NA,NA,NA,NA,Y,NA,-,-,0,0,1,0,0,0,0,0,0,-,-,34.11953,-117.86786,LOS ANGELES,GLENDORA,-117.86781781,34.11962247
90542712,2017,2017-09-07,9580,2017-08-29,1055,016523,NA,2,1,7,1942,0,1,1,NA,2,405,I-405 S/B (SAN DIEGO FWY),SEPULVEDA BLVD,50,N,N,A,-,Y,NA,NA,405,NA,NA,NA,NA,NA,S,Y,3,0,1,2,A,-,08,22107,NA,N,C,C,A,A,H,-,A,D,0,NA,NA,Y,NA,Y,NA,C,02,0,1,0,0,0,0,0,0,1,-,-,34.1486,-118.46946,LOS ANGELES,LOS ANGELES,-118.46944937,34.14859444
90542714,2017,2017-09-07,9575,2017-08-28,0722,018762,NA,1,1,7,1942,0,1,3,NA,2,044,SR-134 W/B (VENTURA FREEWAY),PASS AVENUE,1584,W,N,A,-,Y,NA,NA,134,NA,NA,NA,NA,NA,W,Y,4,0,2,4,A,-,03,22350,NA,N,C,C,A,A,H,-,A,D,0,NA,NA,NA,NA,Y,NA,A,08,0,0,2,0,0,0,0,0,0,-,-,34.15328,-118.35248,LOS ANGELES,LOS ANGELES,-118.35247382,34.15322502
90542736,2017,2017-09-07,9590,2017-08-30,0645,015982,NA,3,1,7,1942,0,1,1,NA,2,011,SR-110 S/B (ARROYO SECO PARKWAY),PARK ROW DR,700,N,N,A,-,Y,NA,NA,110,NA,NA,NA,NA,NA,S,N,4,0,1,2,A,-,03,22350,NA,N,C,C,A,A,H,-,A,D,0,NA,NA,NA,NA,Y,NA,A,07,0,0,1,0,0,0,0,0,0,-,-,34.07774,-118.2295,LOS ANGELES,LOS ANGELES,-118.22953165,34.07777859
90542757,2017,2017-09-07,9590,2017-08-20,1405,021040,NA,7,2,7,1942,0,1,1,NA,2,085,I-5 S/B (GOLDEN STATE FREEWAY),LOS FELIZ BLVD.,900,N,N,A,-,Y,NA,NA,5,NA,NA,NA,NA,NA,S,Y,4,0,2,3,A,-,03,22350,NA,N,C,C,A,A,H,-,A,D,0,NA,NA,NA,NA,Y,NA,A,07,0,0,2,0,0,0,0,0,0,-,-,34.12744,-118.27373,LOS ANGELES,LOS ANGELES,-118.27367068,34.12745696
90542761,2017,2017-09-07,9530,2017-08-30,1900,021004,NA,3,2,9,1900,0,3,5,NA,2,001,ELM ST. (8900 BLOCK),88TH ST.,917,S,N,A,-,N,NA,NA,NA,NA,NA,NA,NA,NA,NA,Y,3,0,2,2,A,-,09,21804,A,N,A,G,A,A,H,-,A,D,0,NA,Y,Y,NA,Y,NA,L,04,0,2,0,0,0,0,1,0,1,-,-,33.95571,-118.23868,LOS ANGELES,UNINCORPORATED,-118.23854703,33.9544152
90542765,2017,2017-09-07,9590,2017-08-12,0940,021654,NA,6,1,7,1942,0,1,2,NA,2,071,US-101 S/B (HOLLYWOOD FREEWAY),SILVERLAKE BOULEVARD,400,S,N,A,-,Y,NA,NA,101,NA,NA,NA,NA,NA,S,N,4,0,1,2,A,-,03,22350,NA,N,C,C,A,A,H,-,A,D,0,NA,NA,NA,NA,Y,NA,A,01,0,0,1,0,0,0,0,0,0,-,-,34.07722,-118.28212,LOS ANGELES,LOS ANGELES,-118.28212158,34.07721308
90542773,2017,2017-09-07,9550,2017-09-04,1420,015746,NA,1,2,9,1900,0,2,4,NA,1,041,AZUSA AVENUE,PEPPER BROOK WAY,175,N,N,A,-,N,NA,NA,NA,NA,NA,NA,NA,NA,NA,N,4,0,1,2,A,-,03,22350,NA,N,C,C,A,A,H,-,A,D,0,NA,NA,NA,NA,Y,NA,D,22,0,0,1,0,0,0,0,0,0,-,-,33.99431,-117.93136,LOS ANGELES,UNINCORPORATED,-117.93158845,33.99394702
90542775,2017,2017-09-07,9590,2017-09-07,0030,020409,NA,4,3,7,1942,0,1,1,NA,2,063,I-10 W/B (SANTA MONICA FREEWAY),UNION AVE,50,E,N,A,-,Y,NA,NA,10,NA,NA,NA,NA,NA,W,Y,4,0,1,1,A,-,08,22107,NA,N,E,I,A,A,H,-,C,D,0,NA,NA,NA,NA,Y,Y,A,01,0,0,1,0,0,0,0,0,0,-,-,34.03781,-118.28176,LOS ANGELES,LOS ANGELES,-118.28173446,34.0376882
90542783,2017,2017-09-07,9590,2017-07-13,1000,013179,NA,4,1,7,1942,0,1,1,NA,2,060,I-10 E/B (SANTA MONICA FREEWAY),LA BREA AVENUE U/C,100,W,N,A,-,Y,NA,NA,10,NA,NA,NA,NA,NA,E,N,4,0,1,2,A,-,03,22350,NA,N,C,C,A,A,H,-,A,D,0,NA,NA,NA,NA,Y,NA,A,07,0,0,1,0,0,0,0,0,0,-,-,34.0341,-118.34992,LOS ANGELES,LOS ANGELES,-118.34992584,34.03421986
90542784,2017,2017-09-07,9590,2017-07-29,1450,021789,NA,6,2,7,1942,0,1,1,NA,2,082,I-5 N/B (GOLDEN STATE FREEWAY),N. BROADWAY,1200,S,N,A,-,Y,NA,NA,5,NA,NA,NA,NA,NA,N,Y,3,0,3,3,A,-,03,22350,NA,N,C,C,A,A,H,-,A,D,0,NA,NA,NA,NA,Y,NA,A,07,0,2,1,0,0,0,0,0,0,-,-,34.07001,-118.21769,LOS ANGELES,LOS ANGELES,-118.21758456,34.07007715
90542785,2017,2017-09-07,9590,2017-08-11,0815,021040,NA,5,1,7,1942,0,1,1,NA,2,085,I-5 S/B (GSF) TO LOS FELIZ BLVD.,LOS FELIZ BLVD.,800,N,N,A,-,Y,NA,NA,5,NA,NA,NA,R,NA,S,N,4,0,1,2,A,-,03,22350,NA,N,C,C,A,A,H,-,A,D,0,NA,NA,NA,NA,Y,NA,D,22,0,0,1,0,0,0,0,0,0,-,-,34.12406,-118.27322,LOS ANGELES,LOS ANGELES,-118.27322,34.12406
90542806,2017,2017-09-11,9530,2017-09-06,1410,018745,NA,3,2,6,1972,0,1,1,NA,2,400,I-405 S/B (SAN DIEGO FREEWAY),YUKON AVE.,528,S,N,A,-,Y,NA,NA,405,NA,NA,NA,NA,NA,S,N,4,0,2,2,A,-,03,22350,NA,N,C,C,A,A,H,-,A,D,0,NA,NA,NA,NA,Y,NA,D,22,0,0,2,0,0,0,0,0,0,-,-,33.86635,-118.33262,LOS ANGELES,TORRANCE,-118.3326274,33.86632461
90542812,2017,2017-09-07,9575,2017-08-25,1828,017491,NA,5,2,9,1900,0,2,4,NA,2,083,CALIFORNIA BOULEVARD,ROSEMEAD BLVD.,207,E,N,A,-,N,NA,NA,NA,NA,NA,NA,NA,NA,NA,Y,4,0,2,2,A,-,09,21804,A,N,D,C,A,A,H,-,A,D,0,NA,NA,NA,NA,Y,NA,A,07,0,0,2,0,0,0,0,0,0,-,-,34.1347,-118.07247,LOS ANGELES,UNINCORPORATED,-118.07266761,34.13468908
90542814,2017,2017-09-07,9565,2017-08-27,2155,021640,NA,7,2,6,1933,0,1,1,NA,2,060,I-405 S/B (SAN DIEGO FWY),FLORENCE AVE.,300,S,N,A,-,Y,NA,NA,405,NA,NA,NA,NA,NA,S,N,4,0,1,3,A,-,03,22350,NA,F,C,C,A,A,H,-,D,D,0,NA,NA,NA,NA,Y,NA,A,07,0,0,1,0,0,0,0,0,0,-,-,33.96255,-118.36977,LOS ANGELES,INGLEWOOD,-118.36975897,33.96255308
90542823,2017,2017-09-07,9550,2017-09-04,1600,016020,NA,1,2,6,1920,0,1,1,NA,2,651,I-605 N/B ( SAN GABRIEL FWY),FLORENCE AVENUE,250,S,N,B,-,Y,NA,NA,605,NA,NA,NA,NA,NA,N,Y,4,0,1,2,A,-,03,22350,NA,N,C,C,A,A,H,-,A,D,0,NA,NA,NA,NA,Y,NA,A,01,0,0,1,0,0,0,0,0,0,-,-,33.9352,-118.09872,LOS ANGELES,DOWNEY,-118.09944347,33.93558711
90542835,2017,2017-09-07,9580,2017-09-06,1130,016413,NA,3,1,7,1942,0,1,2,NA,2,103,US-101 S/B (VENTURA FREEWAY),WHITE OAK AVE,100,S,N,A,-,Y,NA,NA,101,NA,NA,NA,NA,NA,S,Y,4,0,1,2,A,-,03,22350,NA,N,C,C,A,A,H,-,A,D,0,NA,NA,NA,NA,Y,NA,A,01,0,0,1,0,0,0,0,0,0,-,-,34.171,-118.51323,LOS ANGELES,LOS ANGELES,-118.51322998,34.17109082
90542841,2017,2017-09-07,9550,2017-09-04,1450,019939,NA,1,2,5,1919,0,1,3,NA,2,092,STATE ROUTE 91 (ARTESIA FREEWAY) W/B,PIONEER BLVD,1200,E,N,A,-,Y,NA,NA,91,NA,NA,NA,NA,NA,W,N,4,0,1,2,A,-,03,22350,NA,N,C,C,A,A,H,-,A,D,0,NA,NA,NA,NA,Y,NA,D,22,0,0,1,0,0,0,0,0,0,-,-,33.87591,-118.07763,LOS ANGELES,CERRITOS,-118.07763208,33.87647489
90542847,2017,2017-09-07,9525,2017-08-29,2045,018402,NA,2,2,6,1955,0,1,3,NA,2,572,SR-57 N/B (ORANGE FWY),SUNSET CROSSING,528,N,N,A,-,Y,NA,NA,57,NA,NA,NA,NA,NA,N,N,4,0,2,2,A,-,03,22350,NA,N,C,D,A,A,H,-,A,D,0,NA,NA,NA,NA,Y,NA,A,01,0,0,2,0,0,0,0,0,0,-,-,34.0305,-117.8103,LOS ANGELES,POMONA,-117.81033093,34.03051856
90542858,2017,2017-09-07,9590,2017-08-23,0900,017878,NA,3,1,7,1942,0,1,1,NA,2,021,I-10 W/B (SAN BERNARDINO FREEWAY),STATE STREET,300,W,N,A,-,Y,NA,NA,10,NA,NA,NA,NA,NA,W,Y,3,0,1,1,A,-,08,22107,NA,N,E,I,A,A,H,-,A,D,0,NA,NA,NA,NA,Y,NA,A,01,0,1,0,0,0,0,0,0,0,-,-,34.05512,-118.21332,LOS ANGELES,LOS ANGELES,-118.21330001,34.05533263
90542859,2017,2017-09-07,9525,2017-08-29,1900,021684,NA,2,2,6,1955,0,1,3,NA,2,071,SR-71 S/B TO VALLEY BLVD.,VALLEY BLVD,130,N,N,A,-,Y,NA,NA,71,NA,NA,NA,R,NA,S,Y,3,0,1,1,A,-,08,22107,NA,N,F,A,A,A,H,-,A,D,0,NA,NA,NA,NA,Y,NA,D,22,0,1,0,0,0,0,0,0,0,-,-,34.06293,-117.79268,LOS ANGELES,POMONA,-117.79268,34.06293
90542888,2017,2017-09-07,9575,2017-08-29,1055,017354,NA,2,1,9,1900,0,2,4,NA,2,083,CALIFORNIA BLVD. (3400 BLOCK),MADRE ST.,0,NA,Y,A,-,Y,NA,NA,NA,NA,NA,NA,NA,NA,NA,Y,4,0,1,2,A,-,12,21453,A,N,D,C,A,A,H,-,A,A,0,NA,NA,NA,NA,Y,NA,A,01,0,0,1,0,0,0,0,0,0,-,-,34.1358,-118.0808,LOS ANGELES,UNINCORPORATED,-118.08074013,34.13586002
90542917,2017,2017-09-07,9540,2017-09-05,2045,019853,NA,2,2,9,1900,0,1,3,NA,1,139,SR-138 E/B (LANCASTER RD.),GORMAN POST RD,0,NA,Y,A,-,Y,NA,NA,138,NA,NA,NA,NA,NA,E,Y,4,0,1,2,A,-,03,22350,NA,N,B,C,A,A,H,-,D,D,0,NA,NA,NA,Y,Y,NA,D,22,0,0,1,0,0,0,0,0,0,-,-,34.7743,-118.77392,LOS ANGELES,UNINCORPORATED,-118.77391864,34.77429159
90542943,2017,2017-09-07,9590,2017-07-29,1145,021654,NA,6,1,7,1942,0,1,1,NA,2,063,I-10 W/B (SANTA MONICA FREEWAY),LA BREA AVENUE,400,E,N,A,-,Y,NA,NA,10,NA,NA,NA,NA,NA,W,Y,3,0,1,2,A,-,07,21658,A,N,B,C,A,A,H,-,A,D,0,NA,NA,Y,NA,Y,NA,C,02,0,1,0,0,0,0,0,0,1,-,-,34.03465,-118.34628,LOS ANGELES,LOS ANGELES,-118.34627601,34.0345655
90542989,2017,2017-09-07,9530,2017-08-10,1530,020923,NA,4,2,9,1900,0,3,5,NA,2,006,220TH ST. (800 BLOCK),VERMONT AVE.,60,E,N,A,-,N,NA,NA,NA,NA,NA,NA,NA,NA,NA,Y,3,0,1,2,A,-,01,23152,A,M,D,C,A,A,H,-,A,D,0,NA,NA,NA,NA,Y,Y,A,07,0,1,0,0,0,0,0,0,0,-,-,33.8281,-118.29,LOS ANGELES,UNINCORPORATED,-118.29014344,33.8280687
90542999,2017,2017-09-07,9550,2017-09-04,1425,020594,NA,1,2,9,1900,0,3,5,NA,2,002,VALLEY VIEW AVENUE,TEDFORD DR.,20,S,N,A,-,Y,NA,NA,NA,NA,NA,NA,NA,NA,NA,Y,4,0,1,3,A,-,03,22350,NA,N,C,C,A,A,H,-,A,D,0,NA,NA,NA,NA,Y,NA,A,01,0,0,1,0,0,0,0,0,0,-,-,33.9185,-118.02924,LOS ANGELES,UNINCORPORATED,-118.02934139,33.91864518
90543017,2017,2017-09-07,9525,2017-08-26,0940,020216,NA,6,1,5,1990,0,1,3,NA,2,583,SR-57 S/B (ORANGE FWY),BREA CANYON RD.,3696,S,N,A,-,Y,NA,NA,NA,NA,NA,NA,NA,NA,NA,Y,2,0,1,2,A,-,07,21658,A,F,F,A,A,A,H,-,A,D,0,NA,NA,Y,NA,Y,NA,A,07,1,0,0,0,0,0,0,0,1,-,-,33.95028,-117.86525,LOS ANGELES,DIAMOND BAR,-117.86630355,33.94866
90543032,2017,2017-09-07,9590,2017-07-06,1550,021084,NA,4,2,7,1942,0,1,1,NA,2,053,I-110 SB (HARBOR FREEWAY),ADAMS BOULEVARD,50,N,N,A,-,Y,NA,NA,110,NA,NA,NA,NA,NA,S,N,4,0,1,2,A,-,03,22350,NA,N,C,C,A,A,H,-,A,D,0,NA,NA,NA,NA,Y,NA,A,01,0,0,1,0,0,0,0,0,0,-,-,34.0279,-118.27446,LOS ANGELES,LOS ANGELES,-118.27458642,34.02792755