CASE_ID,ACCIDENT_YEAR,PROC_DATE,JURIS,COLLISION_DATE,COLLISION_TIME,OFFICER_ID,REPORTING_DISTRICT,DAY_OF_WEEK,CHP_SHIFT,POPULATION,CNTY_CITY_LOC,SPECIAL_COND,BEAT_TYPE,CHP_BEAT_TYPE,CITY_DIVISION_LAPD,CHP_BEAT_CLASS,BEAT_NUMBER,PRIMARY_RD,SECONDARY_RD,DISTANCE,DIRECTION,INTERSECTION,WEATHER_1,WEATHER_2,STATE_HWY_IND,CALTRANS_COUNTY,CALTRANS_DISTRICT,STATE_ROUTE,ROUTE_SUFFIX,POSTMILE_PREFIX,POSTMILE,LOCATION_TYPE,RAMP_INTERSECTION,SIDE_OF_HWY,TOW_AWAY,COLLISION_SEVERITY,NUMBER_KILLED,NUMBER_INJURED,PARTY_COUNT,PRIMARY_COLL_FACTOR,PCF_CODE_OF_VIOL,PCF_VIOL_CATEGORY,PCF_VIOLATION,PCF_VIOL_SUBSECTION,HIT_AND_RUN,TYPE_OF_COLLISION,MVIW,PED_ACTION,ROAD_SURFACE,ROAD_COND_1,ROAD_COND_2,LIGHTING,CONTROL_DEVICE,CHP_ROAD_TYPE,PEDESTRIAN_ACCIDENT,BICYCLE_ACCIDENT,MOTORCYCLE_ACCIDENT,TRUCK_ACCIDENT,NOT_PRIVATE_PROPERTY,ALCOHOL_INVOLVED,STWD_VEHTYPE_AT_FAULT,CHP_VEHTYPE_AT_FAULT,COUNT_SEVERE_INJ,COUNT_VISIBLE_INJ,COUNT_COMPLAINT_PAIN,COUNT_PED_KILLED,COUNT_PED_INJURED,COUNT_BICYCLIST_KILLED,COUNT_BICYCLIST_INJURED,COUNT_MC_KILLED,COUNT_MC_INJURED,PRIMARY_RAMP,SECONDARY_RAMP,LATITUDE,LONGITUDE,COUNTY,CITY,POINT_X,POINT_Y
90544123,2017,2017-09-11,9535,2017-09-02,1505,020813,NA,6,2,5,1901,0,1,1,NA,2,400,I-10 (SAN BERNARDINO FREEWAY) E/B,NEW AVE,400,E,N,A,-,Y,NA,NA,10,NA,NA,NA,NA,NA,E,N,4,0,1,3,A,-,03,22350,NA,N,C,C,A,A,H,-,A,D,0,NA,NA,NA,NA,Y,NA,A,01,0,0,1,0,0,0,0,0,0,-,-,34.07166,-118.10671,LOS ANGELES,ALHAMBRA,-118.10670945,34.07167768
90544137,2017,2017-09-11,9530,2017-09-04,1150,020307,NA,1,1,9,1900,0,3,5,NA,2,002,AVALON BLVD.,COMPTON BLVD.,0,NA,Y,A,-,N,NA,NA,NA,NA,NA,NA,NA,NA,NA,Y,4,0,3,2,A,-,12,21453,A,N,D,C,A,A,H,-,A,A,0,NA,NA,NA,NA,Y,NA,-,-,0,0,3,0,0,0,0,0,0,-,-,33.8952,-118.2652,LOS ANGELES,UNINCORPORATED,-118.26538011,33.89520003
90544138,2017,2017-09-11,9530,2017-09-04,0001,021108,NA,1,3,7,1941,0,1,1,NA,2,072,I-710 S/B TO I-405 N/B,CARSON ST.,444,S,N,B,-,Y,NA,NA,710,NA,NA,NA,R,NA,S,N,3,0,1,2,A,-,11,21954,A,N,B,B,E,B,H,-,C,D,0,Y,NA,NA,NA,Y,NA,N,60,0,1,0,0,1,0,0,0,0,-,-,33.83052,-118.2089,LOS ANGELES,LONG BEACH,-118.2089,33.83052
9054414,2020,2020-05-27,1942,2020-02-01,1300,39746,1669,6,5,7,1942,0,0,0,P,0,16A59,LA TUNA CANYON RD,TUJUNGA CANYON BL,2000,S,N,A,-,N,NA,NA,NA,NA,NA,NA,NA,NA,NA,N,4,0,3,2,A,-,09,21802,A,N,D,C,A,A,H,-,A,A,0,NA,NA,NA,NA,Y,NA,A,01,0,0,3,0,0,0,0,0,0,-,-,NA,NA,LOS ANGELES,LOS ANGELES,-118.27678680419922,34.2340202331543
90544143,2017,2017-12-05,9590,2017-09-02,0153,021264,NA,6,3,7,1942,0,1,1,NA,2,012,SR-110 N/B (ARROYO SECO PARKWAY),VIA MARISOL,275,S,N,A,-,Y,NA,NA,110,NA,NA,NA,NA,NA,N,Y,3,0,1,2,A,-,01,23152,A,N,E,I,A,A,H,-,C,D,0,NA,NA,NA,NA,Y,Y,A,01,0,1,0,0,0,0,0,0,0,-,-,34.10339,-118.19176,LOS ANGELES,LOS ANGELES,-118.19179099,34.10343401
9054415,2020,2020-05-28,1942,2020-02-02,1120,40131,NA,7,5,7,1942,0,0,0,NA,0,2173,VALLEY CIRCLE BL,AVE SAN LUIS,0,NA,Y,A,-,N,NA,NA,NA,NA,NA,NA,NA,NA,NA,Y,4,0,1,2,A,-,12,21453,NA,N,D,C,A,A,H,-,A,A,0,NA,NA,NA,NA,Y,NA,A,01,0,0,1,0,0,0,0,0,0,-,-,NA,NA,LOS ANGELES,LOS ANGELES,-118.6364288330078,34.15869903564453
90544156,2017,2017-12-19,9590,2017-07-29,2240,021535,NA,6,3,7,1942,0,1,1,NA,2,012,SR-110 N/B (ASP),AVE 43,200,S,N,A,-,Y,NA,NA,110,NA,NA,NA,NA,NA,N,Y,2,0,2,2,A,-,07,21658,A,N,B,C,A,A,H,-,C,D,0,NA,NA,NA,NA,Y,NA,A,01,1,0,1,0,0,0,0,0,0,-,-,34.09211,-118.20631,LOS ANGELES,LOS ANGELES,-118.20633471,34.09211767
9054416,2020,2020-05-27,1941,2020-02-13,2208,11416,NA,4,5,7,1941,0,0,0,NA,0,NA,LIBERTY CT,3RD ST,3,S,N,A,-,N,NA,NA,NA,NA,NA,NA,NA,NA,NA,N,4,0,1,2,D,-,00,NA,NA,N,D,G,A,A,H,-,C,D,0,NA,Y,NA,NA,Y,NA,-,-,0,0,1,0,0,0,1,0,0,-,-,NA,NA,LOS ANGELES,LONG BEACH,-118.18570709228516,33.77050018310547
90544161,2017,2017-09-11,9530,2017-09-02,0240,020726,NA,6,3,9,1900,0,3,5,NA,2,001,SANTA FE AVE. (8500 BLOCK),POPLAR PL.,125,S,N,A,-,N,NA,NA,NA,NA,NA,NA,NA,NA,NA,Y,3,0,1,3,A,-,01,23152,A,N,A,C,A,A,H,-,C,D,0,NA,NA,NA,NA,Y,Y,A,07,0,1,0,0,0,0,0,0,0,-,-,33.96115,-118.22818,LOS ANGELES,UNINCORPORATED,-118.22777817,33.96093688
90544164,2017,2017-09-11,9530,2017-09-05,1510,020307,NA,2,2,5,1977,0,1,3,NA,2,310,SR-91 W/B (ARTESIA FREEWAY),AVALON BLVD.,1500,W,N,A,-,Y,NA,NA,91,NA,NA,NA,NA,NA,W,Y,4,0,1,4,A,-,03,22350,NA,N,C,C,A,A,H,-,A,D,0,NA,NA,NA,NA,Y,NA,A,01,0,0,1,0,0,0,0,0,0,-,-,33.8728,-118.2691,LOS ANGELES,CARSON,-118.26911758,33.8728951
90544167,2017,2017-09-11,9530,2017-09-01,0659,020096,NA,5,1,9,1900,0,3,5,NA,2,002,MAIN STREET,COMPTON BOULEVARD,0,NA,Y,A,-,N,NA,NA,NA,NA,NA,NA,NA,NA,NA,Y,4,0,1,3,A,-,12,21453,A,N,D,C,A,A,H,-,A,A,0,NA,NA,NA,NA,Y,NA,A,01,0,0,1,0,0,0,0,0,0,-,-,33.89488,-118.27633,LOS ANGELES,UNINCORPORATED,-118.27631006,33.89488005
90544168,2017,2017-09-11,9530,2017-09-05,1425,021610,NA,2,2,9,1900,0,1,1,NA,2,120,I-110 S/B (HARBOR FREEWAY),I-405,560,N,N,A,-,Y,NA,NA,110,NA,NA,NA,NA,NA,S,N,4,0,1,2,A,-,03,22350,NA,N,C,C,A,A,H,-,A,D,0,NA,NA,NA,Y,Y,NA,G,27,0,0,1,0,0,0,0,0,0,-,-,33.85904,-118.28478,LOS ANGELES,UNINCORPORATED,-118.28483646,33.85903065
90544169,2017,2017-09-11,9550,2017-09-09,1410,021100,NA,6,2,6,1949,0,1,1,NA,2,150,INTERSTATE 105 E/B,I-605,2150,W,N,A,-,Y,NA,NA,105,NA,NA,NA,NA,NA,E,Y,3,0,2,1,A,-,01,23152,A,N,E,I,A,A,H,-,A,D,0,NA,NA,NA,NA,Y,Y,A,01,0,2,0,0,0,0,0,0,0,-,-,33.91371,-118.11214,LOS ANGELES,NORWALK,-118.11214069,33.91377442
90544171,2017,2017-09-11,9530,2017-09-06,0800,021582,NA,3,1,9,1900,0,3,5,NA,2,001,COMPTON AVE.,76TH PL.,0,NA,Y,A,-,N,NA,NA,NA,NA,NA,NA,NA,NA,NA,Y,4,0,1,3,A,-,09,21801,A,N,D,C,A,A,H,-,A,A,0,NA,NA,NA,NA,Y,NA,A,01,0,0,1,0,0,0,0,0,0,-,-,33.9708,-118.24766,LOS ANGELES,UNINCORPORATED,-118.24770008,33.97077009
90544177,2017,2017-09-11,9590,2017-09-02,0515,021502,NA,6,3,7,1942,0,1,1,NA,2,061,I-10 W/B (SANTA MONICA FREEWAY),6TH AVENUE,600,E,N,A,-,Y,NA,NA,10,NA,NA,NA,NA,NA,W,Y,3,0,1,2,A,-,03,22350,NA,F,C,C,A,A,H,-,C,D,0,NA,NA,NA,NA,Y,NA,-,99,0,1,0,0,0,0,0,0,0,-,-,34.0362,-118.32159,LOS ANGELES,LOS ANGELES,-118.32159648,34.03624518
90544179,2017,2017-09-11,9590,2017-09-09,1620,021502,NA,6,2,7,1942,0,1,1,NA,2,081,I-5 S/B (GOLDEN STATE FREEWAY),WHITTIER BOULEVARD,120,N,N,A,-,Y,NA,NA,5,NA,NA,NA,NA,NA,S,N,4,0,1,2,A,-,03,22350,NA,N,C,C,A,A,H,-,A,D,0,NA,NA,NA,NA,Y,NA,A,01,0,0,1,0,0,0,0,0,0,-,-,34.03686,-118.22038,LOS ANGELES,LOS ANGELES,-118.22046068,34.03689294
9054418,2020,2020-05-27,1942,2020-02-14,1855,36733,1636,5,5,7,1942,0,0,0,P,0,16A35,SUNLAND BL,FENWICK ST,200,E,N,A,-,N,NA,NA,NA,NA,NA,NA,NA,NA,NA,Y,4,0,2,2,A,-,09,21801,A,N,D,C,A,A,H,-,B,D,0,NA,NA,NA,NA,Y,NA,A,01,0,0,2,0,0,0,0,0,0,-,-,NA,NA,LOS ANGELES,LOS ANGELES,-118.32749938964844,34.259761810302734
90544188,2017,2017-09-11,9535,2017-08-29,1620,021773,NA,2,2,9,1900,0,3,5,NA,2,002,UNION PACIFIC AVE,DOWNEY RD,0,NA,Y,A,-,N,NA,NA,NA,NA,NA,NA,NA,NA,NA,N,4,0,1,2,A,-,09,21801,A,N,H,G,A,A,H,-,A,A,0,NA,Y,NA,NA,Y,NA,A,08,0,0,1,0,0,0,1,0,0,-,-,34.01654,-118.18002,LOS ANGELES,UNINCORPORATED,-118.18007012,34.01657008
90544194,2017,2017-09-11,9590,2017-08-25,1645,021502,NA,5,2,7,1942,0,1,2,NA,2,072,US-101 N/B (HOLLYWOOD FREEWAY),SANTA MONICA BLVD,350,S,N,A,-,Y,NA,NA,101,NA,NA,NA,NA,NA,N,Y,4,0,1,2,A,-,03,22350,NA,N,C,C,A,A,H,-,A,D,0,NA,NA,NA,NA,Y,NA,A,01,0,0,1,0,0,0,0,0,0,-,-,34.08987,-118.30584,LOS ANGELES,LOS ANGELES,-118.30582003,34.08988211
90544207,2017,2017-09-11,9530,2017-09-07,1715,020923,NA,4,2,5,1915,0,1,3,NA,2,310,SR-91 W/B TO WILMINGTON AVE.,WILMINGTON AVE.,700,E,N,A,-,Y,NA,NA,91,NA,NA,NA,R,NA,W,N,4,0,2,2,A,-,03,22350,NA,N,C,C,A,A,H,-,A,D,0,NA,NA,NA,Y,Y,NA,A,07,0,0,2,0,0,0,0,0,0,-,-,33.87401,-118.23385,LOS ANGELES,COMPTON,-118.23385,33.87401
90544210,2017,2017-09-11,9530,2017-09-07,0210,020935,NA,4,3,7,1941,0,1,1,NA,2,420,I-405 S/B TO ORANGE AVE,CALIFORNIA AVE.,100,S,N,A,-,Y,NA,NA,405,NA,NA,NA,R,NA,S,Y,4,0,1,1,A,-,01,23152,A,N,E,A,A,A,H,-,C,D,0,NA,NA,NA,NA,Y,Y,A,01,0,0,1,0,0,0,0,0,0,-,-,33.814,-118.1803,LOS ANGELES,LONG BEACH,-118.1803,33.814
90544215,2017,2017-09-11,9530,2017-09-07,1334,021582,NA,4,1,6,1972,0,1,1,NA,2,400,I-405 S/B (SAN DIEGO FREEWAY),WESTERN AVE.,490,S,N,A,-,Y,NA,NA,405,NA,NA,NA,NA,NA,S,Y,3,0,1,3,A,-,03,22350,NA,N,C,C,A,A,H,-,A,D,0,NA,NA,NA,NA,Y,NA,A,01,0,1,0,0,0,0,0,0,0,-,-,33.85977,-118.30752,LOS ANGELES,TORRANCE,-118.30751994,33.85971719
9054422,2020,2020-06-22,1942,2020-02-10,1245,38687,1689,1,5,7,1942,0,0,0,P,0,16A81,CROCKETT ST,SUNLAND BL,150,S,N,A,-,N,NA,NA,NA,NA,NA,NA,NA,NA,NA,N,3,0,1,2,A,-,21,22106,NA,N,G,B,E,A,H,-,A,D,0,Y,NA,NA,NA,Y,NA,A,08,0,1,0,0,1,0,0,0,0,-,-,NA,NA,LOS ANGELES,LOS ANGELES,-118.36808776855467,34.22018814086914
90544245,2017,2017-09-11,9575,2017-09-01,1756,021006,NA,5,2,7,1942,0,1,1,NA,2,060,I-210 E/B (FOOTHILL FREEWAY),ARROYO ST.,300,E,N,B,-,Y,NA,NA,210,NA,NA,NA,NA,NA,E,Y,3,0,1,2,A,-,03,22350,NA,N,C,C,A,A,H,-,A,A,0,NA,NA,NA,NA,Y,NA,A,01,0,1,0,0,0,0,0,0,0,-,-,34.29346,-118.41341,LOS ANGELES,LOS ANGELES,-118.41342757,34.29344139
90544246,2017,2017-09-11,9550,2017-09-02,2058,021198,NA,6,2,9,1900,0,3,5,NA,2,002,LEFFINGWELL ROAD,CAREMNITA ROAD,0,NA,Y,A,-,N,NA,NA,NA,NA,NA,NA,NA,NA,NA,Y,4,0,2,2,A,-,09,21801,A,N,D,C,A,A,H,-,C,A,0,NA,NA,NA,NA,Y,NA,A,01,0,0,2,0,0,0,0,0,0,-,-,33.91877,-118.04673,LOS ANGELES,UNINCORPORATED,-118.04677003,33.91878007
90544248,2017,2017-09-11,9550,2017-09-02,0325,021141,NA,6,3,5,1935,0,1,1,NA,2,652,INTERSTATE 605 N/B,CARSON AVENUE,1840,N,N,A,-,Y,NA,NA,605,NA,NA,NA,NA,NA,N,Y,3,0,1,1,A,-,01,23152,A,N,E,I,A,A,H,-,C,D,0,NA,NA,NA,NA,Y,Y,A,01,0,1,0,0,0,0,0,0,0,-,-,33.83616,-118.08651,LOS ANGELES,LAKEWOOD,-118.08660602,33.83610476
90544250,2017,2017-09-11,9535,2017-09-01,0920,021638,NA,5,1,9,1900,0,2,4,NA,2,011,EASTERN AVE,RAMONA BOULEVARD,0,NA,Y,A,-,Y,NA,NA,NA,NA,NA,NA,NA,NA,NA,N,4,0,1,2,A,-,10,21950,A,M,G,B,B,A,H,-,A,A,0,Y,NA,NA,NA,Y,NA,A,01,0,0,1,0,1,0,0,0,0,-,-,34.05943,-118.17298,LOS ANGELES,UNINCORPORATED,-118.17286003,34.05957003
90544251,2017,2017-09-11,9535,2017-09-01,1015,021599,NA,5,1,9,1900,0,3,5,NA,2,001,SUNOL DR. (120 BLOCK),GLEASON ST,30,N,N,A,-,N,NA,NA,NA,NA,NA,NA,NA,NA,NA,N,4,0,1,1,A,-,08,22107,NA,N,E,I,A,A,H,-,A,D,0,NA,NA,NA,NA,Y,NA,A,01,0,0,1,0,0,0,0,0,0,-,-,34.03531,-118.1787,LOS ANGELES,UNINCORPORATED,-118.17865927,34.03531227
90544253,2017,2017-09-11,9535,2017-09-02,1440,021131,NA,6,2,5,1943,0,1,1,NA,2,104,I-105 TO I-710 SOUTHBOUND,I-105,1100,S,N,A,-,Y,NA,NA,NA,NA,NA,NA,NA,NA,NA,Y,4,0,1,2,A,-,03,22350,NA,N,A,C,A,A,H,-,A,D,0,NA,NA,NA,NA,Y,NA,A,01,0,0,1,0,0,0,0,0,0,-,-,33.90975,-118.1817,LOS ANGELES,LYNWOOD,NA,NA
9054426,2020,2020-05-27,1942,2020-02-12,1330,32264,1679,3,5,7,1942,0,0,0,P,0,16X8,LA TUNA CANYON,RT 210,1020,NA,N,A,-,N,NA,NA,NA,NA,NA,NA,NA,NA,NA,Y,4,0,1,1,A,-,03,22350,NA,N,F,I,A,A,H,-,A,D,0,NA,NA,NA,NA,Y,NA,A,01,0,0,1,0,0,0,0,0,0,-,-,NA,NA,LOS ANGELES,LOS ANGELES,-118.29080200195313,34.23480987548828
90544264,2017,2017-09-11,9535,2017-09-08,1425,020851,NA,5,2,9,1900,0,1,3,NA,2,600,SR-60 E/B TO I-710,EASTERN AVE.,200,W,N,A,-,Y,NA,NA,60,NA,NA,NA,R,NA,E,N,4,0,1,2,A,-,03,22350,NA,N,C,C,A,A,H,-,A,D,0,NA,NA,NA,NA,Y,NA,A,01,0,0,1,0,0,0,0,0,0,-,-,34.03452,-118.17535,LOS ANGELES,UNINCORPORATED,-118.17535,34.03452
90544282,2017,2017-09-11,9575,2017-08-30,1458,017491,NA,3,2,7,1942,0,1,1,NA,2,053,I-5 N/B (GOLDEN STATE FREEWAY),TUJUNGA WASH,2000,N,N,A,-,Y,NA,NA,5,NA,NA,NA,NA,NA,N,Y,4,0,1,3,A,-,03,22350,NA,N,C,C,A,A,H,-,A,D,0,NA,NA,NA,NA,Y,NA,D,22,0,0,1,0,0,0,0,0,0,-,-,34.23398,-118.41044,LOS ANGELES,LOS ANGELES,-118.41046326,34.23395245
90544284,2017,2017-09-11,9575,2017-08-30,2100,020119,NA,3,2,9,1900,0,1,3,NA,2,301,SR-2 (ANGELES CREST HIGHWAY),MT. WILSON/RED BOX RD.,300,W,N,A,-,Y,NA,NA,2,NA,NA,NA,NA,NA,NA,N,4,0,1,2,A,-,05,21460,A,M,B,C,A,A,H,-,D,D,0,NA,NA,NA,NA,Y,NA,-,99,0,0,1,0,0,0,0,0,0,-,-,34.25871,-118.10591,LOS ANGELES,UNINCORPORATED,-118.1058786,34.25874201
90544297,2017,2017-09-11,9590,2017-09-09,1745,021480,NA,6,2,7,1942,0,1,2,NA,2,070,US-101 NB (SANTA ANA FREEWAY),ALAMEDA ST,1000,S,N,A,-,Y,NA,NA,101,NA,NA,NA,NA,NA,N,N,4,0,2,2,A,-,03,22350,NA,N,C,C,A,A,H,-,A,D,0,NA,NA,NA,NA,Y,NA,A,01,0,0,2,0,0,0,0,0,0,-,-,34.05392,-118.23432,LOS ANGELES,LOS ANGELES,-118.23432685,34.05387083
90544299,2017,2017-09-11,9540,2017-09-03,2152,021308,NA,7,2,7,1942,0,1,1,NA,1,503,I-5 S/B (GOLDEN STATE FREEWAY),BALBOA BLVD,500,S,N,B,-,Y,NA,NA,NA,NA,NA,NA,NA,NA,NA,Y,2,0,2,1,A,-,08,22107,NA,N,E,I,A,A,H,-,C,D,0,NA,NA,NA,NA,Y,NA,A,07,1,1,0,0,0,0,0,0,0,-,-,34.19103,-118.29381,LOS ANGELES,LOS ANGELES,-118.49492583,34.32007546
9054430,2020,2020-05-27,1942,2020-02-05,1640,42887,1613,3,5,7,1942,0,0,0,P,0,16A11,FOOTHILL BL,PIERCE ST,0,NA,Y,A,-,N,NA,NA,NA,NA,NA,NA,NA,NA,NA,N,4,0,1,2,A,-,09,21804,A,N,B,C,A,A,H,-,A,D,0,NA,NA,NA,NA,Y,NA,-,NA,0,0,1,0,0,0,0,0,0,-,-,NA,NA,LOS ANGELES,LOS ANGELES,-118.39866638183594,34.27785110473633
9054431,2020,2020-05-28,1942,2020-02-19,1530,40141,1001,3,5,7,1942,0,0,0,J,0,10A3,VANALDEN AV,LANARK ST,6,S,N,A,-,N,NA,NA,NA,NA,NA,NA,NA,NA,NA,N,4,0,1,2,A,-,10,21950,A,F,G,B,B,A,H,-,A,A,0,Y,NA,NA,NA,Y,NA,-,99,0,0,1,0,1,0,0,0,0,-,-,NA,NA,LOS ANGELES,LOS ANGELES,-118.54917144775392,34.21742248535156
90544313,2017,2017-09-11,9540,2017-08-27,0405,021134,NA,7,3,6,1985,0,1,3,NA,1,144,SR-14 N/B (ANTELOPE VALLEY FWY),GOLDEN VALLEY RD,900,S,N,A,-,Y,NA,NA,14,NA,NA,NA,NA,NA,N,Y,3,0,1,1,A,-,01,23152,A,N,E,I,A,A,H,-,C,D,0,NA,NA,NA,NA,Y,Y,A,01,0,1,0,0,0,0,0,0,0,-,-,34.39097,-118.47535,LOS ANGELES,SANTA CLARITA,-118.47529741,34.39087194
90544318,2017,2017-09-11,9575,2017-08-30,1700,017491,NA,3,2,7,1942,0,1,1,NA,2,052,I-5 N/B (GOLDEN STATE FREEWAY),LANKERSHIM BLVD.,851,N,N,A,-,Y,NA,NA,5,NA,NA,NA,NA,NA,N,Y,4,0,1,2,A,-,03,22350,NA,N,C,C,A,A,H,-,A,D,0,NA,NA,NA,NA,Y,NA,A,07,0,0,1,0,0,0,0,0,0,-,-,34.2278,-118.39042,LOS ANGELES,LOS ANGELES,-118.39045115,34.22773643
9054432,2020,2020-05-27,1942,2020-02-05,1800,38185,0952,3,5,7,1942,0,0,0,I,0,9A63,MAGNOLIA BL,VISTA DEL MONTE AV,350,W,N,A,-,N,NA,NA,NA,NA,NA,NA,NA,NA,NA,N,4,0,1,2,A,-,03,22350,NA,F,H,G,A,A,H,-,C,A,0,NA,Y,NA,NA,Y,NA,-,99,0,0,1,0,0,0,1,0,0,-,-,NA,NA,LOS ANGELES,LOS ANGELES,-118.45101165771484,34.164859771728516
9054434,2020,2020-05-27,1942,2020-02-17,0740,38191,1601,1,5,7,1942,0,0,0,P,0,16A11,PAXTON ST,BORDEN AV,18,E,N,A,-,N,NA,NA,NA,NA,NA,NA,NA,NA,NA,N,3,0,1,2,A,-,10,21950,A,N,G,B,B,A,H,-,A,A,0,Y,NA,NA,NA,Y,NA,A,07,0,1,0,0,1,0,0,0,0,-,-,NA,NA,LOS ANGELES,LOS ANGELES,-118.4146728515625,34.282081604003906
90544340,2017,2017-10-11,9535,2017-08-31,0940,020347,NA,4,1,9,1900,0,2,4,NA,2,011,EASTEN AVE,RAMONA BLVD.,0,NA,Y,A,-,N,NA,NA,NA,NA,NA,NA,NA,NA,NA,Y,4,0,3,2,A,-,08,22107,NA,N,D,C,A,A,H,-,A,A,0,NA,NA,NA,NA,Y,NA,-,-,0,0,3,0,0,0,0,0,0,-,-,34.05959,-118.17272,LOS ANGELES,UNINCORPORATED,-118.17286003,34.05957003
9054435,2020,2020-05-28,1942,2020-02-17,0955,40903,NA,1,5,7,1942,0,0,0,NA,0,010,HAYVENHURST AV,ROSCOE BL,0,NA,-,A,-,N,NA,NA,NA,NA,NA,NA,NA,NA,NA,N,4,0,1,2,A,-,03,22350,NA,F,C,C,A,A,H,-,A,A,0,NA,NA,NA,NA,Y,NA,-,99,0,0,1,0,0,0,0,0,0,-,-,NA,NA,LOS ANGELES,LOS ANGELES,-118.49211120605467,34.22129821777344
9054436,2020,2020-05-27,1942,2020-02-09,1250,39048,0911,7,5,7,1942,0,0,0,I,0,9A5,SHERMAN WY,FIRMAMENT AV,30,E,N,B,-,N,NA,NA,NA,NA,NA,NA,NA,NA,NA,Y,3,0,2,3,A,-,03,22350,NA,F,C,C,A,B,H,-,A,A,0,NA,NA,NA,NA,Y,Y,A,01,0,1,1,0,0,0,0,0,0,-,-,NA,NA,LOS ANGELES,LOS ANGELES,-118.47231292724608,34.20111083984375
90544376,2017,2017-09-11,9540,2017-09-01,1045,018513,NA,5,1,7,1942,0,1,1,NA,1,502,I-5 N/B (GOLDEN STATE FREEWAY),BALBOA BLVD,0,NA,N,A,-,Y,NA,NA,5,NA,NA,NA,NA,NA,N,Y,4,0,3,4,A,-,03,22350,NA,N,C,C,A,A,H,-,A,D,0,NA,NA,NA,NA,Y,NA,A,01,0,0,3,0,0,0,0,0,0,-,-,34.32411,-118.50098,LOS ANGELES,LOS ANGELES,-118.50111535,34.3238686
9054438,2020,2020-05-27,1942,2020-02-01,1745,38399,1643,6,5,7,1942,0,0,0,P,0,16A23,SAN FERNANDO RD,VAN NUYS BL,55,E,N,A,-,N,NA,NA,NA,NA,NA,NA,NA,NA,NA,Y,3,0,4,2,A,-,09,21801,A,N,D,C,A,A,H,-,C,A,0,NA,NA,NA,NA,Y,NA,A,01,0,1,3,0,0,0,0,0,0,-,-,NA,NA,LOS ANGELES,LOS ANGELES,-118.42198944091795,34.265987396240234
90544384,2017,2017-09-11,9545,2017-08-26,1350,021518,NA,6,1,9,1900,0,1,3,NA,1,042,SR-138,FORT TEJON RD,4752,W,N,A,-,Y,NA,NA,138,NA,NA,NA,NA,NA,NA,Y,3,0,1,1,A,-,01,23152,A,N,F,I,A,A,H,-,A,D,0,NA,NA,NA,NA,Y,Y,A,01,0,1,0,0,0,0,0,0,0,-,-,34.46095,-117.67516,LOS ANGELES,UNINCORPORATED,-117.67522551,34.46083696
9054439,2020,2020-05-28,1942,2020-02-09,1930,37249,1023,7,5,7,1942,0,0,0,J,0,10A21,TAMPA AV,VANOWEN ST,0,NA,Y,A,-,N,NA,NA,NA,NA,NA,NA,NA,NA,NA,N,3,0,1,2,A,-,10,21950,A,F,G,B,B,A,H,-,C,A,0,Y,NA,NA,NA,Y,NA,-,99,0,1,0,0,1,0,0,0,0,-,-,NA,NA,LOS ANGELES,LOS ANGELES,-118.55345153808594,34.19382858276367
90544390,2017,2017-09-11,9535,2017-09-02,0200,020416,NA,6,3,6,1922,0,1,1,NA,2,400,I-10 (SAN BERNARDINO FREEWAY) E/B,PECK RD,450,W,N,A,-,Y,NA,NA,10,NA,NA,NA,NA,NA,E,Y,4,0,1,2,A,-,03,22350,NA,N,C,C,A,A,H,-,D,D,0,NA,NA,NA,NA,Y,NA,A,01,0,0,1,0,0,0,0,0,0,-,-,34.06798,-118.02208,LOS ANGELES,EL MONTE,-118.02210962,34.06778662
9054440,2020,2020-05-27,1942,2020-02-15,1430,37686,0952,6,5,7,1942,0,0,0,I,0,9A41,SEPULVEDA BL,BURBANK BL,70,S,N,A,-,N,NA,NA,NA,NA,NA,NA,NA,NA,NA,N,4,0,1,2,A,-,03,22350,NA,F,C,C,A,A,H,-,A,D,0,NA,NA,NA,NA,Y,NA,-,99,0,0,1,0,0,0,0,0,0,-,-,NA,NA,LOS ANGELES,LOS ANGELES,-118.46615600585938,34.171897888183594
90544414,2017,2017-09-11,9540,2017-09-05,0810,014339,NA,2,1,9,1900,0,1,1,NA,2,509,I-5 S/B (GOLDEN STATE FREEWAY),LAKE HUGHES RD.,5808,N,N,A,-,Y,NA,NA,5,NA,NA,NA,NA,NA,S,Y,4,0,1,1,A,-,08,22107,NA,N,E,I,A,A,H,-,A,D,0,NA,NA,NA,NA,Y,NA,A,01,0,0,1,0,0,0,0,0,0,-,-,34.5174,-118.63653,LOS ANGELES,UNINCORPORATED,-118.63656484,34.51737402
9054443,2020,2020-05-28,1942,2020-02-02,0950,38676,1049,7,5,7,1942,0,0,0,J,0,10A17,BALBOA BL,BURBANK BL,0,NA,-,A,-,N,NA,NA,NA,NA,NA,NA,NA,NA,NA,N,4,0,1,2,A,-,-,NA,NA,N,-,-,-,A,H,-,A,-,0,Y,Y,NA,NA,Y,NA,L,04,0,0,1,0,1,0,0,0,0,-,-,NA,NA,LOS ANGELES,LOS ANGELES,-118.50119018554688,34.172218322753906
90544436,2017,2017-09-11,9590,2017-09-05,0830,019146,NA,2,1,7,1942,0,1,1,NA,2,021,I-10 W/B (SAN BERNARDINO FREEWAY),EVERGREEN PED O/C,150,W,N,A,-,Y,NA,NA,10,NA,NA,NA,NA,NA,W,N,4,0,1,2,A,-,03,22350,NA,N,C,C,A,A,H,-,A,D,0,NA,NA,NA,NA,Y,NA,D,22,0,0,1,0,0,0,0,0,0,-,-,34.05557,-118.19546,LOS ANGELES,LOS ANGELES,-118.19545819,34.05563805