CASE_ID,ACCIDENT_YEAR,PROC_DATE,JURIS,COLLISION_DATE,COLLISION_TIME,OFFICER_ID,REPORTING_DISTRICT,DAY_OF_WEEK,CHP_SHIFT,POPULATION,CNTY_CITY_LOC,SPECIAL_COND,BEAT_TYPE,CHP_BEAT_TYPE,CITY_DIVISION_LAPD,CHP_BEAT_CLASS,BEAT_NUMBER,PRIMARY_RD,SECONDARY_RD,DISTANCE,DIRECTION,INTERSECTION,WEATHER_1,WEATHER_2,STATE_HWY_IND,CALTRANS_COUNTY,CALTRANS_DISTRICT,STATE_ROUTE,ROUTE_SUFFIX,POSTMILE_PREFIX,POSTMILE,LOCATION_TYPE,RAMP_INTERSECTION,SIDE_OF_HWY,TOW_AWAY,COLLISION_SEVERITY,NUMBER_KILLED,NUMBER_INJURED,PARTY_COUNT,PRIMARY_COLL_FACTOR,PCF_CODE_OF_VIOL,PCF_VIOL_CATEGORY,PCF_VIOLATION,PCF_VIOL_SUBSECTION,HIT_AND_RUN,TYPE_OF_COLLISION,MVIW,PED_ACTION,ROAD_SURFACE,ROAD_COND_1,ROAD_COND_2,LIGHTING,CONTROL_DEVICE,CHP_ROAD_TYPE,PEDESTRIAN_ACCIDENT,BICYCLE_ACCIDENT,MOTORCYCLE_ACCIDENT,TRUCK_ACCIDENT,NOT_PRIVATE_PROPERTY,ALCOHOL_INVOLVED,STWD_VEHTYPE_AT_FAULT,CHP_VEHTYPE_AT_FAULT,COUNT_SEVERE_INJ,COUNT_VISIBLE_INJ,COUNT_COMPLAINT_PAIN,COUNT_PED_KILLED,COUNT_PED_INJURED,COUNT_BICYCLIST_KILLED,COUNT_BICYCLIST_INJURED,COUNT_MC_KILLED,COUNT_MC_INJURED,PRIMARY_RAMP,SECONDARY_RAMP,LATITUDE,LONGITUDE,COUNTY,CITY,POINT_X,POINT_Y
90546301,2017,2017-09-13,9550,2017-09-10,0700,021386,NA,7,1,5,1908,0,1,3,NA,2,091,SR-91 EB,LAKEWOOD BOULEVARD,1500,W,N,A,-,Y,NA,NA,91,NA,NA,NA,NA,NA,E,Y,4,0,1,2,A,-,03,22350,NA,N,C,C,A,A,H,-,A,D,0,NA,NA,NA,Y,Y,NA,A,01,0,0,1,0,0,0,0,0,0,-,-,33.87698,-118.14766,LOS ANGELES,BELLFLOWER,-118.14766007,33.87699352
90546311,2017,2017-09-13,9535,2017-09-05,1500,018188,NA,2,2,6,1922,0,1,1,NA,2,651,I-605 S/B (SAN GABRIEL FREEWAY),SR-60,275,N,N,A,-,Y,NA,NA,NA,NA,NA,NA,NA,NA,NA,Y,4,0,1,2,A,-,03,22350,NA,N,C,C,A,A,H,-,A,D,0,NA,NA,NA,NA,Y,NA,A,01,0,0,1,0,0,0,0,0,0,-,-,34.0367,-118.0239,LOS ANGELES,EL MONTE,-118.02672982,34.03449596
90546314,2017,2017-09-13,9535,2017-09-10,1455,020851,NA,7,2,9,1900,0,2,4,NA,2,022,OLYMPIC BLVD.,VANCOUVER AVE,0,NA,Y,A,-,N,NA,NA,NA,NA,NA,NA,NA,NA,NA,N,3,0,3,2,A,-,12,21453,A,N,D,C,A,A,H,-,A,A,0,NA,NA,NA,NA,Y,NA,-,-,0,1,2,0,0,0,0,0,0,-,-,34.01667,-118.15124,LOS ANGELES,UNINCORPORATED,-118.1610101,34.01682011
90546316,2017,2017-09-13,9535,2017-09-11,1542,020851,NA,1,2,9,1900,0,3,5,NA,2,002,INDIANA ST.,5TH ST,0,NA,Y,A,-,N,NA,NA,NA,NA,NA,NA,NA,NA,NA,N,3,0,1,2,A,-,03,22350,NA,N,C,A,A,A,H,-,A,D,0,NA,NA,Y,NA,Y,NA,C,02,0,1,0,0,0,0,0,0,1,-,-,34.03026,-118.19235,LOS ANGELES,UNINCORPORATED,-118.19236001,34.03027008
90546327,2017,2017-10-16,9530,2017-09-05,0235,021212,NA,2,3,7,1941,0,1,1,NA,2,071,I-710 N/B (LONG BEACH FWY),ARTESIA BLVD.,100,S,N,A,-,Y,NA,NA,710,NA,NA,NA,NA,NA,N,Y,3,0,1,1,A,-,01,23152,A,N,E,I,A,A,H,-,D,D,0,NA,NA,NA,NA,Y,Y,A,01,0,1,0,0,0,0,0,0,0,-,-,33.87388,-118.19335,LOS ANGELES,LONG BEACH,-118.19344063,33.87390129
90546331,2017,2017-09-13,9590,2017-09-12,1305,013435,NA,2,1,7,1942,0,1,1,NA,2,052,I-110 N/B (HARBOR FREEWAY),21ST STREET,200,S,N,A,-,Y,NA,NA,110,NA,NA,NA,NA,NA,N,N,4,0,1,3,A,-,03,22350,NA,N,C,C,A,A,H,-,A,D,0,NA,NA,NA,NA,Y,NA,D,22,0,0,1,0,0,0,0,0,0,-,-,34.03211,-118.27449,LOS ANGELES,LOS ANGELES,-118.27447693,34.0321109
90546332,2017,2017-10-16,9530,2017-09-04,2055,021004,NA,1,2,9,1900,0,3,5,NA,2,001,SANTA FE AVE (7400 BLOCK),CALIFORNIA AVE.,35,S,N,A,-,N,NA,NA,NA,NA,NA,NA,NA,NA,NA,Y,4,0,3,2,A,-,09,21801,A,N,D,C,A,A,H,-,C,D,0,NA,NA,NA,NA,Y,NA,A,01,0,0,3,0,0,0,0,0,0,-,-,33.9727,-118.23019,LOS ANGELES,UNINCORPORATED,-118.23027,33.97293402
90546339,2017,2017-09-13,9535,2017-09-04,0710,017148,NA,1,1,5,1901,0,1,1,NA,2,421,I-10 (SAN BERNARDINO FREEWAY) W/B,ATLANTIC BLVD,400,E,N,A,-,Y,NA,NA,10,NA,NA,NA,NA,NA,W,Y,3,0,1,1,A,-,03,22350,NA,N,F,A,A,A,H,-,A,D,0,NA,NA,Y,NA,Y,NA,C,02,0,1,0,0,0,0,0,0,1,-,-,34.07166,-118.13435,LOS ANGELES,ALHAMBRA,-118.13435009,34.07166698
90546358,2017,2017-09-13,9530,2017-09-05,1905,021004,NA,2,2,9,1900,0,3,5,NA,2,001,COMPTON AVE. (9100 BLOCK),91ST ST.,131,N,N,A,-,N,NA,NA,NA,NA,NA,NA,NA,NA,NA,N,3,0,1,1,A,-,03,22350,NA,N,F,A,A,A,H,-,A,D,0,NA,NA,Y,NA,Y,NA,C,02,0,1,0,0,0,0,0,0,1,-,-,33.95437,-118.24742,LOS ANGELES,UNINCORPORATED,-118.24745866,33.95461914
90546385,2017,2017-09-13,9525,2017-09-02,1052,020532,NA,6,1,4,1946,0,1,1,NA,2,212,I-210 E/B (FOOTHILL FWY),MYRTLE AVE,1056,W,N,A,-,Y,NA,NA,210,NA,NA,NA,NA,NA,E,Y,4,0,2,2,A,-,03,22350,NA,N,C,C,A,A,H,-,A,D,0,NA,NA,NA,NA,Y,NA,A,01,0,0,2,0,0,0,0,0,0,-,-,34.13603,-118.00908,LOS ANGELES,MONROVIA,-118.00906227,34.13608173
90546402,2017,2017-09-13,9535,2017-09-06,1325,016277,NA,3,1,9,1900,0,2,4,NA,2,024,WHITTIER BOULEVARD (5200 BLOCK),ATLANTIC BOULEVARD,125,E,N,A,-,N,NA,NA,NA,NA,NA,NA,NA,NA,NA,Y,3,0,1,2,A,-,09,21801,A,F,D,C,A,A,H,-,A,D,0,NA,NA,Y,NA,Y,NA,D,22,0,1,0,0,0,0,0,0,1,-,-,34.02029,-118.15683,LOS ANGELES,UNINCORPORATED,-118.15689204,34.02032232
90546403,2017,2017-09-13,9590,2017-07-31,1405,016641,NA,1,2,7,1942,0,1,1,NA,2,085,I-5 S/B (GOLDEN STATE FREEWAY),LOS FELIZ BLVD.,500,S,N,A,-,Y,NA,NA,5,NA,NA,NA,NA,NA,S,N,4,0,3,3,A,-,03,22350,NA,N,C,C,A,A,H,-,A,D,0,NA,NA,NA,NA,Y,NA,A,07,0,0,3,0,0,0,0,0,0,-,-,34.12105,-118.27155,LOS ANGELES,LOS ANGELES,-118.27157508,34.12103741
90546412,2017,2017-09-13,9525,2017-09-02,1130,019966,NA,6,1,9,1900,0,2,4,NA,2,022,ARROW HIGHWAY (200 BLK),BANNA AVE.,400,W,N,B,-,N,NA,NA,NA,NA,NA,NA,NA,NA,NA,Y,4,0,1,2,A,-,09,21801,A,N,D,C,A,A,H,-,A,D,0,NA,NA,NA,NA,Y,NA,A,01,0,0,1,0,0,0,0,0,0,-,-,34.10675,-117.86064,LOS ANGELES,UNINCORPORATED,-117.86022822,34.10674
9054642,2019,2020-09-15,1900,2019-12-13,2350,441813,0814,5,5,4,1960,0,0,0,NA,0,81K1/E,CIENEGA AV,RENNELL AV,148,W,N,A,-,N,NA,NA,NA,NA,NA,NA,NA,NA,NA,Y,4,0,1,1,A,-,03,22350,NA,N,E,I,A,A,H,-,C,D,0,NA,NA,NA,NA,Y,NA,A,07,0,0,1,0,0,0,0,0,0,-,-,NA,NA,LOS ANGELES,SAN DIMAS,-117.83220672607422,34.103065490722656
90546420,2017,2017-09-13,9535,2017-03-09,2340,019363,NA,4,3,9,1900,0,1,1,NA,2,650,I-605 N/B (SAN GABRIEL RIVER FREEWAY),VALLEY BOULEVARD,3211,S,N,A,-,Y,NA,NA,605,NA,NA,NA,NA,NA,N,Y,1,1,2,2,A,-,01,23152,G,N,E,I,A,A,H,-,C,D,0,NA,NA,NA,NA,Y,Y,A,01,0,1,1,0,0,0,0,0,0,-,-,34.04626,-118.00859,LOS ANGELES,UNINCORPORATED,-118.00862095,34.04627746
90546453,2017,2017-09-13,9550,2017-09-04,2040,021196,NA,1,2,5,1908,0,1,3,NA,2,091,SR-91 W/B TO LAKEWOOD BLVD,BELLFLOWER BLVD,350,E,N,B,-,Y,NA,NA,91,NA,NA,NA,R,NA,W,Y,3,0,1,1,A,-,01,23152,A,N,F,I,A,A,H,-,C,D,0,NA,NA,NA,NA,Y,Y,A,07,0,1,0,0,0,0,0,0,0,-,-,33.87648,-118.1239,LOS ANGELES,BELLFLOWER,-118.1239,33.87648
90546514,2017,2017-09-13,9550,2017-09-07,0900,015449,NA,4,1,6,1920,0,1,1,NA,2,500,I-5 N/B (SANTA ANA FREEWAY),SAN GABRIEL RIVER U/C,400,N,N,A,-,Y,NA,NA,5,NA,NA,NA,NA,NA,N,Y,4,0,1,2,A,-,07,21658,A,N,C,C,A,A,H,-,A,D,0,NA,NA,Y,NA,Y,NA,A,01,0,0,1,0,0,0,0,0,1,-,-,33.94592,-118.09969,LOS ANGELES,DOWNEY,-118.09968772,33.94592152
90546517,2017,2017-09-13,9540,2017-09-08,0247,021802,NA,5,3,6,1985,0,1,3,NA,2,146,SR-14 N/B (ANTELOPE VALLEY FWY),OAK SPRING CANYON RD,100,S,N,A,-,Y,NA,NA,14,NA,NA,NA,NA,NA,N,Y,3,0,1,1,A,-,01,23152,A,N,E,I,A,A,H,-,D,D,0,NA,NA,NA,NA,Y,Y,A,01,0,1,0,0,0,0,0,0,0,-,-,34.42773,-118.41576,LOS ANGELES,SANTA CLARITA,-118.41576238,34.4276264
90546527,2017,2017-09-13,9575,2017-09-03,0209,021283,NA,7,3,5,1902,0,1,1,NA,2,065,I-210 E/B (FOOTHILL FREEWAY),SANTA ANITA AVE.,1650,W,N,A,-,Y,NA,NA,210,NA,NA,NA,NA,NA,E,Y,3,0,1,1,A,-,08,22107,NA,N,E,I,A,A,H,-,D,D,0,NA,NA,NA,NA,Y,Y,A,01,0,1,0,0,0,0,0,0,0,-,-,34.14834,-118.03744,LOS ANGELES,ARCADIA,-118.0374371,34.14837018
90546546,2017,2017-09-13,9525,2017-09-02,1330,020532,NA,6,1,1,1934,0,1,1,NA,2,651,I-605 S/B (SAN GABRIEL RIVER FWY),I-210,500,S,N,A,-,Y,NA,NA,605,NA,NA,NA,NA,NA,S,Y,4,0,2,2,A,-,07,21658,A,N,D,C,A,A,H,-,A,D,0,NA,NA,NA,NA,Y,NA,A,07,0,0,2,0,0,0,0,0,0,-,-,34.1292,-117.9616,LOS ANGELES,IRWINDALE,-117.96160576,34.12920452
90546553,2017,2017-09-13,9545,2017-09-03,1310,021695,NA,7,1,9,1900,0,3,5,NA,2,004,AVENUE O,130TH STREET EAST,1000,W,N,A,-,Y,NA,NA,NA,NA,NA,NA,NA,NA,NA,Y,3,0,2,3,A,-,08,22107,NA,N,A,C,A,A,H,-,A,D,0,NA,NA,NA,NA,Y,NA,A,01,0,1,1,0,0,0,0,0,0,-,-,34.61669,-117.91089,LOS ANGELES,UNINCORPORATED,-117.89772898,34.61659998
9054656,2019,2020-03-10,1942,2019-10-21,0200,42866,0335,1,5,7,1942,0,0,0,C,0,3A31,JEFFERSON BL,3RD AV,0,NA,Y,A,-,N,NA,NA,NA,NA,NA,NA,NA,NA,NA,Y,4,0,1,4,A,-,03,22350,NA,N,B,E,A,A,H,-,C,D,0,NA,NA,NA,NA,Y,Y,A,01,0,0,1,0,0,0,0,0,0,-,-,NA,NA,LOS ANGELES,LOS ANGELES,-118.320068359375,34.025550842285156
90546587,2017,2017-09-13,9535,2017-09-10,0330,021305,NA,7,3,3,1914,0,1,1,NA,2,073,I-710 (LONG BEACH FREEWAY) S/B,I-5 (SANTA ANA FREEWAY) S/B,200,S,N,A,-,Y,NA,NA,710,NA,NA,NA,NA,NA,S,Y,4,0,1,2,A,-,07,21658,A,M,B,C,A,A,H,-,C,D,0,NA,NA,NA,NA,Y,NA,A,01,0,0,1,0,0,0,0,0,0,-,-,34.0138,-118.1727,LOS ANGELES,COMMERCE,-118.17251053,34.01381002
90546591,2017,2017-09-13,9530,2017-09-08,1205,021689,NA,5,1,9,1900,0,3,5,NA,2,004,SUSANA RD. (2900 BLOCK),PACIFIC COMMERCE DR.,55,N,N,A,-,N,NA,NA,NA,NA,NA,NA,NA,NA,NA,Y,4,0,2,2,A,-,09,21801,A,N,D,C,A,A,H,-,A,D,0,NA,NA,NA,Y,Y,NA,A,01,0,0,2,0,0,0,0,0,0,-,-,33.84984,-118.20685,LOS ANGELES,UNINCORPORATED,-118.20683139,33.84982083
90546593,2017,2017-09-13,9540,2017-09-04,0210,021134,NA,1,3,7,1942,0,1,1,NA,2,500,I-5 NB TO CHATSWORTH DR,CHATSWORTH DR,748,S,N,A,-,Y,NA,NA,5,NA,NA,NA,R,NA,N,Y,3,0,1,1,A,-,01,23152,A,N,E,I,A,A,H,-,C,D,0,NA,NA,NA,NA,Y,Y,A,01,0,1,0,0,0,0,0,0,0,-,-,34.27156,-118.44805,LOS ANGELES,LOS ANGELES,-118.44805,34.27156
90546600,2017,2017-09-13,9590,2017-09-05,0820,016243,NA,2,1,7,1942,0,1,1,NA,2,061,I-10 W/B (SANTA MONICA FREEWAY),10TH AVENUE,150,E,N,A,-,Y,NA,NA,10,NA,NA,NA,NA,NA,W,Y,3,0,5,5,A,-,03,22350,NA,N,C,C,A,A,H,-,A,D,0,NA,NA,NA,NA,Y,NA,A,01,0,2,3,0,0,0,0,0,0,-,-,34.03545,-118.3276,LOS ANGELES,LOS ANGELES,-118.32760144,34.03547073
9054662,2019,2020-03-09,1900,2019-12-27,1602,626678,1331,5,5,5,1908,0,0,0,NA,0,133T2,FOSTER RD,CHARLEMAGNE AV,0,NA,Y,A,-,N,NA,NA,NA,NA,NA,NA,NA,NA,NA,N,3,0,1,2,D,-,00,NA,NA,F,G,B,A,A,H,-,A,A,0,NA,Y,NA,NA,Y,NA,-,-,0,1,0,0,0,0,1,0,0,-,-,NA,NA,LOS ANGELES,BELLFLOWER,-118.1297607421875,33.909751892089844
90546620,2017,2017-09-13,9530,2017-09-08,1100,020315,NA,5,1,6,1972,0,1,1,NA,2,400,I-405 S/B (SAN DIEGO FREEWAY),CRENSHAW BOULEVARD,700,N,N,A,-,Y,NA,NA,405,NA,NA,NA,NA,NA,S,Y,4,0,1,2,A,-,07,21658,A,N,B,C,A,A,H,-,A,D,0,NA,NA,NA,NA,Y,NA,A,01,0,0,1,0,0,0,0,0,0,-,-,33.8731,-118.3431,LOS ANGELES,TORRANCE,-118.34269908,33.87338197
90546630,2017,2017-09-13,9535,2017-09-11,1720,020851,NA,1,2,9,1900,0,3,5,NA,2,002,OAKFORD DR (700 BLOCK),WHITTIER BLVD.,100,N,N,A,-,N,NA,NA,NA,NA,NA,NA,NA,NA,NA,N,4,0,1,2,A,-,09,21804,A,N,B,C,A,A,H,-,A,D,0,NA,NA,NA,NA,Y,NA,A,01,0,0,1,0,0,0,0,0,0,-,-,34.02012,-118.15415,LOS ANGELES,UNINCORPORATED,-118.1542336,34.02004461
90546631,2017,2017-09-13,9540,2017-09-06,1424,018759,NA,3,2,9,1900,0,1,3,NA,1,144,SR-14 N/B (ANTELOPE VALLEY FREEWAY),PLACERITA CANYON RD.,300,S,N,A,-,Y,NA,NA,14,NA,NA,NA,NA,NA,N,Y,4,0,1,6,A,-,03,22350,NA,N,B,C,A,A,H,-,A,D,0,NA,NA,NA,NA,Y,NA,A,01,0,0,1,0,0,0,0,0,0,-,-,34.37594,-118.49566,LOS ANGELES,UNINCORPORATED,-118.49552629,34.3757817
90546633,2017,2017-09-13,9550,2017-09-11,0655,018412,NA,1,1,3,1903,0,1,3,NA,2,091,SR-91 E/B,GRIDLEY RD.,200,E,N,B,-,Y,NA,NA,91,NA,NA,NA,NA,NA,E,N,4,0,1,2,A,-,03,22350,NA,N,C,C,A,A,H,-,A,D,0,NA,NA,NA,NA,Y,NA,D,22,0,0,1,0,0,0,0,0,0,-,-,33.87635,-118.09077,LOS ANGELES,ARTESIA,-118.09077029,33.87642173
90546634,2017,2017-09-13,9530,2017-09-09,2109,021484,NA,6,2,7,1942,0,1,1,NA,2,200,I-105 E/B (GLENN ANDERSON FWY),STANFORD AVE.,320,E,N,A,-,Y,NA,NA,105,NA,NA,NA,NA,NA,E,N,4,0,3,2,A,-,03,22350,NA,N,C,C,A,A,H,-,C,D,0,NA,NA,NA,NA,Y,NA,D,22,0,0,3,0,0,0,0,0,0,-,-,33.92725,-118.26108,LOS ANGELES,LOS ANGELES,-118.26107998,33.92730703
90546660,2017,2017-09-13,9580,2017-07-14,1543,019952,NA,5,2,3,1989,0,1,2,NA,2,107,US-101 S/B (VENTURA FREEWAY),MULHOLLAND DR,1320,N,N,A,-,Y,NA,NA,101,NA,NA,NA,NA,NA,S,Y,4,0,2,3,A,-,03,22350,NA,M,C,C,A,A,H,-,A,D,0,NA,NA,NA,NA,Y,NA,A,01,0,0,2,0,0,0,0,0,0,-,-,34.1563,-118.6452,LOS ANGELES,CALABASAS,-118.64518472,34.15626536
90546679,2017,2017-09-13,9530,2017-09-11,1710,018270,NA,1,2,6,1972,0,1,1,NA,2,400,I-405 S/B (SAN DIEGO FREEWAY),WESTERN AVE.,1056,N,N,B,-,Y,NA,NA,405,NA,NA,NA,NA,NA,S,Y,3,0,1,3,A,-,03,22350,NA,N,C,C,A,A,H,-,A,D,0,NA,NA,NA,NA,Y,NA,D,22,0,1,0,0,0,0,0,0,0,-,-,33.86025,-118.31215,LOS ANGELES,TORRANCE,-118.31215577,33.86022403
90546696,2017,2017-09-13,9530,2017-09-09,1700,021792,NA,6,2,9,1900,0,3,5,NA,2,001,SLAUSON AVE. (1300 BLOCK),HOOPER AVE.,49,E,N,A,-,N,NA,NA,NA,NA,NA,NA,NA,NA,NA,N,4,0,1,2,A,-,09,21453,B,F,C,C,A,A,H,-,A,A,0,NA,NA,Y,NA,Y,Y,-,99,0,0,1,0,0,0,0,0,1,-,-,33.98923,-118.25163,LOS ANGELES,UNINCORPORATED,-118.25195868,33.98932
90546715,2017,2017-09-13,9545,2017-09-06,1352,021730,NA,3,1,9,1900,0,3,5,NA,2,004,170TH STREET EAST,AVENUE M,2112,N,N,A,-,N,NA,NA,NA,NA,NA,NA,NA,NA,NA,Y,3,0,1,1,A,-,08,22107,NA,N,E,I,A,A,H,-,A,D,0,NA,NA,NA,NA,Y,NA,A,01,0,1,0,0,0,0,0,0,0,-,-,34.652,-117.8278,LOS ANGELES,UNINCORPORATED,-117.82738323,34.65151878
90546722,2017,2017-09-13,9540,2017-09-12,0535,013893,NA,2,3,9,1900,0,1,1,NA,2,513,I-5 SOUTHBOUND (GOLDEN STATE FREEWAY),VISTA DEL LAGO RD,5280,N,N,A,-,Y,NA,NA,5,NA,NA,NA,NA,NA,S,Y,3,0,2,2,A,-,07,21658,A,N,B,C,A,A,H,-,D,D,0,NA,NA,NA,Y,Y,NA,A,01,0,2,0,0,0,0,0,0,0,-,-,34.67596,-118.77728,LOS ANGELES,UNINCORPORATED,-118.77721448,34.67603184
9054674,2019,2020-03-09,1942,2019-12-08,0230,43517,1177,7,5,7,1942,0,0,0,K,0,11A77,SAN FERNANDO RD,FIGUEROA ST,0,NA,Y,C,-,N,NA,NA,NA,NA,NA,NA,NA,NA,NA,Y,2,0,1,1,A,-,03,22350,NA,N,F,J,A,B,H,-,C,D,0,NA,NA,NA,NA,Y,NA,-,-,1,0,0,0,0,0,0,0,0,-,-,NA,NA,LOS ANGELES,LOS ANGELES,-118.22579193115234,34.081539154052734
90546748,2017,2017-09-13,9590,2017-09-09,1951,021179,NA,6,2,7,1942,0,1,2,NA,2,073,US-101 S/B (HOF),PILGRIMAGE BRIDGE,1900,N,N,A,-,Y,NA,NA,101,NA,NA,NA,NA,NA,S,N,4,0,1,2,A,-,03,22350,NA,M,C,C,A,A,H,-,C,D,0,NA,NA,NA,NA,Y,NA,-,99,0,0,1,0,0,0,0,0,0,-,-,34.12029,-118.33898,LOS ANGELES,LOS ANGELES,-118.33895756,34.12030611
90546751,2017,2017-09-13,9530,2017-09-12,0915,014654,NA,2,1,7,1941,0,1,1,NA,2,430,I-405 S/B (SAN DIEGO FREEWAY),CLARK AVE.,150,S,N,A,-,Y,NA,NA,405,NA,NA,NA,NA,NA,S,Y,3,0,1,3,A,-,03,22350,NA,N,C,C,A,A,H,-,A,D,0,NA,NA,NA,NA,Y,NA,A,01,0,1,0,0,0,0,0,0,0,-,-,33.80273,-118.13206,LOS ANGELES,LONG BEACH,-118.13206014,33.80271228
90546757,2017,2017-09-13,9550,2017-09-12,0700,018408,NA,2,1,6,1949,0,1,1,NA,2,651,I-605 N/B,FIRESTONE BOULEVARD,500,N,N,A,-,Y,NA,NA,605,NA,NA,NA,NA,NA,N,N,3,0,1,3,A,-,08,22107,NA,F,B,C,A,A,H,-,A,D,0,NA,NA,Y,NA,Y,NA,-,99,0,1,0,0,0,0,0,0,1,-,-,33.9274,-118.1036,LOS ANGELES,NORWALK,-118.10325452,33.92729255
90546760,2017,2017-09-13,9550,2017-09-12,1440,020245,NA,2,2,9,1900,0,1,1,NA,2,650,I-605,ROSE HILLS ROAD,900,N,N,A,-,Y,NA,NA,NA,NA,NA,NA,NA,NA,NA,Y,4,0,1,2,A,-,03,22350,NA,N,C,C,A,A,H,-,A,D,0,NA,NA,NA,NA,Y,NA,A,07,0,0,1,0,0,0,0,0,0,-,-,34.02221,-118.04552,LOS ANGELES,UNINCORPORATED,NA,NA
90546766,2017,2017-09-13,9550,2017-09-12,0755,015746,NA,2,1,9,1900,0,1,3,NA,2,602,STATE ROUTE 60 TO FULLERTON RD,FULLERTON RD,1000,E,N,A,-,Y,NA,NA,60,NA,NA,NA,R,NA,NA,Y,4,0,3,4,A,-,03,22350,NA,N,C,C,A,A,H,-,A,D,0,NA,NA,NA,NA,Y,NA,A,01,0,0,3,0,0,0,0,0,0,-,-,33.9943,-117.90114,LOS ANGELES,UNINCORPORATED,-117.90114,33.9943
90546767,2017,2017-09-13,9565,2017-09-01,0125,021786,NA,5,3,7,1942,0,1,1,NA,2,010,I-105 W/B TO NASH STREET,IMPERIAL HWY,350,N,N,A,-,Y,NA,NA,105,NA,NA,NA,R,NA,W,Y,3,0,1,1,A,-,03,22350,NA,N,E,I,A,A,H,-,C,D,0,NA,NA,NA,NA,Y,NA,A,01,0,1,0,0,0,0,0,0,0,-,-,33.93213,-118.38888,LOS ANGELES,LOS ANGELES,-118.38888,33.93213
90546768,2017,2017-09-13,9530,2017-09-12,1550,020331,NA,2,2,7,1941,0,1,1,NA,2,420,I-405 S/B (SAN DIEGO FREEWAY),ORANGE AVE.,130,N,N,A,-,Y,NA,NA,NA,NA,NA,NA,NA,NA,NA,Y,4,0,1,3,A,-,03,22350,NA,N,C,C,A,A,H,-,A,D,0,NA,NA,NA,NA,Y,NA,A,01,0,0,1,0,0,0,0,0,0,-,-,33.4851,-118.1036,LOS ANGELES,LONG BEACH,-118.17633,33.81422
90546769,2017,2017-09-13,9550,2017-09-04,1350,018187,NA,1,1,6,1949,0,1,1,NA,2,500,I-5 (SOUTHBOUND),ROSECRANS AVE,1000,N,N,B,-,Y,NA,NA,5,NA,NA,NA,NA,NA,NA,Y,4,0,1,2,A,-,03,22350,NA,N,B,C,A,A,H,-,A,D,0,NA,NA,Y,NA,Y,NA,C,02,0,0,1,0,0,0,0,0,1,-,-,33.9196,-118.08175,LOS ANGELES,NORWALK,-118.08171524,33.919624400000004
90546775,2017,2017-09-13,9550,2017-09-12,1012,015746,NA,2,1,9,1900,0,1,3,NA,2,601,STATE ROUTE 60 (POMONA FREEWAY),FULLERTON ROAD,1500,W,N,A,-,Y,NA,NA,60,NA,NA,NA,NA,NA,NA,Y,4,0,3,2,A,-,03,22350,NA,N,C,C,A,A,H,-,A,D,0,NA,NA,NA,NA,Y,NA,A,01,0,0,3,0,0,0,0,0,0,-,-,33.99478,-117.91324,LOS ANGELES,UNINCORPORATED,-117.91324124,33.99477041
90546780,2017,2017-09-13,9540,2017-09-12,1500,020634,NA,2,2,9,1900,0,3,5,NA,2,008,VALENCIA BOULEVARD (26200 BLOCK),WESTRIDGE  PARKWAY,600,W,N,A,-,N,NA,NA,NA,NA,NA,NA,NA,NA,NA,Y,4,0,2,3,A,-,03,22350,NA,N,C,C,A,A,H,-,A,D,0,NA,NA,NA,NA,Y,NA,A,01,0,0,2,0,0,0,0,0,0,-,-,34.40379,-118.59009,LOS ANGELES,UNINCORPORATED,-118.59075702,34.40375546
90546782,2017,2017-09-13,9525,2017-09-04,1035,012772,NA,1,1,9,1900,0,3,5,NA,2,003,HACIENDA BLVD,FRANCISQUITO AVE,0,NA,Y,A,-,N,NA,NA,NA,NA,NA,NA,NA,NA,NA,N,4,0,1,2,A,-,05,21650,NA,N,D,G,A,A,H,-,A,A,0,NA,Y,NA,NA,Y,NA,L,04,0,0,1,0,0,0,1,0,0,-,-,34.0506,-117.9438,LOS ANGELES,UNINCORPORATED,-117.94646004,34.04827006
90546790,2017,2017-09-13,9535,2017-08-31,1305,015632,NA,4,1,1,1932,0,1,1,NA,2,651,I-605 S/B (SGRF),SAN JOSE BRIDGE,1584,N,N,A,-,Y,NA,NA,605,NA,NA,NA,NA,NA,S,Y,4,0,1,1,A,-,08,22107,NA,N,E,J,A,A,H,-,A,D,0,NA,NA,NA,NA,Y,NA,A,01,0,0,1,0,0,0,0,0,0,-,-,34.03984,-118.01809,LOS ANGELES,INDUSTRY,-118.01809321,34.03984796
9054680,2019,2020-03-10,1948,2019-10-29,1554,455,1948,2,5,5,1948,0,0,0,NA,0,002,NEWMARK AV,GARFIELD AV,15,E,N,A,-,N,NA,NA,NA,NA,NA,NA,NA,NA,NA,Y,3,0,2,2,A,-,09,21801,A,N,D,C,A,A,H,-,A,A,0,NA,NA,NA,NA,Y,NA,A,01,0,2,0,0,0,0,0,0,0,-,-,NA,NA,LOS ANGELES,MONTEREY PARK,-118.12281799316406,34.059791564941406
90546804,2017,2017-09-13,9565,2017-08-28,0550,021575,NA,1,3,9,1900,0,3,5,NA,2,002,126TH STREET,NORMANDIE AVENUE,5,W,N,B,-,N,NA,NA,NA,NA,NA,NA,NA,NA,NA,N,4,0,1,2,A,-,10,21950,A,N,G,B,D,A,H,-,A,D,0,Y,NA,NA,NA,Y,NA,A,01,0,0,1,0,1,0,0,0,0,-,-,33.91832,-118.30045,LOS ANGELES,UNINCORPORATED,-118.30041645,33.91832008