CASE_ID,ACCIDENT_YEAR,PROC_DATE,JURIS,COLLISION_DATE,COLLISION_TIME,OFFICER_ID,REPORTING_DISTRICT,DAY_OF_WEEK,CHP_SHIFT,POPULATION,CNTY_CITY_LOC,SPECIAL_COND,BEAT_TYPE,CHP_BEAT_TYPE,CITY_DIVISION_LAPD,CHP_BEAT_CLASS,BEAT_NUMBER,PRIMARY_RD,SECONDARY_RD,DISTANCE,DIRECTION,INTERSECTION,WEATHER_1,WEATHER_2,STATE_HWY_IND,CALTRANS_COUNTY,CALTRANS_DISTRICT,STATE_ROUTE,ROUTE_SUFFIX,POSTMILE_PREFIX,POSTMILE,LOCATION_TYPE,RAMP_INTERSECTION,SIDE_OF_HWY,TOW_AWAY,COLLISION_SEVERITY,NUMBER_KILLED,NUMBER_INJURED,PARTY_COUNT,PRIMARY_COLL_FACTOR,PCF_CODE_OF_VIOL,PCF_VIOL_CATEGORY,PCF_VIOLATION,PCF_VIOL_SUBSECTION,HIT_AND_RUN,TYPE_OF_COLLISION,MVIW,PED_ACTION,ROAD_SURFACE,ROAD_COND_1,ROAD_COND_2,LIGHTING,CONTROL_DEVICE,CHP_ROAD_TYPE,PEDESTRIAN_ACCIDENT,BICYCLE_ACCIDENT,MOTORCYCLE_ACCIDENT,TRUCK_ACCIDENT,NOT_PRIVATE_PROPERTY,ALCOHOL_INVOLVED,STWD_VEHTYPE_AT_FAULT,CHP_VEHTYPE_AT_FAULT,COUNT_SEVERE_INJ,COUNT_VISIBLE_INJ,COUNT_COMPLAINT_PAIN,COUNT_PED_KILLED,COUNT_PED_INJURED,COUNT_BICYCLIST_KILLED,COUNT_BICYCLIST_INJURED,COUNT_MC_KILLED,COUNT_MC_INJURED,PRIMARY_RAMP,SECONDARY_RAMP,LATITUDE,LONGITUDE,COUNTY,CITY,POINT_X,POINT_Y
90550685,2017,2017-09-19,9565,2017-09-15,0750,021576,NA,5,1,9,1900,0,3,5,NA,2,002,125TH ST.,BUDLONG AVE.,0,NA,Y,B,-,N,NA,NA,NA,NA,NA,NA,NA,NA,NA,Y,4,0,1,2,A,-,09,21802,A,N,D,C,A,A,H,-,A,A,0,NA,NA,NA,NA,Y,NA,A,01,0,0,1,0,0,0,0,0,0,-,-,33.91926,-118.29637,LOS ANGELES,UNINCORPORATED,-118.2963901,33.91926008
90550695,2017,2017-09-19,9590,2017-09-16,1703,021643,NA,6,2,7,1942,0,1,1,NA,2,051,I-110 S/B (HARBOR FREEWAY),MARTIN LUTHER KING BLVD.,400,N,N,A,-,Y,NA,NA,110,NA,NA,NA,NA,NA,S,N,4,0,1,2,A,-,03,22350,NA,N,C,C,A,A,H,-,A,D,0,NA,NA,NA,NA,Y,NA,A,08,0,0,1,0,0,0,0,0,0,-,-,34.01701,-118.2801,LOS ANGELES,LOS ANGELES,-118.28047677,34.01716219
90550704,2017,2017-09-19,9565,2017-09-07,1400,019031,NA,4,2,7,1942,0,1,1,NA,2,062,I-405 S/B (SAN DIEGO FWY.),NATIONAL BLVD,100,S,N,A,-,Y,NA,NA,405,NA,NA,NA,NA,NA,S,N,4,0,1,3,A,-,03,22350,NA,N,C,C,A,A,H,-,A,D,0,NA,NA,NA,NA,Y,NA,A,07,0,0,1,0,0,0,0,0,0,-,-,34.02616,-118.42967,LOS ANGELES,LOS ANGELES,-118.42965597,34.02617111
9055071,2020,2020-02-27,1942,2020-01-08,0620,35801,1701,3,5,7,1942,0,0,0,Q,0,17A35W,BALBOA BL,SAN FERNANDO RD,0,NA,Y,A,-,N,NA,NA,NA,NA,NA,NA,NA,NA,NA,Y,3,0,1,2,D,-,00,NA,NA,N,-,C,A,A,H,-,C,A,0,NA,NA,NA,NA,Y,NA,-,-,0,1,0,0,0,0,0,0,0,-,-,NA,NA,LOS ANGELES,LOS ANGELES,-118.49669647216795,34.320011138916016
90550712,2017,2017-09-19,9590,2017-08-26,1810,021291,NA,6,2,7,1942,0,1,1,NA,2,051,I-110 S/B (HAF) FROM MANCHESTER AVE W/B,MANCHESTER AVE,370,N,N,A,-,Y,NA,NA,110,NA,NA,NA,R,NA,S,N,3,0,1,2,A,-,03,22350,NA,N,C,C,A,A,H,-,A,D,0,NA,NA,NA,NA,Y,NA,A,01,0,1,0,0,0,0,0,0,0,-,-,33.96121,-118.28143,LOS ANGELES,LOS ANGELES,-118.28143,33.96121
90550745,2017,2017-09-19,9550,2017-09-11,1315,020932,NA,1,1,9,1900,0,1,1,NA,2,651,INTERSTATE 605 NORTHBOUND,FIRESTONE BOULEVARD,1500,N,N,A,-,Y,NA,NA,NA,NA,NA,NA,NA,NA,NA,Y,4,0,1,2,A,-,03,22350,NA,N,C,C,A,A,H,-,A,D,0,NA,NA,NA,NA,Y,NA,A,01,0,0,1,0,0,0,0,0,0,-,-,33.92897,-118.10274,LOS ANGELES,UNINCORPORATED,-118.10286874,33.9285864
90550749,2017,2017-09-19,9565,2017-09-13,2125,021187,NA,3,2,5,1928,0,1,1,NA,2,010,I-105 E/B (GLEN ANDERSON FREEWAY),PRAIRIE AVE,20,W,N,A,-,Y,NA,NA,105,NA,NA,NA,NA,NA,E,N,4,0,1,2,A,-,03,22350,NA,N,C,C,A,A,H,-,C,D,0,NA,NA,NA,NA,Y,NA,A,01,0,0,1,0,0,0,0,0,0,-,-,33.93072,-118.34598,LOS ANGELES,HAWTHORNE,-118.34578655,33.93103401
9055075,2020,2020-02-27,1942,2020-01-17,1330,41125,1764,5,5,7,1942,0,0,0,Q,0,17A81,NORDHOFF ST,CORBIN AV,0,NA,Y,A,-,N,NA,NA,NA,NA,NA,NA,NA,NA,NA,N,4,0,1,2,A,-,10,21950,A,N,D,B,B,A,H,-,A,A,0,Y,NA,NA,NA,Y,NA,A,08,0,0,1,0,1,0,0,0,0,-,-,NA,NA,LOS ANGELES,LOS ANGELES,-118.5623016357422,34.23548126220703
90550770,2017,2017-09-19,9550,2017-09-13,0825,015040,NA,3,1,9,1900,0,2,4,NA,1,022,TELEGRAPH ROAD E/B,SPRINGVIEW DRIVE,500,W,N,A,-,N,NA,NA,NA,NA,NA,NA,NA,NA,NA,Y,4,0,1,4,A,-,03,22350,NA,N,C,C,A,A,H,-,A,D,0,NA,NA,NA,NA,Y,NA,A,01,0,0,1,0,0,0,0,0,0,-,-,33.92141,-118.01897,LOS ANGELES,UNINCORPORATED,-118.01884833,33.9214105
90550780,2017,2017-09-19,9590,2017-09-15,0015,021643,NA,5,3,7,1942,0,1,1,NA,2,053,I-110 S/B (HARBOR FREEWAY),1ST STREET,200,N,N,A,-,Y,NA,NA,110,NA,NA,NA,NA,NA,S,Y,4,0,1,2,A,-,03,22350,NA,N,C,C,A,A,H,-,C,D,0,NA,NA,NA,NA,Y,NA,A,01,0,0,1,0,0,0,0,0,0,-,-,34.05893,-118.25331,LOS ANGELES,LOS ANGELES,-118.25328325,34.05890104
9055079,2020,2020-02-27,1942,2020-01-17,1530,38399,1735,5,5,7,1942,0,0,0,Q,0,17A49,CHATSWORTH ST,BALBOA BL,3,S,N,A,-,N,NA,NA,NA,NA,NA,NA,NA,NA,NA,N,4,0,1,2,A,-,10,21950,A,N,A,B,B,A,H,-,A,A,0,Y,NA,NA,NA,Y,NA,A,07,0,0,1,0,1,0,0,0,0,-,-,NA,NA,LOS ANGELES,LOS ANGELES,-118.50225830078124,34.26478958129883
9055081,2020,2020-05-19,1942,2020-02-04,1305,38135,0966,2,5,7,1942,0,0,0,I,0,9X52,CHANDLER BL,FULTON AV,0,NA,N,A,-,N,NA,NA,NA,NA,NA,NA,NA,NA,NA,N,4,0,1,2,A,-,09,21801,A,N,D,C,A,A,H,-,A,A,0,NA,NA,NA,NA,Y,NA,A,07,0,0,1,0,0,0,0,0,0,-,-,NA,NA,LOS ANGELES,LOS ANGELES,-118.42249298095705,34.16856002807617
90550813,2017,2017-09-19,9575,2017-09-08,2020,021254,NA,5,2,6,1953,0,1,1,NA,2,064,I-210 W/B (FOOTHILL FREEWAY),LOS ROBLES AVENUE,100,E,N,A,-,Y,NA,NA,210,NA,NA,NA,NA,NA,W,Y,3,0,1,2,A,-,03,22350,NA,N,C,C,A,A,H,-,D,D,0,NA,NA,NA,NA,Y,NA,A,01,0,1,0,0,0,0,0,0,0,-,-,34.15199,-118.14004,LOS ANGELES,PASADENA,-118.1400398,34.15201217
9055083,2020,2020-02-27,1942,2020-01-09,0715,27792,1765,4,5,7,1942,0,0,0,Q,0,17A35,DEVONSHIRE ST,WILBUR AV,0,NA,Y,A,-,N,NA,NA,NA,NA,NA,NA,NA,NA,NA,Y,4,0,2,2,A,-,12,21453,A,N,D,C,A,A,H,-,A,A,0,NA,NA,NA,NA,Y,NA,A,01,0,0,2,0,0,0,0,0,0,-,-,NA,NA,LOS ANGELES,LOS ANGELES,-118.54483032226564,34.25727081298828
90550835,2017,2017-09-19,9530,2017-09-10,1400,021610,NA,7,2,9,1900,0,3,5,NA,2,001,ALAMEDA ST.,74TH ST.,0,NA,Y,A,-,N,NA,NA,NA,NA,NA,NA,NA,NA,NA,Y,4,0,1,2,A,-,09,21801,A,N,D,C,A,A,H,-,A,D,0,NA,NA,NA,NA,Y,NA,A,01,0,0,1,0,0,0,0,0,0,-,-,33.97299,-118.23444,LOS ANGELES,UNINCORPORATED,-118.23445,33.97296005
90550840,2017,2017-09-19,9565,2017-09-17,1640,017060,NA,7,2,5,1928,0,1,1,NA,2,012,I-105 W/B (CENTURY FREEWAY),VAN NESS AVE.,50,W,N,A,-,Y,NA,NA,105,NA,NA,NA,NA,NA,W,N,4,0,1,2,A,-,03,22350,NA,N,C,C,A,A,H,-,A,D,0,NA,NA,NA,NA,Y,NA,A,01,0,0,1,0,0,0,0,0,0,-,-,33.92559,-118.31808,LOS ANGELES,HAWTHORNE,-118.31807963,33.92564102
90550856,2017,2017-09-19,9550,2017-09-13,0615,020245,NA,3,1,9,1900,0,3,5,NA,2,005,VIDORA DRIVE,LA CUEVA DRIVE,0,NA,Y,A,-,N,NA,NA,NA,NA,NA,NA,NA,NA,NA,N,4,0,1,2,A,-,08,22107,NA,N,B,E,A,A,H,-,A,D,0,NA,NA,NA,NA,Y,NA,A,01,0,0,1,0,0,0,0,0,0,-,-,33.98288,-117.90071,LOS ANGELES,UNINCORPORATED,-117.90077005,33.98279001
9055087,2020,2020-02-27,1942,2020-01-20,2215,38771,1727,1,5,7,1942,0,0,0,Q,0,17A35,KENYA ST,VANALDEN AV,7,W,N,B,-,N,NA,NA,NA,NA,NA,NA,NA,NA,NA,N,4,0,1,2,A,-,10,21950,A,N,B,B,B,A,H,-,C,A,0,Y,NA,NA,NA,Y,NA,A,01,0,0,1,0,1,0,0,0,0,-,-,NA,NA,LOS ANGELES,LOS ANGELES,-118.54730224609376,34.2703742980957
90550880,2017,2017-09-19,9550,2017-09-13,1130,020245,NA,3,1,9,1900,0,3,5,NA,2,003,GALE AVENUE,HACIENDA BOULEVARD,0,NA,Y,A,-,N,NA,NA,NA,NA,NA,NA,NA,NA,NA,N,4,0,1,2,A,-,21,22106,NA,N,G,B,B,A,H,-,A,A,0,Y,NA,NA,NA,Y,NA,D,22,0,0,1,0,1,0,0,0,0,-,-,34.00524,-117.09634,LOS ANGELES,UNINCORPORATED,-117.96302004,34.01084
90550888,2017,2017-09-19,9590,2017-09-18,1843,021643,NA,1,2,7,1942,0,1,1,NA,2,061,I-10 W/B (SANTA MONICA FREEWAY),WEST BOULEVARD,300,W,N,A,-,Y,NA,NA,10,NA,NA,NA,NA,NA,W,N,4,0,2,2,A,-,03,22350,NA,F,C,A,A,A,H,-,A,D,0,NA,NA,NA,NA,Y,NA,-,99,0,0,2,0,0,0,0,0,0,-,-,34.03484,-118.34116,LOS ANGELES,LOS ANGELES,-118.34115848,34.03480797
90550900,2017,2017-09-19,9580,2017-09-08,1850,020400,NA,5,2,3,1989,0,1,2,NA,2,107,US-101 S/B (VENTURA FREEWAY),MUREAU RD,750,N,N,A,-,Y,NA,NA,101,NA,NA,NA,NA,NA,S,Y,4,0,1,2,A,-,01,23152,A,N,B,C,A,A,H,-,B,D,0,NA,NA,NA,NA,Y,Y,A,07,0,0,1,0,0,0,0,0,0,-,-,34.14927,-118.66817,LOS ANGELES,CALABASAS,-118.66817111,34.14929053
90550904,2017,2017-09-19,9590,2017-06-23,1702,021622,NA,5,2,7,1942,0,1,2,NA,2,071,US-101 S/B (HOLLYWOOD FREEWAY),GLENDALE BOULEVARD,500,S,N,A,-,Y,NA,NA,101,NA,NA,NA,NA,NA,S,N,4,0,1,2,A,-,03,22350,NA,N,C,C,A,A,H,-,A,D,0,NA,NA,NA,NA,Y,NA,A,08,0,0,1,0,0,0,0,0,0,-,-,34.06907,-118.25962,LOS ANGELES,LOS ANGELES,-118.25962446,34.06905738
9055091,2020,2020-02-27,1942,2020-01-28,1640,38687,1721,2,5,7,1942,0,0,0,Q,0,17A23,SANTA SUSANA PASS RD,IVERSON RD,400,W,N,A,-,N,NA,NA,NA,NA,NA,NA,NA,NA,NA,N,3,0,1,1,A,-,03,22350,NA,N,E,I,A,A,H,-,A,D,0,NA,NA,NA,NA,Y,NA,A,01,0,1,0,0,0,0,0,0,0,-,-,NA,NA,LOS ANGELES,LOS ANGELES,-118.6201171875,34.273101806640625
90550916,2017,2017-09-19,9590,2017-09-17,1826,021643,NA,7,2,7,1942,0,1,1,NA,2,082,I-5 N/B (GOLDEN STATE FREEWAY),RIVERSIDE DRIVE,400,S,N,A,-,Y,NA,NA,5,NA,NA,NA,NA,NA,N,N,4,0,1,2,A,-,03,22350,NA,N,C,C,A,A,H,-,A,D,0,NA,NA,NA,NA,Y,NA,A,01,0,0,1,0,0,0,0,0,0,-,-,34.09106,-118.23934,LOS ANGELES,LOS ANGELES,-118.23935773,34.09104258
90550918,2017,2017-09-19,9565,2017-09-15,2120,021371,NA,5,2,9,1900,0,1,1,NA,2,060,I-405 S/B (SAN DIEGO FWY),LENNOX BLVD,150,N,N,A,-,Y,NA,NA,405,NA,NA,NA,NA,NA,S,N,4,0,1,2,A,-,03,22350,NA,F,C,C,A,A,H,-,C,D,0,NA,NA,NA,NA,Y,NA,A,01,0,0,1,0,0,0,0,0,0,-,-,33.93885,-118.36863,LOS ANGELES,UNINCORPORATED,-118.36852716,33.93885194
90550935,2017,2017-09-19,9550,2017-09-14,0958,015746,NA,4,1,9,1900,0,1,3,NA,2,602,STATE ROUTE 60 (POMONA FREEWAY),NOGALES STREET,1250,W,N,B,-,Y,NA,NA,60,NA,NA,NA,NA,NA,NA,Y,3,0,1,2,A,-,07,21658,A,N,B,C,A,A,H,-,A,D,0,NA,NA,NA,Y,Y,NA,A,01,0,1,0,0,0,0,0,0,0,-,-,33.99398,-117.8923,LOS ANGELES,UNINCORPORATED,-117.89230023,33.99407362
90550943,2017,2017-09-19,9545,2017-09-13,0620,016549,NA,3,1,9,1900,0,3,5,NA,2,004,8TH STREET EAST,AVENUE P-8,358,S,N,A,-,N,NA,NA,NA,NA,NA,NA,NA,NA,NA,Y,3,0,1,1,A,-,08,22107,NA,M,E,I,A,A,H,-,A,D,0,NA,NA,NA,NA,Y,NA,A,01,0,1,0,0,0,0,0,0,0,-,-,34.59343,-118.11638,LOS ANGELES,UNINCORPORATED,-118.11643515,34.5935384
90550945,2017,2017-09-19,9590,2017-06-25,0128,021583,NA,7,3,7,1942,0,1,1,NA,2,084,I-5 N/B (GOLDEN STATE FREEWAY),LOS FELIZ BOULEVARD,1500,N,N,A,-,Y,NA,NA,5,NA,NA,NA,NA,NA,N,Y,3,0,3,4,A,-,03,22350,NA,N,C,C,A,A,H,-,D,D,0,NA,NA,NA,NA,Y,NA,A,01,0,1,2,0,0,0,0,0,0,-,-,34.12489,-118.27273,LOS ANGELES,LOS ANGELES,-118.2727273,34.12489075
9055095,2020,2020-02-27,1942,2020-01-20,2150,43830,1794,1,5,7,1942,0,0,0,Q,0,17A81,RESEDA BL,CHASE ST,30,S,N,A,-,N,NA,NA,NA,NA,NA,NA,NA,NA,NA,Y,3,0,6,2,A,-,09,21801,A,N,D,C,A,A,H,-,C,A,0,NA,NA,NA,NA,Y,NA,A,01,0,2,4,0,0,0,0,0,0,-,-,NA,NA,LOS ANGELES,LOS ANGELES,-118.5360870361328,34.224517822265625
90550953,2017,2017-09-19,9550,2017-09-14,0700,020928,NA,4,1,9,1900,0,1,3,NA,2,090,SR-91 WESTBOUND,I-605,100,W,N,A,-,Y,NA,NA,NA,NA,NA,NA,NA,NA,NA,Y,4,0,3,2,A,-,03,22350,NA,N,C,C,A,A,H,-,A,D,0,NA,NA,NA,NA,Y,NA,A,01,0,0,3,0,0,0,0,0,0,-,-,33.87639,-118.1038,LOS ANGELES,UNINCORPORATED,NA,NA
90550965,2017,2017-09-19,9575,2017-09-08,0745,020702,NA,5,1,6,1912,0,1,1,NA,2,051,I-5 S/B (GOLDEN STATE FREEWAY),VERDUGO BLVD.,1000,N,N,A,-,Y,NA,NA,5,NA,NA,NA,NA,NA,S,N,4,0,3,4,A,-,03,22350,NA,N,C,C,A,A,H,-,A,D,0,NA,NA,NA,NA,Y,NA,A,07,0,0,3,0,0,0,0,0,0,-,-,34.17882,-118.30965,LOS ANGELES,BURBANK,-118.31008335,34.17813661
90550968,2017,2017-09-19,9530,2017-09-14,1020,020938,NA,4,1,9,1900,0,3,5,NA,2,001,87TH ST.,BEACH ST.,0,NA,Y,A,-,N,NA,NA,NA,NA,NA,NA,NA,NA,NA,N,4,0,1,2,A,-,09,21802,A,N,D,C,A,A,H,-,A,A,0,NA,NA,NA,NA,Y,NA,A,01,0,0,1,0,0,0,0,0,0,-,-,33.95853,-118.24194,LOS ANGELES,UNINCORPORATED,-118.24197013,33.95849007
90550970,2017,2017-09-19,9525,2017-09-08,1945,020058,NA,5,2,9,1900,0,3,5,NA,2,003,MAPLEGROVE ST.(16000 BLOCK),ECHELON AVE,0,NA,Y,A,-,N,NA,NA,NA,NA,NA,NA,NA,NA,NA,N,4,0,1,2,A,-,12,22450,A,N,D,C,A,A,H,-,C,A,0,NA,NA,NA,NA,Y,NA,A,01,0,0,1,0,0,0,0,0,0,-,-,34.0447,-117.93439,LOS ANGELES,UNINCORPORATED,-117.93438,34.04467003
9055098,2020,2020-03-02,1942,2020-01-03,1820,40857,1755,5,5,7,1942,0,0,0,Q,0,17X54,RESEDA BL,LASSEN ST,0,NA,Y,A,-,N,NA,NA,NA,NA,NA,NA,NA,NA,NA,Y,3,0,2,2,A,-,09,21801,A,N,D,C,A,A,H,-,C,A,0,NA,NA,NA,NA,Y,NA,A,01,0,2,0,0,0,0,0,0,0,-,-,NA,NA,LOS ANGELES,LOS ANGELES,-118.5360870361328,34.2499885559082
9055099,2020,2020-03-05,1942,2020-01-16,0745,40408,NA,4,5,7,1942,0,0,0,NA,0,NA,PARTHENIA ST,WHITAKER AV,0,NA,Y,A,-,N,NA,NA,NA,NA,NA,NA,NA,NA,NA,N,4,0,1,2,D,-,00,NA,NA,N,D,C,A,A,H,-,A,D,0,NA,NA,NA,NA,Y,NA,-,-,0,0,1,0,0,0,0,0,0,-,-,NA,NA,LOS ANGELES,LOS ANGELES,-118.49932098388672,34.22848129272461
90550996,2017,2017-09-19,9550,2017-09-14,0730,020928,NA,4,1,7,1941,0,1,3,NA,2,090,SR-91 EASTBOUND,OBISPO AVENUE,200,E,N,A,-,Y,NA,NA,91,NA,NA,NA,NA,NA,E,Y,3,0,1,2,A,-,07,21658,A,N,C,C,A,A,H,-,A,D,0,NA,NA,Y,NA,Y,NA,A,01,0,1,0,0,0,0,0,0,1,-,-,33.87696,-118.1554,LOS ANGELES,LONG BEACH,-118.15540065,33.87696697
90551010,2017,2017-09-19,9590,2017-09-14,1450,021654,NA,4,2,7,1942,0,1,1,NA,2,052,I-110 N/B (HARBOR FREEWAY),7 TH STREET,200,S,N,A,-,Y,NA,NA,110,NA,NA,NA,NA,NA,N,N,4,0,1,2,A,-,03,22350,NA,N,C,C,A,A,H,-,A,D,0,NA,NA,NA,NA,Y,NA,A,01,0,0,1,0,0,0,0,0,0,-,-,34.05054,-118.26204,LOS ANGELES,LOS ANGELES,-118.26206347,34.05057958
90551017,2017,2017-09-19,9565,2017-09-09,1715,021572,NA,6,2,7,1942,0,1,1,NA,2,064,I-405 S/B (SAN DIEGO FREEWAY),MULHOLLAND DR,370,S,N,A,-,Y,NA,NA,405,NA,NA,NA,NA,NA,S,N,4,0,2,2,A,-,03,22350,NA,N,C,C,A,A,H,-,A,D,0,NA,NA,NA,NA,Y,NA,A,07,0,0,2,0,0,0,0,0,0,-,-,34.12537,-118.47648,LOS ANGELES,LOS ANGELES,-118.47647769,34.12536813
9055102,2020,2020-03-02,1942,2020-01-14,0800,35554,NA,2,5,7,1942,0,0,0,NA,0,17A35,TAMPA AV,NORDHOFF ST,300,N,N,A,-,N,NA,NA,NA,NA,NA,NA,NA,NA,NA,N,3,0,1,2,A,-,09,21801,A,N,-,C,A,A,H,-,A,A,0,NA,NA,NA,NA,Y,NA,A,07,0,1,0,0,0,0,0,0,0,-,-,NA,NA,LOS ANGELES,LOS ANGELES,-118.55355834960938,34.23628234863281
9055103,2020,2020-02-27,1942,2020-01-31,0750,30452,1001,5,5,7,1942,0,0,0,J,0,10A3,CORBIN AV,STRATHERN ST,0,NA,Y,A,-,N,NA,NA,NA,NA,NA,NA,NA,NA,NA,Y,4,0,3,2,A,-,09,21801,A,N,D,C,A,A,H,-,A,A,0,NA,NA,NA,NA,Y,NA,A,01,0,0,3,0,0,0,0,0,0,-,-,NA,NA,LOS ANGELES,LOS ANGELES,-118.5622787475586,34.215579986572266
90551030,2017,2017-09-19,9525,2017-09-09,1258,020847,NA,6,1,5,1906,0,1,1,NA,2,103,I-10 W/B (SAN BERNARDINO FWY),BESS AVE.,1320,E,N,A,-,Y,NA,NA,10,NA,NA,NA,NA,NA,W,N,4,0,1,2,A,-,03,22350,NA,N,C,C,A,A,H,-,A,D,0,NA,NA,NA,NA,Y,NA,A,01,0,0,1,0,0,0,0,0,0,-,-,34.06723,-117.98561,LOS ANGELES,BALDWIN PARK,-117.9855932,34.06710413
90551031,2017,2017-09-19,9530,2017-09-11,1840,021484,NA,1,2,9,1900,0,3,5,NA,2,001,92ND ST.(1400 BLOCK),COMPTON AVE.,140,W,N,A,-,N,NA,NA,NA,NA,NA,NA,NA,NA,NA,N,3,0,1,2,A,-,11,21954,A,N,G,B,D,A,H,-,A,D,0,Y,NA,NA,NA,Y,NA,N,60,0,1,0,0,1,0,0,0,0,-,-,33.95341,-118.24792,LOS ANGELES,UNINCORPORATED,-118.24797044,33.95332646
90551041,2017,2017-09-19,9535,2017-09-10,0905,017148,NA,7,1,3,1968,0,1,3,NA,2,621,SR-60 (POMONA FREEWAY) W/B,SANTA ANITA AVE,375,W,N,A,-,Y,NA,NA,NA,NA,NA,NA,NA,NA,NA,Y,3,0,1,1,A,-,08,22107,NA,N,E,I,A,A,H,-,A,D,0,NA,NA,NA,NA,Y,NA,A,08,0,1,0,0,0,0,0,0,0,-,-,34.0414,-118.06413,LOS ANGELES,SOUTH EL MONTE,-118.05291918,34.04006947
90551042,2017,2017-09-19,9590,2017-09-10,0007,021346,NA,7,3,7,1942,0,1,1,NA,2,052,I-110 N/B (HARBOR FREEWAY),2ND STREET,500,N,N,B,-,Y,NA,NA,110,NA,NA,NA,NA,NA,N,Y,4,0,1,2,A,-,03,22350,NA,N,C,C,A,A,H,-,C,D,0,NA,NA,NA,NA,Y,NA,A,01,0,0,1,0,0,0,0,0,0,-,-,34.05786,-118.25409,LOS ANGELES,LOS ANGELES,-118.2541198,34.05789081
90551045,2017,2017-09-19,9575,2017-09-09,2310,021047,NA,6,3,6,1953,0,1,1,NA,2,063,I-210 W/B (FOOTHILL FREEWAY),WASHINGTON BLVD.,200,E,N,A,-,Y,NA,NA,210,NA,NA,NA,NA,NA,W,Y,3,0,2,2,A,-,07,21658,A,N,B,C,A,A,H,-,C,D,0,NA,NA,NA,NA,Y,NA,A,01,0,1,1,0,0,0,0,0,0,-,-,34.1688,-118.15772,LOS ANGELES,PASADENA,-118.15776668,34.16880341
90551054,2017,2017-09-19,9590,2017-09-09,1945,021789,NA,6,2,7,1942,0,1,1,NA,2,061,I-10 W/B (SANTA MONICA FREEWAY),LA BREA AVENUE,1000,E,N,A,-,Y,NA,NA,10,NA,NA,NA,NA,NA,W,N,4,0,1,3,A,-,03,22350,NA,N,C,C,A,A,H,-,C,D,0,NA,NA,NA,NA,Y,NA,A,01,0,0,1,0,0,0,0,0,0,-,-,34.03482,-118.3427,LOS ANGELES,LOS ANGELES,-118.3426991,34.03476294
90551055,2017,2017-09-19,9550,2017-09-15,2200,020861,NA,5,3,9,1900,0,1,3,NA,2,602,STATE ROUTE 60 (POMONA FREEWAY),NOGALES STREET,1600,E,N,A,-,Y,NA,NA,60,NA,NA,NA,NA,NA,NA,Y,4,0,1,2,A,-,03,22350,NA,N,C,C,A,A,H,-,C,D,0,NA,NA,NA,NA,Y,NA,A,01,0,0,1,0,0,0,0,0,0,-,-,33.9946,-117.88081,LOS ANGELES,UNINCORPORATED,-117.88080767,33.99458455
9055106,2020,2020-03-02,1942,2020-01-07,0650,40029,1751,2,5,7,1942,0,0,0,Q,0,17A35,TOPANGA CANYON BL,LASSEN ST,0,NA,Y,A,-,N,NA,NA,NA,NA,NA,NA,NA,NA,NA,N,4,0,1,2,A,-,08,22100,B,N,A,C,A,A,H,-,A,D,0,NA,NA,NA,NA,Y,NA,A,01,0,0,1,0,0,0,0,0,0,-,-,NA,NA,LOS ANGELES,LOS ANGELES,-118.60604095458984,34.249969482421875
90551062,2017,2017-09-19,9550,2017-09-15,1215,020928,NA,5,1,3,1964,0,1,1,NA,2,501,I-5 NORTHBOUND,CARMENITA RD,190,S,N,B,-,Y,NA,NA,5,NA,NA,NA,NA,NA,N,Y,4,0,2,2,A,-,03,22350,NA,N,C,C,A,A,H,-,A,D,0,NA,NA,NA,NA,Y,NA,A,07,0,0,2,0,0,0,0,0,0,-,-,33.89345,-118.04625,LOS ANGELES,SANTA FE SPRINGS,-118.04620982,33.89352413
9055107,2020,2020-02-27,1942,2020-01-31,1045,42753,1024,5,5,7,1942,0,0,0,J,0,10A83W,RESEDA,VANOWEN,0,NA,Y,A,-,N,NA,NA,NA,NA,NA,NA,NA,NA,NA,N,4,0,1,2,A,-,04,21703,NA,N,C,C,A,A,H,-,A,A,0,NA,NA,NA,NA,Y,NA,A,08,0,0,1,0,0,0,0,0,0,-,-,NA,NA,LOS ANGELES,LOS ANGELES,-118.53604125976564,34.193851470947266
90551073,2017,2017-09-19,9590,2017-06-22,1940,021667,NA,4,2,7,1942,0,1,1,NA,2,052,I-110 N/B (HARBOR FREEWAY),5TH STREET,200,N,N,A,-,Y,NA,NA,110,NA,NA,NA,NA,NA,N,N,4,0,1,2,A,-,03,22350,NA,N,C,C,A,A,H,-,A,D,0,NA,NA,NA,NA,Y,NA,A,01,0,0,1,0,0,0,0,0,0,-,-,34.05349,-118.25816,LOS ANGELES,LOS ANGELES,-118.25818263,34.05350874
90551094,2017,2017-09-19,9535,2017-09-15,1445,019626,NA,5,2,4,1962,0,1,1,NA,2,400,I-10 (SAN BERNARDINO FREEWAY) E/B,JACKSON AVE P.O.C.,80,E,N,A,-,Y,NA,NA,NA,NA,NA,NA,NA,NA,NA,N,4,0,1,4,A,-,03,22350,NA,N,C,C,A,A,H,-,C,D,0,NA,NA,NA,Y,Y,NA,G,25,0,0,1,0,0,0,0,0,0,-,-,34.07168,-119.10357,LOS ANGELES,SAN GABRIEL,NA,NA