CASE_ID,ACCIDENT_YEAR,PROC_DATE,JURIS,COLLISION_DATE,COLLISION_TIME,OFFICER_ID,REPORTING_DISTRICT,DAY_OF_WEEK,CHP_SHIFT,POPULATION,CNTY_CITY_LOC,SPECIAL_COND,BEAT_TYPE,CHP_BEAT_TYPE,CITY_DIVISION_LAPD,CHP_BEAT_CLASS,BEAT_NUMBER,PRIMARY_RD,SECONDARY_RD,DISTANCE,DIRECTION,INTERSECTION,WEATHER_1,WEATHER_2,STATE_HWY_IND,CALTRANS_COUNTY,CALTRANS_DISTRICT,STATE_ROUTE,ROUTE_SUFFIX,POSTMILE_PREFIX,POSTMILE,LOCATION_TYPE,RAMP_INTERSECTION,SIDE_OF_HWY,TOW_AWAY,COLLISION_SEVERITY,NUMBER_KILLED,NUMBER_INJURED,PARTY_COUNT,PRIMARY_COLL_FACTOR,PCF_CODE_OF_VIOL,PCF_VIOL_CATEGORY,PCF_VIOLATION,PCF_VIOL_SUBSECTION,HIT_AND_RUN,TYPE_OF_COLLISION,MVIW,PED_ACTION,ROAD_SURFACE,ROAD_COND_1,ROAD_COND_2,LIGHTING,CONTROL_DEVICE,CHP_ROAD_TYPE,PEDESTRIAN_ACCIDENT,BICYCLE_ACCIDENT,MOTORCYCLE_ACCIDENT,TRUCK_ACCIDENT,NOT_PRIVATE_PROPERTY,ALCOHOL_INVOLVED,STWD_VEHTYPE_AT_FAULT,CHP_VEHTYPE_AT_FAULT,COUNT_SEVERE_INJ,COUNT_VISIBLE_INJ,COUNT_COMPLAINT_PAIN,COUNT_PED_KILLED,COUNT_PED_INJURED,COUNT_BICYCLIST_KILLED,COUNT_BICYCLIST_INJURED,COUNT_MC_KILLED,COUNT_MC_INJURED,PRIMARY_RAMP,SECONDARY_RAMP,LATITUDE,LONGITUDE,COUNTY,CITY,POINT_X,POINT_Y
90553838,2017,2017-09-22,9525,2017-09-18,1510,021074,NA,1,2,4,1905,0,1,1,NA,2,204,I-210 E/B (FOOTHILL FWY),IRWINDALE AVE,1584,E,N,A,-,Y,NA,NA,210,NA,NA,NA,NA,NA,E,N,4,0,1,2,A,-,03,22350,NA,N,C,C,A,A,H,-,A,D,0,NA,NA,NA,NA,Y,NA,A,01,0,0,1,0,0,0,0,0,0,-,-,34.13072,-117.92902,LOS ANGELES,AZUSA,-117.92901959,34.130664
90553847,2017,2017-09-22,9550,2017-09-21,1635,018854,NA,4,2,9,1900,0,1,3,NA,2,601,SR 60 E/B,HACIENDA BOULEVARD,100,E,N,A,-,Y,NA,NA,NA,NA,NA,NA,NA,NA,NA,N,4,0,1,2,A,-,03,22350,NA,N,C,C,A,A,H,-,A,D,0,NA,NA,NA,Y,Y,NA,F,26,0,0,1,0,0,0,0,0,0,-,-,33.00706,-117.965,LOS ANGELES,UNINCORPORATED,-117.96415999,34.00672786
90553868,2017,2017-09-22,9525,2017-09-09,1340,021074,NA,6,1,4,1946,0,1,1,NA,2,212,I-210 E/B (FOOTHILL FWY),MONTEREY AVE,220,E,N,A,-,Y,NA,NA,210,NA,NA,NA,NA,NA,E,N,4,0,1,2,A,-,03,22350,NA,N,C,C,A,A,H,-,A,D,0,NA,NA,NA,Y,Y,NA,F,26,0,0,1,0,0,0,0,0,0,-,-,34.13766,-118.01354,LOS ANGELES,MONROVIA,-118.01356649,34.13760129
90553882,2017,2017-09-22,9525,2017-09-09,1700,021074,NA,6,2,3,1921,0,1,1,NA,2,202,I-210 E/B (FOOTHILL FWY),I-605,138,W,N,A,-,Y,NA,NA,210,NA,NA,NA,NA,NA,E,Y,4,0,1,2,A,-,03,22350,NA,N,C,C,A,A,H,-,A,D,0,NA,NA,NA,NA,Y,NA,A,07,0,0,1,0,0,0,0,0,0,-,-,34.13488,-117.96024,LOS ANGELES,DUARTE,-117.96023563,34.13489897
90553899,2017,2017-09-22,9525,2017-09-20,1440,020042,NA,3,2,1,1934,0,1,1,NA,2,652,I-605 N/B (SAN GABRIEL RIVER FWY),ARROW HIGHWAY,528,N,N,A,-,Y,NA,NA,605,NA,NA,NA,NA,NA,N,Y,4,0,1,2,A,-,03,22350,NA,N,C,C,A,A,H,-,A,D,0,NA,NA,NA,NA,Y,NA,A,01,0,0,1,0,0,0,0,0,0,-,-,34.11583,-117.97667,LOS ANGELES,IRWINDALE,-117.97674201,34.11590201
90553918,2017,2017-09-22,9535,2017-09-16,0005,021441,NA,6,3,5,1943,0,1,1,NA,2,075,I-710 (LONG BEACH FREEWAY) S/B,IMPERIAL HWY,500,N,N,A,-,Y,NA,NA,710,NA,NA,NA,NA,NA,S,Y,3,0,2,1,A,-,08,22107,NA,N,A,I,A,A,H,-,C,D,0,NA,NA,NA,NA,Y,Y,A,01,0,2,0,0,0,0,0,0,0,-,-,33.9307,-118.1792,LOS ANGELES,LYNWOOD,-118.17891567,33.93066129
9055392,2020,2020-05-26,1942,2020-02-10,1250,41003,0753,1,5,7,1942,0,0,0,G,0,7A53,S FAIRFAX AV,WHITWORTH DR,0,NA,Y,A,-,N,NA,NA,NA,NA,NA,NA,NA,NA,NA,N,4,0,1,3,A,-,04,21703,NA,N,C,C,A,A,H,-,A,D,0,NA,NA,NA,NA,Y,NA,I,11,0,0,1,0,0,0,0,0,0,-,-,NA,NA,LOS ANGELES,LOS ANGELES,-118.36495971679688,34.05575180053711
90553925,2017,2017-09-22,9525,2017-09-20,1550,020042,NA,3,2,5,1906,0,1,1,NA,2,104,I-10 E/B (SAN BERNARDINO FWY),FRANCISQUITO AVE,528,W,N,A,-,Y,NA,NA,10,NA,NA,NA,NA,NA,E,N,4,0,1,2,A,-,17,21658,NA,N,C,C,A,A,H,-,A,D,0,NA,NA,NA,NA,Y,NA,A,08,0,0,1,0,0,0,0,0,0,-,-,34.06832,-117.97483,LOS ANGELES,BALDWIN PARK,-117.9748362,34.06836546
90553927,2017,2017-09-22,9535,2017-09-16,1011,017416,NA,6,1,9,1900,0,1,1,NA,2,651,I-605 S/B (SAN GABRIEL RIVER FWY.),VALLEY BLVD,300,S,N,B,-,Y,NA,NA,NA,NA,NA,NA,NA,NA,NA,N,4,0,1,3,A,-,03,22350,NA,M,C,C,A,A,H,-,A,D,0,NA,NA,NA,NA,Y,NA,A,01,0,0,1,0,0,0,0,0,0,-,-,34.05291,-118.07667,LOS ANGELES,UNINCORPORATED,-118.00476835,34.05369482
90553930,2017,2017-09-22,9575,2017-09-13,0554,020902,NA,3,3,7,1942,0,1,1,NA,2,053,I-5 S/B (GOLDEN STATE FREEWAY),TERRA BELLA ST,1200,S,N,A,-,Y,NA,NA,5,NA,NA,NA,NA,NA,S,Y,3,0,1,3,A,-,03,22350,NA,M,C,C,A,A,H,-,C,D,0,NA,NA,NA,NA,Y,NA,A,07,0,1,0,0,0,0,0,0,0,-,-,34.24793,-118.42616,LOS ANGELES,LOS ANGELES,-118.42606745,34.24802806
90553933,2017,2017-09-22,9525,2017-09-18,1522,021229,NA,1,2,6,1975,0,1,1,NA,2,104,I-10 E/B (SAN BERNARDINO FWY),PACIFIC AVE,1320,W,N,A,-,Y,NA,NA,10,NA,NA,NA,NA,NA,E,Y,2,0,1,2,A,-,07,21658,A,N,B,C,A,A,D,E,A,D,0,NA,NA,Y,NA,Y,NA,D,22,1,0,0,0,0,0,0,0,1,-,-,34.07172,-117.94699,LOS ANGELES,WEST COVINA,-117.94698301,34.07165239
90553939,2017,2017-09-22,9525,2017-09-02,1620,021392,NA,6,2,6,1975,0,1,1,NA,2,104,I-10 E/B (SAN BERNARDINO FWY),VINCENT AVE,200,W,N,A,-,Y,NA,NA,10,NA,NA,NA,NA,NA,E,Y,4,0,1,2,A,-,03,22350,NA,N,C,C,A,A,H,-,A,D,0,NA,NA,NA,NA,Y,NA,A,01,0,0,1,0,0,0,0,0,0,-,-,34.07223,-117.92707,LOS ANGELES,WEST COVINA,-117.92707011,34.07221406
90553944,2017,2017-09-22,9525,2017-09-17,1920,021074,NA,7,2,4,1905,0,1,1,NA,2,204,I-210 E/B (FOOTHILL FWY),AZUSA AVE,1584,W,N,A,-,Y,NA,NA,210,NA,NA,NA,NA,NA,E,N,4,0,1,2,A,-,07,21658,A,F,B,C,A,A,H,-,A,D,0,NA,NA,NA,NA,Y,NA,-,99,0,0,1,0,0,0,0,0,0,-,-,34.12263,-117.9124,LOS ANGELES,AZUSA,-117.91242839,34.12260137
90553955,2017,2017-09-22,9550,2017-09-13,0750,018187,NA,3,1,9,1900,0,3,5,NA,2,002,MULBERRY DR (EASTBOUND),LAUREL AVE,0,NA,Y,B,-,N,NA,NA,NA,NA,NA,NA,NA,NA,NA,Y,4,0,3,3,A,-,09,21801,A,N,D,C,A,A,H,-,A,A,0,NA,NA,NA,NA,Y,NA,A,01,0,0,3,0,0,0,0,0,0,-,-,33.95114,-118.03917,LOS ANGELES,UNINCORPORATED,-118.03921005,33.95107009
90553958,2017,2017-09-22,9580,2017-09-12,0920,017228,NA,2,1,7,1942,0,1,3,NA,2,171,SR-170 S/B (HOLLYWOOD FWY.),MAGNOLIA BOULEVARD,100,S,N,A,-,Y,NA,NA,170,NA,NA,NA,NA,NA,S,N,3,0,1,2,A,-,07,21658,A,N,B,C,A,A,H,-,A,D,0,NA,NA,Y,NA,Y,NA,A,07,0,1,0,0,0,0,0,0,1,-,-,34.16399,-118.38248,LOS ANGELES,LOS ANGELES,-118.38242811,34.1640127
90553965,2017,2017-09-22,9525,2017-09-21,0645,017506,NA,4,1,5,1906,0,1,1,NA,2,103,I-10 W/B (SAN BERNARDINO FWY),BALDWIN PARK BLVD,500,E,N,B,-,Y,NA,NA,10,NA,NA,NA,NA,NA,W,N,4,0,1,2,A,-,03,22350,NA,N,C,C,A,A,H,-,A,D,0,NA,NA,NA,NA,Y,NA,A,01,0,0,1,0,0,0,0,0,0,-,-,34.06875,-117.97709,LOS ANGELES,BALDWIN PARK,-117.97702572,34.06824235
90553966,2017,2017-09-22,9540,2017-09-19,0705,014902,NA,2,1,6,1985,0,1,3,NA,1,145,SR-14 S/B (ANTELOPE VALLEY FWY),CEDAR VALLEY WAY,1900,S,N,B,-,Y,NA,NA,14,NA,NA,NA,NA,NA,S,Y,2,0,1,4,A,-,07,21658,A,F,B,C,A,A,H,-,A,D,0,NA,NA,Y,NA,Y,NA,-,99,1,0,0,0,0,0,0,0,1,-,-,34.39739,-118.46412,LOS ANGELES,SANTA CLARITA,-118.46410678,34.39736784
90553971,2017,2017-09-22,9590,2017-09-12,0647,016230,NA,2,1,7,1942,0,1,1,NA,2,061,I-10 W/B SMF,WESTERN AVE,340,E,N,B,-,Y,NA,NA,10,NA,NA,NA,NA,NA,W,Y,4,0,1,2,A,-,07,21658,A,N,C,C,A,A,H,-,A,D,0,NA,NA,Y,NA,Y,NA,D,22,0,0,1,0,0,0,0,0,1,-,-,34.03724,-118.30555,LOS ANGELES,LOS ANGELES,-118.30555018,34.0372243
90554026,2017,2017-09-22,9535,2017-09-15,0915,015632,NA,5,1,7,1942,0,1,1,NA,2,111,I-10 (SAN BERNARDINO FREEWAY) W/B,MISSION RD.,450,E,N,B,-,Y,NA,NA,10,NA,NA,NA,NA,NA,W,Y,4,0,1,3,A,-,03,22350,NA,N,C,C,A,A,H,-,A,D,0,NA,NA,NA,NA,Y,NA,A,01,0,0,1,0,0,0,0,0,0,-,-,34.05292,-118.22509,LOS ANGELES,LOS ANGELES,-118.22454504,34.05266482
9055404,2020,2020-03-06,1942,2020-02-03,1026,33458,1781,1,5,7,1942,0,0,0,Q,0,17A81,MASON AV,NORDHOFF ST,0,NA,Y,A,-,N,NA,NA,NA,NA,NA,NA,NA,NA,NA,N,4,0,1,2,A,-,12,21453,A,N,D,C,A,A,H,-,A,D,0,NA,NA,NA,NA,Y,NA,A,07,0,0,1,0,0,0,0,0,0,-,-,NA,NA,LOS ANGELES,LOS ANGELES,-118.57974243164064,34.23181915283203
90554041,2017,2017-09-22,9580,2017-09-14,0750,016523,NA,4,1,7,1942,0,1,3,NA,2,116,SR-118 E/B (RONALD REAGAN FWY.),BALBOA BLVD,350,W,N,A,-,Y,NA,NA,118,NA,NA,NA,NA,NA,E,Y,4,0,2,3,A,-,03,22350,NA,N,B,C,A,A,H,-,A,D,0,NA,NA,NA,NA,Y,NA,A,01,0,0,2,0,0,0,0,0,0,-,-,34.27782,-118.50576,LOS ANGELES,LOS ANGELES,-118.50576256,34.27791271
90554070,2017,2017-09-22,9535,2017-09-21,0930,020347,NA,4,1,9,1900,0,2,4,NA,2,022,OLYMPIC BLVD,ATLANITC BLVD,0,NA,Y,A,-,Y,NA,NA,NA,NA,NA,NA,NA,NA,NA,Y,4,0,1,2,A,-,09,21801,A,N,D,C,A,B,H,-,A,A,0,NA,NA,NA,NA,Y,NA,A,01,0,0,1,0,0,0,0,0,0,-,-,34.01627,-118.15854,LOS ANGELES,UNINCORPORATED,-118.15854004,34.01630001
9055408,2020,2020-03-10,1942,2020-01-25,1220,32263,1737,6,5,7,1942,0,0,0,Q,0,17A35,SAN FERNANDO MISSION BL,GERALD AV,290,W,N,A,-,N,NA,NA,NA,NA,NA,NA,NA,NA,NA,Y,3,0,2,4,A,-,05,21460,A,N,D,E,A,A,H,-,A,D,0,NA,NA,NA,NA,Y,NA,A,01,0,1,1,0,0,0,0,0,0,-,-,NA,NA,LOS ANGELES,LOS ANGELES,-118.49547576904295,34.27199935913086
90554101,2017,2017-09-22,9580,2017-09-12,1445,021498,NA,2,2,7,1942,0,1,2,NA,2,103,US-101 S/B (VENTURA FREEWAY),SEPULVEDA BLVD,100,S,N,A,-,Y,NA,NA,101,NA,NA,NA,NA,NA,S,Y,3,0,1,2,A,-,03,22350,NA,N,C,C,A,A,H,-,A,D,0,NA,NA,Y,NA,Y,NA,C,02,0,1,0,0,0,0,0,0,1,-,-,34.15933,-118.46535,LOS ANGELES,LOS ANGELES,-118.46534999000001,34.15931453
90554103,2017,2017-09-22,9530,2017-09-17,0730,020315,NA,7,1,7,1942,0,3,5,NA,2,001,FIRESTONE BOULEVARD (2100 BLOCK),JUNIPER STREET,13,W,N,A,-,N,NA,NA,NA,NA,NA,NA,NA,NA,NA,Y,4,0,1,1,A,-,08,22107,NA,N,E,I,A,A,H,-,A,D,0,NA,NA,NA,NA,Y,NA,A,01,0,0,1,0,0,0,0,0,0,-,-,33.9591,-118.2331,LOS ANGELES,LOS ANGELES,-118.23291337,33.95933986
90554106,2017,2017-09-22,9580,2017-09-16,1700,021498,NA,6,2,7,1942,0,1,2,NA,2,105,US-101 S/B (VENTURA FREEWAY),SR-27 N/B (TOPANGA CYN. BLVD.),528,S,N,A,-,Y,NA,NA,101,NA,NA,NA,NA,NA,S,Y,3,0,1,3,A,-,03,22350,NA,N,C,C,A,A,H,-,A,D,0,NA,NA,NA,Y,Y,NA,G,25,0,1,0,0,0,0,0,0,0,-,-,34.16987,-118.60109,LOS ANGELES,LOS ANGELES,-118.6010828,34.16991678
90554108,2017,2017-09-22,9590,2017-08-31,0640,021673,NA,4,1,7,1942,0,1,1,NA,2,012,SR-110 N/B,YORK BLVD.,1000,N,N,A,-,Y,NA,NA,110,NA,NA,NA,NA,NA,N,N,4,0,1,1,A,-,08,22107,NA,N,E,I,A,A,H,-,A,D,0,NA,NA,NA,NA,Y,NA,A,07,0,0,1,0,0,0,0,0,0,-,-,34.11446,-118.1733,LOS ANGELES,LOS ANGELES,-118.17332692,34.11449728
9055412,2020,2020-09-11,1942,2020-01-17,1550,38191,1714,5,5,7,1942,0,0,0,Q,0,17A35,RINALDI ST,CHIMINEAS AV,0,NA,Y,A,-,N,NA,NA,NA,NA,NA,NA,NA,NA,NA,Y,4,0,1,2,A,-,09,21801,A,N,D,C,A,A,H,-,A,A,0,NA,NA,NA,NA,Y,NA,A,07,0,0,1,0,0,0,0,0,0,-,-,NA,NA,LOS ANGELES,LOS ANGELES,-118.5302276611328,34.27799987792969
90554130,2017,2017-09-22,9525,2017-09-06,1735,019495,NA,3,2,6,1975,0,1,1,NA,2,104,I-10 E/B (SAN BERNARDINO FWY),PACIFIC AVE,2640,W,N,A,-,Y,NA,NA,10,NA,NA,NA,NA,NA,E,N,4,0,5,2,A,-,03,22350,NA,F,C,C,A,A,C,D,A,D,0,NA,NA,NA,NA,Y,NA,A,08,0,0,5,0,0,0,0,0,0,-,-,34.0707,-117.9557,LOS ANGELES,WEST COVINA,-117.95570557,34.07074936
90554147,2017,2017-09-22,9580,2017-09-13,0915,016523,NA,3,1,7,1942,0,1,1,NA,2,407,I-405 S/B (SAN DIEGO FWY),STAGG ST,20,S,N,B,-,Y,NA,NA,405,NA,NA,NA,NA,NA,S,Y,2,0,3,2,A,-,03,22350,NA,N,C,C,A,A,H,-,A,D,0,NA,NA,NA,NA,Y,NA,A,01,1,0,2,0,0,0,0,0,0,-,-,34.212,-118.47351,LOS ANGELES,LOS ANGELES,-118.47341138,34.21199903
9055415,2020,2020-05-20,1942,2020-02-20,1700,42539,0325,4,5,7,1942,0,0,0,C,0,NA,W ADAMS BL,CATALINA ST,0,NA,Y,A,-,N,NA,NA,NA,NA,NA,NA,NA,NA,NA,N,3,0,1,2,A,-,10,21950,A,N,G,B,B,A,H,-,A,A,0,Y,NA,NA,NA,Y,NA,D,22,0,1,0,0,1,0,0,0,0,-,-,NA,NA,LOS ANGELES,LOS ANGELES,-118.29422760009766,34.03276062011719
90554159,2017,2017-09-22,9580,2017-09-11,0310,020573,NA,1,3,7,1942,0,1,2,NA,2,105,US-101 S/B (VENTURA FREEWAY),WHITE OAK AVE,950,S,N,A,-,Y,NA,NA,101,NA,NA,NA,NA,NA,S,Y,4,0,1,2,D,-,00,NA,NA,N,C,C,A,A,H,-,C,D,0,NA,NA,NA,NA,Y,NA,-,-,0,0,1,0,0,0,0,0,0,-,-,34.17114,-118.5149,LOS ANGELES,LOS ANGELES,-118.51489956,34.17108629
9055416,2020,2020-03-16,1942,2020-01-21,0535,43095,1718,2,5,7,1942,0,0,0,Q,0,17A49,SAN FERNANDO MISSION BL,HASKELL AV,2,E,N,A,-,N,NA,NA,NA,NA,NA,NA,NA,NA,NA,N,3,0,1,2,A,-,10,21950,NA,N,A,B,B,A,H,-,C,A,0,Y,NA,NA,NA,Y,Y,D,22,0,1,0,0,1,0,0,0,0,-,-,NA,NA,LOS ANGELES,LOS ANGELES,-118.47595977783205,34.27185821533203
90554178,2017,2017-09-22,9525,2017-08-27,1725,021074,NA,7,2,4,1905,0,1,1,NA,2,203,I-210 W/B (FOOTHILL FWY),AZUSA AVE,1584,E,N,A,-,Y,NA,NA,210,NA,NA,NA,NA,NA,W,N,4,0,1,2,A,-,03,22350,NA,N,C,C,A,A,H,-,A,D,0,NA,NA,NA,NA,Y,NA,A,07,0,0,1,0,0,0,0,0,0,-,-,34.12112,-117.90269,LOS ANGELES,AZUSA,-117.90268828,34.12109207
9055419,2020,2020-05-27,1942,2020-02-08,1740,38953,1827,6,5,7,1942,0,0,0,R,0,18H51,103RD ST,WILMINGTON,15,E,N,A,-,N,NA,NA,NA,NA,NA,NA,NA,NA,NA,Y,4,0,3,2,A,-,08,22107,NA,N,B,C,A,A,H,-,C,A,0,NA,NA,NA,Y,Y,NA,F,24,0,0,3,0,0,0,0,0,0,-,-,NA,NA,LOS ANGELES,LOS ANGELES,-118.23904418945313,33.94316101074219
90554192,2017,2017-09-22,9530,2017-09-16,1720,021792,NA,6,2,7,1942,0,1,1,NA,2,120,I-110 S/B (HARBOR FREEWAY),LOMITA BLVD.,960,S,N,A,-,Y,NA,NA,110,NA,NA,NA,NA,NA,S,Y,4,0,1,3,A,-,03,22350,NA,N,C,C,A,A,H,-,A,D,0,NA,NA,NA,NA,Y,NA,A,07,0,0,1,0,0,0,0,0,0,-,-,33.79481,-118.28485,LOS ANGELES,LOS ANGELES,-118.28467443,33.79492587
90554197,2017,2017-09-22,9525,2017-09-21,0525,016679,NA,4,3,5,1926,0,1,1,NA,2,205,SR-210 W/B (FOOTHILL FWY),LONE HILL AVE,120,W,N,B,C,Y,NA,NA,210,NA,NA,NA,NA,NA,W,N,4,0,1,2,A,-,08,22107,NA,N,B,C,A,B,H,-,C,D,0,NA,NA,NA,Y,Y,NA,D,22,0,0,1,0,0,0,0,0,0,-,-,34.1211,-117.8297,LOS ANGELES,GLENDORA,-117.82969617,34.12115503
9055420,2020,2020-03-06,1942,2020-02-15,1335,26319,1509,6,5,7,1942,0,0,0,O,0,26TL73,VINELAND AV,SHERMAN WY,40,N,N,A,-,N,NA,NA,NA,NA,NA,NA,NA,NA,NA,N,4,0,1,3,A,-,04,21703,NA,N,C,C,A,A,H,-,A,D,0,NA,NA,NA,NA,Y,NA,D,22,0,0,1,0,0,0,0,0,0,-,-,NA,NA,LOS ANGELES,LOS ANGELES,-118.37032318115234,34.201290130615234
90554228,2017,2017-09-22,9590,2017-08-29,1120,016243,NA,2,1,7,1942,0,1,1,NA,2,085,I-5 S/B,LOS FELIZ BLVD,20,S,N,A,-,Y,NA,NA,5,NA,NA,NA,NA,NA,S,N,3,0,2,4,A,-,03,22350,NA,N,C,C,A,A,H,-,A,D,0,NA,NA,NA,NA,Y,NA,D,22,0,1,1,0,0,0,0,0,0,-,-,34.12051,-118.27121,LOS ANGELES,LOS ANGELES,-118.27129014,34.12046977
9055424,2020,2020-03-06,1942,2020-02-10,1020,40634,0939,1,5,7,1942,0,0,0,I,0,9A37,OXNARD ST,FULTON AV,0,NA,Y,A,-,N,NA,NA,NA,NA,NA,NA,NA,NA,NA,Y,4,0,1,3,A,-,09,21801,A,N,D,C,A,A,H,-,A,A,0,NA,NA,NA,Y,Y,NA,A,01,0,0,1,0,0,0,0,0,0,-,-,NA,NA,LOS ANGELES,LOS ANGELES,-118.42250823974608,34.17940139770508
90554294,2017,2017-12-19,9590,2017-09-16,0955,021084,NA,6,1,7,1942,0,1,1,NA,2,083,I-5 SB (GOLDEN STATE FREEWAY),BROADWAY,1000,S,N,A,-,Y,NA,NA,5,NA,NA,NA,NA,NA,S,N,4,0,3,4,A,-,08,22107,NA,F,B,C,A,A,H,-,A,D,0,NA,NA,NA,NA,Y,NA,A,01,0,0,3,0,0,0,0,0,0,-,-,34.06954,-118.21748,LOS ANGELES,LOS ANGELES,-118.21750057,34.0695269
90554303,2017,2017-09-22,9590,2017-09-17,1050,021084,NA,7,1,7,1942,0,1,1,NA,2,050,I-110 NB (HARBOR FREEWAY),42ND STREET,100,S,N,A,-,Y,NA,NA,110,NA,NA,NA,NA,NA,N,N,3,0,1,2,A,-,03,22350,NA,N,C,C,A,A,H,-,A,D,0,NA,NA,NA,NA,Y,NA,A,01,0,1,0,0,0,0,0,0,0,-,-,34.00633,-118.28096,LOS ANGELES,LOS ANGELES,-118.28096237,34.00633003
90554306,2017,2017-09-22,9550,2017-09-21,1455,021202,NA,4,2,9,1900,0,3,5,NA,2,002,COLIMA ROAD,LAMBERT ROAD,50,S,N,A,-,N,NA,NA,NA,NA,NA,NA,NA,NA,NA,N,4,0,1,2,A,-,21,22106,NA,N,C,C,A,A,H,-,A,D,0,NA,NA,NA,NA,Y,NA,A,01,0,0,1,0,0,0,0,0,0,-,-,33.94187,-118.01220000000001,LOS ANGELES,UNINCORPORATED,-118.01178178,33.94199105
90554308,2017,2017-09-22,9550,2017-09-19,1505,018187,NA,2,2,9,1900,0,3,5,NA,2,002,LELAND AVE (SOUTHBOUND),SARANAC DR,0,NA,Y,A,-,N,NA,NA,NA,NA,NA,NA,NA,NA,NA,Y,4,0,2,2,A,-,08,22107,NA,N,A,C,A,A,H,-,A,D,0,NA,NA,NA,NA,Y,NA,A,01,0,0,2,0,0,0,0,0,0,-,-,33.919200000000004,-118.04197,LOS ANGELES,UNINCORPORATED,-118.0419701,33.91912003
9055432,2020,2020-03-06,1942,2020-02-02,1010,43881,1785,7,5,7,1942,0,0,0,Q,0,17A35,PARTHENIA ST,ETIWANDA AV,95,E,N,A,-,N,NA,NA,NA,NA,NA,NA,NA,NA,NA,Y,3,0,1,2,A,-,03,22350,NA,N,B,E,A,A,H,-,A,D,0,NA,NA,NA,NA,Y,NA,A,01,0,1,0,0,0,0,0,0,0,-,-,NA,NA,LOS ANGELES,LOS ANGELES,-118.53203582763672,34.22868728637695
90554386,2017,2017-09-25,9590,2017-07-21,0855,021671,NA,5,1,7,1942,0,1,1,NA,2,052,I-110 N/B (HARBOR FREEWAY),I-10 (SMF),200,S,N,A,-,Y,NA,NA,110,NA,NA,NA,NA,NA,N,Y,4,0,1,2,A,-,03,22350,NA,N,C,C,A,A,H,-,A,D,0,NA,NA,NA,NA,Y,NA,A,01,0,0,1,0,0,0,0,0,0,-,-,34.03716,-118.27407,LOS ANGELES,LOS ANGELES,-118.27404529,34.03715648
90554387,2017,2017-09-25,9590,2017-09-02,1630,021673,NA,6,2,7,1942,0,1,1,NA,2,080,I-5 N/B (GSF),MAIN ST.,620,S,N,A,-,Y,NA,NA,5,NA,NA,NA,NA,NA,N,N,4,0,1,2,A,-,03,22350,NA,N,C,C,A,A,H,-,A,D,0,NA,NA,NA,NA,Y,NA,D,22,0,0,1,0,0,0,0,0,0,-,-,34.06594,-118.21616,LOS ANGELES,LOS ANGELES,-118.21616368,34.06593985
90554393,2017,2017-09-25,9590,2017-07-23,1608,021757,NA,7,2,7,1942,0,1,1,NA,2,050,I-110 N/B (HARBOR FREEWAY),MARTIN LUTHER KING BLVD,670,N,N,A,-,Y,NA,NA,110,NA,NA,NA,NA,NA,N,N,3,0,2,2,A,-,03,22350,NA,N,C,C,A,A,H,-,A,D,0,NA,NA,NA,NA,Y,NA,A,01,0,1,1,0,0,0,0,0,0,-,-,34.01298,-118.28065,LOS ANGELES,LOS ANGELES,-118.28089261,34.0129824
90554394,2017,2017-09-25,9590,2017-07-07,0020,021133,NA,5,3,7,1942,0,1,1,NA,2,050,I-110 N/B (HARBOR FREEWAY),59TH PLACE,300,N,N,A,-,Y,NA,NA,NA,NA,NA,NA,NA,NA,NA,Y,4,0,1,2,A,-,07,21658,A,N,C,C,A,A,H,-,C,D,0,NA,NA,NA,NA,Y,NA,D,22,0,0,1,0,0,0,0,0,0,-,-,34.9869,-118.28022,LOS ANGELES,LOS ANGELES,-118.28038046,33.98681268
90554397,2017,2017-09-25,9590,2017-07-23,1050,021606,NA,7,1,7,1942,0,1,1,NA,2,061,I-10 W/B (SANTA MONICA FREEWAY),6TH AVE,50,E,N,A,-,Y,NA,NA,10,NA,NA,NA,NA,NA,W,Y,3,0,1,3,A,-,03,22350,NA,N,C,C,A,A,H,-,A,D,0,NA,NA,NA,NA,Y,NA,A,01,0,1,0,0,0,0,0,0,0,-,-,34.03593,-118.32325,LOS ANGELES,LOS ANGELES,-118.32326098,34.03600663
9055440,2020,2020-05-20,1942,2020-02-12,2300,43847,1796,3,5,7,1942,0,0,0,Q,0,17A49,RAYEN ST,MCLENNAN AV,200,E,N,A,-,N,NA,NA,NA,NA,NA,NA,NA,NA,NA,Y,3,0,1,2,A,-,03,22350,NA,M,C,E,A,A,H,-,D,A,0,NA,NA,NA,NA,Y,NA,A,01,0,1,0,0,0,0,0,0,0,-,-,NA,NA,LOS ANGELES,LOS ANGELES,-118.50020599365234,34.23210525512695
90554439,2017,2017-09-25,9535,2017-09-21,1805,019626,NA,4,2,5,1901,0,1,1,NA,2,421,I-10 (SAN BERNARDINO FREEWAY) W/B,ALMANSOR ST OVPS,100,E,N,A,-,Y,NA,NA,10,NA,NA,NA,NA,NA,W,N,4,0,1,3,A,-,03,22350,NA,N,C,C,A,A,H,-,A,D,0,NA,NA,NA,NA,Y,NA,A,08,0,0,1,0,0,0,0,0,0,-,-,34.07194,-118.11693,LOS ANGELES,ALHAMBRA,-118.11692929,34.07188069