CASE_ID,ACCIDENT_YEAR,PROC_DATE,JURIS,COLLISION_DATE,COLLISION_TIME,OFFICER_ID,REPORTING_DISTRICT,DAY_OF_WEEK,CHP_SHIFT,POPULATION,CNTY_CITY_LOC,SPECIAL_COND,BEAT_TYPE,CHP_BEAT_TYPE,CITY_DIVISION_LAPD,CHP_BEAT_CLASS,BEAT_NUMBER,PRIMARY_RD,SECONDARY_RD,DISTANCE,DIRECTION,INTERSECTION,WEATHER_1,WEATHER_2,STATE_HWY_IND,CALTRANS_COUNTY,CALTRANS_DISTRICT,STATE_ROUTE,ROUTE_SUFFIX,POSTMILE_PREFIX,POSTMILE,LOCATION_TYPE,RAMP_INTERSECTION,SIDE_OF_HWY,TOW_AWAY,COLLISION_SEVERITY,NUMBER_KILLED,NUMBER_INJURED,PARTY_COUNT,PRIMARY_COLL_FACTOR,PCF_CODE_OF_VIOL,PCF_VIOL_CATEGORY,PCF_VIOLATION,PCF_VIOL_SUBSECTION,HIT_AND_RUN,TYPE_OF_COLLISION,MVIW,PED_ACTION,ROAD_SURFACE,ROAD_COND_1,ROAD_COND_2,LIGHTING,CONTROL_DEVICE,CHP_ROAD_TYPE,PEDESTRIAN_ACCIDENT,BICYCLE_ACCIDENT,MOTORCYCLE_ACCIDENT,TRUCK_ACCIDENT,NOT_PRIVATE_PROPERTY,ALCOHOL_INVOLVED,STWD_VEHTYPE_AT_FAULT,CHP_VEHTYPE_AT_FAULT,COUNT_SEVERE_INJ,COUNT_VISIBLE_INJ,COUNT_COMPLAINT_PAIN,COUNT_PED_KILLED,COUNT_PED_INJURED,COUNT_BICYCLIST_KILLED,COUNT_BICYCLIST_INJURED,COUNT_MC_KILLED,COUNT_MC_INJURED,PRIMARY_RAMP,SECONDARY_RAMP,LATITUDE,LONGITUDE,COUNTY,CITY,POINT_X,POINT_Y
90563565,2017,2017-10-05,9550,2017-10-03,1300,015746,NA,2,1,9,1900,0,1,3,NA,2,602,STATE ROUTE 60 (POMONA FREEWAY),NOGALES STREET,1500,E,N,B,-,Y,NA,NA,60,NA,NA,NA,NA,NA,NA,N,4,0,1,3,A,-,03,22350,NA,F,C,C,A,A,H,-,A,D,0,NA,NA,NA,NA,Y,NA,A,08,0,0,1,0,0,0,0,0,0,-,-,33.99453,-117.8822,LOS ANGELES,UNINCORPORATED,-117.88220954,33.99459253
9056357,2019,2020-03-18,1942,2019-12-11,1045,43139,NA,3,5,7,1942,0,0,0,NA,0,13A75,SAN PEDRO ST,ADAM BL,0,NA,Y,A,-,N,NA,NA,NA,NA,NA,NA,NA,NA,NA,Y,4,0,2,3,A,-,12,21453,NA,N,C,C,A,A,H,-,A,A,0,NA,NA,NA,NA,Y,NA,-,-,0,0,2,0,0,0,0,0,0,-,-,NA,NA,LOS ANGELES,LOS ANGELES,-118.26129913330078,34.02159881591797
9056359,2020,2020-03-23,1956,2020-02-29,1523,1315,18,6,5,5,1956,0,0,0,NA,0,001,EMERALD ST,S HELBERTA AV,0,NA,Y,A,-,N,NA,NA,NA,NA,NA,NA,NA,NA,NA,Y,2,0,2,2,C,-,18,NA,NA,N,D,C,A,A,H,-,A,A,0,NA,NA,NA,Y,Y,NA,-,-,1,1,0,0,0,0,0,0,0,-,-,NA,NA,LOS ANGELES,REDONDO BEACH,-118.38178253173828,33.842288970947266
9056361,2019,2020-03-17,1942,2019-12-29,1911,42578,1346,7,5,7,1942,0,0,0,M,0,13X94,VERNON AV,COMPTON AV,0,NA,Y,A,-,NA,NA,NA,NA,NA,NA,NA,NA,NA,NA,Y,2,0,4,2,A,-,08,22107,NA,N,A,C,A,B,H,-,C,A,0,NA,NA,NA,NA,Y,NA,A,01,2,0,2,0,0,0,0,0,0,-,-,NA,NA,LOS ANGELES,LOS ANGELES,-118.24774169921876,34.00389862060547
90563623,2017,2017-10-05,9550,2017-09-28,0734,020025,NA,4,1,6,1920,0,1,1,NA,2,150,INTERSTATE 105 (CENTURY FREEWAY),BELLFLOWER BOULEVARD,800,E,N,A,-,Y,NA,NA,105,NA,NA,NA,NA,NA,NA,N,3,0,1,2,A,-,06,21755,NA,N,B,C,A,A,H,-,A,D,0,NA,NA,Y,NA,Y,NA,C,02,0,1,0,0,0,0,0,0,1,-,-,33.91322,-118.12261,LOS ANGELES,DOWNEY,-118.12260826,33.91319378
9056364,2020,2020-03-19,1900,2020-03-06,1640,639895,1012,5,5,3,1995,0,0,0,NA,0,101T2,KANAN DUME RD,RT 1,213,N,N,B,-,N,NA,NA,NA,NA,NA,NA,NA,NA,NA,Y,3,0,1,2,A,-,03,22350,NA,N,C,C,A,A,H,-,A,D,0,NA,NA,NA,NA,Y,NA,A,07,0,1,0,0,0,0,0,0,0,-,-,34.02199172973633,-118.80235290527344,LOS ANGELES,MALIBU,-118.80242919921876,34.02208709716797
9056365,2019,2020-03-16,1942,2019-12-22,2145,42534,1346,7,5,7,1942,0,0,0,M,0,13A43,COMPTON,VERNON,120,S,N,C,-,N,NA,NA,NA,NA,NA,NA,NA,NA,NA,N,3,0,3,2,A,-,03,22350,NA,N,B,E,A,B,H,-,C,-,0,NA,NA,NA,NA,Y,NA,A,01,0,1,2,0,0,0,0,0,0,-,-,NA,NA,LOS ANGELES,LOS ANGELES,-118.24778747558594,34.00357437133789
90563653,2017,2017-10-05,9530,2017-09-23,2030,021470,NA,6,2,7,1942,0,1,1,NA,2,200,I-105 E/B (GLENN ANDERSON FWY),STANFORD AVE.,550,E,N,A,-,Y,NA,NA,105,NA,NA,NA,NA,NA,E,Y,3,0,1,1,A,-,08,22107,NA,N,F,J,A,A,H,-,D,D,0,NA,NA,NA,NA,Y,NA,A,07,0,1,0,0,0,0,0,0,0,-,-,33.92748,-118.26038,LOS ANGELES,LOS ANGELES,-118.26037812,33.92730876
90563660,2017,2017-10-05,9550,2017-09-30,1710,021202,NA,6,2,5,1908,0,1,3,NA,2,091,STATE ROUTE 91 (ARTESIA FREEWAY),LAKEWOOD BOULEVARD,1500,E,N,A,-,Y,NA,NA,91,NA,NA,NA,NA,NA,NA,Y,3,0,1,3,A,-,03,22350,NA,N,C,C,A,A,H,-,A,D,0,NA,NA,NA,NA,Y,NA,A,01,0,1,0,0,0,0,0,0,0,-,-,33.87701,-118.1355,LOS ANGELES,BELLFLOWER,-118.13550093,33.8771097
9056369,2019,2020-03-17,1942,2019-12-11,1500,43884,1309,3,5,7,1942,0,0,0,M,0,13A9,ALAMEDA ST,15TH ST,10,W,N,A,-,N,NA,NA,NA,NA,NA,NA,NA,NA,NA,Y,2,0,2,3,A,-,12,21453,A,N,D,C,A,A,H,-,A,A,0,NA,NA,NA,NA,Y,NA,A,01,1,0,1,0,0,0,0,0,0,-,-,NA,NA,LOS ANGELES,LOS ANGELES,NA,NA
90563694,2017,2017-10-05,9590,2017-07-30,1220,021671,NA,7,1,7,1942,0,1,1,NA,2,050,I-110 N/B (HARBOR FREEWAY),COLDEN AVENUE,200,N,N,A,-,Y,NA,NA,110,NA,NA,NA,NA,NA,N,N,4,0,1,2,A,-,07,21658,A,M,B,C,A,A,H,-,A,D,0,NA,NA,NA,NA,Y,NA,-,99,0,0,1,0,0,0,0,0,0,-,-,33.95059,-118.2798,LOS ANGELES,LOS ANGELES,-118.27980342,33.9505893
9056370,2020,2020-03-23,1926,2020-02-20,1518,0131,4,4,5,5,1926,0,0,0,NA,0,004,E GLADSTONE ST,VALLEY CENTER AV,0,NA,Y,A,-,N,NA,NA,NA,NA,NA,NA,NA,NA,NA,Y,2,0,1,2,A,-,08,22107,NA,N,D,C,A,A,H,-,A,A,0,NA,NA,NA,Y,Y,NA,F,26,1,0,0,0,0,0,0,0,0,-,-,34.11394119262695,-117.83766174316406,LOS ANGELES,GLENDORA,-117.837646484375,34.11394119262695
90563710,2017,2017-10-05,9530,2017-09-26,0905,018745,NA,2,1,7,1941,0,1,1,NA,2,072,I-710 S/B (LONG BEACH FREEWAY),PACIFIC COAST HWY.,2640,N,N,A,-,Y,NA,NA,710,NA,NA,NA,NA,NA,S,Y,4,0,1,3,A,-,03,22350,NA,N,C,C,A,A,H,-,A,D,0,NA,NA,NA,Y,Y,NA,G,25,0,0,1,0,0,0,0,0,0,-,-,33.79734,-118.20706,LOS ANGELES,LONG BEACH,-118.20703464,33.79733975
9056373,2019,2020-03-16,1942,2019-12-11,1510,43257,1317,3,5,7,1942,0,0,0,M,0,17X71,HOOPER AV,WASHINGTON,3,N,N,A,-,N,NA,NA,NA,NA,NA,NA,NA,NA,NA,N,4,0,1,2,A,-,09,21800,NA,N,D,G,A,A,H,-,A,A,0,NA,Y,NA,NA,Y,NA,A,01,0,0,1,0,0,0,1,0,0,-,-,NA,NA,LOS ANGELES,LOS ANGELES,-118.24605560302734,34.02189636230469
90563731,2017,2017-10-05,9550,2017-09-29,0800,021166,NA,5,1,9,1900,0,3,5,NA,2,002,BEATY AVE.,FIDEL AVE.,0,NA,Y,A,-,N,NA,NA,NA,NA,NA,NA,NA,NA,NA,N,3,0,2,3,A,-,10,21950,A,N,G,B,B,A,H,-,A,D,0,Y,NA,NA,NA,Y,NA,A,01,0,1,1,0,2,0,0,0,0,-,-,33.9241,-118.0513,LOS ANGELES,UNINCORPORATED,-118.05114005,33.92418003
9056377,2019,2020-03-16,1942,2019-12-11,1510,43150,1321,3,5,7,1942,0,0,0,M,0,13A75,WASHINGTON BL,HILL ST,0,NA,Y,A,-,N,NA,NA,NA,NA,NA,NA,NA,NA,NA,N,4,0,1,2,A,-,09,21801,A,N,G,B,B,A,H,-,A,A,0,Y,NA,NA,NA,Y,NA,A,01,0,0,1,0,1,0,0,0,0,-,-,NA,NA,LOS ANGELES,LOS ANGELES,-118.26677703857422,34.03192138671875
90563776,2017,2017-10-05,9525,2017-09-23,1450,021074,NA,6,2,3,1921,0,1,1,NA,2,201,I-210 W/B (FOOTHILL FWY),BUENA VISTA ST.,30,W,N,A,-,Y,NA,NA,210,NA,NA,NA,NA,NA,W,N,4,0,1,3,A,-,03,22350,NA,N,C,C,A,A,H,-,A,D,0,NA,NA,NA,NA,Y,NA,A,01,0,0,1,0,0,0,0,0,0,-,-,34.13541,-117.97777,LOS ANGELES,DUARTE,-117.97776929,34.13545508
90563788,2017,2017-10-05,9530,2017-09-29,2113,021038,NA,5,2,9,1900,0,3,5,NA,2,004,SANTA FE AVE.,VICTORIA ST.,0,NA,Y,A,-,N,NA,NA,NA,NA,NA,NA,NA,NA,NA,Y,4,0,1,2,A,-,09,21801,A,N,D,C,A,A,H,-,C,A,0,NA,NA,NA,NA,Y,NA,A,01,0,0,1,0,0,0,0,0,0,-,-,33.86489,-118.21283,LOS ANGELES,UNINCORPORATED,-118.21283001,33.86497009
90563795,2017,2017-10-05,9525,2017-09-23,1535,021392,NA,6,2,1,1934,0,1,1,NA,2,652,I-605 N/B (SAN GABRIEL RIVER FWY),LIVE OAK AVE.,1000,S,N,A,-,Y,NA,NA,605,NA,NA,NA,NA,NA,N,Y,3,0,1,1,A,-,08,22107,NA,N,E,I,A,A,H,-,A,D,0,NA,NA,NA,NA,Y,NA,A,01,0,1,0,0,0,0,0,0,0,-,-,34.10762,-117.98172,LOS ANGELES,IRWINDALE,-117.98167507,34.10759747
90563804,2017,2017-10-05,9580,2017-09-26,0900,017386,NA,2,1,7,1942,0,1,2,NA,2,105,US-101 S/B (VENTURA FREEWAY),TAMPA AVE,1584,N,N,A,-,Y,NA,NA,101,NA,NA,NA,NA,NA,S,Y,4,0,2,2,A,-,03,22350,NA,N,C,C,A,A,H,-,A,D,0,NA,NA,NA,NA,Y,NA,A,01,0,0,2,0,0,0,0,0,0,-,-,34.17351,-118.56027,LOS ANGELES,LOS ANGELES,-118.56026897,34.17349727
9056381,2019,2020-03-16,1942,2019-12-07,1340,43245,1385,6,5,7,1942,0,0,0,M,0,13X31,SLAUSON AV,METTLER ST,0,NA,Y,B,-,N,NA,NA,NA,NA,NA,NA,NA,NA,NA,Y,3,0,4,2,A,-,08,22107,NA,N,D,C,A,A,H,-,A,D,0,NA,NA,NA,NA,Y,NA,A,01,0,2,2,0,0,0,0,0,0,-,-,NA,NA,LOS ANGELES,LOS ANGELES,-118.2664031982422,33.98923873901367
90563821,2017,2017-10-05,9525,2017-09-23,1620,021355,NA,6,2,6,1955,0,1,1,NA,2,109,I-10 W/B TO TOWNE AVE.,TOWNE AVE,300,E,N,A,-,Y,NA,NA,10,NA,NA,NA,R,NA,W,Y,4,0,1,3,A,-,03,22350,NA,N,C,C,A,A,H,-,A,D,0,NA,NA,NA,NA,Y,NA,A,07,0,0,1,0,0,0,0,0,0,-,-,34.07987,-117.73796,LOS ANGELES,POMONA,-117.73796,34.07987
90563825,2017,2017-10-05,9590,2017-10-04,1230,013435,NA,3,1,7,1942,0,1,1,NA,2,051,I-110 S/B (HARBOR FREEWAY),92ND STREET,200,N,N,A,-,Y,NA,NA,110,NA,NA,NA,NA,NA,S,N,4,0,1,2,A,-,03,22350,NA,M,C,C,A,A,H,-,A,D,0,NA,NA,NA,NA,Y,NA,A,07,0,0,1,0,0,0,0,0,0,-,-,33.95376,-118.28081,LOS ANGELES,LOS ANGELES,-118.28072816,33.95377647
90563831,2017,2017-10-05,9580,2017-09-26,0845,016413,NA,2,1,7,1942,0,1,3,NA,2,116,SR-118 E/B (RONALD REAGAN FWY.),I-405,500,W,N,A,-,Y,NA,NA,118,NA,NA,NA,NA,NA,E,N,4,0,1,2,A,-,03,22350,NA,N,C,C,A,A,H,-,A,D,0,NA,NA,NA,NA,Y,NA,A,01,0,0,1,0,0,0,0,0,0,-,-,34.26669,-118.48244,LOS ANGELES,LOS ANGELES,-118.48248645,34.26655357
9056384,2020,2020-10-13,1900,2020-01-20,1318,514004,1018,1,5,3,1995,0,0,0,NA,0,101T2,RT 1,BIG ROCK DR,3168,E,N,A,-,Y,LA,7,1,-,-,41.89,H,-,S,Y,2,0,1,2,A,-,08,22107,NA,N,D,C,A,A,H,-,A,D,0,NA,NA,Y,NA,Y,NA,D,22,1,0,0,0,0,0,0,0,1,-,-,34.039398193359375,-118.59941864013672,LOS ANGELES,MALIBU,-118.59830474853516,34.039459228515625
9056385,2019,2020-03-16,1942,2019-12-10,1900,41933,1381,2,5,7,1942,0,0,0,M,0,13A93,S BROADWAY,W SLAUSON AV,0,NA,Y,A,-,N,NA,NA,NA,NA,NA,NA,NA,NA,NA,N,4,0,1,2,A,-,10,21950,A,F,G,B,B,A,H,-,C,A,0,Y,NA,NA,NA,Y,NA,-,99,0,0,1,0,1,0,0,0,0,-,-,NA,NA,LOS ANGELES,LOS ANGELES,-118.2782974243164,33.98918151855469
90563858,2017,2017-10-05,9550,2017-10-01,0820,020755,NA,7,1,6,1949,0,1,1,NA,2,150,I-105 E/B,SAN GABRIEL RIVER,330,W,N,A,-,Y,NA,NA,105,NA,NA,NA,NA,NA,E,Y,4,0,1,2,A,-,07,21658,A,F,C,C,A,A,H,-,A,D,0,NA,NA,NA,NA,Y,NA,-,99,0,0,1,0,0,0,0,0,0,-,-,33.91363,-118.11236,LOS ANGELES,NORWALK,-118.11236153,33.91377204
90563886,2017,2017-10-05,9590,2017-09-27,1957,020409,NA,3,2,7,1942,0,1,1,NA,2,085,I-5 SOUTHBOUND (GOLDEN STATE FREEWAY),HYPERION AVENUE,1000,N,N,A,-,Y,NA,NA,5,NA,NA,NA,NA,NA,S,Y,4,0,1,2,A,-,03,22350,NA,N,C,C,A,A,H,-,C,D,0,NA,NA,NA,NA,Y,NA,J,48,0,0,1,0,0,0,0,0,0,-,-,34.11488,-118.26825,LOS ANGELES,LOS ANGELES,-118.26831426,34.11484678
9056389,2019,2020-03-18,1942,2019-12-09,1025,32973,1342,1,5,7,1942,0,0,0,M,0,13A43,S SAN PEDRO ST,E MARTIN LUTHER KING BL,0,NA,Y,A,-,N,NA,NA,NA,NA,NA,NA,NA,NA,NA,N,3,0,6,3,A,-,12,21453,A,N,D,C,A,A,H,-,A,A,0,NA,NA,NA,NA,Y,NA,-,-,0,2,4,0,0,0,0,0,0,-,-,NA,NA,LOS ANGELES,LOS ANGELES,-118.26795959472656,34.01115036010742
90563893,2017,2017-10-05,9580,2017-09-27,1547,020402,NA,3,2,7,1942,0,1,2,NA,2,104,US-101 N/B (VENTURA FREEWAY),TOPANGA CANYON BLVD,700,S,N,A,-,Y,NA,NA,101,NA,NA,NA,NA,NA,N,N,4,0,1,3,A,-,03,22350,NA,N,C,C,A,A,H,-,A,D,0,NA,NA,NA,NA,Y,NA,A,07,0,0,1,0,0,0,0,0,0,-,-,34.17004,-118.60118,LOS ANGELES,LOS ANGELES,-118.60116704000001,34.17012423
9056392,2020,2020-06-09,1920,2020-02-05,1611,13022,NA,3,5,6,1920,0,0,0,NA,0,005,LAKEWOOD BL,LUBEC ST,37,N,N,A,-,N,NA,NA,NA,NA,NA,NA,NA,NA,NA,N,4,0,1,2,A,-,03,22350,NA,F,C,C,A,A,H,-,A,A,0,NA,NA,NA,NA,Y,NA,A,01,0,0,1,0,0,0,0,0,0,-,-,NA,NA,LOS ANGELES,DOWNEY,-118.1152801513672,33.950984954833984
90563922,2017,2017-10-05,9580,2017-09-25,1840,021607,NA,1,2,7,1942,0,1,1,NA,2,404,I-405 N/B (SAN DIEGO FWY),BURBANK BLVD,3168,S,N,B,-,Y,NA,NA,405,NA,NA,NA,NA,NA,N,N,4,0,1,2,A,-,03,22350,NA,N,C,C,A,A,H,-,D,D,0,NA,NA,NA,NA,Y,NA,A,01,0,0,1,0,0,0,0,0,0,-,-,34.16416,-118.46954,LOS ANGELES,LOS ANGELES,-118.46948109,34.1641614
9056393,2019,2020-03-16,1942,2019-12-23,1510,34458,1343,1,5,7,1942,0,0,0,M,0,13A43,AVALON BL,E 35TH ST,0,NA,Y,C,-,N,NA,NA,NA,NA,NA,NA,NA,NA,NA,Y,4,0,1,2,A,-,09,21801,A,N,D,C,A,B,H,-,A,D,0,NA,NA,NA,NA,Y,NA,A,01,0,0,1,0,0,0,0,0,0,-,-,NA,NA,LOS ANGELES,LOS ANGELES,-118.26526641845705,34.01435852050781
90563942,2017,2017-10-05,9580,2017-09-27,1452,021257,NA,3,2,7,1942,0,1,3,NA,2,170,SR-170 N/B (HOLLYWOOD FWY.),OXNARD ST.,550,S,N,A,-,Y,NA,NA,170,NA,NA,NA,NA,NA,N,Y,4,0,2,1,A,-,08,22107,NA,N,E,I,A,A,H,-,A,D,0,NA,NA,NA,NA,Y,NA,D,22,0,0,2,0,0,0,0,0,0,-,-,34.17523,-118.3927,LOS ANGELES,LOS ANGELES,-118.39269714,34.17523251
9056396,2020,2020-03-23,1920,2020-02-01,1648,13965,1920,6,5,6,1920,0,0,0,NA,0,006,DEMPSTER AV,GOLDEN AV,228,S,N,A,-,N,NA,NA,NA,NA,NA,NA,NA,NA,NA,N,3,0,1,3,A,-,09,21801,A,N,A,E,A,A,H,-,A,D,0,NA,NA,NA,NA,Y,NA,A,01,0,1,0,0,0,0,0,0,0,-,-,NA,NA,LOS ANGELES,DOWNEY,-118.14975738525392,33.90906524658203
90563966,2017,2017-10-05,9590,2017-10-02,1815,018529,NA,1,2,7,1942,0,1,1,NA,2,061,I-10 W/B,10TH AVE.,500,E,N,A,-,Y,NA,NA,10,NA,NA,NA,NA,NA,W,N,4,0,2,4,A,-,03,22350,NA,N,C,C,A,A,H,-,C,D,0,NA,NA,NA,NA,Y,NA,A,01,0,0,2,0,0,0,0,0,0,-,-,34.03554,-118.32663,LOS ANGELES,LOS ANGELES,-118.32663155,34.03555508
90563967,2017,2017-10-05,9550,2017-09-29,1615,020969,NA,5,2,6,1920,0,1,1,NA,2,500,INTERSTATE 5 (S/B),LAKEWOOD BOULEVARD,1300,S,N,A,-,Y,NA,NA,5,NA,NA,NA,NA,NA,NA,Y,4,0,1,2,A,-,03,22350,NA,N,C,C,A,A,H,-,A,D,0,NA,NA,NA,NA,Y,NA,A,07,0,0,1,0,0,0,0,0,0,-,-,33.95448,-118.10738,LOS ANGELES,DOWNEY,-118.10730984,33.95457717
90563969,2017,2017-10-05,9580,2017-09-26,0720,017228,NA,2,1,7,1942,0,1,2,NA,2,101,US-101 S/B (HOLLYWOOD FREEWAY),VINELAND AVENUE,100,S,N,A,-,Y,NA,NA,101,NA,NA,NA,NA,NA,S,Y,4,0,1,3,A,-,03,22350,NA,N,C,C,A,A,H,-,A,D,0,NA,NA,NA,NA,Y,NA,A,01,0,0,1,0,0,0,0,0,0,-,-,34.14629,-118.36981,LOS ANGELES,LOS ANGELES,-118.36973823,34.14638518
9056397,2019,2020-03-16,1942,2019-12-23,1705,34458,1313,1,5,7,1942,0,0,0,M,0,14A9,WALNUT ST,S CENTRAL AV,5,W,N,C,-,N,NA,NA,NA,NA,NA,NA,NA,NA,NA,N,4,0,1,2,A,-,09,21802,A,N,C,C,A,B,H,-,B,A,0,NA,NA,NA,NA,Y,NA,A,07,0,0,1,0,0,0,0,0,0,-,-,NA,NA,LOS ANGELES,LOS ANGELES,-118.25110626220705,34.02383041381836
90563994,2017,2017-10-05,9580,2017-09-27,1920,021257,NA,3,2,7,1942,0,1,2,NA,2,100,US-101 N/B (HOLLYWOOD FREEWAY),MOORPARK ST.,600,S,N,A,-,Y,NA,NA,101,NA,NA,NA,NA,NA,N,Y,4,0,2,2,A,-,03,22350,NA,N,C,C,A,A,H,-,C,D,0,NA,NA,NA,NA,Y,NA,A,01,0,0,2,0,0,0,0,0,0,-,-,34.14838,-118.37217,LOS ANGELES,LOS ANGELES,-118.372187,34.14835577
90563997,2017,2017-10-05,9580,2017-09-27,1610,021498,NA,3,2,7,1942,0,1,2,NA,2,104,US-101 N/B (VENTURA FREEWAY),CANOGA AVE,150,N,N,A,-,Y,NA,NA,101,NA,NA,NA,NA,NA,N,Y,4,0,1,3,A,-,03,22350,NA,N,C,C,A,A,H,-,A,D,0,NA,NA,NA,NA,Y,NA,A,01,0,0,1,0,0,0,0,0,0,-,-,34.16992,-118.59973,LOS ANGELES,LOS ANGELES,-118.59973255,34.16990341
9056400,2020,2020-03-19,1920,2020-01-28,1601,12609,1920,2,5,6,1920,0,0,0,NA,0,005,FLORENCE AV,BROOKSHIRE AV,0,NA,Y,A,-,N,NA,NA,NA,NA,NA,NA,NA,NA,NA,Y,4,0,1,3,A,-,09,21801,A,N,D,C,A,A,H,-,A,A,0,NA,NA,NA,NA,Y,NA,A,07,0,0,1,0,0,0,0,0,0,-,-,NA,NA,LOS ANGELES,DOWNEY,-118.12184143066406,33.9498405456543
90564001,2017,2017-10-05,9580,2017-09-27,1630,020462,NA,3,2,7,1942,0,1,1,NA,2,404,I-405 N/B (SAN DIEGO FWY),VENTURA BLVD.,200,N,N,A,-,Y,NA,NA,405,NA,NA,NA,NA,NA,N,N,4,0,1,2,A,-,03,22350,NA,N,C,C,A,A,H,-,A,D,0,NA,NA,NA,NA,Y,NA,A,01,0,0,1,0,0,0,0,0,0,-,-,34.1556,-118.4683,LOS ANGELES,LOS ANGELES,-118.46839077999999,34.1555672
90564011,2017,2017-10-05,9580,2017-09-26,0740,016413,NA,2,1,7,1942,0,1,3,NA,2,116,SR-118 E/B (RONALD REAGAN FWY.),WHITE OAK AVE,386,W,N,A,-,Y,NA,NA,NA,NA,NA,NA,NA,NA,NA,Y,2,0,1,2,A,-,08,22107,NA,N,E,I,A,A,H,-,A,D,0,NA,NA,Y,NA,Y,NA,A,07,1,0,0,0,0,0,0,0,1,-,-,34.2278,-118.52092,LOS ANGELES,LOS ANGELES,-118.52088904,34.27806656
90564020,2017,2017-10-05,9590,2017-08-07,1350,016641,NA,1,1,7,1942,0,1,2,NA,2,042,US-101 N/B (SANTA ANA FREEWAY),4TH ST.,700,S,N,A,-,Y,NA,NA,101,NA,NA,NA,NA,NA,N,N,3,0,2,2,A,-,08,22107,NA,N,E,C,A,A,H,-,A,D,0,NA,NA,NA,NA,Y,NA,A,01,0,1,1,0,0,0,0,0,0,-,-,34.04093,-118.22132,LOS ANGELES,LOS ANGELES,-118.22133379,34.0409331
90564124,2017,2017-10-05,9530,2017-09-27,1150,020307,NA,3,1,7,1942,0,3,5,NA,2,001,FLORENCE AVE.,HOOPER AVE.,0,NA,Y,A,-,N,NA,NA,NA,NA,NA,NA,NA,NA,NA,N,4,0,2,2,A,-,12,21453,A,N,D,C,A,A,H,-,A,A,0,NA,NA,NA,NA,Y,NA,-,-,0,0,2,0,0,0,0,0,0,-,-,33.97477,-118.25185,LOS ANGELES,LOS ANGELES,-118.16261001,33.91363009
90564126,2017,2017-10-05,9550,2017-10-01,0020,021500,NA,7,3,5,1919,0,1,1,NA,2,652,INTERSTATE 605 SB,STUDEBAKER RD,150,N,N,A,-,Y,NA,NA,NA,NA,NA,NA,NA,NA,NA,Y,4,0,1,1,A,-,08,22107,NA,N,E,I,A,A,H,-,D,D,0,NA,NA,NA,NA,Y,Y,A,07,0,0,1,0,0,0,0,0,0,-,-,33.85783,-118.09965,LOS ANGELES,CERRITOS,-118.09955528,33.86795305
90564136,2017,2017-10-05,9530,2017-09-28,1550,020175,NA,4,2,9,1900,0,3,5,NA,2,006,VERMONT AVE. (22300 BLOCK),223RD ST.,375,S,N,A,-,N,NA,NA,NA,NA,NA,NA,NA,NA,NA,N,4,0,2,2,A,-,03,22350,NA,N,C,C,A,A,H,-,A,D,0,NA,NA,NA,NA,Y,NA,A,08,0,0,2,0,0,0,0,0,0,-,-,33.8233,-118.29025,LOS ANGELES,UNINCORPORATED,-118.29034082,33.82343155
90564148,2017,2017-10-05,9550,2017-09-27,0745,020025,NA,3,1,6,1949,0,1,1,NA,2,651,INTERSTATE 605 SOUTHBOUND,ALONDRA BOULEVARD,950,N,N,A,-,Y,NA,NA,605,NA,NA,NA,NA,NA,S,Y,4,0,1,5,A,-,03,22350,NA,N,C,C,A,A,H,-,A,D,0,NA,NA,NA,NA,Y,NA,A,01,0,0,1,0,0,0,0,0,0,-,-,33.894,-118.1048,LOS ANGELES,NORWALK,-118.10495265,33.89399465
90564160,2017,2017-10-05,9565,2017-10-04,0210,021694,NA,3,3,7,1942,0,1,1,NA,2,064,I-405 S/B FROM SEPULVEDA BLVD.,SEPULVEDA BLVD.,57,S,N,A,-,Y,NA,NA,405,NA,NA,NA,R,NA,S,Y,4,0,1,1,A,-,08,22107,NA,N,E,I,A,A,H,-,C,A,0,NA,NA,NA,NA,Y,NA,A,07,0,0,1,0,0,0,0,0,0,-,-,34.09644,-118.47754,LOS ANGELES,LOS ANGELES,-118.47754,34.09644
90564162,2017,2017-10-05,9550,2017-10-01,0359,021123,NA,7,3,5,1919,0,1,1,NA,2,652,I-605 S/B,STATE ROUTE 91 (ARTESIA FREEWAY),1600,N,N,A,-,Y,NA,NA,605,NA,NA,NA,NA,NA,S,Y,4,0,1,1,A,-,08,22107,NA,N,E,I,A,A,H,-,D,D,0,NA,NA,NA,NA,Y,NA,A,07,0,0,1,0,0,0,0,0,0,-,-,33.88096,-118.10417,LOS ANGELES,CERRITOS,-118.10399299,33.88099449
90564183,2017,2017-10-05,9540,2017-09-27,1810,019772,NA,3,2,9,1900,0,1,3,NA,1,144,SR-14 N/B (ANTELOPE VALLEY FREEWAY),PLACERITA CANYON RD,1584,N,N,A,-,Y,NA,NA,14,NA,NA,NA,NA,NA,N,Y,4,0,2,2,A,-,03,22350,NA,N,C,C,A,A,H,-,B,D,0,NA,NA,NA,NA,Y,NA,A,01,0,0,2,0,0,0,0,0,0,-,-,34.38094,-118.48957,LOS ANGELES,UNINCORPORATED,-118.48961762,34.3809951