CASE_ID,ACCIDENT_YEAR,PROC_DATE,JURIS,COLLISION_DATE,COLLISION_TIME,OFFICER_ID,REPORTING_DISTRICT,DAY_OF_WEEK,CHP_SHIFT,POPULATION,CNTY_CITY_LOC,SPECIAL_COND,BEAT_TYPE,CHP_BEAT_TYPE,CITY_DIVISION_LAPD,CHP_BEAT_CLASS,BEAT_NUMBER,PRIMARY_RD,SECONDARY_RD,DISTANCE,DIRECTION,INTERSECTION,WEATHER_1,WEATHER_2,STATE_HWY_IND,CALTRANS_COUNTY,CALTRANS_DISTRICT,STATE_ROUTE,ROUTE_SUFFIX,POSTMILE_PREFIX,POSTMILE,LOCATION_TYPE,RAMP_INTERSECTION,SIDE_OF_HWY,TOW_AWAY,COLLISION_SEVERITY,NUMBER_KILLED,NUMBER_INJURED,PARTY_COUNT,PRIMARY_COLL_FACTOR,PCF_CODE_OF_VIOL,PCF_VIOL_CATEGORY,PCF_VIOLATION,PCF_VIOL_SUBSECTION,HIT_AND_RUN,TYPE_OF_COLLISION,MVIW,PED_ACTION,ROAD_SURFACE,ROAD_COND_1,ROAD_COND_2,LIGHTING,CONTROL_DEVICE,CHP_ROAD_TYPE,PEDESTRIAN_ACCIDENT,BICYCLE_ACCIDENT,MOTORCYCLE_ACCIDENT,TRUCK_ACCIDENT,NOT_PRIVATE_PROPERTY,ALCOHOL_INVOLVED,STWD_VEHTYPE_AT_FAULT,CHP_VEHTYPE_AT_FAULT,COUNT_SEVERE_INJ,COUNT_VISIBLE_INJ,COUNT_COMPLAINT_PAIN,COUNT_PED_KILLED,COUNT_PED_INJURED,COUNT_BICYCLIST_KILLED,COUNT_BICYCLIST_INJURED,COUNT_MC_KILLED,COUNT_MC_INJURED,PRIMARY_RAMP,SECONDARY_RAMP,LATITUDE,LONGITUDE,COUNTY,CITY,POINT_X,POINT_Y
90569680,2017,2017-10-13,9530,2017-10-04,1326,021004,NA,3,1,7,1942,0,1,1,NA,2,110,I-110 N/B (HARBOR FREEWAY),FIGUEROA ST.,231,N,N,A,-,Y,NA,NA,110,NA,NA,NA,NA,NA,N,Y,4,0,3,2,A,-,03,22350,NA,N,C,C,A,A,H,-,A,D,0,NA,NA,NA,NA,Y,NA,A,01,0,0,3,0,0,0,0,0,0,-,-,33.91993,-118.2831,LOS ANGELES,LOS ANGELES,-118.28309514,33.91992551
90569687,2017,2017-10-13,9540,2017-10-05,0644,018513,NA,4,1,7,1942,0,1,1,NA,1,502,I-5 N/B (GOLDEN STATE FREEWAY),BALBOA BLVD,200,N,N,A,-,Y,NA,NA,5,NA,NA,NA,NA,NA,N,Y,4,0,1,3,A,-,03,22350,NA,N,C,C,A,A,H,-,A,D,0,NA,NA,NA,NA,Y,NA,A,01,0,0,1,0,0,0,0,0,0,-,-,34.32122,-118.49651,LOS ANGELES,LOS ANGELES,-118.49648348,34.32126707
9056970,2020,2020-03-23,1902,2020-02-28,0753,787,21,5,5,5,1902,0,0,0,NA,0,004,SUNSET BL,ARCADIA AV,0,NA,Y,A,-,N,NA,NA,NA,NA,NA,NA,NA,NA,NA,Y,4,0,1,2,A,-,09,21802,A,N,D,C,A,A,H,-,A,A,0,NA,NA,NA,NA,Y,NA,A,01,0,0,1,0,0,0,0,0,0,-,-,NA,NA,LOS ANGELES,ARCADIA,-118.06468963623048,34.12662124633789
90569704,2017,2017-10-13,9550,2017-10-03,2057,019808,NA,2,2,9,1900,0,3,5,NA,2,001,SEE DRIVE (11400 BLOCK),WESTERN AVENUE,248,W,N,A,-,N,NA,NA,NA,NA,NA,NA,NA,NA,NA,Y,3,0,1,5,A,-,08,22107,NA,N,B,E,A,A,H,-,C,D,0,NA,NA,NA,NA,Y,NA,A,01,0,1,0,0,0,0,0,0,0,-,-,33.98391,-118.05681,LOS ANGELES,UNINCORPORATED,-118.05669933,33.98376279
90569706,2017,2017-10-13,9530,2017-10-04,1500,021252,NA,3,2,7,1942,0,1,1,NA,2,110,I-110 N/B (HARBOR FREEWAY),EL SEGUNDO BLVD.,200,S,N,A,-,Y,NA,NA,NA,NA,NA,NA,NA,NA,NA,Y,2,0,1,4,A,-,03,22350,NA,N,C,C,A,A,H,-,A,D,0,NA,NA,Y,NA,Y,NA,C,02,1,0,0,0,0,0,0,0,1,-,-,33.1571,-118.2859,LOS ANGELES,LOS ANGELES,-118.28592041,33.91588762
90569722,2017,2017-10-13,9540,2017-10-11,1640,018582,NA,3,2,9,1900,0,2,4,NA,1,202,SOLEDAD CANYON ROAD,AGUA DULCE CYN RD,6864,E,N,A,-,N,NA,NA,NA,NA,NA,NA,NA,NA,NA,Y,2,0,1,1,A,-,08,22107,NA,N,E,I,A,A,H,-,A,D,0,NA,NA,NA,NA,Y,NA,A,01,1,0,0,0,0,0,0,0,0,-,-,34.43839,-118.31411,LOS ANGELES,UNINCORPORATED,-118.31637971,34.43809
90569756,2017,2017-10-13,9565,2017-10-09,1705,021578,NA,1,2,9,1900,0,2,4,NA,2,022,NORMANDIE AVE.,106TH ST.,70,N,N,A,-,N,NA,NA,NA,NA,NA,NA,NA,NA,NA,N,4,0,1,2,A,-,03,22350,NA,N,C,C,A,A,H,-,A,D,0,NA,NA,NA,NA,Y,NA,A,01,0,0,1,0,0,0,0,0,0,-,-,33.94072,-118.30028,LOS ANGELES,UNINCORPORATED,-118.30029784,33.94021197
90569763,2017,2017-10-13,9550,2017-10-12,1950,018150,NA,4,2,5,1919,0,1,1,NA,2,652,I-605 (S/B),SOUTH STREET,1300,S,N,A,-,Y,NA,NA,605,NA,NA,NA,NA,NA,NA,N,4,0,1,2,A,-,03,22350,NA,N,C,C,A,A,H,-,C,D,0,NA,NA,NA,NA,Y,NA,A,01,0,0,1,0,0,0,0,0,0,-,-,33.855199999999996,-118.09564,LOS ANGELES,CERRITOS,-118.09560498,33.85520791
90569780,2017,2017-10-13,9545,2017-10-03,0850,013963,NA,2,1,9,1900,0,1,3,NA,2,031,SR-14 N/B,CROWN VALLEY RD,1584,S,N,A,-,Y,NA,NA,14,NA,NA,NA,NA,NA,N,Y,4,0,1,1,A,-,08,22107,NA,N,E,I,A,A,H,-,A,D,0,NA,NA,NA,Y,Y,NA,G,55,0,0,1,0,0,0,0,0,0,-,-,34.49087,-118.20241,LOS ANGELES,UNINCORPORATED,-118.20241262,34.49092131
90569791,2017,2017-10-13,9565,2017-10-06,0930,020239,NA,5,1,5,1965,0,1,1,NA,2,081,I-10 WESTBOUND (SANTA MONICA FREEWAY),STEWART STREET,700,E,N,A,-,Y,NA,NA,10,NA,NA,NA,NA,NA,W,N,4,0,1,2,A,-,03,22350,NA,N,C,C,A,A,H,-,A,D,0,NA,NA,NA,NA,Y,NA,A,01,0,0,1,0,0,0,0,0,0,-,-,34.02689,-118.46091,LOS ANGELES,SANTA MONICA,-118.46089413,34.0268175
90569805,2017,2017-10-13,9530,2017-10-06,1752,017755,NA,5,2,7,1941,0,1,1,NA,2,430,I-405 N/B (SAN DIEGO FREEWAY),REDONDO AVE.,500,N,N,A,-,Y,NA,NA,405,NA,NA,NA,NA,NA,N,Y,3,0,1,2,A,-,07,21658,A,F,B,C,A,A,H,-,A,D,0,NA,NA,Y,NA,Y,NA,-,99,0,1,0,0,0,0,0,0,1,-,-,33.80728,-118.15102,LOS ANGELES,LONG BEACH,-118.15103799,33.80715046
90569817,2017,2017-10-13,9530,2017-10-06,1440,017755,NA,5,2,7,1941,0,1,1,NA,2,420,I-405 S/B (SAN DIEGO FREEWAY),CALIFORNIA AVE.,5,S,N,A,-,Y,NA,NA,405,NA,NA,NA,NA,NA,S,Y,3,0,1,2,A,-,03,22350,NA,N,F,A,A,A,H,-,A,D,0,NA,NA,Y,NA,Y,NA,C,02,0,1,0,0,0,0,0,0,1,-,-,33.81428,-118.1828,LOS ANGELES,LONG BEACH,-118.18275689,33.81446243
90569865,2017,2017-10-13,9535,2017-10-12,0805,013259,NA,4,1,5,1948,0,1,3,NA,2,621,SR-60 W/B (POMONA FREEWAY),GREENWOOD AVENUE,76,W,N,A,-,Y,NA,NA,60,NA,NA,NA,NA,NA,W,Y,4,0,1,2,A,-,07,21658,A,N,B,C,A,A,H,-,A,D,0,NA,NA,NA,NA,Y,NA,-,-,0,0,1,0,0,0,0,0,0,-,-,34.03374,-118.11128,LOS ANGELES,MONTEREY PARK,-118.11126734,34.03361596
90569884,2017,2017-10-13,9580,2017-10-04,0915,017228,NA,3,1,7,1942,0,1,2,NA,2,101,US-101 S/B (VENTURA FREEWAY),WHITSETT AVENUE,100,S,N,A,-,Y,NA,NA,101,NA,NA,NA,NA,NA,S,N,4,0,1,3,A,-,03,22350,NA,N,C,C,A,A,H,-,A,D,0,NA,NA,NA,NA,Y,NA,A,07,0,0,1,0,0,0,0,0,0,-,-,34.15627,-118.40313,LOS ANGELES,LOS ANGELES,-118.40310777,34.15636106
90569890,2017,2017-10-13,9535,2017-10-10,0535,016915,NA,2,3,5,1959,0,1,1,NA,2,401,I-10 W/B (SAN BERNARDINO FREEWAY),SAN GABRIEL BLVD,1100,E,N,A,-,Y,NA,NA,10,NA,NA,NA,NA,NA,W,Y,3,0,1,3,A,-,03,22350,NA,N,C,C,A,A,H,-,C,D,0,NA,NA,NA,Y,Y,NA,A,01,0,1,0,0,0,0,0,0,0,-,-,34.07221,-118.08687,LOS ANGELES,ROSEMEAD,-118.08687037,34.07223169
90569901,2017,2017-10-13,9580,2017-10-04,1140,020836,NA,3,1,7,1942,0,1,2,NA,2,102,US-101 N/B (VENTURA FREEWAY),SEPULVEDA VLVD,200,S,N,A,-,Y,NA,NA,101,NA,NA,NA,NA,NA,N,Y,4,0,2,3,A,-,03,22350,NA,N,C,C,A,A,H,-,A,D,0,NA,NA,NA,NA,Y,NA,A,08,0,0,2,0,0,0,0,0,0,-,-,34.16155,-118.47055,LOS ANGELES,LOS ANGELES,-118.47041129,34.16169487
90569913,2017,2017-10-13,9580,2017-10-05,0600,020619,NA,4,1,7,1942,0,1,3,NA,2,171,SR-170 S/B (HOLLYWOOD FWY.),VICTORY BLVD,1320,N,N,A,-,Y,NA,NA,170,NA,NA,NA,NA,NA,S,Y,4,0,2,1,A,-,08,22107,NA,N,E,I,A,A,H,-,B,D,0,NA,NA,NA,NA,Y,NA,A,01,0,0,2,0,0,0,0,0,0,-,-,34.19229,-118.40243,LOS ANGELES,LOS ANGELES,-118.40235948,34.19229932
90569926,2017,2017-10-13,9580,2017-10-05,0940,020619,NA,4,1,7,1942,0,1,3,NA,2,171,SR-170 S/B TO MAGNOLIA BLVD,MAGNOLIA BLVD,300,N,N,A,-,Y,NA,NA,170,NA,NA,NA,R,NA,S,N,4,0,1,2,A,-,03,22350,NA,N,C,C,A,A,H,-,A,D,0,NA,NA,NA,NA,Y,NA,A,01,0,0,1,0,0,0,0,0,0,-,-,34.16656,-118.38382,LOS ANGELES,LOS ANGELES,-118.38382,34.16656
90569939,2017,2017-10-13,9530,2017-10-06,1730,020375,NA,5,2,5,1977,0,1,1,NA,2,120,I-110 S/B (HARBOR FREEWAY),223RD ST.,1100,N,N,A,-,Y,NA,NA,110,NA,NA,NA,NA,NA,S,Y,3,0,2,2,A,-,01,23152,A,N,C,C,A,A,H,-,B,D,0,NA,NA,NA,NA,Y,Y,D,22,0,1,1,0,0,0,0,0,0,-,-,33.82747,-118.28751,LOS ANGELES,CARSON,-118.28751872,33.82747019
90569961,2017,2017-10-13,9580,2017-10-06,1705,021627,NA,5,2,7,1942,0,1,1,NA,2,404,I-405 N/B (SAN DIEGO FWY),US-101 N/B (VENTURA FREEWAY),530,N,N,A,-,Y,NA,NA,NA,NA,NA,NA,NA,NA,NA,N,4,0,1,2,D,-,00,NA,NA,N,C,C,A,A,H,-,A,D,0,NA,NA,Y,NA,Y,NA,-,-,0,0,1,0,0,0,0,0,1,-,-,34.16287,-116.46946,LOS ANGELES,LOS ANGELES,NA,NA
90569968,2017,2017-10-13,9580,2017-10-03,0900,017386,NA,2,1,7,1942,0,1,2,NA,2,103,US-101 S/B (VENTURA FREEWAY),HASKELL AVE,528,S,N,A,-,Y,NA,NA,101,NA,NA,NA,NA,NA,S,Y,4,0,1,3,A,-,03,22350,NA,N,C,C,A,A,H,-,A,D,0,NA,NA,NA,NA,Y,NA,A,07,0,0,1,0,0,0,0,0,0,-,-,34.16288,-118.47215,LOS ANGELES,LOS ANGELES,-118.47208565,34.16292263
90569986,2017,2017-10-13,9535,2017-10-10,1310,016277,NA,2,1,9,1900,0,3,5,NA,2,002,HUBBARD STREET,SCHOOL AVENUE,0,NA,Y,A,-,N,NA,NA,NA,NA,NA,NA,NA,NA,NA,N,3,0,1,2,A,-,09,21804,A,N,H,G,A,A,H,-,A,A,0,NA,Y,NA,NA,Y,NA,L,04,0,1,0,0,0,0,1,0,0,-,-,34.01943,-118.14148,LOS ANGELES,UNINCORPORATED,-118.14151002,34.01943004
9057000,2020,2020-07-03,1900,2020-03-30,0955,623588,0611,1,5,6,1985,0,0,0,NA,0,64T1,WHITES CANYON RD,HELLER CIR,0,NA,Y,A,-,N,NA,NA,NA,NA,NA,NA,NA,NA,NA,Y,4,0,1,2,A,-,12,21453,A,N,D,C,A,A,H,-,A,A,0,NA,NA,NA,NA,Y,NA,D,22,0,0,1,0,0,0,0,0,0,-,-,34.44361114501953,-118.47322845458984,LOS ANGELES,SANTA CLARITA,-118.47303771972656,34.444190979003906
90570003,2017,2017-10-13,9565,2017-10-12,1445,016945,NA,4,2,7,1942,0,1,1,NA,2,062,I-405 N/B (SAN DIEGO FWY),OLYMPIC BLVD,210,S,N,A,-,Y,NA,NA,405,NA,NA,NA,NA,NA,N,N,4,0,1,2,A,-,03,22350,NA,N,C,C,A,A,H,-,A,D,0,NA,NA,NA,NA,Y,NA,A,01,0,0,1,0,0,0,0,0,0,-,-,34.03856,-118.43926,LOS ANGELES,LOS ANGELES,-118.43935119,34.03849952
90570013,2017,2017-10-13,9580,2017-10-05,1903,021257,NA,4,2,7,1942,0,1,2,NA,2,102,US-101 N/B (VENTURA FREEWAY),BALBOA BLVD.,150,S,N,A,-,Y,NA,NA,101,NA,NA,NA,NA,NA,N,Y,3,0,2,2,A,-,03,22350,NA,N,C,C,A,A,H,-,C,D,0,NA,NA,NA,NA,Y,NA,A,01,0,1,1,0,0,0,0,0,0,-,-,34.17052,-118.50104,LOS ANGELES,LOS ANGELES,-118.50103014,34.17054479
90570054,2017,2017-10-13,9575,2017-10-07,1450,020902,NA,6,2,6,1925,0,1,1,NA,2,050,I-5 S/B (GOLDEN STATE FREEWAY),WESTERN AVE,1000,S,N,A,-,Y,NA,NA,5,NA,NA,NA,NA,NA,S,Y,4,0,3,4,A,-,03,22350,NA,N,C,C,A,A,H,-,A,D,0,NA,NA,NA,NA,Y,NA,A,01,0,0,3,0,0,0,0,0,0,-,-,34.16018,-118.29286,LOS ANGELES,GLENDALE,-118.29278217,34.16022556
90570058,2017,2017-10-13,9580,2017-10-04,2310,018297,NA,3,3,7,1942,0,1,2,NA,2,104,US-101 N/B (VENTURA FREEWAY),DE SOTO AVE,75,S,N,A,-,Y,NA,NA,101,NA,NA,NA,NA,NA,N,Y,2,0,2,3,A,-,01,23152,E,N,C,C,A,A,H,-,C,D,0,NA,NA,NA,NA,Y,NA,A,07,1,1,0,0,0,0,0,0,0,-,-,34.16813,-118.58784,LOS ANGELES,LOS ANGELES,-118.58784289,34.16810437
90570073,2017,2017-10-13,9565,2017-10-03,1540,021808,NA,2,2,9,1900,0,2,4,NA,2,031,LA CIENEGA BLVD. S/B,STOCKER ST.,950,S,N,A,-,N,NA,NA,NA,NA,NA,NA,NA,NA,NA,N,4,0,4,2,A,-,03,22350,NA,N,C,C,A,A,H,-,A,D,0,NA,NA,NA,NA,Y,NA,A,01,0,0,4,0,0,0,0,0,0,-,-,33.99542,-118.36907,LOS ANGELES,UNINCORPORATED,-118.36899403,33.9954985
90570113,2017,2017-10-13,9545,2017-10-10,2145,021730,NA,2,2,9,1900,0,1,3,NA,2,031,SR-14 N/B,MOUNTAIN SPRINGS RD,2640,N,N,A,-,Y,NA,NA,14,NA,NA,NA,NA,NA,N,N,4,0,1,2,A,-,03,22350,NA,N,C,C,A,A,H,-,A,D,0,NA,NA,NA,NA,Y,NA,A,01,0,0,1,0,0,0,0,0,0,-,-,34.50799,-118.11275,LOS ANGELES,UNINCORPORATED,-118.11282634,34.50803645
90570115,2017,2017-10-13,9580,2017-10-07,1940,021498,NA,6,2,7,1942,0,1,1,NA,2,406,I-405 N/B (SAN DIEGO FWY),NORDHOFF ST,528,N,N,A,-,Y,NA,NA,405,NA,NA,NA,NA,NA,N,Y,3,0,2,2,A,-,03,22350,NA,N,C,C,A,A,H,-,C,D,0,NA,NA,NA,NA,Y,NA,A,01,0,2,0,0,0,0,0,0,0,-,-,34.2392,-118.47283,LOS ANGELES,LOS ANGELES,-118.47291255,34.23920078
90570121,2017,2019-04-26,9565,2017-06-02,0906,020284,NA,5,1,6,1933,0,1,1,NA,2,060,I-405 S/B FROM OLIVE ST.,ARBOR VITAE ST,825,S,N,A,-,Y,NA,NA,405,NA,NA,NA,R,NA,S,Y,1,1,0,2,A,-,08,22107,NA,N,E,I,A,A,H,-,A,D,0,NA,NA,NA,NA,Y,NA,A,01,0,0,0,0,0,0,0,0,0,-,-,33.95037,-118.36952,LOS ANGELES,INGLEWOOD,-118.36952,33.95037
90570155,2017,2017-10-13,9530,2017-10-07,1216,017755,NA,6,1,7,1941,0,1,1,NA,2,420,I-405 N/B (SAN DIEGO FREEWAY),TEMPLE AVE.,175,N,N,A,-,Y,NA,NA,NA,NA,NA,NA,NA,NA,NA,N,4,0,1,2,A,-,03,22350,NA,N,C,C,A,A,H,-,A,D,0,NA,NA,NA,NA,Y,NA,A,07,0,0,1,0,0,0,0,0,0,-,-,33.82484,-118.1969,LOS ANGELES,LONG BEACH,-118.15942298,33.81054026
90570171,2017,2017-10-13,9590,2017-10-07,1715,021643,NA,6,2,7,1942,0,1,1,NA,2,053,I-110 S/B (HARBOR FREEWAY),30TH STREET,300,S,N,A,-,Y,NA,NA,110,NA,NA,NA,NA,NA,S,Y,4,0,1,2,A,-,03,22350,NA,N,C,C,A,A,H,-,A,D,0,NA,NA,NA,NA,Y,NA,A,01,0,0,1,0,0,0,0,0,0,-,-,34.02414,-118.27672,LOS ANGELES,LOS ANGELES,-118.2766017,34.02407945
90570178,2017,2017-10-13,9525,2017-10-01,1905,021355,NA,7,2,4,1960,0,1,3,NA,2,571,SR-57 S/B (ORANGE FWY),VIA VERDE AVE,2640,S,N,A,-,Y,NA,NA,57,NA,NA,NA,NA,NA,S,Y,4,0,2,2,A,-,08,22107,NA,N,C,C,A,A,H,-,C,D,0,NA,NA,NA,NA,Y,NA,A,01,0,0,2,0,0,0,0,0,0,-,-,34.0741,-117.81057,LOS ANGELES,SAN DIMAS,-117.81054258,34.07412675
90570179,2017,2017-10-13,9590,2017-10-11,1945,020409,NA,3,2,7,1942,0,1,2,NA,2,042,US-101 N/B (SAF) TO I-10 E/B (SBF),CESAR CHAVEZ AVE,75,S,N,A,-,Y,NA,NA,101,NA,NA,NA,R,NA,N,Y,4,0,1,2,A,-,09,21806,A,N,C,C,A,A,H,-,C,D,0,NA,NA,NA,NA,Y,NA,A,01,0,0,1,0,0,0,0,0,0,-,-,34.05294,-118.22309,LOS ANGELES,LOS ANGELES,-118.22309,34.05294
9057018,2020,2020-05-15,1900,2020-02-29,0635,434049,0531,6,5,5,1959,0,0,0,NA,0,53T1AM,VALLEY BL,MUSCATEL AV,207,W,N,B,-,N,NA,NA,NA,NA,NA,NA,NA,NA,NA,N,3,0,1,2,A,-,09,21804,A,N,D,-,A,A,H,-,A,D,0,NA,NA,NA,NA,Y,NA,A,01,0,1,0,0,0,0,0,0,0,-,-,34.08074188232422,-118.07840728759766,LOS ANGELES,ROSEMEAD,-118.07830047607422,34.080657958984375
90570182,2017,2017-10-16,9525,2017-10-06,1655,021355,NA,5,2,6,1955,0,1,1,NA,2,109,I-10 W/B (SAN BERNARDINO FWY),WHITE AVE,1056,W,N,A,-,Y,NA,NA,10,NA,NA,NA,NA,NA,W,Y,3,0,1,1,A,-,03,22350,NA,N,E,J,A,A,C,-,A,D,0,NA,NA,Y,NA,Y,NA,C,02,0,1,0,0,0,0,0,0,1,-,-,34.07173,-117.75727,LOS ANGELES,POMONA,-117.75734165,34.07193176
90570187,2017,2017-10-13,9590,2017-09-22,1440,021678,NA,5,2,7,1942,0,1,1,NA,2,012,SR-110 N/B (ARROYO SECO PARKWAY),PASADENA AVE. RR O/C,220,S,N,A,-,Y,NA,NA,110,NA,NA,NA,NA,NA,N,Y,4,0,2,4,A,-,07,21658,A,F,C,C,A,A,H,-,A,D,0,NA,NA,NA,NA,Y,NA,-,99,0,0,2,0,0,0,0,0,0,-,-,34.08601,-118.21522,LOS ANGELES,LOS ANGELES,-118.21522625,34.08603394
90570190,2017,2017-10-13,9525,2017-10-06,1715,016342,NA,5,2,5,1990,0,1,3,NA,2,574,SR-57 N/B TO SR-60 E/B,GOLDEN SPRINGS DR.,700,S,N,A,-,Y,NA,NA,57,NA,NA,NA,R,NA,N,Y,3,0,1,2,A,-,03,22350,NA,N,C,C,A,A,H,-,A,D,0,NA,NA,NA,NA,Y,NA,A,01,0,1,0,0,0,0,0,0,0,-,-,34.00044,-117.83602,LOS ANGELES,DIAMOND BAR,-117.83602,34.00044
90570193,2017,2017-10-13,9545,2017-10-11,0705,021730,NA,3,1,9,1900,0,3,5,NA,2,004,FORT TEJON RD,87TH ST  E,0,NA,Y,A,-,N,NA,NA,NA,NA,NA,NA,NA,NA,NA,Y,3,0,4,2,A,-,09,21802,A,N,D,C,A,A,H,-,A,D,0,NA,NA,NA,NA,Y,NA,A,07,0,1,3,0,0,0,0,0,0,-,-,34.51023,-117.97494,LOS ANGELES,UNINCORPORATED,-117.97497006,34.51040007
9057020,2020,2020-07-07,1900,2020-03-18,1420,641160,0612,3,5,6,1985,0,0,0,NA,0,61T1,SOLEDAD CANYON RD,SHANGRI LA DR,296,E,N,A,-,N,NA,NA,NA,NA,NA,NA,NA,NA,NA,Y,4,0,1,2,D,-,00,NA,NA,N,A,C,A,A,H,-,A,D,0,NA,NA,NA,NA,Y,NA,-,-,0,0,1,0,0,0,0,0,0,-,-,34.416168212890625,-118.45764923095705,LOS ANGELES,SANTA CLARITA,-118.45770263671876,34.41622543334961
90570204,2017,2017-10-13,9580,2017-10-03,1645,019715,NA,2,2,7,1942,1,4,S,NA,2,901,ROSCOE BLVD (22000 BLOCK),TOPANGA CANYON BLVD,328,W,N,A,-,N,NA,NA,NA,NA,NA,NA,NA,NA,NA,Y,3,0,1,2,A,-,03,22350,NA,N,C,C,A,A,H,-,A,D,0,NA,NA,NA,NA,Y,NA,D,22,0,1,0,0,0,0,0,0,0,-,-,34.21946,-118.60728,LOS ANGELES,LOS ANGELES,-118.60708311,34.21962
9057022,2020,2020-03-20,1900,2020-02-26,1235,547297,0530,3,5,5,1959,0,0,0,NA,0,53T1AM,MUSCATEL AV,DUBONNET AV,0,NA,Y,A,-,N,NA,NA,NA,NA,NA,NA,NA,NA,NA,Y,2,0,1,2,A,-,09,21802,A,N,A,C,A,A,H,-,A,D,0,NA,NA,NA,NA,Y,NA,A,01,1,0,0,0,0,0,0,0,0,-,-,34.056888580322266,-118.07747650146484,LOS ANGELES,ROSEMEAD,-118.07749176025392,34.056819915771484
90570220,2017,2017-10-13,9590,2017-08-18,1545,021606,NA,5,2,7,1942,0,1,1,NA,2,080,I-5 N/B (GOLDEN STATE FREEWAY),EAST CESAR E CHAVEZ AVE,50,S,N,A,-,Y,NA,NA,5,NA,NA,NA,NA,NA,N,Y,4,0,1,3,A,-,03,22350,NA,N,C,C,A,A,H,-,A,D,0,NA,NA,NA,NA,Y,NA,A,01,0,0,1,0,0,0,0,0,0,-,-,34.04904,-118.2141,LOS ANGELES,LOS ANGELES,-118.21410929,34.04904142
90570232,2017,2017-10-13,9530,2017-10-05,1710,021642,NA,4,2,9,1900,0,1,1,NA,2,210,I-105 E/B (GLENN ANDERSON FWY),COMPTON AVE.,800,E,N,A,-,Y,NA,NA,105,NA,NA,NA,NA,NA,E,Y,3,0,1,5,A,-,08,22107,NA,N,B,C,A,A,H,-,A,D,0,NA,NA,Y,NA,Y,NA,C,02,0,1,0,0,0,0,0,0,1,-,-,33.92845,-118.24349,LOS ANGELES,UNINCORPORATED,-118.24349155,33.92842453
90570243,2017,2017-10-13,9535,2017-10-09,0845,012767,NA,1,1,9,1900,0,1,3,NA,2,066,SR-164 (ROSEMEAD BOULEVARD),SR-60,468,N,N,A,-,Y,NA,NA,164,NA,NA,NA,NA,NA,NA,Y,4,0,1,2,A,-,03,22350,NA,N,C,C,A,A,H,-,A,D,0,NA,NA,NA,NA,Y,NA,D,22,0,0,1,0,0,0,0,0,0,-,-,34.04274,-118.06414,LOS ANGELES,UNINCORPORATED,-118.06419996,34.04273985
90570245,2017,2017-10-13,9530,2017-10-06,1005,020567,NA,5,1,9,1900,0,3,5,NA,2,006,223RD ST.,MEYLER ST.,0,NA,Y,A,-,N,NA,NA,NA,NA,NA,NA,NA,NA,NA,Y,4,0,1,2,A,-,12,21453,A,N,D,C,A,A,H,-,A,A,0,NA,NA,NA,NA,Y,NA,A,01,0,0,1,0,0,0,0,0,0,-,-,33.82471,-118.2948,LOS ANGELES,UNINCORPORATED,-118.29478007,33.82450008
90570247,2017,2017-10-13,9535,2017-09-28,0145,017308,NA,4,3,5,1906,0,1,1,NA,2,650,I-605 N/B,I-10,760,S,N,A,-,Y,NA,NA,605,NA,NA,NA,NA,NA,N,Y,4,0,1,1,A,-,01,23152,A,N,E,I,A,A,H,-,C,D,0,NA,NA,NA,NA,Y,Y,A,01,0,0,1,0,0,0,0,0,0,-,-,34.06319,-118.00003,LOS ANGELES,BALDWIN PARK,-118.00016121,34.06320871
9057026,2020,2020-03-20,1900,2020-02-12,1053,529395,0532,3,5,5,1959,0,0,0,NA,0,53AMS,GARVEY AV,DEL MAR AV,150,W,N,A,-,N,NA,NA,NA,NA,NA,NA,NA,NA,NA,N,4,0,2,2,A,-,09,21804,A,N,D,C,A,A,H,-,A,D,0,NA,NA,NA,NA,Y,NA,A,01,0,0,2,0,0,0,0,0,0,-,-,34.062618255615234,-118.10002899169922,LOS ANGELES,ROSEMEAD,-118.09996795654295,34.062625885009766
90570263,2017,2017-10-13,9535,2017-10-06,1925,021131,NA,5,2,5,1959,0,1,1,NA,2,401,I-10 (SAN BERNARDINO FREEWAY) W/B,SAN GABRIEL BLVD.,900,E,N,A,-,Y,NA,NA,10,NA,NA,NA,NA,NA,W,Y,4,0,2,2,A,-,03,22350,NA,N,C,C,A,A,H,-,D,D,0,NA,NA,NA,NA,Y,NA,A,01,0,0,2,0,0,0,0,0,0,-,-,34.07222,-118.08752,LOS ANGELES,ROSEMEAD,-118.08752001,34.0722233
90570275,2017,2017-10-13,9430,2017-10-08,0230,018681,NA,7,3,9,1900,0,1,1,NA,2,051,I-5 S/B (GOLDEN STATE FREEWAY),GORMAN SCHOOL RD. UNDER CROSS,6336,S,N,A,-,Y,NA,NA,5,NA,NA,NA,NA,NA,S,Y,3,0,1,1,A,-,08,22107,NA,N,E,I,A,A,H,-,D,D,0,NA,NA,NA,NA,Y,NA,D,22,0,1,0,0,0,0,0,0,0,-,-,34.78536,-118.82541,LOS ANGELES,UNINCORPORATED,-118.82544264,34.78530489