CASE_ID,ACCIDENT_YEAR,PROC_DATE,JURIS,COLLISION_DATE,COLLISION_TIME,OFFICER_ID,REPORTING_DISTRICT,DAY_OF_WEEK,CHP_SHIFT,POPULATION,CNTY_CITY_LOC,SPECIAL_COND,BEAT_TYPE,CHP_BEAT_TYPE,CITY_DIVISION_LAPD,CHP_BEAT_CLASS,BEAT_NUMBER,PRIMARY_RD,SECONDARY_RD,DISTANCE,DIRECTION,INTERSECTION,WEATHER_1,WEATHER_2,STATE_HWY_IND,CALTRANS_COUNTY,CALTRANS_DISTRICT,STATE_ROUTE,ROUTE_SUFFIX,POSTMILE_PREFIX,POSTMILE,LOCATION_TYPE,RAMP_INTERSECTION,SIDE_OF_HWY,TOW_AWAY,COLLISION_SEVERITY,NUMBER_KILLED,NUMBER_INJURED,PARTY_COUNT,PRIMARY_COLL_FACTOR,PCF_CODE_OF_VIOL,PCF_VIOL_CATEGORY,PCF_VIOLATION,PCF_VIOL_SUBSECTION,HIT_AND_RUN,TYPE_OF_COLLISION,MVIW,PED_ACTION,ROAD_SURFACE,ROAD_COND_1,ROAD_COND_2,LIGHTING,CONTROL_DEVICE,CHP_ROAD_TYPE,PEDESTRIAN_ACCIDENT,BICYCLE_ACCIDENT,MOTORCYCLE_ACCIDENT,TRUCK_ACCIDENT,NOT_PRIVATE_PROPERTY,ALCOHOL_INVOLVED,STWD_VEHTYPE_AT_FAULT,CHP_VEHTYPE_AT_FAULT,COUNT_SEVERE_INJ,COUNT_VISIBLE_INJ,COUNT_COMPLAINT_PAIN,COUNT_PED_KILLED,COUNT_PED_INJURED,COUNT_BICYCLIST_KILLED,COUNT_BICYCLIST_INJURED,COUNT_MC_KILLED,COUNT_MC_INJURED,PRIMARY_RAMP,SECONDARY_RAMP,LATITUDE,LONGITUDE,COUNTY,CITY,POINT_X,POINT_Y
90572466,2017,2017-10-18,9550,2017-10-11,0555,021166,NA,3,3,6,1920,0,1,1,NA,2,500,I-5 FWY S/B,PARAMOUNT BOULEVARD,500,S,N,A,-,Y,NA,NA,5,NA,NA,NA,NA,NA,S,Y,4,0,1,2,A,-,03,22350,NA,N,C,C,A,A,H,-,C,D,0,NA,NA,NA,Y,Y,NA,G,25,0,0,1,0,0,0,0,0,0,-,-,33.9517,-118.10383,LOS ANGELES,DOWNEY,-118.1038408,33.95169054
9057247,2020,2020-07-01,1942,2020-02-29,1930,27806,LA,6,5,7,1942,0,0,0,NA,0,21S6,OXNARD ST,TOPANGA,30,E,N,A,-,N,NA,NA,NA,NA,NA,NA,NA,NA,NA,NA,4,0,1,2,A,-,04,21703,NA,N,C,C,A,A,H,-,C,A,0,NA,NA,NA,NA,Y,NA,-,NA,0,0,1,0,0,0,0,0,0,-,-,NA,NA,LOS ANGELES,LOS ANGELES,-118.605268,34.179205
9057248,2020,2020-06-16,1942,2020-02-27,0331,42884,2157,4,5,7,1942,0,0,0,NA,0,NA,GILMORE ST,OSO AV,170,W,N,A,-,N,NA,NA,NA,NA,NA,NA,NA,NA,NA,N,4,0,1,2,A,-,03,22350,NA,N,C,C,A,A,H,-,C,A,0,NA,NA,NA,NA,Y,NA,-,NA,0,0,1,0,0,0,0,0,0,-,-,NA,NA,LOS ANGELES,LOS ANGELES,-118.57589721679688,34.18912887573242
90572486,2017,2017-10-18,9535,2017-10-15,1135,017598,NA,7,1,5,1943,0,1,1,NA,2,105,I-105 W/B TO I-710 N/B,I-710,500,E,N,A,-,Y,NA,NA,NA,NA,NA,NA,NA,NA,NA,Y,4,0,2,2,A,-,07,21658,A,N,C,C,A,A,H,-,A,D,0,NA,NA,NA,NA,Y,NA,A,07,0,0,2,0,0,0,0,0,0,-,-,33.91142,-118.1708,LOS ANGELES,LYNWOOD,-118.17993,33.91281
9057249,2020,2020-06-30,1942,2020-02-14,2020,43419,2136,5,5,7,1942,0,0,0,NA,0,21A43,OWENSMOUTH AV,SHERMAN WY,0,NA,Y,-,-,N,NA,NA,NA,NA,NA,NA,NA,NA,NA,Y,4,0,1,2,D,-,00,NA,NA,N,D,C,A,A,-,-,C,A,0,NA,NA,NA,NA,Y,NA,-,-,0,0,1,0,0,0,0,0,0,-,-,NA,NA,LOS ANGELES,LOS ANGELES,-118.6015625,34.20103073120117
90572493,2017,2017-10-18,9590,2017-09-01,1555,021606,NA,5,2,7,1942,0,1,1,NA,2,081,I-5 S/B (SAF) TO I-5 S/B (SAF),I-10 (SMF),200,S,N,A,-,Y,NA,NA,5,NA,NA,NA,R,NA,S,N,4,0,1,2,A,-,03,22350,NA,N,C,C,A,A,H,-,A,D,0,NA,NA,NA,NA,Y,NA,A,01,0,0,1,0,0,0,0,0,0,-,-,34.03291,-118.22059,LOS ANGELES,LOS ANGELES,-118.22059,34.03291
90572497,2017,2017-10-18,9550,2017-10-11,0750,021656,NA,3,1,6,1920,0,1,1,NA,2,150,INTERSTATE 105 E/B (CENTURY FREEWAY),WOODRUFF AVENUE,30,E,N,A,-,Y,NA,NA,105,NA,NA,NA,NA,NA,E,Y,4,0,1,2,A,-,03,22350,NA,N,C,C,A,A,H,-,A,D,0,NA,NA,NA,NA,Y,NA,A,01,0,0,1,0,0,0,0,0,0,-,-,33.91365,-118.1166,LOS ANGELES,DOWNEY,-118.11659835,33.91363183
9057250,2020,2020-06-16,1942,2020-02-27,1820,39964,NA,4,5,7,1942,0,0,0,NA,0,21XL44,CANOGA,BASSETT,0,NA,Y,A,-,N,NA,NA,NA,NA,NA,NA,NA,NA,NA,N,3,0,1,2,A,-,10,21950,NA,N,G,B,B,A,H,-,C,D,0,Y,NA,NA,NA,Y,NA,-,NA,0,1,0,0,1,0,0,0,0,-,-,NA,NA,LOS ANGELES,LOS ANGELES,-118.59748840332033,34.19559097290039
90572517,2017,2017-10-18,9565,2017-10-10,1710,019031,NA,2,2,9,1900,0,2,4,NA,1,032,SLAUSON AVE,FAIRFAX AVE,350,E,N,A,-,N,NA,NA,NA,NA,NA,NA,NA,NA,NA,N,4,0,3,2,A,-,07,21658,A,N,B,C,A,A,H,-,A,D,0,NA,NA,NA,NA,Y,NA,A,01,0,0,3,0,0,0,0,0,0,-,-,33.98806,-118.36092,LOS ANGELES,UNINCORPORATED,-118.36155948,33.98785611
9057252,2020,2020-06-16,1941,2020-02-24,0741,5617,NA,1,5,7,1941,0,0,0,NA,0,NA,WILLOW ST,ADRIATIC AV,123,E,N,A,-,N,NA,NA,NA,NA,NA,NA,NA,NA,NA,Y,4,0,1,2,A,-,00,22650,NA,N,C,C,A,A,H,-,A,A,0,NA,NA,NA,NA,Y,NA,A,NA,0,0,1,0,0,0,0,0,0,-,-,NA,NA,LOS ANGELES,LONG BEACH,-118.2139892578125,33.80440139770508
90572528,2017,2017-10-18,9550,2017-10-12,1250,015040,NA,4,1,3,1964,0,1,1,NA,2,501,I-5 S/B (SANTA ANA FREEWAY),CARMENITA RD.,1000,N,N,A,-,Y,NA,NA,5,NA,NA,NA,NA,NA,S,Y,4,0,1,3,A,-,03,22350,NA,N,C,C,A,A,H,-,A,D,0,NA,NA,NA,NA,Y,NA,D,22,0,0,1,0,0,0,0,0,0,-,-,33.89529,-118.04988,LOS ANGELES,SANTA FE SPRINGS,-118.04985421,33.89533767
90572543,2017,2017-10-24,9580,2017-10-01,1340,021492,NA,7,1,7,1942,0,1,1,NA,2,404,I-405 N/B TO US-101 W/B,U.S.-101 W/B,500,S,N,A,-,Y,NA,NA,405,NA,NA,NA,R,NA,N,N,4,0,1,2,A,-,03,22350,NA,M,C,C,A,A,H,-,A,D,0,NA,NA,NA,NA,Y,NA,A,01,0,0,1,0,0,0,0,0,0,-,-,34.15902,-118.46804,LOS ANGELES,LOS ANGELES,-118.46804,34.15902
90572561,2017,2017-10-18,9565,2017-10-13,1745,020239,NA,5,2,4,1918,0,1,1,NA,2,061,I-405 SOUTHBOUND (SAN DIEGO FREEWAY),WASHINGTON BLVD,10,N,N,A,-,Y,NA,NA,405,NA,NA,NA,NA,NA,S,N,4,0,1,2,A,-,03,22350,NA,N,C,C,A,A,H,-,A,D,0,NA,NA,NA,NA,Y,NA,A,01,0,0,1,0,0,0,0,0,0,-,-,34.00629,-118.41394,LOS ANGELES,CULVER CITY,-118.41391999,34.0063056
90572562,2017,2017-10-18,9540,2017-10-11,1815,020634,NA,3,2,9,1900,0,2,4,NA,2,010,THE OLD ROAD,SAGECREST CIR,106,S,N,A,-,N,NA,NA,NA,NA,NA,NA,NA,NA,NA,Y,3,0,1,2,A,-,09,21804,NA,N,D,C,A,A,H,-,A,D,0,NA,NA,NA,NA,Y,Y,A,01,0,1,0,0,0,0,0,0,0,-,-,34.37773,-118.56734,LOS ANGELES,UNINCORPORATED,-118.56749664,34.37776943
90572568,2017,2017-10-18,9540,2017-10-11,1450,020634,NA,3,2,9,1900,0,3,5,NA,2,008,VALENCIA BLVD (26200 BLOCK),VALENCIA BLVD,3,N,N,A,-,N,NA,NA,NA,NA,NA,NA,NA,NA,NA,N,4,0,1,2,A,-,10,21950,A,N,G,B,F,A,H,-,A,A,0,Y,NA,NA,NA,Y,NA,A,07,0,0,1,0,1,0,0,0,0,-,-,34.40257,-118.59423,LOS ANGELES,UNINCORPORATED,NA,NA
9057258,2020,2020-06-30,1922,2020-02-05,1731,685,NA,3,5,6,1922,0,0,0,NA,0,002,GILMAN RD,KERRWOOD ST,0,NA,Y,A,-,N,NA,NA,NA,NA,NA,NA,NA,NA,NA,N,4,0,3,2,A,-,12,22450,A,N,D,C,A,A,H,-,B,A,0,NA,NA,NA,NA,Y,NA,-,-,0,0,3,0,0,0,0,0,0,-,-,34.0737190246582,-118.00404357910156,LOS ANGELES,EL MONTE,-118.00399017333984,34.07366180419922
90572580,2017,2017-10-18,9540,2017-10-10,0050,021260,NA,2,3,9,1900,0,2,4,NA,1,204,BOUQUET CANYON RD,QUARRY RD,4752,S,N,A,-,N,NA,NA,NA,NA,NA,NA,NA,NA,NA,Y,4,0,1,1,A,-,03,22350,NA,N,E,J,A,A,H,-,D,D,0,NA,NA,NA,NA,Y,NA,A,07,0,0,1,0,0,0,0,0,0,-,-,34.55426,-118.41953,LOS ANGELES,UNINCORPORATED,-118.42744897,34.55029843
90572602,2017,2017-10-18,9540,2017-10-13,2330,021260,NA,5,3,7,1942,0,1,1,NA,1,502,I-5 N/B (GSF) FROM ROXFORD STREET,ROXFORD ST,920,N,N,A,-,Y,NA,NA,5,NA,NA,NA,R,NA,N,Y,4,0,1,1,A,-,03,22350,NA,N,E,I,A,A,H,-,C,D,0,NA,NA,NA,NA,Y,NA,A,01,0,0,1,0,0,0,0,0,0,-,-,34.3054,-118.4814,LOS ANGELES,LOS ANGELES,-118.4814,34.3054
90572608,2017,2017-10-18,9535,2017-10-14,1630,019626,NA,6,2,4,1907,0,1,1,NA,2,073,I-710 (LONG BEACH FREEWAY) S/B,FLORENCE AVE,40,S,N,A,-,Y,NA,NA,710,NA,NA,NA,NA,NA,S,N,4,0,1,2,A,-,03,22350,NA,N,C,C,A,A,H,-,A,D,0,NA,NA,NA,NA,Y,NA,A,01,0,0,1,0,0,0,0,0,0,-,-,33.96802,-118.16799,LOS ANGELES,BELL,-118.16786934,33.96800256
9057261,2020,2020-07-01,1942,2020-03-11,1130,30851,2143,3,5,7,1942,0,0,0,NA,0,21A29,VAN OWEN,LENA AV,0,NA,Y,B,-,N,NA,NA,NA,NA,NA,NA,NA,NA,NA,N,4,0,1,2,A,-,05,21650,1,N,G,G,A,B,H,-,A,A,0,NA,Y,NA,NA,Y,NA,L,04,0,0,1,0,0,0,1,0,0,-,-,NA,NA,LOS ANGELES,LOS ANGELES,-118.62718200683594,34.19371032714844
9057262,2020,2020-07-01,1942,2020-03-18,1250,41124,281,3,5,7,1942,0,0,0,NA,0,2A92,11TH ST,WESTLAKE,160,W,N,A,-,N,NA,NA,NA,NA,NA,NA,NA,NA,NA,N,3,0,1,2,A,-,11,21955,NA,F,G,B,-,A,G,-,A,D,0,Y,NA,NA,NA,Y,NA,-,99,0,1,0,0,1,0,0,0,0,-,-,NA,NA,LOS ANGELES,LOS ANGELES,-118.28011322021484,34.04996871948242
90572624,2017,2017-10-18,9535,2017-10-14,0935,017595,NA,6,1,5,1969,0,1,1,NA,2,074,I-710 N/B TO FIRESTONE BLVD,FILESTONE BLVD,40,S,N,A,-,Y,NA,NA,NA,NA,NA,NA,NA,NA,NA,N,3,0,1,2,A,-,21,22106,NA,N,C,C,A,A,H,-,A,A,0,NA,NA,NA,NA,Y,NA,A,07,0,1,0,0,0,0,0,0,0,-,-,33.56582,-118.10077,LOS ANGELES,SOUTH GATE,NA,NA
9057263,2020,2020-07-10,1942,2020-03-20,1200,43897,0251,5,5,7,1942,0,0,0,B,0,2A56,RAMPART BL,4TH ST,10,S,N,A,-,N,NA,NA,NA,NA,NA,NA,NA,NA,NA,N,4,0,1,2,A,-,04,21703,NA,N,C,D,A,A,H,-,A,D,0,NA,NA,NA,NA,Y,NA,A,01,0,0,1,0,0,0,0,0,0,-,-,NA,NA,LOS ANGELES,LOS ANGELES,-118.27974700927734,34.06490707397461
90572631,2017,2017-10-18,9565,2017-10-11,1036,021892,NA,3,1,5,1965,0,1,1,NA,2,081,I-10 WESTBOUND (SANTA MONICA FREEWAY),STEWART STREET,200,W,N,A,-,Y,NA,NA,10,NA,NA,NA,NA,NA,W,Y,4,0,1,2,A,-,03,22350,NA,N,C,C,A,A,H,-,A,D,0,NA,NA,NA,NA,Y,NA,A,01,0,0,1,0,0,0,0,0,0,-,-,34.026,-118.4641,LOS ANGELES,SANTA MONICA,-118.46409752,34.02599114
9057264,2020,2020-07-01,1942,2020-03-19,1155,43369,0266,4,5,7,1942,0,0,0,B,0,NA,UNION AV,JAMES M WOOD,0,NA,N,A,-,N,NA,NA,NA,NA,NA,NA,NA,NA,NA,NA,4,0,1,2,A,-,09,21801,NA,N,A,C,A,A,H,-,A,A,0,NA,NA,NA,NA,Y,NA,A,07,0,0,1,0,0,0,0,0,0,-,-,NA,NA,LOS ANGELES,LOS ANGELES,-118.27316,34.05083
90572646,2017,2017-10-18,9580,2017-10-07,1850,021627,NA,6,2,7,1942,0,1,2,NA,2,102,US-101 N/B (VENTURA FREEWAY),SEPULVEDA BLVD,530,S,N,A,-,Y,NA,NA,NA,NA,NA,NA,NA,NA,NA,Y,4,0,5,3,A,-,03,22350,NA,N,C,C,A,A,H,-,C,D,0,NA,NA,NA,NA,Y,NA,A,01,0,0,5,0,0,0,0,0,0,-,-,34.15946,-118.45422,LOS ANGELES,LOS ANGELES,-118.46441375,34.15952007
9057265,2020,2020-07-01,1942,2020-03-24,1700,43705,0201,2,5,7,1942,0,0,0,B,0,02A18W,N MARIPOSA AV,ROMAINE ST,172,S,N,A,-,N,NA,NA,NA,NA,NA,NA,NA,NA,NA,N,4,0,1,2,A,-,05,21650,NA,N,D,G,A,A,H,-,A,D,0,NA,Y,NA,NA,Y,NA,L,04,0,0,1,0,0,0,1,0,0,-,-,NA,NA,LOS ANGELES,LOS ANGELES,-118.29906463623048,34.08804702758789
90572653,2017,2017-10-18,9550,2017-10-08,1310,021532,NA,7,1,5,1919,0,1,1,NA,2,652,INTERSTATE 605 S/B,SOUTH STREET,130,N,N,A,-,Y,NA,NA,605,NA,NA,NA,NA,NA,S,Y,4,0,2,3,A,-,03,22350,NA,N,C,C,A,A,H,-,A,D,0,NA,NA,NA,NA,Y,NA,A,01,0,0,2,0,0,0,0,0,0,-,-,33.86269,-118.09767,LOS ANGELES,CERRITOS,-118.09769097,33.8626823
9057266,2020,2020-07-10,1942,2020-03-27,1800,43578,0215,5,5,7,1942,0,0,0,B,0,2A76W5,TEMPLE ST,VENDALE DR,0,NA,Y,A,-,N,NA,NA,NA,NA,NA,NA,NA,NA,NA,Y,4,0,2,2,D,-,00,NA,NA,N,A,C,A,A,H,-,A,D,0,NA,NA,NA,NA,Y,NA,-,-,0,0,2,0,0,0,0,0,0,-,-,NA,NA,LOS ANGELES,LOS ANGELES,NA,NA
9057267,2020,2020-07-01,1942,2020-03-20,0010,31713,0201,5,5,7,1942,0,0,0,B,0,2A1,N VERMONT AV,WILLOW BROOK AV,0,NA,Y,A,-,N,NA,NA,NA,NA,NA,NA,NA,NA,NA,N,3,0,1,2,A,-,11,21954,A,N,G,B,D,A,H,-,C,D,0,Y,NA,NA,NA,Y,Y,N,60,0,1,0,0,1,0,0,0,0,-,-,NA,NA,LOS ANGELES,LOS ANGELES,-118.29174041748048,34.089778900146484
90572677,2017,2017-10-18,9550,2017-10-07,1500,021577,NA,6,2,5,1908,0,1,3,NA,2,090,SR-91 W/B,LAKEWOOD BOULEVARD,500,E,N,A,-,Y,NA,NA,91,NA,NA,NA,NA,NA,W,N,4,0,1,3,A,-,03,22350,NA,N,C,C,A,A,H,-,A,D,0,NA,NA,NA,NA,Y,NA,A,07,0,0,1,0,0,0,0,0,0,-,-,33.8772,-118.1348,LOS ANGELES,BELLFLOWER,-118.13479884,33.87730406
9057268,2020,2020-07-01,1942,2020-03-16,1615,38171,0211,1,5,7,1942,0,0,0,B,0,2A1,N VERMONT AV,CLINTON ST,0,NA,Y,C,-,N,NA,NA,NA,NA,NA,NA,NA,NA,NA,N,4,0,1,2,A,-,09,21801,A,N,D,C,A,B,H,-,A,A,0,NA,NA,NA,NA,Y,NA,A,07,0,0,1,0,0,0,0,0,0,-,-,NA,NA,LOS ANGELES,LOS ANGELES,-118.29171752929688,34.081748962402344
90572682,2017,2017-10-18,9535,2017-10-16,1500,020813,NA,1,2,6,1922,0,1,1,NA,2,400,I-10 (SAN BERNARDINO FREEWAY) E/B,SANTA ANITA AVE.,1000,E,N,A,-,Y,NA,NA,10,NA,NA,NA,NA,NA,E,N,4,0,1,2,A,-,03,22350,NA,N,C,C,A,A,H,-,A,D,0,NA,NA,NA,NA,Y,NA,D,22,0,0,1,0,0,0,0,0,0,-,-,34.06821,-118.03888,LOS ANGELES,EL MONTE,-118.03887622,34.06824175
9057269,2020,2020-07-01,1942,2020-03-18,1620,38171,0235,3,5,7,1942,0,0,0,B,0,2A17,S ALVARADO ST,W 3RD ST,244,S,N,A,-,N,NA,NA,NA,NA,NA,NA,NA,NA,NA,Y,4,0,1,2,A,-,08,22102,NA,F,D,C,A,A,H,-,A,D,0,NA,NA,NA,NA,Y,NA,-,99,0,0,1,0,0,0,0,0,0,-,-,NA,NA,LOS ANGELES,LOS ANGELES,-118.27307891845705,34.0623664855957
90572690,2017,2017-10-18,9590,2017-10-06,0830,021606,NA,5,1,7,1942,0,1,1,NA,2,021,I-10 W/B (SAN BERNARDINO FREEWAY),SANTA FE ST.,500,E,N,A,-,Y,NA,NA,10,NA,NA,NA,NA,NA,W,N,4,0,1,3,A,-,03,22350,NA,N,C,C,A,A,H,-,A,D,0,NA,NA,NA,Y,Y,NA,G,25,0,0,1,0,0,0,0,0,0,-,-,34.05594,-118.19488,LOS ANGELES,LOS ANGELES,-118.19488845,34.05562289
90572693,2017,2017-10-18,9590,2017-10-06,2105,021346,NA,5,2,7,1942,0,1,1,NA,2,051,I-110 S/B (HARBOR FREEWAY),42ND STREET,200,S,N,A,-,Y,NA,NA,110,NA,NA,NA,NA,NA,S,Y,3,0,1,2,A,-,07,21658,A,N,C,C,A,A,H,-,C,D,0,NA,NA,NA,NA,Y,NA,A,07,0,1,0,0,0,0,0,0,0,-,-,34.00656,-118.28127,LOS ANGELES,LOS ANGELES,-118.2811715,34.00655901
90572694,2017,2017-10-18,9525,2017-10-08,2000,021355,NA,7,2,4,1946,0,1,1,NA,2,201,I-210 W/B (FOOTHILL FWY),MYRTLE AVE,200,E,N,A,-,Y,NA,NA,210,NA,NA,NA,NA,NA,W,Y,4,0,1,1,C,-,18,NA,NA,N,E,J,A,A,H,-,C,D,0,NA,NA,NA,NA,Y,NA,-,-,0,0,1,0,0,0,0,0,0,-,-,34.13557,-117.99983,LOS ANGELES,MONROVIA,-117.99983,34.13556954
90572698,2017,2017-10-18,9525,2017-10-09,0555,020499,NA,1,3,4,1946,0,1,1,NA,2,201,I-210 W/B (FOOTHILL FWY),HUNTINGTON DR.,1056,E,N,A,-,Y,NA,NA,210,NA,NA,NA,NA,NA,W,Y,4,0,1,5,A,-,03,22350,NA,N,C,C,A,A,H,-,A,D,0,NA,NA,NA,NA,Y,NA,A,01,0,0,1,0,0,0,0,0,0,-,-,34.13907,-118.01526,LOS ANGELES,MONROVIA,-118.01527469,34.13905546
9057270,2020,2020-07-01,1942,2020-03-25,1210,36238,0216,3,5,7,1942,0,0,0,B,0,2A17,W SUNSET BL,MOHAWK ST,35,W,N,B,-,N,NA,NA,NA,NA,NA,NA,NA,NA,NA,N,4,0,1,2,A,-,04,21703,NA,N,C,C,A,A,H,-,A,D,0,NA,NA,NA,NA,Y,NA,A,08,0,0,1,0,0,0,0,0,0,-,-,NA,NA,LOS ANGELES,LOS ANGELES,-118.26546478271484,34.07749938964844
90572702,2017,2017-10-18,9590,2017-10-07,2020,021535,NA,6,2,7,1942,0,1,1,NA,2,085,I-5 S/B (GSF),COLORADO STREET,500,S,N,A,-,Y,NA,NA,5,NA,NA,NA,NA,NA,S,Y,4,0,2,3,A,-,08,22107,NA,N,B,C,A,A,H,-,C,D,0,NA,NA,NA,NA,Y,NA,A,01,0,0,2,0,0,0,0,0,0,-,-,34.13981,-118.2774,LOS ANGELES,LOS ANGELES,-118.27737566,34.13981998
9057271,2020,2020-07-01,1942,2020-03-21,1535,40008,0292,6,5,7,1942,0,0,0,B,0,2A91,S BURLINGTON AV,WEST WASHINGTON BL,0,NA,Y,A,-,N,NA,NA,NA,NA,NA,NA,NA,NA,NA,N,4,0,2,3,A,-,09,21804,A,N,D,C,A,A,H,-,A,D,0,NA,NA,NA,NA,Y,NA,A,01,0,0,2,0,0,0,0,0,0,-,-,NA,NA,LOS ANGELES,LOS ANGELES,-118.28282165527344,34.03926086425781
90572713,2017,2017-10-18,9525,2017-10-08,1443,021393,NA,7,2,9,1900,0,2,4,NA,2,032,VALLEY BLVD,LEMON AVE,0,NA,Y,A,-,N,NA,NA,NA,NA,NA,NA,NA,NA,NA,Y,4,0,1,2,A,-,12,21453,A,N,D,C,A,A,H,-,A,A,0,NA,NA,NA,NA,Y,NA,-,-,0,0,1,0,0,0,0,0,0,-,-,34.00978,-117.85876,LOS ANGELES,UNINCORPORATED,-117.85889008,34.00977009
90572717,2017,2017-10-18,9525,2017-10-11,0620,012772,NA,3,1,9,1900,0,2,4,NA,2,045,VALLEY BLVD (14800 BLK),CALIFORNIA AVE,108,W,N,A,-,N,NA,NA,NA,NA,NA,NA,NA,NA,NA,Y,3,0,1,2,A,-,03,22350,NA,N,C,E,A,A,H,-,C,D,0,NA,NA,NA,NA,Y,NA,A,07,0,1,0,0,0,0,0,0,0,-,-,34.03159,-117.97017,LOS ANGELES,UNINCORPORATED,-117.96982346,34.03148932
9057272,2020,2020-07-01,1942,2020-03-21,0955,38357,0138,6,5,7,1942,0,0,0,A,0,1A29,EAST 4TH ST,S ALAMEDA ST,0,NA,Y,A,-,N,NA,NA,NA,NA,NA,NA,NA,NA,NA,Y,3,0,1,2,A,-,12,21453,A,N,D,C,A,-,H,-,A,D,0,NA,NA,NA,NA,Y,NA,A,01,0,1,0,0,0,0,0,0,0,-,-,NA,NA,LOS ANGELES,LOS ANGELES,-118.23812866210938,34.04330062866211
90572727,2017,2017-10-18,9550,2017-10-06,0750,021166,NA,5,1,9,1900,0,1,1,NA,2,650,I-605 FWY N/B,PECK ROAD,31,N,N,A,-,Y,NA,NA,605,NA,NA,NA,NA,NA,N,Y,4,0,1,3,A,-,03,22350,NA,F,C,C,A,A,H,-,A,D,0,NA,NA,NA,NA,Y,NA,A,01,0,0,1,0,0,0,0,0,0,-,-,34.02734,-118.03746,LOS ANGELES,UNINCORPORATED,-118.03742282,34.02727159
90572728,2017,2017-10-18,9535,2017-10-10,1410,021599,NA,2,2,9,1900,0,2,4,NA,2,018,3RD ST,MEDNIK AVE,0,NA,Y,A,-,N,NA,NA,NA,NA,NA,NA,NA,NA,NA,N,4,0,3,2,A,-,09,21801,A,N,D,C,A,A,H,-,A,A,0,NA,NA,NA,NA,Y,NA,A,07,0,0,3,0,0,0,0,0,0,-,-,34.0333,-118.1622,LOS ANGELES,UNINCORPORATED,-118.16229001,34.033280070000004
9057273,2020,2020-07-01,1942,2020-03-16,2220,42520,0204,1,5,7,1942,0,0,0,B,0,2A5W3,BELLEVUE AV,TULAROSA DR,0,NA,Y,A,-,N,NA,NA,NA,NA,NA,NA,NA,NA,NA,N,4,0,3,2,A,-,12,22450,A,N,D,C,A,A,H,-,C,A,0,NA,NA,NA,NA,Y,NA,A,01,0,0,3,0,0,0,0,0,0,-,-,NA,NA,LOS ANGELES,LOS ANGELES,-118.2821807861328,34.07966995239258
90572730,2017,2017-10-18,9550,2017-10-07,1030,021166,NA,6,1,9,1900,0,1,1,NA,2,650,I-605 FWY S/B,PECK ROAD,1037,S,N,A,-,Y,NA,NA,NA,NA,NA,NA,NA,NA,NA,Y,3,0,1,2,A,-,08,22107,NA,N,C,E,A,A,H,-,A,D,0,NA,NA,NA,NA,Y,NA,A,07,0,1,0,0,0,0,0,0,0,-,-,34.02288,-118.04515,LOS ANGELES,UNINCORPORATED,-118.04039927,34.02576236
90572731,2017,2017-10-18,9590,2017-10-15,0900,021635,NA,7,1,7,1942,0,1,2,NA,2,071,US-101 S/B (HOF),BONNIE BRAE ST. O/C,380,S,N,A,-,Y,NA,NA,NA,NA,NA,NA,NA,NA,NA,N,4,0,2,2,A,-,03,22350,NA,N,C,C,A,A,H,-,A,D,0,NA,NA,NA,NA,Y,NA,A,07,0,0,2,0,0,0,0,0,0,-,-,34.41332,-118.15484,LOS ANGELES,LOS ANGELES,-118.26348632,34.07043389
90572732,2017,2017-10-18,9590,2017-10-17,0745,015982,NA,2,1,7,1942,0,1,1,NA,2,052,I-110 N/B (HAF) TO I-10 (SMF),WASHINGTON BLVD,560,S,N,A,-,Y,NA,NA,110,NA,NA,NA,R,NA,N,N,4,0,1,4,A,-,03,22350,NA,N,C,C,A,A,H,-,A,D,0,NA,NA,NA,NA,Y,NA,A,01,0,0,1,0,0,0,0,0,0,-,-,34.03416,-118.27432,LOS ANGELES,LOS ANGELES,-118.27432,34.03416
9057274,2020,2020-07-10,1942,2020-03-18,1350,43897,0251,3,5,7,1942,0,0,0,B,0,2A56,3RD ST,RAMPART BL,60,E,N,A,-,N,NA,NA,NA,NA,NA,NA,NA,NA,NA,N,4,0,2,2,A,-,08,22107,NA,N,D,C,A,A,H,-,A,D,0,NA,NA,NA,NA,Y,NA,A,01,0,0,2,0,0,0,0,0,0,-,-,NA,NA,LOS ANGELES,LOS ANGELES,-118.27873992919922,34.06613540649414
90572740,2017,2017-10-18,9575,2017-10-10,1710,021744,NA,2,2,6,1925,0,1,3,NA,2,042,SR-134 E/B (VENTURA FREEWAY),GLENDALE AVE.,156,E,N,A,-,Y,NA,NA,134,NA,NA,NA,NA,NA,E,Y,4,0,1,1,A,-,08,22107,NA,N,E,I,A,A,H,-,A,D,0,NA,NA,NA,NA,Y,NA,A,01,0,0,1,0,0,0,0,0,0,-,-,34.15546,-118.2417,LOS ANGELES,GLENDALE,-118.24166974,34.15553748
9057275,2020,2020-07-01,1942,2020-03-02,0810,40275,1177,1,5,7,1942,0,0,0,K,0,11A89,W AVENUE 26,JEFFRIES AV,0,NA,Y,A,-,N,NA,NA,NA,NA,NA,NA,NA,NA,NA,N,4,0,2,2,A,-,09,21802,A,N,D,C,A,A,H,-,A,A,0,NA,NA,NA,NA,Y,NA,A,07,0,0,2,0,0,0,0,0,0,-,-,NA,NA,LOS ANGELES,LOS ANGELES,-118.22406005859376,34.085289001464844