CASE_ID,ACCIDENT_YEAR,PROC_DATE,JURIS,COLLISION_DATE,COLLISION_TIME,OFFICER_ID,REPORTING_DISTRICT,DAY_OF_WEEK,CHP_SHIFT,POPULATION,CNTY_CITY_LOC,SPECIAL_COND,BEAT_TYPE,CHP_BEAT_TYPE,CITY_DIVISION_LAPD,CHP_BEAT_CLASS,BEAT_NUMBER,PRIMARY_RD,SECONDARY_RD,DISTANCE,DIRECTION,INTERSECTION,WEATHER_1,WEATHER_2,STATE_HWY_IND,CALTRANS_COUNTY,CALTRANS_DISTRICT,STATE_ROUTE,ROUTE_SUFFIX,POSTMILE_PREFIX,POSTMILE,LOCATION_TYPE,RAMP_INTERSECTION,SIDE_OF_HWY,TOW_AWAY,COLLISION_SEVERITY,NUMBER_KILLED,NUMBER_INJURED,PARTY_COUNT,PRIMARY_COLL_FACTOR,PCF_CODE_OF_VIOL,PCF_VIOL_CATEGORY,PCF_VIOLATION,PCF_VIOL_SUBSECTION,HIT_AND_RUN,TYPE_OF_COLLISION,MVIW,PED_ACTION,ROAD_SURFACE,ROAD_COND_1,ROAD_COND_2,LIGHTING,CONTROL_DEVICE,CHP_ROAD_TYPE,PEDESTRIAN_ACCIDENT,BICYCLE_ACCIDENT,MOTORCYCLE_ACCIDENT,TRUCK_ACCIDENT,NOT_PRIVATE_PROPERTY,ALCOHOL_INVOLVED,STWD_VEHTYPE_AT_FAULT,CHP_VEHTYPE_AT_FAULT,COUNT_SEVERE_INJ,COUNT_VISIBLE_INJ,COUNT_COMPLAINT_PAIN,COUNT_PED_KILLED,COUNT_PED_INJURED,COUNT_BICYCLIST_KILLED,COUNT_BICYCLIST_INJURED,COUNT_MC_KILLED,COUNT_MC_INJURED,PRIMARY_RAMP,SECONDARY_RAMP,LATITUDE,LONGITUDE,COUNTY,CITY,POINT_X,POINT_Y
90587357,2017,2017-11-06,9590,2017-11-04,0915,021762,NA,6,1,7,1942,0,1,1,NA,2,052,I-110 N/B (HARBOR FREEWAY),1ST STREET,150,S,N,A,-,Y,NA,NA,110,NA,NA,NA,NA,NA,N,Y,4,0,1,2,A,-,03,22350,NA,N,C,C,A,A,H,-,A,D,0,NA,NA,NA,NA,Y,NA,A,01,0,0,1,0,0,0,0,0,0,-,-,34.05835,-118.25361,LOS ANGELES,LOS ANGELES,-118.25362694,34.05836752
9058737,2020,2020-05-21,1910,2020-02-22,0224,04829,NA,6,5,4,1910,0,0,0,NA,0,009,N PALM DR,W 3RD ST,0,NA,Y,A,-,N,NA,NA,NA,NA,NA,NA,NA,NA,NA,Y,3,0,1,2,A,-,01,23152,A,N,E,I,A,A,H,-,C,D,0,NA,NA,NA,NA,Y,Y,-,NA,0,1,0,0,0,0,0,0,0,-,-,NA,NA,LOS ANGELES,BEVERLY HILLS,-118.39224243164064,34.07355880737305
90587372,2017,2017-11-06,9530,2017-10-27,1530,021076,NA,5,2,7,1942,0,1,1,NA,2,110,I-110 N/B (HARBOR FREEWAY),REDONDO BEACH BLVD.,160,N,N,A,-,Y,NA,NA,110,NA,NA,NA,NA,NA,N,N,4,0,1,2,A,-,03,22350,NA,N,C,C,A,A,H,-,A,D,0,NA,NA,NA,NA,Y,NA,D,22,0,0,1,0,0,0,0,0,0,-,-,33.89253,-118.28537,LOS ANGELES,LOS ANGELES,-118.28555694,33.89252434
90587386,2017,2017-11-06,9590,2017-11-04,0745,021762,NA,6,1,7,1942,0,1,1,NA,2,052,I-110 N/B (HARBOR FREEWAY),23RD STREET,500,N,N,A,-,Y,NA,NA,110,NA,NA,NA,NA,NA,N,N,4,0,1,2,A,-,03,22350,NA,N,C,C,A,A,H,-,A,D,0,NA,NA,NA,NA,Y,NA,A,01,0,0,1,0,0,0,0,0,0,-,-,34.03293,-118.27447,LOS ANGELES,LOS ANGELES,-118.2745151,34.0329288
90587408,2017,2017-11-06,9530,2017-10-28,2200,021528,NA,6,3,7,1942,0,1,1,NA,2,110,I-110 NB TO IMPERIAL HIGHWAY,IMPERIAL HWY.,8,S,N,A,-,Y,NA,NA,110,NA,NA,NA,R,NA,N,Y,4,0,3,2,A,-,03,22350,NA,F,C,C,A,A,H,-,C,A,0,NA,NA,NA,NA,Y,NA,-,99,0,0,3,0,0,0,0,0,0,-,-,33.93083,-118.27959,LOS ANGELES,LOS ANGELES,-118.27959,33.93083
9058741,2020,2020-05-21,1910,2020-02-19,1739,03410,NA,3,5,4,1910,0,0,0,NA,0,005,S BEVERLY DR,OLYMPIC BL,195,N,N,A,-,N,NA,NA,NA,NA,NA,NA,NA,NA,NA,Y,4,0,1,2,A,-,08,22102,NA,N,D,C,A,A,H,-,C,A,0,NA,NA,NA,NA,Y,NA,I,11,0,0,1,0,0,0,0,0,0,-,-,NA,NA,LOS ANGELES,BEVERLY HILLS,-118.39894104003906,34.060062408447266
90587410,2017,2017-11-06,9530,2017-10-28,1855,021582,NA,6,2,9,1900,0,3,5,NA,2,001,ALAMEDA ST.,92ND ST.,0,NA,Y,A,-,N,NA,NA,NA,NA,NA,NA,NA,NA,NA,Y,3,0,3,2,A,-,09,21801,A,N,D,C,A,A,H,-,C,A,0,NA,NA,NA,NA,Y,NA,A,01,0,2,1,0,0,0,0,0,0,-,-,33.95329,-118.23018,LOS ANGELES,UNINCORPORATED,-118.22964004,33.95331002
90587414,2017,2017-11-06,9530,2017-10-29,1330,021059,NA,7,1,7,1942,0,1,1,NA,2,120,I-110 S/B (HARBOR FREEWAY),PACIFIC COAST HWY.,1000,N,N,B,-,Y,NA,NA,110,NA,NA,NA,NA,NA,S,N,3,0,3,4,A,-,03,22350,NA,N,C,C,A,A,H,-,A,D,0,NA,NA,NA,NA,Y,NA,A,07,0,1,2,0,0,0,0,0,0,-,-,33.79408,-118.28418,LOS ANGELES,LOS ANGELES,-118.28413554,33.79410935
90587415,2017,2017-11-06,9530,2017-10-30,2030,020956,NA,1,2,7,1942,0,1,1,NA,2,200,I-105 W/B TO I-110 N/B,I-110,8,N,N,B,-,Y,NA,NA,NA,NA,NA,NA,NA,NA,NA,Y,4,0,1,2,A,-,08,22107,NA,N,E,I,A,A,H,-,C,D,0,NA,NA,NA,NA,Y,NA,A,01,0,0,1,0,0,0,0,0,0,-,-,33.93218,-118.27974,LOS ANGELES,LOS ANGELES,-118.28107385,33.92893249
90587417,2017,2017-11-06,9575,2017-10-24,0915,021784,NA,2,1,7,1942,0,1,3,NA,2,044,SR-134 E/B (VENTURA FREEWAY),PASS AVE.,1200,W,N,A,-,Y,NA,NA,134,NA,NA,NA,NA,NA,E,N,4,0,1,4,A,-,03,22350,NA,M,C,C,A,A,H,-,A,D,0,NA,NA,NA,NA,Y,NA,-,99,0,0,1,0,0,0,0,0,0,-,-,34.15333,-118.34966,LOS ANGELES,LOS ANGELES,-118.34967927,34.153431
90587418,2017,2017-11-06,9530,2017-10-30,2100,020956,NA,1,2,7,1942,0,1,1,NA,2,200,I-105 E/B TO I-110 N/B,VERMONT AVE.,800,E,N,A,-,Y,NA,NA,105,NA,NA,NA,R,NA,E,Y,4,0,1,2,A,-,03,22350,NA,N,C,C,A,A,H,-,C,D,0,NA,NA,NA,NA,Y,NA,D,22,0,0,1,0,0,0,0,0,0,-,-,33.92849,-118.2892,LOS ANGELES,LOS ANGELES,-118.2892,33.92849
9058742,2020,2020-06-18,1900,2020-02-18,0610,526366,2313,2,5,5,1919,0,0,0,NA,0,230T,DEL AMO BL,STATE ST,223,E,N,A,-,N,NA,NA,NA,NA,NA,NA,NA,NA,NA,Y,4,0,2,2,A,-,12,21453,A,N,D,C,A,A,H,-,A,A,0,NA,NA,NA,NA,Y,NA,-,-,0,0,2,0,0,0,0,0,0,-,-,33.86600112915039,-118.05500030517578,LOS ANGELES,CERRITOS,-118.09429931640624,33.845970153808594
90587431,2017,2017-11-06,9530,2017-10-27,1429,020096,NA,5,2,9,1900,0,3,5,NA,2,002,EL SEGUNDO BOULEVARD (700 BLOCK),AVALON BLVD.,540,E,N,A,-,N,NA,NA,NA,NA,NA,NA,NA,NA,NA,N,3,0,1,2,A,-,05,21650,NA,N,D,G,A,A,H,-,A,D,0,NA,Y,NA,NA,Y,NA,L,04,0,1,0,0,0,0,1,0,0,-,-,33.916290000000004,-118.26336,LOS ANGELES,UNINCORPORATED,-118.26347723,33.91634
90587432,2017,2017-11-06,9575,2017-10-26,0900,021925,NA,4,1,9,1900,0,2,4,NA,2,084,DUARTE ROAD (9100 BLOCK),ENCINITA AVENUE,37,W,N,A,-,N,NA,NA,NA,NA,NA,NA,NA,NA,NA,N,4,0,1,2,A,-,08,22107,NA,N,B,E,A,A,H,-,A,D,0,NA,NA,NA,NA,Y,NA,A,07,0,0,1,0,0,0,0,0,0,-,-,34.12391,-118.06895,LOS ANGELES,UNINCORPORATED,-118.06889743,34.12393252
90587435,2017,2017-11-06,9530,2017-10-30,0700,020137,NA,1,1,5,1977,0,1,1,NA,2,410,I-405 N/B TO WILMINGTON AVENUE,WILMINGTON AVE.,60,S,N,A,-,Y,NA,NA,405,NA,NA,NA,R,NA,N,N,4,0,3,2,A,-,03,22350,NA,N,C,C,A,A,H,-,A,D,0,NA,NA,NA,NA,Y,NA,A,01,0,0,3,0,0,0,0,0,0,-,-,33.82698,-118.2407,LOS ANGELES,CARSON,-118.2407,33.82698
90587439,2017,2017-11-06,9530,2017-10-30,1740,020868,NA,1,2,9,1900,0,3,5,NA,2,007,CRENSHAW BLVD. (25000 BLOCK),CRENSHAW BLVD.,0,NA,N,A,-,N,NA,NA,NA,NA,NA,NA,NA,NA,NA,Y,4,0,2,1,A,-,03,22350,NA,N,E,I,A,A,H,-,C,D,0,NA,NA,NA,NA,Y,NA,A,01,0,0,2,0,0,0,0,0,0,-,-,33.77748,-118.35799,LOS ANGELES,UNINCORPORATED,-118.37198011,33.76668011
90587440,2017,2017-11-06,9575,2017-10-28,1500,020119,NA,6,2,6,1953,0,1,1,NA,2,064,I-210 E/B (FOOTHILL FREEWAY),SIERRA MADRE BLVD.,200,W,N,A,-,Y,NA,NA,210,NA,NA,NA,NA,NA,E,Y,4,0,1,3,A,-,07,21658,A,N,B,C,A,A,H,-,A,D,0,NA,NA,NA,NA,Y,NA,A,01,0,0,1,0,0,0,0,0,0,-,-,34.15241,-118.09643,LOS ANGELES,PASADENA,-118.09642987,34.15239881
90587443,2017,2017-11-06,9575,2017-10-28,1315,020119,NA,6,1,6,1953,0,1,1,NA,2,064,I-210 W/B (FOOTHILL FREEWAY),LAKE AVE.,500,E,N,A,-,Y,NA,NA,210,NA,NA,NA,NA,NA,W,Y,4,0,2,2,A,-,03,22350,NA,N,C,C,A,A,H,-,A,D,0,NA,NA,NA,NA,Y,NA,A,01,0,0,2,0,0,0,0,0,0,-,-,34.15195,-118.1298,LOS ANGELES,PASADENA,-118.1297997,34.1519655
90587444,2017,2017-11-10,9535,2017-10-24,2330,019363,NA,2,3,9,1900,0,3,5,NA,2,002,SUNOL DR. (1200 BLOCK),BOSWELL PL,77,N,N,A,-,N,NA,NA,NA,NA,NA,NA,NA,NA,NA,N,3,0,1,2,A,-,21,22106,NA,M,G,B,F,A,H,-,C,D,0,Y,NA,NA,NA,Y,NA,A,01,0,1,0,0,1,0,0,0,0,-,-,34.0181,-118.1788,LOS ANGELES,UNINCORPORATED,-118.17898827,34.01790115
90587450,2017,2017-11-06,9535,2017-10-29,1330,021599,NA,7,1,9,1900,0,3,5,NA,2,002,HEREFORD DR.,HENDRICKS AVE,0,NA,Y,A,-,N,NA,NA,NA,NA,NA,NA,NA,NA,NA,N,3,0,3,2,A,-,09,21802,A,N,D,C,A,A,H,-,A,A,0,NA,NA,NA,NA,Y,NA,A,08,0,1,2,0,0,0,0,0,0,-,-,34.0093,-118.1417,LOS ANGELES,UNINCORPORATED,-118.14163012,34.00996007
90587454,2017,2017-11-06,9535,2017-10-29,1715,021599,NA,7,2,9,1900,0,3,5,NA,2,002,SUNOL DR. (1300 BLOCK),TRIGGS ST.,65,N,N,A,-,N,NA,NA,NA,NA,NA,NA,NA,NA,NA,N,2,0,1,2,A,-,09,21804,A,N,D,G,A,A,A,H,A,D,0,NA,Y,NA,NA,Y,NA,L,04,1,0,0,0,0,0,1,0,0,-,-,34.053,-118.1045,LOS ANGELES,UNINCORPORATED,-118.178992,34.01479824
90587467,2017,2017-11-06,9530,2017-10-31,0830,014661,NA,2,1,7,1941,0,1,1,NA,2,072,I-710 NORTHBOUND,CARSON ST.,120,N,N,B,-,Y,NA,NA,710,NA,NA,NA,NA,NA,N,N,4,0,1,2,A,-,03,22350,NA,N,C,C,A,A,H,-,A,D,0,NA,NA,NA,NA,Y,NA,A,01,0,0,1,0,0,0,0,0,0,-,-,33.83231,-118.2087,LOS ANGELES,LONG BEACH,-118.20879712,33.83231
90587491,2017,2017-11-06,9590,2017-11-03,2215,021124,NA,5,3,7,1942,0,1,1,NA,2,063,I-10 W/B (SMF) COLLECTOR,BUDLONG AVE.,350,E,N,A,-,Y,NA,NA,10,NA,NA,NA,NA,NA,W,Y,4,0,2,2,A,-,03,22350,NA,N,C,C,A,A,H,-,C,D,0,NA,NA,NA,NA,Y,NA,A,01,0,0,2,0,0,0,0,0,0,-,-,34.03728,-118.29503,LOS ANGELES,LOS ANGELES,-118.29503209,34.03710158
90587504,2017,2017-11-06,9575,2017-10-23,0826,021879,NA,1,1,6,1912,0,1,3,NA,2,044,SR-134 W/B (VENTURA FREEWAY),BUENA VISTA ST.,1348,E,N,A,-,Y,NA,NA,134,NA,NA,NA,NA,NA,W,Y,3,0,1,3,A,-,03,22350,NA,N,C,C,A,A,H,-,A,D,0,NA,NA,Y,NA,Y,NA,A,01,0,1,0,0,0,0,0,0,1,-,-,34.15476,-118.32167,LOS ANGELES,BURBANK,-118.32165681,34.15469461
90587505,2017,2017-11-06,9590,2017-11-01,2105,021132,NA,3,2,7,1942,0,1,2,NA,2,072,US-101 N/B (HOF),UNIVERSAL STUDIOS BLVD.,500,S,N,B,-,Y,NA,NA,101,NA,NA,NA,NA,NA,N,N,3,0,1,2,A,-,07,21658,A,N,B,C,A,A,H,-,C,D,0,NA,NA,NA,NA,Y,NA,-,-,0,1,0,0,0,0,0,0,0,-,-,34.13123,-118.34937,LOS ANGELES,LOS ANGELES,-118.34935552,34.13124489
90587524,2017,2017-11-06,9545,2017-10-20,0530,018097,NA,5,3,9,1900,0,3,5,NA,2,003,ANGELES FOREST HWY,UPPER BIG TUJUNGA CANYON CREEK,4100,N,N,E,-,N,NA,NA,NA,NA,NA,NA,NA,NA,NA,Y,3,0,1,2,A,-,06,21755,NA,F,E,I,A,B,H,-,D,D,0,NA,NA,NA,NA,Y,NA,A,01,0,1,0,0,0,0,0,0,0,-,-,34.336,-118.10937,LOS ANGELES,UNINCORPORATED,-118.11124374,34.33524927
90587532,2017,2017-11-06,9540,2017-10-26,1420,021802,NA,4,2,7,1942,0,1,1,NA,1,503,I-5 S/B (GOLDEN STATE FREEWAY),BALBOA BLVD,734,N,N,A,-,Y,NA,NA,5,NA,NA,NA,NA,NA,S,Y,2,0,1,2,A,-,07,21658,A,F,E,I,A,A,H,-,A,D,0,NA,NA,NA,NA,Y,NA,-,99,1,0,0,0,0,0,0,0,0,-,-,34.32145,-118.49717,LOS ANGELES,LOS ANGELES,-118.49719875,34.32139918
90587551,2017,2018-01-19,9540,2017-10-29,1610,021389,NA,7,2,9,1900,0,2,4,NA,2,012,PICO CANYON ROAD (25300 BLOCK),CHIQUELLA LN,104,W,N,A,-,N,NA,NA,NA,NA,NA,NA,NA,NA,NA,Y,4,0,2,2,A,-,08,22107,NA,N,D,C,A,A,H,-,A,D,0,NA,NA,NA,NA,Y,NA,A,01,0,0,2,0,0,0,0,0,0,-,-,34.39737,-118.56737,LOS ANGELES,UNINCORPORATED,-118.56728939,34.37936434
90587569,2017,2017-11-06,9550,2017-10-25,2231,021386,NA,3,3,1,1932,0,1,3,NA,2,602,SR-60 WB,FULLERTON ROAD,1000,E,N,A,-,Y,NA,NA,60,NA,NA,NA,NA,NA,W,Y,4,0,1,2,A,-,07,21658,A,N,B,C,A,A,H,-,D,D,0,NA,NA,NA,Y,Y,Y,-,-,0,0,1,0,0,0,0,0,0,-,-,33.99439,-117.90324,LOS ANGELES,INDUSTRY,-117.90324012,33.99428899
90587624,2017,2017-11-06,9550,2017-10-19,1615,021202,NA,4,2,6,1920,0,1,1,NA,2,651,I-605,FIRESTONE BOULEVARD,555,N,N,A,-,Y,NA,NA,NA,NA,NA,NA,NA,NA,NA,Y,3,0,1,2,A,-,08,22107,NA,N,B,C,A,A,H,-,A,D,0,NA,NA,Y,NA,Y,NA,C,02,0,1,0,0,0,0,0,0,1,-,-,33.92302,-118.10417,LOS ANGELES,DOWNEY,-118.10390882,33.92622444
90587636,2017,2017-11-06,9540,2017-11-03,1830,021260,NA,5,2,9,1900,0,2,4,NA,2,073,CASTAIC ROAD (31500 BLOCK),RIDGE ROUTE ROAD,200,N,N,A,-,N,NA,NA,NA,NA,NA,NA,NA,NA,NA,N,4,0,3,2,A,-,09,21801,A,N,D,C,A,A,H,-,C,D,0,NA,NA,NA,NA,Y,NA,A,01,0,0,3,0,0,0,0,0,0,-,-,34.49107,-118.6183,LOS ANGELES,UNINCORPORATED,-118.61797259,34.4910737
90587638,2017,2017-11-06,9550,2017-10-26,1020,015040,NA,4,1,6,1949,0,1,1,NA,2,501,I-5 N/B (SANTA ANA FREEWAY),ALONDRA BOULEVARD,1500,N,N,A,-,Y,NA,NA,NA,NA,NA,NA,NA,NA,NA,Y,2,0,1,2,A,-,07,21658,A,N,B,C,A,A,D,H,A,D,0,NA,NA,Y,NA,Y,NA,A,01,1,0,0,0,0,0,0,0,1,-,-,33.89028,-118.04029,LOS ANGELES,NORWALK,-118.03974433,33.88991236
90587664,2017,2017-11-06,9550,2017-10-27,2345,021141,NA,5,3,5,1919,0,1,1,NA,2,652,INTERSTATE 605 N/B,SOUTH STREET,1500,N,N,A,-,Y,NA,NA,605,NA,NA,NA,NA,NA,N,Y,3,0,2,2,A,-,03,22350,NA,N,C,C,A,A,H,-,C,D,0,NA,NA,NA,NA,Y,NA,A,01,0,1,1,0,0,0,0,0,0,-,-,33.86247,-118.09728,LOS ANGELES,CERRITOS,-118.09726989,33.86247372
90587709,2017,2017-11-06,9575,2017-10-08,1145,021669,NA,7,1,9,1900,0,1,3,NA,2,303,SR-2 (ANGELES CREST HIGHWAY),NEWCOMB'S RANCH,21120,E,N,A,-,Y,NA,NA,2,NA,NA,NA,NA,NA,NA,Y,4,0,1,1,A,-,03,22350,NA,N,F,A,A,A,H,-,A,D,0,NA,NA,Y,NA,Y,NA,C,02,0,0,1,0,0,0,0,0,1,-,-,34.3503,-117.94076,LOS ANGELES,UNINCORPORATED,-117.94070436,34.35030044
90587774,2017,2017-11-06,9540,2017-10-28,0937,019254,NA,6,1,9,1900,0,2,4,NA,1,102,HASLEY CANYON ROAD,CAMBRIDGE AVENUE,0,NA,Y,A,-,N,NA,NA,NA,NA,NA,NA,NA,NA,NA,Y,3,0,1,2,A,-,03,22350,NA,N,D,C,A,A,H,-,A,D,0,NA,NA,NA,NA,Y,NA,A,01,0,1,0,0,0,0,0,0,0,-,-,34.45507,-118.62141,LOS ANGELES,UNINCORPORATED,-118.62143008,34.45494009
90587778,2017,2017-11-06,9530,2017-10-19,0900,021917,NA,4,1,7,1942,0,1,1,NA,2,200,I-105 W/B (GLENN ANDERSON FREEWAY),VERMONT AVENUE,75,E,N,A,-,Y,NA,NA,105,NA,NA,NA,NA,NA,W,Y,4,0,1,2,A,-,03,22350,NA,N,C,C,A,A,H,-,A,D,0,NA,NA,NA,NA,Y,NA,A,01,0,0,1,0,0,0,0,0,0,-,-,33.92901,-118.2938,LOS ANGELES,LOS ANGELES,-118.29379033,33.928894
9058778,2020,2020-09-25,1972,2020-02-25,1650,12825,NA,2,5,6,1972,0,0,0,NA,0,NA,HAWTHORN BL,PCH,45,S,N,A,-,Y,LA,7,1,-,-,16.005,I,6,S,N,4,0,1,2,A,-,03,22350,NA,N,C,C,A,A,H,-,A,A,0,NA,NA,NA,NA,Y,NA,D,NA,0,0,1,0,0,0,0,0,0,-,-,NA,NA,LOS ANGELES,TORRANCE,-118.35116577148438,33.80499267578125
90587794,2017,2017-11-27,9575,2017-10-21,2302,021006,NA,6,3,9,1900,0,3,5,NA,2,002,EL MOLINO AVENUE (2000 NORTH BLOCK),E SACRAMENTO STREET (700 EAST BLOCK),0,NA,Y,A,-,N,NA,NA,NA,NA,NA,NA,NA,NA,NA,Y,2,0,3,2,A,-,01,23152,A,N,D,C,A,A,H,-,C,A,0,NA,NA,Y,NA,Y,Y,C,02,2,0,1,0,0,0,0,0,2,-,-,34.18091,-118.13612,LOS ANGELES,UNINCORPORATED,-118.13603012,34.18091006
90587800,2017,2017-11-06,9590,2017-11-04,1745,021654,NA,6,2,7,1942,0,1,1,NA,2,083,I-5 S/B (GOLDEN STATE FREEWAY),STADIUM WAY,300,S,N,A,-,Y,NA,NA,5,NA,NA,NA,NA,NA,S,N,3,0,1,2,A,-,03,22350,NA,M,C,C,A,A,H,-,B,D,0,NA,NA,NA,NA,Y,NA,-,99,0,1,0,0,0,0,0,0,0,-,-,34.08915,-118.23771,LOS ANGELES,LOS ANGELES,-118.23766284,34.08921328
90587804,2017,2017-11-06,9545,2017-11-03,2200,021695,NA,5,3,9,1900,0,3,5,NA,2,003,ANGELES FOREST HWY,UPPER BIG TUJUNGA CANYON RD,4224,N,N,A,-,Y,NA,NA,NA,NA,NA,NA,NA,NA,NA,Y,3,0,2,1,A,-,01,23152,A,N,F,A,A,A,H,-,D,D,0,NA,NA,NA,NA,Y,Y,A,01,0,2,0,0,0,0,0,0,0,-,-,34.33687,-118.10874,LOS ANGELES,UNINCORPORATED,-118.10958633,34.3358973
90587837,2017,2017-11-06,9580,2017-11-04,0122,020832,NA,6,3,7,1942,0,1,2,NA,2,104,US-101 N/B (VENTURA FREEWAY),DE SOTO AVE,1901,S,N,A,-,Y,NA,NA,101,NA,NA,NA,NA,NA,N,Y,2,0,2,2,A,-,01,23152,A,N,E,I,A,A,H,-,C,D,0,NA,NA,NA,NA,Y,Y,A,01,1,1,0,0,0,0,0,0,0,-,-,34.16852,-118.58171,LOS ANGELES,LOS ANGELES,-118.58170126,34.16847889
90587843,2017,2017-11-06,9575,2017-10-24,1330,021784,NA,2,1,7,1942,0,1,3,NA,2,043,SR-134 E/B (VENTURA FREEWAY),RIVERSIDE DR.,1500,E,N,A,-,Y,NA,NA,134,NA,NA,NA,NA,NA,E,Y,4,0,1,2,A,-,03,22350,NA,N,C,C,A,A,H,-,A,D,0,NA,NA,NA,NA,Y,NA,A,01,0,0,1,0,0,0,0,0,0,-,-,34.15419,-118.28866,LOS ANGELES,LOS ANGELES,-118.28864247,34.1542203
90587845,2017,2017-11-06,9525,2017-10-21,1115,021748,NA,6,1,6,1955,0,1,1,NA,2,105,I-10 W/B (SAN BERNARDINO FWY),VIA VERDE AVE,266,E,N,A,-,Y,NA,NA,NA,NA,NA,NA,NA,NA,NA,Y,4,0,1,3,A,-,03,22350,NA,N,C,C,A,A,H,-,A,D,0,NA,NA,NA,NA,Y,NA,A,07,0,0,1,0,0,0,0,0,0,-,-,34.06859,-117.83855,LOS ANGELES,POMONA,NA,NA
90587849,2017,2017-11-06,9525,2017-10-21,1910,021229,NA,6,2,9,1900,0,2,4,NA,2,022,CYPRESS ST.,CONEY AVE.,0,NA,Y,A,-,N,NA,NA,NA,NA,NA,NA,NA,NA,NA,Y,4,0,1,2,A,-,09,21801,A,N,D,C,A,A,H,-,C,D,0,NA,NA,NA,NA,Y,NA,A,01,0,0,1,0,0,0,0,0,0,-,-,34.09599,-117.92282,LOS ANGELES,UNINCORPORATED,-117.92275001,34.09600002
90587851,2017,2017-11-06,9540,2017-10-31,1119,014902,NA,2,1,9,1900,0,2,4,NA,1,202,SOLEDAD CANYON RD,LOST CANYON RD,0,NA,Y,B,-,Y,NA,NA,14,NA,NA,NA,NA,NA,NA,Y,4,0,2,2,A,-,09,21801,A,N,D,C,A,A,H,-,A,D,0,NA,NA,NA,NA,Y,NA,A,01,0,0,2,0,0,0,0,0,0,-,-,34.43285,-118.38429,LOS ANGELES,UNINCORPORATED,-118.38445126,34.43372514
90587855,2017,2017-11-06,9530,2017-10-21,1615,021493,NA,6,2,9,1900,0,3,5,NA,2,001,99TH  ST. (1300 BLOCK),ZAMORA AVE.,130,E,N,A,-,N,NA,NA,NA,NA,NA,NA,NA,NA,NA,Y,2,0,2,4,A,-,08,22107,NA,N,C,E,A,A,H,-,A,D,0,NA,NA,NA,NA,Y,NA,A,01,2,0,0,0,0,0,0,0,0,-,-,33.94695,-118.2511,LOS ANGELES,UNINCORPORATED,-118.25120221,33.94695
90587879,2017,2017-11-06,9575,2017-10-21,0455,021200,NA,6,3,6,1925,0,1,3,NA,2,042,SR-134 W/B (VENTURA FREEWAY),GLENDALE AVENUE,200,E,N,A,-,Y,NA,NA,134,NA,NA,NA,NA,NA,W,Y,4,0,1,2,A,-,08,22107,NA,N,B,C,A,A,H,-,D,D,0,NA,NA,NA,Y,Y,NA,A,01,0,0,1,0,0,0,0,0,0,-,-,34.15547,-118.24098,LOS ANGELES,GLENDALE,-118.2409816,34.1554662
90587904,2017,2017-11-06,9590,2017-10-29,1450,021705,NA,7,2,7,1942,0,1,1,NA,2,051,I-110 S/B (HARBOR FREEWAY),42ND STREET,200,S,N,A,-,Y,NA,NA,110,NA,NA,NA,NA,NA,S,Y,4,0,1,2,A,-,03,22350,NA,F,C,C,A,A,H,-,A,D,0,NA,NA,NA,NA,Y,NA,-,99,0,0,1,0,0,0,0,0,0,-,-,34.00667,-118.28125,LOS ANGELES,LOS ANGELES,-118.28117039,34.0066692
90587913,2017,2017-11-06,9545,2017-10-27,1305,020849,NA,5,1,9,1900,0,3,5,NA,2,004,47TH ST  E,PEARBLOSSOM HWY,1056,S,N,A,-,N,NA,NA,NA,NA,NA,NA,NA,NA,NA,Y,3,0,1,2,A,-,08,22107,NA,N,B,C,A,A,H,-,A,D,0,NA,NA,NA,NA,Y,NA,A,01,0,1,0,0,0,0,0,0,0,-,-,34.53864,-118.04528,LOS ANGELES,UNINCORPORATED,-118.04527157,34.53982481
90587919,2017,2017-11-06,9540,2017-11-03,1410,021802,NA,5,2,9,1900,0,1,1,NA,2,507,I-5 SOUTHBOUND (GOLDEN STATE FREEWAY),LYONS AVE,1584,N,N,B,-,Y,NA,NA,5,NA,NA,NA,NA,NA,S,N,4,0,1,2,A,-,03,22350,NA,N,C,C,A,A,H,-,A,D,0,NA,NA,NA,NA,Y,NA,A,01,0,0,1,0,0,0,0,0,0,-,-,34.38294,-118.56795,LOS ANGELES,UNINCORPORATED,-118.56785614,34.38297791
9058793,2020,2020-03-13,1942,2020-01-29,0735,41749,LOSAN,3,5,7,1942,0,0,0,NA,0,21A97,CORBIN AV,CORBIN AV 8101,0,NA,Y,A,-,N,NA,NA,NA,NA,NA,NA,NA,NA,NA,N,3,0,3,2,A,-,04,21703,NA,N,C,C,A,A,H,-,A,A,0,NA,NA,NA,NA,Y,Y,D,22,0,1,2,0,0,0,0,0,0,-,-,NA,NA,LOS ANGELES,LOS ANGELES,NA,NA
90587949,2017,2017-11-06,9575,2017-10-25,1535,019976,NA,3,2,9,1900,0,1,3,NA,2,081,ROSEMEAD BLVD,THORNSDALE RD.,0,NA,Y,A,-,N,NA,NA,NA,NA,NA,NA,NA,NA,NA,Y,4,0,1,3,A,-,09,21801,A,N,D,C,A,A,H,-,A,D,0,NA,NA,NA,NA,Y,NA,D,22,0,0,1,0,0,0,0,0,0,-,-,34.1405,-118.0734,LOS ANGELES,UNINCORPORATED,-118.07341003,34.14050003