CASE_ID,ACCIDENT_YEAR,PROC_DATE,JURIS,COLLISION_DATE,COLLISION_TIME,OFFICER_ID,REPORTING_DISTRICT,DAY_OF_WEEK,CHP_SHIFT,POPULATION,CNTY_CITY_LOC,SPECIAL_COND,BEAT_TYPE,CHP_BEAT_TYPE,CITY_DIVISION_LAPD,CHP_BEAT_CLASS,BEAT_NUMBER,PRIMARY_RD,SECONDARY_RD,DISTANCE,DIRECTION,INTERSECTION,WEATHER_1,WEATHER_2,STATE_HWY_IND,CALTRANS_COUNTY,CALTRANS_DISTRICT,STATE_ROUTE,ROUTE_SUFFIX,POSTMILE_PREFIX,POSTMILE,LOCATION_TYPE,RAMP_INTERSECTION,SIDE_OF_HWY,TOW_AWAY,COLLISION_SEVERITY,NUMBER_KILLED,NUMBER_INJURED,PARTY_COUNT,PRIMARY_COLL_FACTOR,PCF_CODE_OF_VIOL,PCF_VIOL_CATEGORY,PCF_VIOLATION,PCF_VIOL_SUBSECTION,HIT_AND_RUN,TYPE_OF_COLLISION,MVIW,PED_ACTION,ROAD_SURFACE,ROAD_COND_1,ROAD_COND_2,LIGHTING,CONTROL_DEVICE,CHP_ROAD_TYPE,PEDESTRIAN_ACCIDENT,BICYCLE_ACCIDENT,MOTORCYCLE_ACCIDENT,TRUCK_ACCIDENT,NOT_PRIVATE_PROPERTY,ALCOHOL_INVOLVED,STWD_VEHTYPE_AT_FAULT,CHP_VEHTYPE_AT_FAULT,COUNT_SEVERE_INJ,COUNT_VISIBLE_INJ,COUNT_COMPLAINT_PAIN,COUNT_PED_KILLED,COUNT_PED_INJURED,COUNT_BICYCLIST_KILLED,COUNT_BICYCLIST_INJURED,COUNT_MC_KILLED,COUNT_MC_INJURED,PRIMARY_RAMP,SECONDARY_RAMP,LATITUDE,LONGITUDE,COUNTY,CITY,POINT_X,POINT_Y
90591123,2017,2017-11-09,9565,2017-11-02,1835,013744,NA,4,2,5,1965,0,1,1,NA,2,081,I-10 E/B,20TH ST,50,W,N,B,-,Y,NA,NA,NA,NA,NA,NA,NA,NA,NA,N,4,0,2,2,A,-,03,22350,NA,N,C,C,A,A,H,-,C,D,0,NA,NA,NA,NA,Y,NA,A,01,0,0,2,0,0,0,0,0,0,-,-,34.02316,-118.4794,LOS ANGELES,SANTA MONICA,-118.47384344,34.02320013
90591130,2017,2017-11-09,9525,2017-11-06,1906,021713,NA,1,2,1,1934,0,1,1,NA,2,652,I-605 N/B TO LIVE OAK AVE.,LIVE OAK AVE.,5,N,N,A,-,Y,NA,NA,605,NA,NA,NA,R,NA,N,N,4,0,1,2,A,-,03,22350,NA,N,C,C,A,A,H,-,C,D,0,NA,NA,NA,NA,Y,NA,A,08,0,0,1,0,0,0,0,0,0,-,-,34.10893,-117.98006,LOS ANGELES,IRWINDALE,-117.98006,34.10893
90591144,2017,2017-11-09,9525,2017-11-07,1840,016342,NA,2,2,5,1990,0,1,3,NA,2,601,SR-60 W/B TO SR-57 S/B,GRAND AVE.,1584,W,N,A,-,Y,NA,NA,60,NA,NA,NA,R,NA,W,Y,4,0,3,2,A,-,03,22350,NA,N,C,C,A,A,H,-,C,D,0,NA,NA,NA,NA,Y,NA,A,01,0,0,3,0,0,0,0,0,0,-,-,34.00482,-117.8301,LOS ANGELES,DIAMOND BAR,-117.8301,34.00482
90591155,2017,2017-11-09,9565,2017-11-02,1900,020915,NA,4,2,5,1965,0,1,1,NA,2,081,I-10 E/B (SANTA MONICA FWY),14TH ST,170,W,N,A,-,Y,NA,NA,10,NA,NA,NA,NA,NA,E,Y,3,0,1,2,A,-,03,22350,NA,N,C,C,A,A,H,-,D,D,0,NA,NA,NA,NA,Y,NA,A,01,0,1,0,0,0,0,0,0,0,-,-,34.01872,-118.4803,LOS ANGELES,SANTA MONICA,-118.48027846,34.0186955
9059116,2020,2020-03-23,1902,2020-02-21,1844,732,21,5,5,5,1902,0,0,0,NA,0,004,HUNTINGTON DR,GOLDEN WEST AV,0,NA,Y,A,-,N,NA,NA,NA,NA,NA,NA,NA,NA,NA,N,4,0,1,2,A,-,10,21950,A,N,G,B,B,A,H,-,C,A,0,Y,NA,NA,NA,Y,NA,A,01,0,0,1,0,1,0,0,0,0,-,-,NA,NA,LOS ANGELES,ARCADIA,-118.06079864501952,34.13138961791992
90591164,2017,2017-11-09,9550,2017-11-03,0205,021196,NA,5,3,9,1900,0,3,5,NA,2,005,SONGBIRD LANE,IVORY WAY,360,N,N,A,-,N,NA,NA,NA,NA,NA,NA,NA,NA,NA,Y,3,0,1,3,A,-,01,23152,A,N,B,E,A,A,H,-,C,D,0,NA,NA,NA,NA,Y,Y,A,01,0,1,0,0,0,0,0,0,0,-,-,33.97335,-117.88475,LOS ANGELES,UNINCORPORATED,-117.88470211,33.97329127
90591165,2017,2017-11-09,9525,2017-11-07,1645,020042,NA,2,2,5,1906,0,1,1,NA,2,651,I-605 S/B (SAN GABRIEL RIVER FWY),RAMONA BLVD,1056,N,N,A,-,Y,NA,NA,NA,NA,NA,NA,NA,NA,NA,N,4,0,1,2,A,-,03,22350,NA,M,C,C,A,A,H,-,B,D,0,NA,NA,NA,NA,Y,NA,-,99,0,0,1,0,0,0,0,0,0,-,-,34.08109,-117.99762,LOS ANGELES,BALDWIN PARK,-117.99799985,34.080409
9059120,2020,2020-03-24,1902,2020-02-20,1656,788,3,4,5,5,1902,0,0,0,NA,0,001,SANTA ANITA AV,ANDREA LN,0,NA,Y,A,-,N,NA,NA,NA,NA,NA,NA,NA,NA,NA,Y,4,0,1,2,A,-,09,21804,A,N,D,C,A,A,H,-,A,A,0,NA,NA,NA,NA,Y,NA,A,01,0,0,1,0,0,0,0,0,0,-,-,NA,NA,LOS ANGELES,ARCADIA,-118.03199005126952,34.16535949707031
9059122,2020,2020-05-19,1970,2020-02-27,1844,216,NORTH,4,5,4,1970,0,0,0,NA,0,001,ARROYO DR,STONEY DR,0,NA,Y,A,-,N,NA,NA,NA,NA,NA,NA,NA,NA,NA,Y,4,0,1,2,A,-,09,21802,A,N,D,C,A,A,H,-,C,D,0,NA,NA,NA,NA,Y,NA,A,07,0,0,1,0,0,0,0,0,0,-,-,NA,NA,LOS ANGELES,SOUTH PASADENA,-118.16712188720705,34.11568069458008
90591235,2017,2017-11-09,9565,2017-10-31,0830,021892,NA,2,1,7,1942,0,1,1,NA,2,062,I-405 NORTHBOUND (SAN DIEGO FREEWAY),NATIONAL BOULEVARD,150,S,N,B,-,Y,NA,NA,NA,NA,NA,NA,NA,NA,NA,Y,4,0,1,4,A,-,03,22350,NA,N,C,C,A,B,H,-,A,D,0,NA,NA,NA,NA,Y,NA,A,01,0,0,1,0,0,0,0,0,0,-,-,34.02464,-118.42963,LOS ANGELES,LOS ANGELES,-118.4296677,34.02652667
90591251,2017,2017-11-09,9530,2017-10-30,0905,021902,NA,1,1,9,1900,0,3,5,NA,2,001,FLORENCE AVE. (2700 BLOCK),STAFFORD AVE.,75,E,N,B,-,N,NA,NA,NA,NA,NA,NA,NA,NA,NA,Y,4,0,1,2,A,-,21,22106,NA,N,D,C,A,A,H,-,A,D,0,NA,NA,NA,NA,Y,NA,A,07,0,0,1,0,0,0,0,0,0,-,-,33.97377,-118.22098,LOS ANGELES,UNINCORPORATED,-118.22096506,33.97376432
90591256,2017,2017-11-09,9545,2017-11-02,2223,019951,NA,4,3,9,1900,0,1,3,NA,1,012,SR-138,110TH ST  W,500,W,N,A,-,Y,NA,NA,138,NA,NA,NA,NA,NA,NA,Y,2,0,1,2,A,-,08,22107,NA,N,A,C,A,A,H,-,D,D,0,NA,NA,NA,Y,Y,NA,A,01,1,0,0,0,0,0,0,0,0,-,-,34.77598,-118.33591,LOS ANGELES,UNINCORPORATED,-118.33590973,34.77594581
90591260,2017,2017-11-13,9575,2017-07-22,0720,021200,NA,6,1,7,1942,0,3,5,NA,2,003,UPPER BIG TUJUNGA CANYON ROAD,ANGELES CREST HWY,2000,E,N,A,-,N,NA,NA,NA,NA,NA,NA,NA,NA,NA,Y,1,1,0,1,A,-,03,22350,NA,N,F,A,A,A,H,-,A,D,0,NA,NA,Y,NA,Y,NA,C,02,0,0,0,0,0,0,0,1,0,-,-,34.27873,-118.02764,LOS ANGELES,LOS ANGELES,NA,NA
90591276,2017,2017-11-09,9530,2017-10-23,2150,020293,NA,1,2,9,1900,0,3,5,NA,2,001,ALAMEDA ST.,92ND ST.,0,NA,Y,A,-,N,NA,NA,NA,NA,NA,NA,NA,NA,NA,Y,4,0,3,2,A,-,09,21801,A,N,D,C,A,A,H,-,B,A,0,NA,NA,NA,NA,Y,NA,A,01,0,0,3,0,0,0,0,0,0,-,-,33.95325,-118.23008,LOS ANGELES,UNINCORPORATED,-118.22964004,33.95331002
9059129,2020,2020-05-18,1976,2020-02-11,0803,469,NA,2,5,5,1976,0,0,0,NA,0,NA,COLIMA RD,MAR VISTA ST,2333,N,N,A,-,N,NA,NA,NA,NA,NA,NA,NA,NA,NA,Y,4,0,1,3,A,-,07,21658,A,N,C,C,A,A,H,-,A,D,0,NA,NA,NA,NA,Y,NA,A,01,0,0,1,0,0,0,0,0,0,-,-,NA,NA,LOS ANGELES,WHITTIER,-117.998291015625,33.96651840209961
90591310,2017,2017-11-09,9575,2017-09-30,2044,021047,NA,6,2,6,1912,0,1,1,NA,2,052,I-5 S/B (GOLDEN STATE FREEWAY),BUENA VISTA ST.,1825,S,N,A,-,Y,NA,NA,5,NA,NA,NA,NA,NA,S,Y,3,0,2,2,A,-,01,23152,A,N,E,I,A,A,H,-,C,D,0,NA,NA,NA,NA,Y,Y,A,01,0,1,1,0,0,0,0,0,0,-,-,34.19533,-118.33288,LOS ANGELES,BURBANK,-118.33288973,34.19531047
90591325,2017,2017-11-09,9575,2017-10-08,1200,021669,NA,7,1,9,1900,0,1,3,NA,2,304,SR-2 E/B (GLENDALE FREEWAY),CLOUDBURST SUMMIT,1954,W,N,A,-,Y,NA,NA,2,NA,NA,NA,NA,NA,E,Y,2,0,1,1,A,-,03,22350,NA,N,E,I,A,A,H,-,A,D,0,NA,NA,Y,NA,Y,NA,C,02,1,0,0,0,0,0,0,0,1,-,-,34.35243,-117.94077,LOS ANGELES,UNINCORPORATED,-117.94076973,34.35242481
9059133,2020,2020-05-18,1976,2020-02-12,0028,239,WPD,3,5,5,1976,0,0,0,NA,0,001,DEVERON DR,PIONEER BL,555,E,N,A,-,N,NA,NA,NA,NA,NA,NA,NA,NA,NA,Y,3,0,1,2,A,-,08,22107,NA,N,A,E,A,A,H,-,D,D,0,NA,NA,NA,NA,Y,NA,D,22,0,1,0,0,0,0,0,0,0,-,-,NA,NA,LOS ANGELES,WHITTIER,-118.06034088134766,34.00387191772461
90591350,2017,2017-12-27,9575,2017-10-14,1250,021669,NA,6,1,9,1900,0,2,4,NA,2,310,BIG TUJUNGA CANYON ROAD,ANGELES FOREST HIGHWAY,0,NA,Y,A,-,Y,NA,NA,NA,NA,NA,NA,NA,NA,NA,N,3,0,2,1,A,-,08,22107,NA,N,F,A,A,A,H,-,A,D,0,NA,NA,Y,NA,Y,NA,C,02,0,2,0,0,0,0,0,0,2,-,-,34.2968,-118.16161,LOS ANGELES,UNINCORPORATED,-118.16131006,34.29689005
90591356,2017,2017-11-09,9545,2017-11-04,1810,020749,NA,6,2,9,1900,0,3,5,NA,2,004,50TH STREET EAST,AVENUE P,0,NA,Y,A,-,N,NA,NA,NA,NA,NA,NA,NA,NA,NA,Y,4,0,1,3,A,-,09,21801,A,N,D,C,A,A,H,-,D,D,0,NA,NA,NA,NA,Y,Y,D,22,0,0,1,0,0,0,0,0,0,-,-,34.60195,-118.04103,LOS ANGELES,UNINCORPORATED,-118.04088002,34.60198004
90591357,2017,2017-11-09,9565,2017-11-03,1725,021819,NA,5,2,7,1942,0,1,1,NA,2,083,I-10 W/B (SANTA MONICA FWY),NATIONAL BLVD,500,E,N,A,-,Y,NA,NA,NA,NA,NA,NA,NA,NA,NA,N,4,0,1,2,A,-,03,22350,NA,N,C,C,A,A,H,-,B,D,0,NA,NA,NA,NA,Y,NA,A,01,0,0,1,0,0,0,0,0,0,-,-,33.02972,-118.40277,LOS ANGELES,LOS ANGELES,-118.4169636,34.03191
90591385,2017,2017-11-09,9575,2017-10-30,1535,020708,NA,1,2,5,1902,0,1,1,NA,2,065,I-210 E/B (FOOTHILL FREEWAY),2ND AVENUE,100,W,N,B,-,Y,NA,NA,210,NA,NA,NA,NA,NA,E,N,3,0,1,3,A,-,03,22350,NA,N,C,C,A,A,H,-,A,D,0,NA,NA,NA,NA,Y,NA,A,01,0,1,0,0,0,0,0,0,0,-,-,34.14522,-118.0259,LOS ANGELES,ARCADIA,-118.02590703,34.14520521
90591394,2017,2017-11-09,9525,2017-11-08,1915,019379,NA,3,2,5,1926,0,1,1,NA,2,206,I-210 E/B TO GRAND AVE,GRAND AVE.,5,W,N,A,-,Y,NA,NA,210,NA,NA,NA,R,NA,E,N,4,0,1,2,A,-,05,21650,NA,N,D,C,A,A,H,-,D,D,0,NA,Y,NA,NA,Y,NA,L,04,0,0,1,0,0,0,1,0,0,-,-,34.11998,-117.87283,LOS ANGELES,GLENDORA,-117.87283,34.11998
90591397,2017,2017-11-09,9590,2017-10-21,1100,021912,NA,6,1,7,1942,0,1,1,NA,2,061,I-10 W/B (SMF),VENICE BLVD.,50,E,N,A,-,Y,NA,NA,10,NA,NA,NA,NA,NA,W,Y,4,0,2,2,A,-,03,22350,NA,N,C,C,A,A,H,-,A,D,0,NA,NA,NA,NA,Y,NA,A,01,0,0,2,0,0,0,0,0,0,-,-,34.0366,-118.3756,LOS ANGELES,LOS ANGELES,-118.3755891,34.03665122
90591405,2017,2017-11-09,9575,2017-10-27,1915,021669,NA,5,2,7,1942,0,1,1,NA,2,053,I-5 N/B TO BRANFORD STREET,SHELDON STREET,1584,N,N,A,-,Y,NA,NA,5,NA,NA,NA,R,NA,N,Y,4,0,1,1,A,-,08,22107,NA,N,E,J,A,A,H,-,B,D,0,NA,NA,NA,NA,Y,NA,A,01,0,0,1,0,0,0,0,0,0,-,-,34.23332,-118.40945,LOS ANGELES,LOS ANGELES,-118.40945,34.23332
90591407,2017,2017-11-09,9575,2017-10-25,1135,021849,NA,3,1,6,1953,0,1,1,NA,2,064,I-210 W/B (FOOTHILL FREEWAY),ALLEN,330,W,N,A,-,Y,NA,NA,210,NA,NA,NA,NA,NA,W,Y,4,0,1,5,A,-,04,21703,NA,N,C,C,A,A,H,-,A,D,0,NA,NA,NA,NA,Y,NA,A,01,0,0,1,0,0,0,0,0,0,-,-,34.15254,-118.11442,LOS ANGELES,PASADENA,-118.114421,34.15257785
90591409,2017,2017-11-09,9590,2017-10-30,0130,021583,NA,1,3,7,1942,0,1,1,NA,2,021,I-10 W/B (SAN BERNARDINO FREEWAY),SOTO STREET,1000,E,N,A,-,Y,NA,NA,10,NA,NA,NA,NA,NA,W,N,4,0,1,2,A,-,08,22107,NA,N,B,C,A,A,H,-,C,D,0,NA,NA,NA,NA,Y,NA,A,01,0,0,1,0,0,0,0,0,0,-,-,34.05575,-118.19534,LOS ANGELES,LOS ANGELES,-118.19534306,34.05563499
9059141,2020,2020-05-18,1976,2020-02-18,0752,898,NA,2,5,5,1976,0,0,0,NA,0,003,LAMBERT RD,GUNN AV,66,E,N,A,-,N,NA,NA,NA,NA,NA,NA,NA,NA,NA,N,4,0,3,4,A,-,03,22350,NA,N,C,C,A,A,H,-,A,A,0,NA,NA,NA,NA,Y,NA,D,22,0,0,3,0,0,0,0,0,0,-,-,NA,NA,LOS ANGELES,WHITTIER,-118.02451324462892,33.94889450073242
90591426,2017,2018-01-09,9590,2017-10-13,2218,021643,NA,5,3,7,1942,0,1,3,NA,2,094,SR-2 E/B (GLENDALE FREEWAY),ESTARA AVENUE,490,W,N,A,-,Y,NA,NA,2,NA,NA,NA,NA,NA,E,N,2,0,1,2,A,-,03,22350,NA,N,G,B,E,A,H,-,C,D,0,Y,NA,NA,NA,Y,NA,A,01,1,0,0,0,1,0,0,0,0,-,-,34.11499,-118.24061,LOS ANGELES,LOS ANGELES,-118.24062922,34.11503759
90591432,2017,2018-01-16,9575,2017-10-14,1220,021669,NA,6,1,9,1900,0,2,4,NA,2,330,MOUNT WILSON RED BOX ROAD,EATON CANYON LOOKOUT,1742,N,N,A,-,N,NA,NA,NA,NA,NA,NA,NA,NA,NA,N,3,0,1,1,A,-,08,22107,NA,N,F,A,A,A,H,-,A,D,0,NA,NA,Y,NA,Y,NA,C,02,0,1,0,0,0,0,0,0,1,-,-,34.23418,-118.07558,LOS ANGELES,UNINCORPORATED,NA,NA
90591438,2017,2017-11-09,9575,2017-10-15,1025,021669,NA,7,1,9,1900,0,1,3,NA,2,300,SR-2 (ANGELES CREST HIGHWAY),ANGELES NATIONAL FOREST BOUNDARY,400,E,N,A,-,Y,NA,NA,2,NA,NA,NA,NA,NA,NA,Y,3,0,2,2,A,-,08,22107,NA,N,E,I,A,A,H,-,A,D,0,NA,NA,Y,NA,Y,NA,C,02,0,1,1,0,0,0,0,0,2,-,-,34.22558,-118.18786,LOS ANGELES,UNINCORPORATED,-118.18789617,34.22554963
9059144,2020,2020-03-23,1962,2020-02-09,1303,151,1962,7,5,4,1962,0,0,0,NA,0,003,NEW AV,NEWBY AV,0,NA,Y,B,-,N,NA,NA,NA,NA,NA,NA,NA,NA,NA,N,4,0,1,2,A,-,03,22350,NA,N,C,C,A,A,H,-,A,D,0,NA,NA,NA,Y,Y,NA,A,08,0,0,1,0,0,0,0,0,0,-,-,34.08198928833008,-118.10830688476564,LOS ANGELES,SAN GABRIEL,-118.10832977294922,34.08198928833008
90591445,2017,2017-11-09,9590,2017-10-21,1625,021671,NA,6,2,7,1942,0,1,3,NA,2,095,SR-2 W/B (GLENDALE FREEWAY),ESTARA AVENUE,100,E,N,A,-,Y,NA,NA,2,NA,NA,NA,NA,NA,W,Y,4,0,1,2,A,-,07,21658,A,N,B,C,A,A,H,-,A,D,0,NA,NA,NA,NA,Y,NA,A,01,0,0,1,0,0,0,0,0,0,-,-,34.11531,-118.24065,LOS ANGELES,LOS ANGELES,-118.24062051,34.11523682
90591457,2017,2017-11-09,9565,2017-11-05,1740,021632,NA,7,2,4,1918,0,1,1,NA,2,061,I-405 S/B (SAN DIEGO FREEWAY),CULVER BOULEVARD,100,S,N,A,-,Y,NA,NA,405,NA,NA,NA,NA,NA,S,Y,4,0,3,4,A,-,07,21658,A,N,B,C,A,A,H,-,C,D,0,NA,NA,Y,NA,Y,NA,A,01,0,0,3,0,0,0,0,0,3,-,-,33.99801,-118.40771,LOS ANGELES,CULVER CITY,-118.40750559,33.99817187
90591464,2017,2017-11-09,9550,2017-11-05,1349,021274,NA,7,1,5,1919,0,1,1,NA,2,652,INTERSTATE 605 S/B,183RD STREET,150,N,N,A,-,Y,NA,NA,605,NA,NA,NA,NA,NA,S,Y,4,0,1,4,A,-,03,22350,NA,N,C,C,A,A,H,-,A,D,0,NA,NA,NA,NA,Y,NA,A,01,0,0,1,0,0,0,0,0,0,-,-,33.86619,-118.09901,LOS ANGELES,CERRITOS,-118.09897155,33.86620385
90591484,2017,2017-11-09,9550,2017-11-04,1252,021274,NA,6,1,5,1919,0,1,3,NA,2,091,STATE ROUTE 91 E/B,STUDEBAKER ROAD,185,W,N,A,-,Y,NA,NA,91,NA,NA,NA,NA,NA,E,N,4,0,1,2,A,-,03,22350,NA,N,C,C,A,A,H,-,A,D,0,NA,NA,NA,NA,Y,NA,A,07,0,0,1,0,0,0,0,0,0,-,-,33.87634,-118.1006,LOS ANGELES,CERRITOS,-118.10060023,33.87638454
90591490,2017,2017-11-09,9590,2017-10-26,0950,021671,NA,4,1,7,1942,0,1,1,NA,2,061,I-10 W/B (SANTA MONICA FREEWAY),CRENSHAW BLVD,50,E,N,A,-,Y,NA,NA,10,NA,NA,NA,NA,NA,W,N,4,0,1,2,D,-,00,NA,NA,N,B,C,A,A,H,-,A,D,0,NA,NA,NA,NA,Y,NA,-,-,0,0,1,0,0,0,0,0,0,-,-,34.03533,-118.33081,LOS ANGELES,LOS ANGELES,-118.33080895,34.03530952
90591498,2017,2017-11-09,9565,2017-11-04,1800,021575,NA,6,2,7,1942,0,1,1,NA,2,064,I-405 SOUTHBOUND (SAN DIEGO FREEWAY),SEPULVEDA BOULEVARD,1500,N,N,A,-,Y,NA,NA,405,NA,NA,NA,NA,NA,S,Y,4,0,1,2,A,-,03,22350,NA,N,C,C,A,A,H,-,C,D,0,NA,NA,NA,NA,Y,NA,A,01,0,0,1,0,0,0,0,0,0,-,-,34.10098,-118.47793,LOS ANGELES,LOS ANGELES,-118.47789694,34.10096975
90591500,2017,2017-11-09,9550,2017-11-05,1120,020594,NA,7,1,6,1920,0,1,1,NA,2,500,I-5 S/B,I-605,700,N,N,A,-,Y,NA,NA,5,NA,NA,NA,NA,NA,S,Y,4,0,2,3,A,-,08,22107,NA,N,B,C,A,A,H,-,A,D,0,NA,NA,NA,NA,Y,NA,A,01,0,0,2,0,0,0,0,0,0,-,-,33.9437,-118.09846,LOS ANGELES,DOWNEY,-118.09841092,33.94373248
90591519,2017,2017-11-09,9550,2017-11-05,1121,020824,NA,7,1,6,1920,0,1,1,NA,2,500,INTERSTATE 5 (SANTA ANA FREEWAY) S/B,INTERSTATE 605 (SAN GABRIEL RIVER FREEWA,1000,N,N,B,-,Y,NA,NA,5,NA,NA,NA,NA,NA,S,N,4,0,2,2,A,-,03,22350,NA,N,C,C,A,A,H,-,A,D,0,NA,NA,NA,NA,Y,NA,A,01,0,0,2,0,0,0,0,0,0,-,-,33.9437,-118.09855,LOS ANGELES,DOWNEY,-118.09843833,33.9437739
90591520,2017,2017-11-09,9565,2017-11-05,1722,021663,NA,7,2,7,1942,0,1,1,NA,2,060,I-405 N/B (SAN DIEGO FREWAY),SOUTH LA CIENEGA BLVD OVER CROSS,30,S,N,A,-,Y,NA,NA,405,NA,NA,NA,NA,NA,N,N,4,0,1,3,A,-,03,22350,NA,N,C,C,A,A,H,-,B,D,0,NA,NA,NA,NA,Y,NA,A,08,0,0,1,0,0,0,0,0,0,-,-,33.96666,-118.3709,LOS ANGELES,LOS ANGELES,-118.37080898,33.96669053
90591585,2017,2017-11-09,9565,2017-11-03,1300,017574,NA,5,1,4,1918,0,1,1,NA,2,061,INTERSTATE 405 SB FROM JEFFERSON BLVD.,JEFFERSON BLVD.,150,S,N,A,-,Y,NA,NA,405,NA,NA,NA,R,NA,S,N,4,0,2,2,A,-,03,22350,NA,F,C,C,A,A,H,-,A,D,0,NA,NA,NA,NA,Y,NA,D,22,0,0,2,0,0,0,0,0,0,-,-,33.986,-118.398,LOS ANGELES,CULVER CITY,-118.398,33.986
90591597,2017,2017-11-09,9565,2017-11-06,1730,020086,NA,1,2,9,1900,0,1,1,NA,2,063,I-405 N/B (SAN DIEGO FWY),CONSTITUTION AVE,200,N,N,A,-,Y,NA,NA,405,NA,NA,NA,NA,NA,N,N,4,0,1,2,A,-,03,22350,NA,N,C,C,A,A,H,-,A,D,0,NA,NA,NA,Y,Y,NA,G,25,0,0,1,0,0,0,0,0,0,-,-,34.06057,-118.45579,LOS ANGELES,UNINCORPORATED,-118.45583836,34.06052989
90591612,2017,2017-11-09,9530,2017-10-31,1050,021709,NA,2,1,9,1900,0,3,5,NA,2,001,COMPTON AVE.,SLAUSON AVE.,15,S,N,A,-,N,NA,NA,NA,NA,NA,NA,NA,NA,NA,N,4,0,1,2,A,-,10,21950,A,N,G,B,B,A,H,-,A,A,0,Y,NA,NA,NA,Y,NA,-,99,0,0,1,0,1,0,0,0,0,-,-,33.9892,-118.2477,LOS ANGELES,UNINCORPORATED,-118.24776,33.98929886
9059163,2020,2020-03-23,1900,2020-02-29,1450,630200,2607,6,5,6,1950,0,0,0,NA,0,263T1,ESSEX DR,GOLDENVIEW WY,0,NA,Y,A,-,N,NA,NA,NA,NA,NA,NA,NA,NA,NA,N,4,0,1,2,A,-,12,22450,A,N,D,C,A,A,H,-,A,A,0,NA,NA,NA,NA,Y,NA,A,01,0,0,1,0,0,0,0,0,0,-,-,34.55168151855469,-118.03961944580078,LOS ANGELES,PALMDALE,-118.0399932861328,34.55323028564453
90591637,2017,2017-11-09,9525,2017-11-08,1549,020058,NA,3,2,9,1900,0,3,5,NA,2,003,VALINDA AVE. (1400 BLOCK),MAPLEGROVE ST.,350,N,N,A,-,N,NA,NA,NA,NA,NA,NA,NA,NA,NA,N,4,0,2,2,A,-,03,22350,NA,N,C,C,A,A,H,-,B,D,0,NA,NA,NA,NA,Y,NA,A,07,0,0,2,0,0,0,0,0,0,-,-,34.04516,-117.92567,LOS ANGELES,UNINCORPORATED,-117.92568577,34.04509931
90591642,2017,2017-11-09,9590,2017-11-03,2120,021622,NA,5,2,7,1942,0,1,1,NA,2,060,I-10 E/B (SMF) COLLECTOR ROAD,LA BREA AVENUE,25,W,N,A,-,Y,NA,NA,10,NA,NA,NA,NA,NA,E,N,4,0,1,1,A,-,08,22107,NA,N,F,A,A,A,H,-,C,D,0,NA,NA,Y,NA,Y,NA,C,02,0,0,1,0,0,0,0,0,1,-,-,34.03401,-118.35038,LOS ANGELES,LOS ANGELES,-118.35038912,34.0341973
90591652,2017,2017-11-09,9590,2017-11-07,1710,021133,NA,2,2,7,1942,0,1,2,NA,2,072,US-101 N/B (HOLLYWOOD FREEWAY),HELIOTROPE DRIVE,100,N,N,A,-,Y,NA,NA,101,NA,NA,NA,NA,NA,N,N,4,0,2,2,A,-,03,22350,NA,N,C,C,A,A,H,-,B,D,0,NA,NA,NA,NA,Y,NA,A,01,0,0,2,0,0,0,0,0,0,-,-,34.08219,-118.29575,LOS ANGELES,LOS ANGELES,-118.29575474,34.08217982
90591654,2017,2017-11-09,9535,2017-11-02,1200,019540,NA,4,1,9,1900,0,1,1,NA,2,071,I-710 S/B (LONG BEACH FREEWAY),WHITTIER BLVD,100,N,N,A,-,Y,NA,NA,710,NA,NA,NA,NA,NA,S,N,4,0,1,2,A,-,03,22350,NA,N,C,C,A,A,H,-,A,D,0,NA,NA,NA,NA,Y,NA,A,01,0,0,1,0,0,0,0,0,0,-,-,34.02389,-118.1726,LOS ANGELES,UNINCORPORATED,-118.17267926,34.02391312
90591661,2017,2017-11-09,9535,2017-11-03,1710,021638,NA,5,2,9,1900,0,3,5,NA,2,001,HILLVIEW AVENUE (5400 BLOCK),POMONA BLVD,40,S,N,A,-,N,NA,NA,NA,NA,NA,NA,NA,NA,NA,N,4,0,1,2,A,-,06,21750,NA,N,B,C,A,A,H,-,A,D,0,NA,NA,NA,NA,Y,NA,D,22,0,0,1,0,0,0,0,0,0,-,-,34.03319,-118.14976,LOS ANGELES,UNINCORPORATED,-118.14977,34.03324031
90591666,2017,2017-11-09,9590,2017-11-02,1225,021762,NA,4,1,7,1942,0,1,1,NA,2,083,I-10 W/B (SBF) TO I-5 S/B (GSF),STATE STREET,65,S,N,A,-,Y,NA,NA,NA,NA,NA,NA,NA,NA,NA,Y,4,0,1,1,A,-,08,22107,NA,N,F,A,A,A,H,-,A,D,0,NA,NA,Y,NA,Y,NA,C,02,0,0,1,0,0,0,0,0,1,-,-,34.05194,-118.21422,LOS ANGELES,LOS ANGELES,-118.21419501,34.05205297
9059167,2020,2020-03-23,1900,2020-02-09,1630,538684,2607,7,5,6,1950,0,0,0,NA,0,264T1,AVE R,47TH ST EAST,318,E,N,A,-,N,NA,NA,NA,NA,NA,NA,NA,NA,NA,N,4,0,1,2,D,-,00,NA,NA,N,B,C,A,A,H,-,A,D,0,NA,NA,NA,NA,Y,NA,-,-,0,0,1,0,0,0,0,0,0,-,-,34.34217834472656,-118.23731994628906,LOS ANGELES,PALMDALE,-118.0439453125,34.57274627685547