CASE_ID,ACCIDENT_YEAR,PROC_DATE,JURIS,COLLISION_DATE,COLLISION_TIME,OFFICER_ID,REPORTING_DISTRICT,DAY_OF_WEEK,CHP_SHIFT,POPULATION,CNTY_CITY_LOC,SPECIAL_COND,BEAT_TYPE,CHP_BEAT_TYPE,CITY_DIVISION_LAPD,CHP_BEAT_CLASS,BEAT_NUMBER,PRIMARY_RD,SECONDARY_RD,DISTANCE,DIRECTION,INTERSECTION,WEATHER_1,WEATHER_2,STATE_HWY_IND,CALTRANS_COUNTY,CALTRANS_DISTRICT,STATE_ROUTE,ROUTE_SUFFIX,POSTMILE_PREFIX,POSTMILE,LOCATION_TYPE,RAMP_INTERSECTION,SIDE_OF_HWY,TOW_AWAY,COLLISION_SEVERITY,NUMBER_KILLED,NUMBER_INJURED,PARTY_COUNT,PRIMARY_COLL_FACTOR,PCF_CODE_OF_VIOL,PCF_VIOL_CATEGORY,PCF_VIOLATION,PCF_VIOL_SUBSECTION,HIT_AND_RUN,TYPE_OF_COLLISION,MVIW,PED_ACTION,ROAD_SURFACE,ROAD_COND_1,ROAD_COND_2,LIGHTING,CONTROL_DEVICE,CHP_ROAD_TYPE,PEDESTRIAN_ACCIDENT,BICYCLE_ACCIDENT,MOTORCYCLE_ACCIDENT,TRUCK_ACCIDENT,NOT_PRIVATE_PROPERTY,ALCOHOL_INVOLVED,STWD_VEHTYPE_AT_FAULT,CHP_VEHTYPE_AT_FAULT,COUNT_SEVERE_INJ,COUNT_VISIBLE_INJ,COUNT_COMPLAINT_PAIN,COUNT_PED_KILLED,COUNT_PED_INJURED,COUNT_BICYCLIST_KILLED,COUNT_BICYCLIST_INJURED,COUNT_MC_KILLED,COUNT_MC_INJURED,PRIMARY_RAMP,SECONDARY_RAMP,LATITUDE,LONGITUDE,COUNTY,CITY,POINT_X,POINT_Y
90591679,2017,2017-11-09,9565,2017-11-03,0106,021371,NA,5,3,9,1900,0,1,1,NA,2,010,I-105 E/B (CENTURY FWY),HAWTHORNE BLVD,320,W,N,A,-,Y,NA,NA,105,NA,NA,NA,NA,NA,E,Y,4,0,1,1,A,-,08,22107,NA,N,E,I,A,A,H,-,C,D,0,NA,NA,NA,NA,Y,NA,A,07,0,0,1,0,0,0,0,0,0,-,-,33.93336,-118.35377,LOS ANGELES,UNINCORPORATED,-118.35377172,33.93347206
90591684,2017,2017-11-09,9535,2017-11-04,1334,017944,NA,6,1,4,1962,0,1,1,NA,2,400,I-10 (SAN BERNARDINO FREEWAY) E/B,NEW AVE,40,E,N,A,-,Y,NA,NA,10,NA,NA,NA,NA,NA,E,N,4,0,3,4,A,-,03,22350,NA,N,C,C,A,A,H,-,A,D,0,NA,NA,NA,NA,Y,NA,A,01,0,0,3,0,0,0,0,0,0,-,-,34.07177,-118.10792,LOS ANGELES,SAN GABRIEL,-118.1079192,34.07166144
90591688,2017,2017-11-09,9535,2017-11-04,1620,021131,NA,6,2,9,1900,0,3,5,NA,2,006,PECK RD.,ROOKS RD.,0,NA,Y,A,-,N,NA,NA,NA,NA,NA,NA,NA,NA,NA,Y,4,0,2,2,A,-,12,21453,A,N,D,C,A,A,H,-,A,A,0,NA,NA,NA,NA,Y,NA,A,01,0,0,2,0,0,0,0,0,0,-,-,34.03008,-118.03733,LOS ANGELES,UNINCORPORATED,-118.03726003,34.03014005
90591699,2017,2017-11-09,9535,2017-11-04,1135,12952,NA,6,1,5,1959,0,1,1,NA,2,400,I-10 E/B (SAN BERNARDINO FRWY),WALNUT GROVE AV U/C,130,W,N,A,-,Y,NA,NA,10,NA,NA,NA,NA,NA,E,N,3,0,1,3,A,-,03,22350,NA,N,C,C,A,A,H,-,A,D,0,NA,NA,NA,NA,Y,NA,A,01,0,1,0,0,0,0,0,0,0,-,-,34.07191,-118.08245,LOS ANGELES,ROSEMEAD,-118.08245035,34.0719315
90591716,2017,2017-11-09,9550,2017-11-03,1010,021577,NA,5,1,5,1919,0,1,3,NA,2,090,SR-91 E/B TO I-605 N/B,I-605,50,E,N,A,-,Y,NA,NA,91,NA,NA,NA,R,NA,E,Y,4,0,1,1,A,-,03,22350,NA,N,F,A,A,A,H,-,A,D,0,NA,NA,NA,Y,Y,NA,G,25,0,0,1,0,0,0,0,0,0,-,-,33.87461,-118.1023,LOS ANGELES,CERRITOS,-118.1023,33.87461
90591718,2017,2017-11-09,9525,2017-11-07,0909,018729,NA,2,1,6,1955,0,1,3,NA,2,072,SR-71 N/B (CHINO VALLEY FWY),MISSION BLVD.,1100,N,N,A,-,Y,NA,NA,71,NA,NA,NA,NA,NA,N,N,4,0,1,3,A,-,03,22350,NA,N,C,C,A,A,H,-,A,D,0,NA,NA,NA,NA,Y,NA,A,01,0,0,1,0,0,0,0,0,0,-,-,34.05596,-117.78357,LOS ANGELES,POMONA,-117.78358135,34.05594907
9059175,2020,2020-03-23,1900,2020-02-11,1545,623581,2620,2,5,6,1950,0,0,0,NA,0,262T7,AVE P / RANCHO VISTA BL,10TH ST EAST,0,NA,Y,A,-,N,NA,NA,NA,NA,NA,NA,NA,NA,NA,N,4,0,1,3,A,-,04,21703,NA,N,C,C,A,A,H,-,A,A,0,NA,NA,NA,NA,Y,NA,D,22,0,0,1,0,0,0,0,0,0,-,-,34.602230072021484,-118.10295104980467,LOS ANGELES,PALMDALE,-118.112029,34.601901
90591769,2017,2017-11-09,9550,2017-11-03,1920,020948,NA,5,2,9,1900,0,1,3,NA,2,601,STATE ROUTE 60 W/B,AZUSA AVENUE,1950,E,N,A,-,Y,NA,NA,NA,NA,NA,NA,NA,NA,NA,Y,3,0,1,1,A,-,08,22107,NA,N,E,I,A,A,H,-,C,D,0,NA,NA,NA,NA,Y,NA,D,22,0,1,0,0,0,0,0,0,0,-,-,33.9963,-117.92456,LOS ANGELES,UNINCORPORATED,-117.92486727,33.99624229
90591799,2017,2017-11-09,9550,2017-11-06,0710,019293,NA,1,1,6,1949,0,1,1,NA,2,150,I-105 EASTBOUND,I-605,150,W,N,A,-,Y,NA,NA,105,NA,NA,NA,NA,NA,E,Y,4,0,1,2,A,-,03,22350,NA,N,C,C,A,A,H,-,A,D,0,NA,NA,NA,NA,Y,NA,A,01,0,0,1,0,0,0,0,0,0,-,-,33.91425,-118.11135,LOS ANGELES,NORWALK,-118.11134499,33.91378296
9059181,2020,2020-09-25,1972,2020-02-24,1813,21879,NA,1,5,6,1972,0,0,0,NA,0,NA,PACIFIC COAST HWY,ROLLING HILLS WY,150,S,N,A,-,Y,LA,7,1,-,-,14.8,H,-,S,N,4,0,1,2,A,-,03,22350,NA,F,C,C,A,A,H,-,C,D,0,NA,NA,NA,NA,Y,NA,A,NA,0,0,1,0,0,0,0,0,0,-,-,NA,NA,LOS ANGELES,TORRANCE,-118.33535766601564,33.793617248535156
90591846,2017,2017-11-09,9550,2017-10-11,0840,020974,NA,3,1,9,1900,0,1,3,NA,2,600,SR-60 E/B,HACIENDA BOULEVARD,1300,W,N,A,-,Y,NA,NA,60,NA,NA,NA,NA,NA,E,N,4,0,1,2,A,-,03,22350,NA,F,C,C,A,A,H,-,A,D,0,NA,NA,NA,NA,Y,NA,A,08,0,0,1,0,0,0,0,0,0,-,-,34.00816,-117.96858,LOS ANGELES,UNINCORPORATED,-117.96859424,34.00811506
90591860,2017,2017-11-09,9525,2017-11-04,1815,021229,NA,6,2,5,1906,0,1,1,NA,2,104,I-10 E/B (SAN BERNARDINO FWY),PUENTE AVE,1056,E,N,A,-,Y,NA,NA,10,NA,NA,NA,NA,NA,E,N,4,0,1,2,A,-,03,22350,NA,N,C,C,A,A,D,E,C,D,0,NA,NA,NA,NA,Y,NA,A,01,0,0,1,0,0,0,0,0,0,-,-,34.07068,-117.95665,LOS ANGELES,BALDWIN PARK,-117.95664639,34.07064488
90591862,2017,2017-11-09,9525,2017-11-08,1515,019379,NA,3,2,4,1905,0,1,1,NA,2,214,I-210 E/B (FOOTHILL FWY),CITRUS AVE,5280,W,N,B,-,Y,NA,NA,210,NA,NA,NA,NA,NA,E,N,4,0,2,2,A,-,03,22350,NA,N,C,C,A,A,H,-,A,D,0,NA,NA,NA,NA,Y,NA,A,01,0,0,2,0,0,0,0,0,0,-,-,34.1208,-117.90164,LOS ANGELES,AZUSA,-117.90164055,34.12099255
90591865,2017,2017-11-09,9525,2017-11-08,1720,019379,NA,3,2,4,1905,0,1,1,NA,2,213,I-210 W/B (FOOTHILL FWY),ROCKVALE AVE.,20,W,N,A,-,Y,NA,NA,210,NA,NA,NA,NA,NA,W,Y,4,0,1,3,A,-,03,22350,NA,M,C,C,A,A,H,-,C,D,0,NA,NA,NA,NA,Y,NA,A,07,0,0,1,0,0,0,0,0,0,-,-,34.12128,-117.89706,LOS ANGELES,AZUSA,-117.89706335,34.12111763
90591871,2017,2017-11-09,9590,2017-11-05,1915,021654,NA,7,2,7,1942,0,1,2,NA,2,073,US-101 S/B (HOLLYWOOD FREEWAY),UNIVERSAL STUDIOS BOULEVARD,600,N,N,A,-,Y,NA,NA,101,NA,NA,NA,NA,NA,S,N,4,0,1,2,A,-,03,22350,NA,N,C,C,A,A,H,-,C,D,0,NA,NA,NA,NA,Y,NA,A,07,0,0,1,0,0,0,0,0,0,-,-,34.13361,-118.35462,LOS ANGELES,LOS ANGELES,-118.35461467,34.13363476
90591873,2017,2017-11-10,9550,2017-11-04,0255,014373,NA,6,3,6,1949,0,1,1,NA,2,501,INTERSTATE 5 (S/B),NORWALK BLVD,1000,S,N,B,-,Y,NA,NA,NA,NA,NA,NA,NA,NA,NA,N,4,0,1,2,A,-,08,22107,NA,F,B,C,A,A,D,-,D,D,0,NA,NA,NA,NA,Y,NA,-,-,0,0,1,0,0,0,0,0,0,-,-,33.5436,-118.0414,LOS ANGELES,NORWALK,-118.07107381,33.9103497
90591878,2017,2017-11-10,9550,2017-11-06,1050,015040,NA,1,1,3,1964,0,1,1,NA,2,500,I-5 N/B (SANTA ANA FREEWAY),I-605 (SAN GABRIEL RIVER FREEWAY),500,S,N,A,-,Y,NA,NA,5,NA,NA,NA,NA,NA,N,Y,4,0,1,5,A,-,03,22350,NA,N,C,C,A,A,H,-,A,D,0,NA,NA,NA,NA,Y,NA,A,01,0,0,1,0,0,0,0,0,0,-,-,33.93974,-118.09563,LOS ANGELES,SANTA FE SPRINGS,-118.09559629,33.93976251
90591887,2017,2017-11-10,9590,2017-10-21,0455,021606,NA,6,3,7,1942,0,1,2,NA,2,070,US-101 N/B (SANTA ANA FREEWAY),ALAMEDA ST.,800,S,N,A,-,Y,NA,NA,101,NA,NA,NA,NA,NA,N,Y,3,0,1,2,A,-,03,22350,NA,N,C,C,A,A,H,-,D,D,0,NA,NA,NA,NA,Y,NA,D,22,0,1,0,0,0,0,0,0,0,-,-,34.05394,-118.23486,LOS ANGELES,LOS ANGELES,-118.23486036,34.05392459
90591900,2017,2017-11-10,9565,2017-11-02,2026,021371,NA,4,2,9,1900,0,1,1,NA,2,012,I-105 E/B (CENTURY FWY),BUDLONG AVE,100,E,N,A,-,Y,NA,NA,105,NA,NA,NA,NA,NA,E,Y,4,0,1,2,A,-,03,22350,NA,N,C,C,A,A,H,-,C,D,0,NA,NA,NA,NA,Y,Y,A,01,0,0,1,0,0,0,0,0,0,-,-,33.92827,-118.29482,LOS ANGELES,UNINCORPORATED,-118.29482896,33.92836834
90591913,2017,2017-11-10,9565,2017-11-03,0400,021473,NA,5,3,7,1942,0,1,1,NA,2,060,I-405 N/B (SAN DIEGO FWY),LA TIJERA BLVD,400,S,N,B,-,Y,NA,NA,NA,NA,NA,NA,NA,NA,NA,N,3,0,1,4,A,-,17,23114,A,N,E,J,A,A,H,-,C,D,0,NA,NA,Y,NA,Y,NA,D,22,0,1,0,0,0,0,0,0,1,-,-,33.97156,-118.33725,LOS ANGELES,LOS ANGELES,-118.37677665,33.97131753
90591945,2017,2017-11-10,9580,2017-10-31,0740,019451,NA,2,1,7,1942,0,1,1,NA,2,406,I-405 N/B (SAN DIEGO FWY),PLUMMER ST,1000,S,N,B,-,Y,NA,NA,405,NA,NA,NA,NA,NA,N,Y,4,0,3,3,A,-,03,22350,NA,M,C,C,A,B,H,-,A,D,0,NA,NA,NA,NA,Y,NA,A,01,0,0,3,0,0,0,0,0,0,-,-,34.24005,-118.47277,LOS ANGELES,LOS ANGELES,-118.47290449,34.24005127
90591961,2017,2017-11-10,9580,2017-11-02,0830,016523,NA,4,1,9,1900,0,3,5,NA,2,013,BOX CANYON RD,MORROCO LANE,190,N,N,B,C,N,NA,NA,NA,NA,NA,NA,NA,NA,NA,Y,3,0,1,2,A,-,03,22350,NA,N,A,C,A,B,H,-,A,D,0,NA,NA,NA,NA,Y,NA,A,01,0,1,0,0,0,0,0,0,0,-,-,34.2399,-118.64756,LOS ANGELES,UNINCORPORATED,-118.647545,34.2399075
9059202,2020,2020-03-24,1902,2020-02-20,0721,796,13,4,5,5,1902,0,0,0,NA,0,003,COLORADO BL,MICHILLINDA AV,35,E,N,A,-,N,NA,NA,NA,NA,NA,NA,NA,NA,NA,N,4,0,2,3,A,-,03,22350,NA,F,C,C,A,A,H,-,A,A,0,NA,NA,NA,NA,Y,Y,A,01,0,0,2,0,0,0,0,0,0,-,-,NA,NA,LOS ANGELES,ARCADIA,-118.06768798828124,34.14796829223633
90592021,2017,2017-11-10,9525,2017-11-01,1417,019632,NA,3,2,6,1955,0,1,3,NA,2,603,SR-60 W/B (POMONA FWY),PHILLIPS RANCH ROAD,1000,W,N,A,-,Y,NA,NA,60,NA,NA,NA,NA,NA,W,N,3,0,2,2,C,-,18,NA,NA,N,H,C,A,A,H,-,A,D,0,NA,NA,NA,Y,Y,NA,-,-,0,2,0,0,0,0,0,0,0,-,-,34.02546,-117.77541,LOS ANGELES,POMONA,-117.77540843,34.02546447
90592031,2017,2017-11-10,9525,2017-11-01,1652,020216,NA,3,2,6,1955,0,1,1,NA,2,110,I-10 E/B (SAN BERNARDINO FWY),WHITE AVE.,2640,W,N,B,-,Y,NA,NA,10,NA,NA,NA,NA,NA,E,Y,3,0,1,2,A,-,08,22107,NA,N,F,A,A,A,H,-,A,D,0,NA,NA,Y,NA,Y,NA,C,02,0,1,0,0,0,0,0,0,1,-,-,34.07226,-117.77239,LOS ANGELES,POMONA,-117.7723994,34.07220354
90592039,2017,2017-11-10,9525,2017-11-05,2224,020823,NA,7,3,9,1900,0,3,5,NA,2,005,MT. BALDY RD.,SHINN RD.,8976,N,N,B,-,Y,NA,NA,NA,NA,NA,NA,NA,NA,NA,N,3,0,1,1,A,-,08,22107,NA,N,E,I,A,A,H,-,D,D,0,NA,NA,Y,NA,Y,NA,C,02,0,1,0,0,0,0,0,0,1,-,-,34.19982,-117.67597,LOS ANGELES,UNINCORPORATED,-117.67691756,34.19875489
90592041,2017,2017-11-10,9580,2017-11-02,0928,014900,NA,4,1,3,1994,0,1,2,NA,2,108,US-101 N/B FROM KANAN RD. N/B,KANAN RD.,73,S,N,B,-,Y,NA,NA,101,NA,NA,NA,R,NA,N,Y,4,0,1,1,A,-,03,22350,NA,N,E,I,A,B,H,-,A,D,0,NA,NA,NA,NA,Y,NA,A,01,0,0,1,0,0,0,0,0,0,-,-,34.14623,-118.7606,LOS ANGELES,AGOURA HILLS,-118.7606,34.14623
90592046,2017,2017-11-10,9580,2017-10-31,0838,015926,NA,2,1,9,1900,0,3,5,NA,1,020,OLD TOPANGA CANYON RD,MONTE VISTA DR,1056,W,N,B,-,N,NA,NA,NA,NA,NA,NA,NA,NA,NA,Y,4,0,2,2,A,-,08,22107,NA,N,D,C,A,A,H,-,A,D,0,NA,NA,NA,NA,Y,NA,A,01,0,0,2,0,0,0,0,0,0,-,-,34.0932,-118.60975,LOS ANGELES,UNINCORPORATED,-118.61018842,34.09370536
90592050,2017,2017-11-10,9580,2017-11-02,2305,020788,NA,4,3,7,1942,0,1,3,NA,2,170,SR-170 N/B (HOLLYWOOD FREEWAY),BURBANK BOULEVARD,500,S,N,A,-,Y,NA,NA,170,NA,NA,NA,NA,NA,N,Y,4,0,1,2,A,-,07,21658,A,N,B,C,A,A,H,-,C,D,0,NA,NA,NA,NA,Y,NA,A,01,0,0,1,0,0,0,0,0,0,-,-,34.17058,-118.38629,LOS ANGELES,LOS ANGELES,-118.38632793,34.17052804
90592053,2017,2017-12-04,9580,2017-11-01,0525,016413,NA,3,3,7,1942,0,1,2,NA,2,102,US-101 N/B (VENTURA FREEWAY),VAN NUYS BLVD,706,N,N,A,-,Y,NA,NA,NA,NA,NA,NA,NA,NA,NA,Y,3,0,1,3,A,-,08,22107,NA,N,B,C,A,A,H,-,D,D,0,NA,NA,NA,Y,Y,NA,A,01,0,1,0,0,0,0,0,0,0,-,-,34.15506,-118.45793,LOS ANGELES,LOS ANGELES,-118.45092358,34.15761961
9059206,2020,2020-03-24,1902,2020-02-20,1112,787,12,4,5,5,1902,0,0,0,NA,0,003,W HUNTINGTON DR,SANTA CLARA,1,W,N,A,-,N,NA,NA,NA,NA,NA,NA,NA,NA,NA,N,4,0,1,2,A,-,03,22350,NA,N,C,C,A,A,H,-,A,A,0,NA,NA,NA,NA,Y,NA,A,01,0,0,1,0,0,0,0,0,0,-,-,NA,NA,LOS ANGELES,ARCADIA,-118.03526306152344,34.139991760253906
90592067,2017,2017-11-10,9580,2017-11-01,1800,018322,NA,3,2,7,1942,0,1,3,NA,2,116,SR-118 E/B (RONALD REAGAN FWY.),HAYVENHURST AVE,1056,E,N,B,-,Y,NA,NA,118,NA,NA,NA,NA,NA,E,Y,4,0,2,4,A,-,03,22350,NA,F,C,C,A,A,H,-,B,D,0,NA,NA,NA,NA,Y,NA,D,22,0,0,2,0,0,0,0,0,0,-,-,34.273,-118.4914,LOS ANGELES,LOS ANGELES,-118.49138216,34.27302162
90592081,2017,2017-11-10,9590,2017-10-22,1905,021654,NA,7,2,7,1942,0,1,1,NA,2,050,I-110 N/B (HARBOR FREEWAY),CENTURY BOULEVARD,100,N,N,A,-,Y,NA,NA,110,NA,NA,NA,NA,NA,N,N,2,0,2,2,A,-,07,21658,A,N,C,C,A,A,H,-,C,D,0,NA,NA,NA,NA,Y,Y,D,22,2,0,0,0,0,0,0,0,0,-,-,33.9461,-118.27951,LOS ANGELES,LOS ANGELES,-118.27949834,33.9460985
90592092,2017,2017-12-19,9590,2017-10-22,1350,021883,NA,7,1,7,1942,0,1,1,NA,2,065,I-10 W/B (SANTA MONICA FREEWAY),ALAMEDA ST,200,W,N,A,-,Y,NA,NA,10,NA,NA,NA,NA,NA,W,Y,3,0,6,4,A,-,03,22350,NA,N,C,C,A,A,H,-,A,D,0,NA,NA,NA,NA,Y,NA,A,01,0,1,5,0,0,0,0,0,0,-,-,34.02513,-118.23845,LOS ANGELES,LOS ANGELES,-118.23844136,34.02510894
90592095,2017,2017-11-10,9590,2017-10-13,2217,021643,NA,5,3,7,1942,0,1,3,NA,2,094,SR-2 E/B (GLENDALE FREEWAY),ESTARA AVENUE,500,W,N,A,-,Y,NA,NA,2,NA,NA,NA,NA,NA,E,Y,2,0,1,2,A,-,03,22350,NA,N,C,C,A,A,H,-,C,D,0,NA,NA,Y,NA,Y,NA,C,02,1,0,0,0,0,0,0,0,1,-,-,34.11504,-118.24064,LOS ANGELES,LOS ANGELES,-118.24063765,34.11503418
90592098,2017,2017-11-10,9525,2017-11-04,1508,021713,NA,6,2,6,1955,0,1,1,NA,2,109,I-10 W/B (SAN BERNARDINO FWY),WHITE AVE,1584,W,N,A,-,Y,NA,NA,10,NA,NA,NA,NA,NA,W,Y,2,0,1,1,A,-,08,22107,NA,N,E,I,A,A,H,-,A,D,0,NA,NA,NA,NA,Y,NA,A,01,1,0,0,0,0,0,0,0,0,-,-,34.07095,-117.76401,LOS ANGELES,POMONA,-117.76400279,34.07100841
9059210,2020,2020-03-24,1900,2020-02-26,1620,618405,2116,3,5,5,1943,0,0,0,NA,0,212T3,SANTA FE AV,CARLIN AV,0,NA,Y,A,-,N,NA,NA,NA,NA,NA,NA,NA,NA,NA,Y,3,0,1,2,A,-,09,21802,A,N,D,C,A,A,H,-,A,A,0,NA,NA,NA,NA,Y,NA,A,07,0,1,0,0,0,0,0,0,0,-,-,33.915000915527344,-118.21720123291016,LOS ANGELES,LYNWOOD,-118.2172622680664,33.915000915527344
90592107,2017,2017-11-10,9580,2017-10-31,1810,021492,NA,2,2,7,1942,0,1,3,NA,2,170,SR-170 N/B (HOLLYWOOD FWY.),VICTORY BLVD,1000,N,N,B,-,Y,NA,NA,170,NA,NA,NA,NA,NA,N,N,4,0,1,3,A,-,03,22350,NA,N,C,C,A,A,H,-,C,D,0,NA,NA,NA,NA,Y,NA,D,22,0,0,1,0,0,0,0,0,0,-,-,34.18998,-118.40184000000001,LOS ANGELES,LOS ANGELES,-118.4018034,34.18998511
9059213,2020,2020-03-17,1955,2020-01-31,0532,42115,18,5,5,6,1955,0,0,0,NA,0,003,INDIAN HILL BL,LINCOLN AV,300,S,N,A,-,N,NA,NA,NA,NA,NA,NA,NA,NA,NA,Y,3,0,1,3,A,-,08,22107,NA,N,B,E,A,A,H,-,D,A,0,NA,NA,NA,NA,Y,NA,A,01,0,1,0,0,0,0,0,0,0,-,-,NA,NA,LOS ANGELES,POMONA,-117.71923828125,34.07008743286133
90592130,2017,2017-11-10,9590,2017-10-15,1040,021883,NA,7,1,7,1942,0,1,1,NA,2,053,I-110 S/B (HARBOR FREEWAY),3RD ST,750,N,N,A,-,Y,NA,NA,110,NA,NA,NA,NA,NA,S,N,3,0,2,2,A,-,03,22350,NA,N,C,C,A,A,H,-,A,A,0,NA,NA,NA,Y,Y,NA,F,27,0,1,1,0,0,0,0,0,0,-,-,34.05759,-118.25468,LOS ANGELES,LOS ANGELES,-118.25465962,34.057569
90592138,2017,2018-03-15,9590,2017-11-04,1235,021789,NA,6,1,7,1942,0,1,1,NA,2,040,I-5 N/B (GOLDEN STATE FREEWAY),SOTO STREET,300,S,N,A,-,Y,NA,NA,5,NA,NA,NA,NA,NA,N,Y,4,0,3,3,A,-,03,22350,NA,N,C,C,A,A,H,-,A,D,0,NA,NA,NA,NA,Y,NA,A,01,0,0,3,0,0,0,0,0,0,-,-,34.0306,-118.2167,LOS ANGELES,LOS ANGELES,-118.21685156,34.03028677
9059214,2020,2020-03-24,1900,2020-02-26,1540,618405,2117,3,5,5,1943,0,0,0,NA,0,212T3,LONG BEACH BL,CEDAR AV,70,S,N,A,-,N,NA,NA,NA,NA,NA,NA,NA,NA,NA,N,4,0,3,2,A,-,03,22350,NA,F,C,C,A,A,H,-,A,D,0,NA,NA,NA,NA,Y,NA,A,07,0,0,3,0,0,0,0,0,0,-,-,33.917701721191406,-118.20929718017578,LOS ANGELES,LYNWOOD,-118.20948028564452,33.9178581237793
90592143,2017,2017-11-10,9590,2017-10-29,1100,021673,NA,7,1,7,1942,0,1,1,NA,2,081,I-5 S/B (GSF),7TH ST.,400,N,N,A,-,Y,NA,NA,5,NA,NA,NA,NA,NA,S,N,3,0,1,2,A,-,03,22350,NA,N,C,C,A,A,H,-,A,D,0,NA,NA,NA,NA,Y,NA,D,22,0,1,0,0,0,0,0,0,0,-,-,34.03484,-118.22143,LOS ANGELES,LOS ANGELES,-118.22141342,34.03483221
90592161,2017,2017-11-10,9525,2017-11-06,1545,021156,NA,1,2,9,1900,0,1,1,NA,2,105,I-10 W/B (SAN BERNARDINO FWY),HOLT AVE,2640,E,N,A,-,Y,NA,NA,10,NA,NA,NA,NA,NA,W,Y,4,0,2,2,A,-,03,22350,NA,N,C,C,A,A,D,E,A,D,0,NA,NA,NA,NA,Y,NA,A,01,0,0,2,0,0,0,0,0,0,-,-,34.0685,-117.85231,LOS ANGELES,UNINCORPORATED,-117.85230996,34.06850612
9059217,2020,2020-03-17,1969,2020-01-15,0610,20279,TRAFF,3,5,5,1969,0,0,0,NA,0,005,FIRESTONE BL,EL PASEO ST,240,E,N,B,-,N,NA,NA,NA,NA,NA,NA,NA,NA,NA,Y,4,0,1,3,A,-,03,22350,NA,N,C,C,A,A,H,-,C,D,0,NA,NA,NA,NA,Y,NA,-,-,0,0,1,0,0,0,0,0,0,-,-,NA,NA,LOS ANGELES,SOUTH GATE,-118.16212463378906,33.948768615722656
90592172,2017,2017-11-10,9590,2017-11-03,1405,021635,NA,5,2,7,1942,0,1,1,NA,2,011,SR-110 S/B (ARROYO SECO PKWY.),STADIUM WAY O/C,600,S,N,A,-,Y,NA,NA,NA,NA,NA,NA,NA,NA,NA,N,4,0,1,3,A,-,03,22350,NA,F,C,C,A,A,H,-,A,D,0,NA,NA,NA,NA,Y,NA,-,99,0,0,1,0,0,0,0,0,0,-,-,34.4384,-118.14191,LOS ANGELES,LOS ANGELES,-118.23613356,34.06981218
9059218,2020,2020-03-24,1900,2020-02-24,0858,624622,2112,1,5,5,1943,0,0,0,NA,0,212A,IMPERIAL HWY,BIRCH ST,0,NA,Y,A,-,N,NA,NA,NA,NA,NA,NA,NA,NA,NA,N,4,0,1,2,A,-,10,21950,A,N,G,-,B,A,H,-,A,A,0,Y,NA,NA,NA,Y,NA,A,01,0,0,1,0,1,0,0,0,0,-,-,NA,NA,LOS ANGELES,LYNWOOD,-118.20507049560548,33.93048858642578
90592181,2017,2017-11-13,9535,2017-10-31,0715,016815,NA,2,1,6,1922,0,1,1,NA,2,401,I-10 (SAN BERNARDINO FREEWAY) W/B,SANTA ANA AVE,1450,W,N,B,-,Y,NA,NA,10,NA,NA,NA,NA,NA,W,N,3,0,1,1,C,-,18,NA,NA,N,E,I,A,A,H,-,B,D,0,NA,NA,NA,NA,Y,NA,-,-,0,1,0,0,0,0,0,0,0,-,-,34.0704,-118.0468,LOS ANGELES,EL MONTE,-118.0468772,34.07022095
90592196,2017,2017-11-13,9590,2017-11-09,0655,021912,NA,4,1,7,1942,0,1,3,NA,2,095,SR-2 W/B (GLENDALE FREEWAY),SAN FERNANDO RD.,1000,W,N,A,-,Y,NA,NA,2,NA,NA,NA,NA,NA,W,Y,4,0,1,2,A,-,03,22350,NA,N,C,C,A,A,H,-,A,D,0,NA,NA,NA,NA,Y,NA,A,01,0,0,1,0,0,0,0,0,0,-,-,34.11185,-118.24673,LOS ANGELES,LOS ANGELES,-118.24670865,34.1118162
90592197,2017,2017-11-13,9535,2017-11-03,1430,021131,NA,5,2,9,1900,0,1,3,NA,2,600,SR-60 E/B TO DOWNEY RD.,DOWNEY RD.,1440,W,N,A,-,Y,NA,NA,60,NA,NA,NA,R,NA,E,Y,3,0,1,1,C,-,18,NA,NA,N,E,I,A,A,H,-,A,D,0,NA,NA,NA,NA,Y,NA,-,-,0,1,0,0,0,0,0,0,0,-,-,34.03155,-118.18522,LOS ANGELES,UNINCORPORATED,-118.18522,34.03155
90592207,2017,2017-11-13,9535,2017-11-04,2335,020416,NA,6,3,6,1922,0,1,1,NA,2,401,I-10 (SAN BERNARDINO FREEWAY) W/B,TEMPLE CITY BLVD.,189,E,N,A,-,Y,NA,NA,10,NA,NA,NA,NA,NA,W,Y,4,0,1,1,A,-,03,22350,NA,N,E,I,A,A,H,-,D,D,0,NA,NA,NA,NA,Y,NA,A,01,0,0,1,0,0,0,0,0,0,-,-,34.07274,-118.05481,LOS ANGELES,EL MONTE,-118.05481017,34.07275966
9059221,2020,2020-03-17,1969,2020-01-24,2240,10276,PATRO,5,5,5,1969,0,0,0,NA,0,004,FIRESTONE BL,ANNETTA AV,150,W,N,A,-,N,NA,NA,NA,NA,NA,NA,NA,NA,NA,N,4,0,1,3,A,-,03,22350,NA,N,C,C,A,A,H,-,C,A,0,NA,NA,NA,NA,Y,NA,A,07,0,0,1,0,0,0,0,0,0,-,-,NA,NA,LOS ANGELES,SOUTH GATE,-118.1884765625,33.95240783691406