CASE_ID,ACCIDENT_YEAR,PROC_DATE,JURIS,COLLISION_DATE,COLLISION_TIME,OFFICER_ID,REPORTING_DISTRICT,DAY_OF_WEEK,CHP_SHIFT,POPULATION,CNTY_CITY_LOC,SPECIAL_COND,BEAT_TYPE,CHP_BEAT_TYPE,CITY_DIVISION_LAPD,CHP_BEAT_CLASS,BEAT_NUMBER,PRIMARY_RD,SECONDARY_RD,DISTANCE,DIRECTION,INTERSECTION,WEATHER_1,WEATHER_2,STATE_HWY_IND,CALTRANS_COUNTY,CALTRANS_DISTRICT,STATE_ROUTE,ROUTE_SUFFIX,POSTMILE_PREFIX,POSTMILE,LOCATION_TYPE,RAMP_INTERSECTION,SIDE_OF_HWY,TOW_AWAY,COLLISION_SEVERITY,NUMBER_KILLED,NUMBER_INJURED,PARTY_COUNT,PRIMARY_COLL_FACTOR,PCF_CODE_OF_VIOL,PCF_VIOL_CATEGORY,PCF_VIOLATION,PCF_VIOL_SUBSECTION,HIT_AND_RUN,TYPE_OF_COLLISION,MVIW,PED_ACTION,ROAD_SURFACE,ROAD_COND_1,ROAD_COND_2,LIGHTING,CONTROL_DEVICE,CHP_ROAD_TYPE,PEDESTRIAN_ACCIDENT,BICYCLE_ACCIDENT,MOTORCYCLE_ACCIDENT,TRUCK_ACCIDENT,NOT_PRIVATE_PROPERTY,ALCOHOL_INVOLVED,STWD_VEHTYPE_AT_FAULT,CHP_VEHTYPE_AT_FAULT,COUNT_SEVERE_INJ,COUNT_VISIBLE_INJ,COUNT_COMPLAINT_PAIN,COUNT_PED_KILLED,COUNT_PED_INJURED,COUNT_BICYCLIST_KILLED,COUNT_BICYCLIST_INJURED,COUNT_MC_KILLED,COUNT_MC_INJURED,PRIMARY_RAMP,SECONDARY_RAMP,LATITUDE,LONGITUDE,COUNTY,CITY,POINT_X,POINT_Y
90593386,2017,2017-11-13,9575,2017-11-04,0421,021569,NA,6,3,7,1942,0,1,1,NA,2,053,I-5 S/B TO OSBORNE STREET,OSBORNE STREET,1357,N,N,A,-,Y,NA,NA,5,NA,NA,NA,R,NA,S,Y,4,0,1,1,A,-,08,22107,NA,N,E,I,A,A,H,-,C,D,0,NA,NA,NA,NA,Y,NA,A,01,0,0,1,0,0,0,0,0,0,-,-,34.24488,-118.42376,LOS ANGELES,LOS ANGELES,-118.42376,34.24488
90593387,2017,2017-11-13,9590,2017-11-09,1940,021535,NA,4,2,7,1942,0,1,1,NA,2,085,I-5 S/B (GSF),LOS FELIZ BLVD,1000,N,N,A,-,Y,NA,NA,5,NA,NA,NA,NA,NA,S,Y,4,0,1,2,A,-,07,21658,A,N,B,C,A,A,H,-,C,D,0,NA,NA,NA,NA,Y,NA,A,01,0,0,1,0,0,0,0,0,0,-,-,34.1257,-118.27321,LOS ANGELES,LOS ANGELES,-118.27318261,34.1257076
90593395,2017,2017-11-13,9565,2017-11-10,1125,021603,NA,5,1,7,1942,0,1,1,NA,2,083,I-10 E/B (SANTA MONICA FREEWAY),NATIONAL BLVD,220,E,N,A,-,Y,NA,NA,10,NA,NA,NA,NA,NA,E,Y,3,0,1,2,A,-,01,23152,A,N,C,C,A,A,H,-,A,D,0,NA,NA,NA,NA,Y,Y,A,01,0,1,0,0,0,0,0,0,0,-,-,34.03157,-118.39005,LOS ANGELES,LOS ANGELES,-118.38992913,34.03136022
90593405,2017,2017-11-13,9565,2017-10-30,1156,020929,NA,1,1,9,1900,0,2,4,NA,2,021,VERMONT AVENUE S/B (10600 BLOCK),106TH STREET,125,N,N,A,-,N,NA,NA,NA,NA,NA,NA,NA,NA,NA,Y,3,0,2,6,A,-,07,21658,A,N,B,C,A,A,H,-,A,D,0,NA,NA,NA,NA,Y,NA,A,01,0,2,0,0,0,0,0,0,0,-,-,33.94026,-118.29194,LOS ANGELES,UNINCORPORATED,-118.29192,33.940382819999996
90593410,2017,2017-11-13,9535,2017-11-09,0820,014987,NA,4,1,9,1900,0,2,4,NA,2,024,WHITTIER BLVD,DUNCAN AVE,0,NA,Y,A,-,N,NA,NA,NA,NA,NA,NA,NA,NA,NA,Y,4,0,1,2,A,-,09,21802,A,N,D,C,A,A,H,-,A,A,0,NA,NA,NA,NA,Y,NA,A,01,0,0,1,0,0,0,0,0,0,-,-,34.02301,-118.17014,LOS ANGELES,UNINCORPORATED,-118.17003009,34.02310003
90593411,2017,2017-11-13,9565,2017-10-28,1915,021251,NA,6,2,9,1900,0,3,5,NA,2,002,105TH ST.,VERMONT AVE.,300,W,N,A,-,N,NA,NA,NA,NA,NA,NA,NA,NA,NA,N,4,0,1,2,A,-,11,21954,A,N,G,B,E,A,H,-,C,D,0,Y,NA,NA,NA,Y,NA,N,60,0,0,1,0,1,0,0,0,0,-,-,33.94125,-118.29352,LOS ANGELES,UNINCORPORATED,-118.29289718,33.9412223
90593424,2017,2017-11-13,9575,2017-11-02,1105,021849,NA,4,1,6,1912,0,1,1,NA,2,051,I-5 S/B (GOLDEN STATE FREEWAY),ALAMEDA AVE,60,S,N,A,-,Y,NA,NA,5,NA,NA,NA,NA,NA,S,Y,4,0,2,2,A,-,03,22350,NA,N,C,C,A,A,H,-,A,D,0,NA,NA,NA,NA,Y,NA,A,01,0,0,2,0,0,0,0,0,0,-,-,34.17001,-118.30414,LOS ANGELES,BURBANK,-118.30413196,34.1700208
90593428,2017,2017-11-13,9565,2017-11-03,0702,021855,NA,5,1,9,1900,0,1,1,NA,2,012,I-105 W/B (CENTURY FREEWAY),VAN NESS AVE,340,E,N,A,-,Y,NA,NA,NA,NA,NA,NA,NA,NA,NA,N,3,0,2,2,A,-,03,22350,NA,N,C,C,A,A,H,-,A,D,0,NA,NA,NA,NA,Y,NA,A,01,0,2,0,0,0,0,0,0,0,-,-,33.92551,-118.31811,LOS ANGELES,UNINCORPORATED,-118.31668162,33.92561038
90593429,2017,2017-11-13,9565,2017-11-03,1830,021868,NA,5,2,7,1942,0,1,1,NA,2,064,I-405 S/B (SAN DIEGO FWY.),SUNSET BLVD.,1000,N,N,A,-,Y,NA,NA,405,NA,NA,NA,NA,NA,S,Y,4,0,2,3,A,-,08,22107,NA,N,D,C,A,A,H,-,C,D,0,NA,NA,NA,NA,Y,NA,A,07,0,0,2,0,0,0,0,0,0,-,-,34.07521,-118.46861,LOS ANGELES,LOS ANGELES,-118.46861041,34.07520969
90593438,2017,2017-11-13,9550,2017-11-06,1520,016237,NA,1,2,9,1900,0,1,3,NA,2,600,STATE ROUTE 60 W/B (POMONA FREEWAY),SEVENTH AVENUE,1200,E,N,A,-,Y,NA,NA,NA,NA,NA,NA,NA,NA,NA,Y,4,0,1,3,A,-,07,21658,A,F,B,C,A,A,H,-,A,D,0,NA,NA,NA,NA,Y,NA,-,99,0,0,1,0,0,0,0,0,0,-,-,34.0194,-117.98445,LOS ANGELES,UNINCORPORATED,-117.98803,34.01957
90593447,2017,2017-11-14,9565,2017-11-04,1145,017060,NA,6,1,6,1933,0,1,1,NA,2,060,I-405 N/B (SAN DIEGO FREEWAY),FLORENCE AVE.,25,N,N,A,-,Y,NA,NA,405,NA,NA,NA,NA,NA,N,Y,4,0,1,3,A,-,03,22350,NA,N,C,C,A,A,H,-,A,D,0,NA,NA,NA,NA,Y,NA,A,01,0,0,1,0,0,0,0,0,0,-,-,33.9653,-118.37078,LOS ANGELES,INGLEWOOD,-118.37039066,33.965428610000004
90593451,2017,2017-11-14,9550,2017-11-07,0725,015746,NA,2,1,9,1900,0,3,5,NA,2,003,GALE AVENUE,TURNBULL CANYON ROAD,150,W,N,B,-,N,NA,NA,NA,NA,NA,NA,NA,NA,NA,Y,4,0,1,2,A,-,09,21801,A,N,D,C,A,A,H,-,A,D,0,NA,NA,NA,NA,Y,NA,A,01,0,0,1,0,0,0,0,0,0,-,-,34.0151,-117.9764,LOS ANGELES,UNINCORPORATED,-117.97624361,34.01512073
90593452,2017,2017-11-14,9535,2017-11-11,0610,016815,NA,6,1,5,1947,0,1,3,NA,2,600,SR-60 (POMONA FREEWAY) E/B,FINDLAY AVE,900,W,N,A,-,Y,NA,NA,60,NA,NA,NA,NA,NA,E,N,4,0,1,3,A,-,03,22350,NA,N,C,C,A,A,H,-,A,D,0,NA,NA,NA,NA,Y,NA,D,22,0,0,1,0,0,0,0,0,0,-,-,34.0332,-118.1451,LOS ANGELES,MONTEBELLO,-118.14511333,34.03310771
90593453,2017,2017-11-14,9590,2017-11-03,1055,021789,NA,5,1,7,1942,0,1,2,NA,2,071,US-101 S/B (HOLLYWOOD FREEWAY),BEAUDRY AVE,500,N,N,A,-,Y,NA,NA,101,NA,NA,NA,NA,NA,S,Y,4,0,2,6,A,-,03,22350,NA,N,C,C,A,A,H,-,A,D,0,NA,NA,NA,NA,Y,NA,A,01,0,0,2,0,0,0,0,0,0,-,-,34.06511,-118.2519,LOS ANGELES,LOS ANGELES,-118.25185993,34.06516565
90593462,2017,2018-01-10,9550,2017-11-07,0727,019293,NA,2,1,9,1900,0,3,5,NA,2,002,LEFFINGWELL ROAD,VALLEY VIEW AVENUE,150,E,N,A,-,N,NA,NA,NA,NA,NA,NA,NA,NA,NA,Y,3,0,2,2,A,-,07,21658,A,N,C,C,A,A,H,-,A,D,0,NA,NA,Y,NA,Y,NA,A,01,0,1,1,0,0,0,0,0,1,-,-,33.92315,-118.02845,LOS ANGELES,UNINCORPORATED,-118.02874389,33.92287778
90593466,2017,2017-11-14,9535,2017-11-12,1425,020767,NA,7,2,9,1900,0,2,4,NA,2,011,EASTERN AVENUE,I-10 EB ON RAMP,0,NA,Y,A,-,N,NA,NA,NA,NA,NA,NA,NA,NA,NA,N,4,0,1,2,A,-,09,21453,C,N,D,C,A,A,H,-,A,A,0,NA,NA,NA,NA,Y,NA,D,22,0,0,1,0,0,0,0,0,0,-,-,34.06032,-118.1733,LOS ANGELES,UNINCORPORATED,-118.1729028,34.05957242
90593467,2017,2017-11-14,9550,2017-11-07,0640,020131,NA,2,1,7,1941,0,1,1,NA,2,653,I-605 S/B,COYOTE CREEK,1000,N,N,B,-,Y,NA,NA,605,NA,NA,NA,NA,NA,S,N,4,0,2,2,A,-,03,22350,NA,N,C,C,A,A,H,-,A,D,0,NA,NA,NA,NA,Y,NA,A,01,0,0,2,0,0,0,0,0,0,-,-,33.80904,-118.08121,LOS ANGELES,LONG BEACH,-118.08158435,33.80903283
90593484,2017,2017-11-14,9530,2017-11-03,2228,021490,NA,5,3,5,1915,0,1,3,NA,2,310,SR-91 E/B (ARTESIA FREEWAY),WILMINGTON AVE.,130,W,N,A,-,Y,NA,NA,91,NA,NA,NA,NA,NA,E,N,4,0,3,2,D,-,00,NA,NA,N,C,C,A,A,H,-,C,D,0,NA,NA,NA,NA,Y,NA,-,-,0,0,3,0,0,0,0,0,0,-,-,33.87346,-118.24135,LOS ANGELES,COMPTON,-118.24135034,33.87347168
90593504,2017,2017-11-14,9590,2017-11-12,1755,021622,NA,7,2,7,1942,0,1,1,NA,2,050,I-110 N/B (HARBOR FREEWAY),88TH PLACE,500,S,N,A,-,Y,NA,NA,110,NA,NA,NA,NA,NA,N,N,4,0,4,3,A,-,03,22350,NA,N,C,C,A,A,H,-,C,D,0,NA,NA,NA,NA,Y,NA,A,07,0,0,4,0,0,0,0,0,0,-,-,33.95527,-118.28056,LOS ANGELES,LOS ANGELES,-118.28070865,33.95526844
90593519,2017,2017-11-14,9565,2017-11-06,1915,021575,NA,1,2,7,1942,0,1,1,NA,2,061,I-405 SOUTHBOUND (SAN DIEGO FREEWAY),SEPULVEDA BOULEVARD,1000,N,N,B,-,Y,NA,NA,405,NA,NA,NA,NA,NA,S,Y,2,0,1,3,A,-,03,22350,NA,F,C,C,A,A,H,-,C,D,0,NA,NA,Y,NA,Y,NA,C,02,1,0,0,0,0,0,0,0,1,-,-,33.9847,-118.39636,LOS ANGELES,LOS ANGELES,-118.39668077,33.98444651
90593526,2017,2017-11-14,9540,2017-11-05,0735,018513,NA,7,1,7,1942,0,1,1,NA,1,503,I-5 S/B (GOLDEN STATE FREEWAY),SR-14,1000,S,N,B,C,Y,NA,NA,5,NA,NA,NA,NA,NA,S,Y,4,0,1,1,A,-,08,22107,NA,N,E,I,A,B,H,-,A,D,0,NA,NA,NA,NA,Y,NA,A,01,0,0,1,0,0,0,0,0,0,-,-,34.33124,-118.50701,LOS ANGELES,LOS ANGELES,-118.50686995,34.33130346
90593532,2017,2017-11-14,9590,2017-11-04,0200,021542,NA,6,3,7,1942,0,1,1,NA,2,021,I-10 W/B (SBF) TO US-101 N/B (SAF),STATE STREET,900,E,N,A,-,Y,NA,NA,10,NA,NA,NA,R,NA,W,Y,3,0,4,2,A,-,01,23152,A,N,B,C,A,A,H,-,C,D,0,NA,NA,NA,NA,Y,Y,A,01,0,2,2,0,0,0,0,0,0,-,-,34.05406,-118.20862,LOS ANGELES,LOS ANGELES,-118.20862,34.05406
90593543,2017,2017-11-14,9590,2017-11-08,1815,020697,NA,3,2,7,1942,0,1,2,NA,2,073,US-101 SOUTHBOUND (HOLLYWOOD FREEWAY),MULHOLLAND DR,1750,S,N,A,-,Y,NA,NA,101,NA,NA,NA,NA,NA,S,Y,4,0,1,2,A,-,03,22350,NA,N,C,C,A,A,H,-,C,D,0,NA,NA,NA,NA,Y,NA,A,01,0,0,1,0,0,0,0,0,0,-,-,34.11936,-118.33839,LOS ANGELES,LOS ANGELES,-118.33835265,34.11938202
90593547,2017,2017-11-14,9530,2017-11-06,1816,020240,NA,1,2,6,1972,0,1,1,NA,2,400,I-405 N/B (SAN DIEGO FREEWAY),CRENSHAW BLVD.,2640,S,N,A,-,Y,NA,NA,405,NA,NA,NA,NA,NA,N,N,4,0,1,2,A,-,03,22350,NA,N,C,C,A,A,H,-,D,D,0,NA,NA,NA,NA,Y,NA,A,07,0,0,1,0,0,0,0,0,0,-,-,33.86221,-118.31853,LOS ANGELES,TORRANCE,-118.31850374,33.86229793
90593591,2017,2017-11-14,9590,2017-11-09,1940,021291,NA,4,2,7,1942,0,1,1,NA,2,084,I-5 N/B (GOLDEN STATE FREEWAY),COLORADO BLVD,1500,S,N,A,-,Y,NA,NA,5,NA,NA,NA,NA,NA,N,Y,4,0,1,2,A,-,03,22350,NA,N,C,C,A,A,H,-,C,D,0,NA,NA,NA,NA,Y,NA,A,01,0,0,1,0,0,0,0,0,0,-,-,34.13189,-118.27457,LOS ANGELES,LOS ANGELES,-118.27469497,34.13185428
90593594,2017,2017-11-14,9565,2017-11-04,1920,021576,NA,6,2,7,1942,0,1,1,NA,2,060,I-405 S/B (SAN DIEGO FWY.),ROSECRANS AVE.,1250,S,N,B,-,Y,NA,NA,NA,NA,NA,NA,NA,NA,NA,N,4,0,1,3,A,-,03,22350,NA,F,C,C,A,A,H,-,D,D,0,NA,NA,NA,NA,Y,NA,A,01,0,0,1,0,0,0,0,0,0,-,-,33.89826,-118.37033,LOS ANGELES,LOS ANGELES,-118.37054,33.90177
90593653,2017,2017-11-14,9575,2017-11-08,1849,017414,NA,3,2,7,1942,0,1,3,NA,2,041,SR-134 W/B TO SR-2,SR-2 (GLENDALE FREEWAY),650,E,N,A,-,Y,NA,NA,134,NA,NA,NA,R,NA,W,Y,4,0,1,2,A,-,03,22350,NA,N,C,C,A,A,H,-,C,D,0,NA,NA,NA,NA,Y,NA,A,01,0,0,1,0,0,0,0,0,0,-,-,34.14567,-118.22042,LOS ANGELES,LOS ANGELES,-118.22042,34.14567
90593684,2017,2017-11-14,9575,2017-11-05,1835,021340,NA,7,2,7,1942,0,1,3,NA,2,044,SR-134 W/B (VENTURA FREEWAY),CAHUENGA BLVD,900,W,N,A,-,Y,NA,NA,134,NA,NA,NA,NA,NA,W,N,3,0,1,2,A,-,03,22350,NA,N,C,C,A,A,H,-,C,D,0,NA,NA,NA,NA,Y,NA,A,07,0,1,0,0,0,0,0,0,0,-,-,34.15329,-118.36483,LOS ANGELES,LOS ANGELES,-118.36483193,34.15336122
90593717,2017,2017-11-14,9565,2017-11-07,0940,021578,NA,2,1,5,1928,0,1,1,NA,2,012,I-105 W/B (GLENN ANDERSON FWY.),CRENSHAW BLVD.,20,W,N,A,-,Y,NA,NA,105,NA,NA,NA,NA,NA,W,N,4,0,1,2,A,-,03,22350,NA,N,C,C,A,A,H,-,A,D,0,NA,NA,NA,NA,Y,NA,A,01,0,0,1,0,0,0,0,0,0,-,-,33.9253,-118.32644,LOS ANGELES,HAWTHORNE,-118.32644732,33.92541163
90593742,2017,2017-11-14,9590,2017-11-08,1230,016689,NA,3,1,7,1942,0,1,1,NA,2,061,I-10 W/B,WEST BOULEVARD,50,E,N,A,-,Y,NA,NA,10,NA,NA,NA,NA,NA,W,N,3,0,1,2,A,-,03,22350,NA,N,C,C,A,A,H,-,A,D,0,NA,NA,NA,NA,Y,NA,A,07,0,1,0,0,0,0,0,0,0,-,-,34.03488,-118.33952,LOS ANGELES,LOS ANGELES,-118.33952026,34.03488551
90593760,2017,2017-11-14,9530,2017-10-15,1250,020375,NA,7,1,7,1942,0,1,1,NA,2,110,I-110 N/B (HARBOR FREEWAY),104TH ST.,100,S,N,A,-,Y,NA,NA,110,NA,NA,NA,NA,NA,N,Y,3,0,1,3,A,-,06,21755,NA,F,B,C,A,A,H,-,A,D,0,NA,NA,Y,NA,Y,NA,C,02,0,1,0,0,0,0,0,0,1,-,-,33.94201,-118.27957,LOS ANGELES,LOS ANGELES,-118.27977439,33.94200953
9059384,2020,2020-06-24,1942,2020-03-08,0815,42051,1503,7,5,7,1942,0,0,0,O,0,15A3,SHERMAN WY,LAUREL CANYON BL,20,W,N,A,-,N,NA,NA,NA,NA,NA,NA,NA,NA,NA,N,4,0,1,2,A,-,03,22350,NA,F,E,I,A,A,H,-,A,D,0,NA,NA,NA,NA,Y,NA,-,99,0,0,1,0,0,0,0,0,0,-,-,NA,NA,LOS ANGELES,LOS ANGELES,-118.39657592773438,34.2006721496582
90593862,2017,2017-11-14,9530,2017-11-06,1745,014701,NA,1,2,7,1942,0,1,1,NA,2,110,I-110 S/B (HARBOR FREEWAY),190TH ST.,3696,N,N,A,-,Y,NA,NA,110,NA,NA,NA,NA,NA,S,N,4,0,1,3,A,-,03,22350,NA,N,C,C,A,A,H,-,B,D,0,NA,NA,NA,NA,Y,NA,A,01,0,0,1,0,0,0,0,0,0,-,-,33.86121,-118.28569,LOS ANGELES,LOS ANGELES,-118.28517668,33.86128333
9059388,2020,2020-05-19,1942,2020-02-27,1030,40119,2189,4,5,7,1942,0,0,0,NA,0,21S97,VENTURA BL,WINNETKA AV,225,E,N,A,-,N,NA,NA,NA,NA,NA,NA,NA,NA,NA,N,4,0,1,2,A,-,04,21703,NA,N,C,C,A,A,H,-,A,D,0,NA,NA,NA,Y,Y,NA,F,25,0,0,1,0,0,0,0,0,0,-,-,NA,NA,LOS ANGELES,LOS ANGELES,-118.57025909423828,34.17121505737305
9059392,2020,2020-06-10,1942,2020-02-17,1630,36678,2158,1,5,7,1942,0,0,0,NA,0,21A57,CANOGA AV,ERWIN ST,47,N,N,A,-,N,NA,NA,NA,NA,NA,NA,NA,NA,NA,Y,3,0,2,4,A,-,03,22350,NA,N,D,C,A,A,H,-,A,A,0,NA,NA,NA,Y,Y,NA,A,01,0,1,1,0,0,0,0,0,0,-,-,NA,NA,LOS ANGELES,LOS ANGELES,-118.5975341796875,34.182960510253906
90593941,2017,2017-11-14,9530,2017-11-05,0845,021493,NA,7,1,9,1900,0,3,5,NA,2,001,FLORENCE AVE. (BLOCK 1350),PARMELEE AVE.,30,W,N,A,-,N,NA,NA,NA,NA,NA,NA,NA,NA,NA,N,4,0,1,3,A,-,08,22107,NA,F,C,E,A,A,H,-,A,D,0,NA,NA,NA,NA,Y,NA,-,99,0,0,1,0,0,0,0,0,0,-,-,33.97468,-118.25018,LOS ANGELES,UNINCORPORATED,-118.24998875,33.97475
9059396,2020,2020-05-19,1942,2020-02-12,1155,43987,2148,3,5,7,1942,0,0,0,NA,0,21X62,WINNETKA AV,GAULT ST,0,NA,Y,A,-,N,NA,NA,NA,NA,NA,NA,NA,NA,NA,N,4,0,1,2,A,-,08,22107,NA,N,B,C,A,A,H,-,A,D,0,NA,NA,NA,NA,Y,NA,D,22,0,0,1,0,0,0,0,0,0,-,-,NA,NA,LOS ANGELES,LOS ANGELES,-118.57097625732422,34.1992301940918
90593960,2017,2017-11-14,9530,2017-11-06,0705,021842,NA,1,1,7,1942,0,1,1,NA,2,110,I-110 S/B (HARBOR FREEWAY),182ND ST.,215,N,N,A,-,Y,NA,NA,110,NA,NA,NA,NA,NA,S,N,4,0,1,2,A,-,07,21658,A,N,B,C,A,A,H,-,A,D,0,NA,NA,NA,NA,Y,NA,A,07,0,0,1,0,0,0,0,0,0,-,-,33.87145,-118.28516,LOS ANGELES,LOS ANGELES,-118.28507355,33.87145615
90593970,2017,2017-11-14,9590,2017-11-11,0155,021291,NA,6,3,7,1942,0,1,1,NA,2,013,SR-110 S/B (ARROYO SECO PARKWAY),AVENUE 64,1000,S,N,A,-,Y,NA,NA,110,NA,NA,NA,NA,NA,S,Y,3,0,1,2,A,-,01,23152,A,N,C,C,A,A,H,-,C,D,0,NA,NA,NA,NA,Y,Y,A,01,0,1,0,0,0,0,0,0,0,-,-,34.11132,-118.18401,LOS ANGELES,LOS ANGELES,-118.18399739,34.11129822
90593980,2017,2017-11-14,9590,2017-11-10,1850,021317,NA,5,2,7,1942,0,1,1,NA,2,051,I-110 S/B (HARBOR FREEWAY),VERNON AVENUE,130,N,N,A,-,Y,NA,NA,110,NA,NA,NA,NA,NA,S,N,4,0,1,2,A,-,03,22350,NA,N,C,C,A,A,H,-,C,D,0,NA,NA,NA,NA,Y,NA,A,01,0,0,1,0,0,0,0,0,0,-,-,34.00397,-118.28132,LOS ANGELES,LOS ANGELES,-118.28120107,34.00396618
90593985,2017,2017-11-14,9530,2017-11-06,0815,018887,NA,1,1,9,1900,0,3,5,NA,2,006,SEPULVEDA BLVD. (900 BLOCK),VERMONT AVE.,400,W,N,A,-,N,NA,NA,NA,NA,NA,NA,NA,NA,NA,Y,3,0,1,2,A,-,03,22350,NA,N,C,C,A,A,H,-,A,D,0,NA,NA,NA,Y,Y,NA,G,25,0,1,0,0,0,0,0,0,0,-,-,33.81057,-118.29164,LOS ANGELES,UNINCORPORATED,-118.29159166,33.81074009
90593996,2017,2017-11-14,9530,2017-11-06,0600,020307,NA,1,1,5,1943,0,1,1,NA,2,210,I-105 W/B (GLENN ANDERSON FWY),LONG BEACH BLVD.,1320,E,N,A,-,Y,NA,NA,105,NA,NA,NA,NA,NA,W,Y,4,0,1,2,A,-,07,21658,A,N,F,A,A,A,H,-,C,D,0,NA,NA,Y,NA,Y,NA,A,07,0,0,1,0,0,0,0,0,1,-,-,33.91921,-118.19662,LOS ANGELES,LYNWOOD,-118.19661689,33.91921716
90594014,2017,2017-11-14,9590,2017-10-22,0144,021346,NA,7,3,7,1942,0,1,1,NA,2,010,SR-110 N/B (ASP) TO I-5 N/B (GSF),TUNNEL 4,300,N,N,A,-,Y,NA,NA,110,NA,NA,NA,R,NA,N,Y,3,0,2,1,A,-,01,23152,A,N,E,I,A,A,H,-,C,D,0,NA,NA,NA,NA,Y,Y,A,07,0,2,0,0,0,0,0,0,0,-,-,34.07991,-118.22726,LOS ANGELES,LOS ANGELES,-118.22726,34.07991
90594019,2017,2017-11-14,9590,2017-11-04,1817,021346,NA,6,2,7,1942,0,1,2,NA,2,043,US-101 N/B (SANTA ANA FREEWAY),1ST STREET,500,S,N,A,-,Y,NA,NA,101,NA,NA,NA,NA,NA,N,N,4,0,1,2,A,-,07,21658,A,N,C,C,A,A,H,-,C,D,0,NA,NA,NA,NA,Y,NA,A,08,0,0,1,0,0,0,0,0,0,-,-,34.04555,-118.22097,LOS ANGELES,LOS ANGELES,-118.2210564,34.04554464
90594033,2017,2017-11-14,9565,2017-11-06,1800,021251,NA,1,2,9,1900,0,2,4,NA,2,022,NORMANDIE AVE.,105TH ST.,90,N,N,B,-,N,NA,NA,NA,NA,NA,NA,NA,NA,NA,Y,4,0,2,2,A,-,08,22103,NA,N,D,C,A,A,H,-,C,D,0,NA,NA,NA,NA,Y,NA,A,01,0,0,2,0,0,0,0,0,0,-,-,33.94133,-118.30027,LOS ANGELES,UNINCORPORATED,-118.30028595,33.94144679
9059404,2020,2020-06-19,1942,2020-03-09,0349,39217,1998,1,5,7,1942,0,0,0,NA,0,19A93,ROSCOE BL,WAKEFIELD AV,0,NA,Y,A,-,N,NA,NA,NA,NA,NA,NA,NA,NA,NA,N,3,0,2,4,A,-,01,23152,A,N,C,C,A,A,H,-,C,D,0,NA,NA,NA,NA,Y,Y,A,01,0,1,1,0,0,0,0,0,0,-,-,NA,NA,LOS ANGELES,LOS ANGELES,-118.44344329833984,34.22159957885742
90594053,2017,2017-11-14,9530,2017-11-06,0532,018887,NA,1,3,9,1900,0,3,5,NA,2,006,TORRANCE BLVD. (800 BLOCK),VERMONT AVE. (20800 BLOCK),0,NA,Y,B,-,N,NA,NA,NA,NA,NA,NA,NA,NA,NA,Y,3,0,2,2,A,-,09,21801,A,N,D,C,A,A,H,-,C,A,0,NA,NA,NA,NA,Y,NA,D,22,0,2,0,0,0,0,0,0,0,-,-,33.84211,-118.28989,LOS ANGELES,UNINCORPORATED,-118.29004003,33.84203012
90594073,2017,2017-11-14,9590,2017-11-04,1255,021767,NA,6,1,7,1942,0,1,1,NA,2,083,I-5 S/B (GSF) TO SR-110 N/B (ASP),FIGUEROA ST.,450,N,N,A,-,Y,NA,NA,5,NA,NA,NA,R,NA,S,Y,2,0,1,2,A,-,08,22107,NA,N,E,I,A,A,H,-,A,D,0,NA,NA,Y,NA,Y,NA,C,02,1,0,0,0,0,0,0,0,1,-,-,34.08239,-118.22601,LOS ANGELES,LOS ANGELES,-118.22601,34.08239
90594096,2017,2017-11-14,9565,2017-11-06,1220,021663,NA,1,1,7,1942,0,1,1,NA,2,082,I-10 E/B (SANTA MONICA FREEWAY),GATEWAY BLVD.,500,E,N,A,-,Y,NA,NA,10,NA,NA,NA,NA,NA,E,Y,4,0,1,2,A,-,03,22350,NA,N,C,C,A,A,H,-,A,D,0,NA,NA,NA,NA,Y,NA,A,01,0,0,1,0,0,0,0,0,0,-,-,34.0299,-118.44203,LOS ANGELES,LOS ANGELES,-118.44203895,34.0299421
9059412,2020,2020-06-24,1942,2020-03-09,0615,39122,1954,1,5,7,1942,0,0,0,NA,0,19A79,DEVONSHIRE ST,BURNET AV,200,E,N,B,-,N,NA,NA,NA,NA,NA,NA,NA,NA,NA,Y,4,0,2,6,A,-,01,23152,F,N,C,C,A,A,H,-,C,A,0,NA,NA,NA,NA,Y,NA,-,NA,0,0,2,0,0,0,0,0,0,-,-,NA,NA,LOS ANGELES,LOS ANGELES,-118.46234893798828,34.25726318359375
90594137,2017,2017-11-14,9590,2017-11-14,0745,017878,NA,2,1,7,1942,0,1,1,NA,2,083,I-5 S/B (GSF),ELMGROVE STREET,300,N,N,A,-,Y,NA,NA,5,NA,NA,NA,NA,NA,S,Y,4,0,1,3,A,-,03,22350,NA,N,C,C,A,A,H,-,A,D,0,NA,NA,NA,NA,Y,NA,A,01,0,0,1,0,0,0,0,0,0,-,-,34.08636,-118.23292,LOS ANGELES,LOS ANGELES,-118.23297211,34.08627383
90594152,2017,2017-11-14,9530,2017-11-05,1424,021902,NA,7,2,9,1900,0,3,5,NA,2,002,CENTRAL AVE.,EL SEGUNDO BLVD.,0,NA,Y,A,-,N,NA,NA,NA,NA,NA,NA,NA,NA,NA,Y,3,0,3,2,D,-,00,NA,NA,N,D,C,A,A,H,-,A,A,0,NA,NA,NA,NA,Y,NA,-,-,0,3,0,0,0,0,0,0,0,-,-,33.91639,-118.25442,LOS ANGELES,UNINCORPORATED,-118.25449011,33.91636011