CASE_ID,ACCIDENT_YEAR,PROC_DATE,JURIS,COLLISION_DATE,COLLISION_TIME,OFFICER_ID,REPORTING_DISTRICT,DAY_OF_WEEK,CHP_SHIFT,POPULATION,CNTY_CITY_LOC,SPECIAL_COND,BEAT_TYPE,CHP_BEAT_TYPE,CITY_DIVISION_LAPD,CHP_BEAT_CLASS,BEAT_NUMBER,PRIMARY_RD,SECONDARY_RD,DISTANCE,DIRECTION,INTERSECTION,WEATHER_1,WEATHER_2,STATE_HWY_IND,CALTRANS_COUNTY,CALTRANS_DISTRICT,STATE_ROUTE,ROUTE_SUFFIX,POSTMILE_PREFIX,POSTMILE,LOCATION_TYPE,RAMP_INTERSECTION,SIDE_OF_HWY,TOW_AWAY,COLLISION_SEVERITY,NUMBER_KILLED,NUMBER_INJURED,PARTY_COUNT,PRIMARY_COLL_FACTOR,PCF_CODE_OF_VIOL,PCF_VIOL_CATEGORY,PCF_VIOLATION,PCF_VIOL_SUBSECTION,HIT_AND_RUN,TYPE_OF_COLLISION,MVIW,PED_ACTION,ROAD_SURFACE,ROAD_COND_1,ROAD_COND_2,LIGHTING,CONTROL_DEVICE,CHP_ROAD_TYPE,PEDESTRIAN_ACCIDENT,BICYCLE_ACCIDENT,MOTORCYCLE_ACCIDENT,TRUCK_ACCIDENT,NOT_PRIVATE_PROPERTY,ALCOHOL_INVOLVED,STWD_VEHTYPE_AT_FAULT,CHP_VEHTYPE_AT_FAULT,COUNT_SEVERE_INJ,COUNT_VISIBLE_INJ,COUNT_COMPLAINT_PAIN,COUNT_PED_KILLED,COUNT_PED_INJURED,COUNT_BICYCLIST_KILLED,COUNT_BICYCLIST_INJURED,COUNT_MC_KILLED,COUNT_MC_INJURED,PRIMARY_RAMP,SECONDARY_RAMP,LATITUDE,LONGITUDE,COUNTY,CITY,POINT_X,POINT_Y
90595092,2017,2017-11-15,9550,2017-11-06,1000,021405,NA,1,1,3,1964,0,1,1,NA,2,500,INTERSTATE 5 (SANTA ANA FREEWAY),INTERSTATE 605,870,N,N,A,-,Y,NA,NA,5,NA,NA,NA,NA,NA,NA,Y,4,0,1,2,A,-,03,22350,NA,N,C,C,A,A,H,-,A,D,0,NA,NA,NA,NA,Y,NA,A,07,0,0,1,0,0,0,0,0,0,-,-,33.94349,-118.09821,LOS ANGELES,SANTA FE SPRINGS,-118.0982376,33.94347165
90595095,2017,2017-11-15,9565,2017-11-08,1100,021868,NA,3,1,9,1900,0,2,4,NA,2,024,IMPERIAL HWY.,VAN NESS AVE.,30,E,N,A,-,N,NA,NA,NA,NA,NA,NA,NA,NA,NA,Y,3,0,3,2,A,-,03,22350,NA,N,C,C,A,A,H,-,A,D,0,NA,NA,NA,NA,Y,NA,A,01,0,1,2,0,0,0,0,0,0,-,-,33.93106,-118.31745,LOS ANGELES,UNINCORPORATED,-118.31768129,33.93102
90595098,2017,2017-11-15,9525,2017-11-09,1620,020058,NA,4,2,3,1921,0,1,1,NA,2,652,I-605 N/B (SAN GABRIEL RIVER FWY),HUNTINGTON DR.,300,S,N,A,-,Y,NA,NA,605,NA,NA,NA,NA,NA,N,Y,3,0,2,3,A,-,03,22350,NA,N,C,C,A,A,H,-,B,D,0,NA,NA,NA,NA,Y,NA,A,01,0,1,1,0,0,0,0,0,0,-,-,34.13684,-117.95621,LOS ANGELES,DUARTE,-117.95622124,34.13684314
90595112,2017,2017-11-15,9565,2017-09-28,1320,21303,NA,4,1,7,1942,1,4,S,NA,2,901,COWAN AVE,77TH ST,100,N,N,A,-,N,NA,NA,NA,NA,NA,NA,NA,NA,NA,N,4,0,1,1,C,-,18,NA,NA,N,G,J,A,A,H,-,A,A,0,NA,NA,NA,NA,Y,NA,-,-,0,0,1,0,0,0,0,0,0,-,-,33.97278,-118.40488,LOS ANGELES,LOS ANGELES,-118.404834,33.97277467
90595120,2017,2017-11-15,9590,2017-10-23,2135,020697,NA,1,2,7,1942,0,1,1,NA,2,051,I-110 S/B (HAF) TO MANCHESTER AVE,MANCHESTER AVE,250,N,N,A,-,Y,NA,NA,110,NA,NA,NA,R,NA,S,Y,4,0,3,2,A,-,03,22350,NA,M,C,C,A,A,H,-,C,D,0,NA,NA,NA,NA,Y,NA,A,07,0,0,3,0,0,0,0,0,0,-,-,33.96088,-118.28211,LOS ANGELES,LOS ANGELES,-118.28211,33.96088
90595127,2017,2018-02-26,9565,2017-11-04,0100,021775,NA,6,3,9,1900,0,3,5,NA,2,003,OVERHILL DR.,LA BREA AVE.,500,S,N,A,-,N,NA,NA,NA,NA,NA,NA,NA,NA,NA,Y,2,0,2,2,A,-,08,22107,NA,N,A,C,A,B,H,-,D,D,0,NA,NA,NA,NA,Y,NA,A,07,2,0,0,0,0,0,0,0,0,-,-,33.33582,-118.35716,LOS ANGELES,UNINCORPORATED,-118.3572522,33.99594415
9059513,2020,2020-05-15,1962,2020-02-08,1814,155,1962,6,5,4,1962,0,0,0,NA,0,003,DEL MAR AV,MISSION RD,0,NA,Y,A,-,N,NA,NA,NA,NA,NA,NA,NA,NA,NA,NA,4,0,1,2,A,-,09,21801,A,N,A,C,A,A,H,-,C,A,0,NA,NA,NA,NA,Y,NA,A,01,0,0,1,0,0,0,0,0,0,-,-,34.09410858154297,-118.09960174560548,LOS ANGELES,SAN GABRIEL,-118.09957885742188,34.09410858154297
90595152,2017,2017-11-15,9565,2017-11-05,0755,020800,NA,7,1,7,1942,0,1,1,NA,2,063,I-405 S/B (SAN DIEGO FWY),OLYMPIC BLVD,0,NA,Y,A,-,Y,NA,NA,405,NA,NA,NA,NA,NA,S,Y,3,0,6,2,A,-,08,22107,NA,N,E,C,A,A,H,-,A,D,0,NA,NA,NA,NA,Y,NA,A,07,0,6,0,0,0,0,0,0,0,-,-,34.03903,-118.43984,LOS ANGELES,LOS ANGELES,-118.43994992,34.03896103
90595168,2017,2017-11-15,9525,2017-11-03,1400,021080,NA,5,2,5,1926,0,1,1,NA,2,206,I-210 E/B (FOOTHILL FWY),GRAND AVE,1738,E,N,A,-,Y,NA,NA,210,NA,NA,NA,NA,NA,E,Y,3,0,1,3,A,-,03,22350,NA,N,C,C,A,A,H,-,A,D,0,NA,NA,NA,NA,Y,NA,A,01,0,1,0,0,0,0,0,0,0,-,-,34.1191,-117.86705,LOS ANGELES,GLENDORA,-117.86698434,34.11921786
90595169,2017,2017-11-15,9565,2017-11-04,1445,017060,NA,6,2,6,1933,0,1,1,NA,2,060,I-405 N/B (SAN DIEGO FREEWAY),LA CIENEGA BLVD.,200,S,N,A,-,Y,NA,NA,405,NA,NA,NA,NA,NA,N,N,4,0,1,2,A,-,03,22350,NA,F,C,C,A,A,H,-,A,D,0,NA,NA,NA,NA,Y,NA,A,01,0,0,1,0,0,0,0,0,0,-,-,33.965090000000004,-118.37034,LOS ANGELES,INGLEWOOD,-118.37028483,33.96510823
90595183,2017,2017-11-15,9550,2017-11-04,2100,021198,NA,6,2,5,1919,0,1,3,NA,2,092,STATE ROUTE 91 (ARTESIA FREEWAY),CARMENITA ROAD,1025,E,N,A,-,Y,NA,NA,91,NA,NA,NA,NA,NA,NA,N,4,0,2,2,A,-,03,22350,NA,F,C,C,A,A,H,-,D,D,0,NA,NA,NA,NA,Y,NA,-,99,0,0,2,0,0,0,0,0,0,-,-,33.86266,-118.04322,LOS ANGELES,CERRITOS,-118.04323634000001,33.86261805
90595194,2017,2018-03-07,9590,2017-11-02,0500,016127,NA,4,3,7,1942,0,1,1,NA,2,041,I-5 S/B (SANTA ANA FREEWAY),INDIANA STREET,350,N,N,B,-,Y,NA,NA,5,NA,NA,NA,NA,NA,S,Y,2,0,2,4,A,-,03,22350,NA,N,C,C,E,A,H,-,C,D,0,Y,NA,NA,NA,Y,NA,D,22,1,0,1,0,1,0,0,0,0,-,-,34.02008,-118.19123,LOS ANGELES,LOS ANGELES,-118.19123112,34.02006278
90595212,2017,2017-11-15,9565,2017-10-25,0358,021576,NA,3,3,5,1965,0,1,1,NA,2,081,I-10 W/B (SANTA MONICA FWY.),11TH ST.,550,W,N,A,-,Y,NA,NA,10,NA,NA,NA,NA,NA,W,N,2,0,1,2,A,-,00,21960,A,F,G,B,E,A,H,-,D,D,0,Y,NA,NA,NA,Y,NA,N,60,1,0,0,0,1,0,0,0,0,-,-,34.01581,-118.48447,LOS ANGELES,SANTA MONICA,-118.48446612,34.01580375
90595220,2017,2017-11-15,9550,2017-11-06,1600,020551,NA,1,2,3,1964,0,1,1,NA,2,650,I-605 NORTHBOUND,TELEGRAPH RD.,1000,S,N,A,-,Y,NA,NA,605,NA,NA,NA,NA,NA,N,Y,3,0,1,4,A,-,03,22350,NA,N,C,C,A,A,H,-,A,D,0,NA,NA,NA,NA,Y,NA,D,22,0,1,0,0,0,0,0,0,0,-,-,33.94532,-118.09443,LOS ANGELES,SANTA FE SPRINGS,-118.09436924,33.9452867
90595225,2017,2017-11-15,9525,2017-11-10,1835,020042,NA,5,2,4,1905,0,1,1,NA,2,205,I-210 W/B (FOOTHILL FWY),SUNFLOWER AVE,528,E,N,A,-,Y,NA,NA,NA,NA,NA,NA,NA,NA,NA,Y,4,0,2,3,A,-,03,22350,NA,N,C,C,A,A,H,-,C,D,0,NA,NA,NA,NA,Y,NA,A,01,0,0,2,0,0,0,0,0,0,-,-,34.11944,-117.83965,LOS ANGELES,AZUSA,-117.84462131,34.11773544
90595230,2017,2018-01-16,9590,2017-10-15,0027,021346,NA,7,3,7,1942,0,1,1,NA,2,080,I-5 N/B (GOLDEN STATE FREEWAY),WHITTIER BOULEVARD,500,S,N,A,-,Y,NA,NA,5,NA,NA,NA,NA,NA,N,N,3,0,1,2,A,-,03,22350,NA,F,C,C,A,A,H,-,C,D,0,NA,NA,NA,NA,Y,NA,A,01,0,1,0,0,0,0,0,0,0,-,-,34.03481,-118.22003,LOS ANGELES,LOS ANGELES,-118.22032297,34.03491901
90595232,2017,2017-11-15,9530,2017-11-02,1425,021689,NA,4,2,9,1900,0,3,5,NA,2,001,FLORENCE AVE. (2100 BLOCK),ALAMEDA ST.,10,E,N,B,-,N,NA,NA,NA,NA,NA,NA,NA,NA,NA,N,2,0,1,2,A,-,11,21950,B,N,G,B,D,A,H,-,A,A,0,Y,NA,NA,NA,Y,NA,N,60,1,0,0,0,1,0,0,0,0,-,-,33.9747,-118.23472,LOS ANGELES,UNINCORPORATED,-118.23467708,33.97473
9059524,2020,2020-03-19,1947,2020-02-25,0815,1434,NA,2,5,5,1947,0,0,0,NA,0,00A,N 21ST ST,W BEVERLY BL W,0,NA,Y,A,-,N,NA,NA,NA,NA,NA,NA,NA,NA,NA,N,4,0,1,2,A,-,09,21801,A,N,D,C,A,A,H,-,-,D,0,NA,NA,NA,NA,Y,NA,-,-,0,0,1,0,0,0,0,0,0,-,-,34.020450592041016,-118.12139129638672,LOS ANGELES,MONTEBELLO,-118.12140655517578,34.020408630371094
90595241,2017,2017-11-15,9530,2017-10-30,1545,021902,NA,1,2,9,1900,0,3,5,NA,2,001,FLORENCE AVE (2600 BLOCK),RITA AVE,50,E,N,A,-,N,NA,NA,NA,NA,NA,NA,NA,NA,NA,Y,4,0,3,3,A,-,08,22107,NA,F,C,E,A,A,H,-,A,D,0,NA,NA,NA,NA,Y,NA,A,07,0,0,3,0,0,0,0,0,0,-,-,33.97395,-118.22358,LOS ANGELES,UNINCORPORATED,-118.22370639,33.97406513
90595260,2017,2017-11-15,9525,2017-11-11,0745,018364,NA,6,1,6,1955,0,1,1,NA,2,107,I-10 W/B (SAN BERNARDINO FWY),FAIRPLEX DRIVE O/C,4752,W,N,A,-,Y,NA,NA,10,NA,NA,NA,NA,NA,W,Y,4,0,1,2,A,-,03,22350,NA,N,C,C,A,A,H,-,A,D,0,NA,NA,NA,NA,Y,NA,A,01,0,0,1,0,0,0,0,0,0,-,-,34.06873,-117.79948,LOS ANGELES,POMONA,-117.79940885,34.06857292
90595263,2017,2017-11-15,9535,2017-11-02,0730,016277,NA,4,1,9,1900,0,2,4,NA,2,022,OLYMPIC BOULEVARD,ARIZONA AVENUE,0,NA,Y,B,-,N,NA,NA,NA,NA,NA,NA,NA,NA,NA,Y,4,0,1,2,B,-,22,NA,NA,N,D,C,A,A,H,-,A,A,0,NA,NA,NA,NA,Y,NA,-,98,0,0,1,0,0,0,0,0,0,-,-,34.01832,-118.16829,LOS ANGELES,UNINCORPORATED,-118.16832013,34.01836004
90595265,2017,2017-11-15,9565,2017-11-06,0850,017574,NA,1,1,6,1933,0,1,1,NA,2,012,INTERSTATE 105 WESTBOUND,WESTERN AVE,100,E,N,A,-,Y,NA,NA,NA,NA,NA,NA,NA,NA,NA,N,4,0,1,3,A,-,08,22107,NA,N,C,C,A,A,H,-,A,D,0,NA,NA,NA,NA,Y,NA,A,07,0,0,1,0,0,0,0,0,0,-,-,33.925,-118.308,LOS ANGELES,INGLEWOOD,-118.30872619,33.92583857
90595266,2017,2017-11-15,9530,2017-11-01,0220,020608,NA,3,3,9,1900,0,1,1,NA,2,120,I-110 S/B (HARBOR FREEWAY),CARSON ST.,433,S,N,A,-,Y,NA,NA,110,NA,NA,NA,NA,NA,S,Y,4,0,1,2,A,-,01,23152,A,N,C,C,A,A,H,-,C,D,0,NA,NA,NA,NA,Y,Y,A,01,0,0,1,0,0,0,0,0,0,-,-,33.8303,-118.28745,LOS ANGELES,UNINCORPORATED,-118.28748875,33.83029985
90595269,2017,2017-11-15,9530,2017-11-07,1140,014661,NA,2,1,9,1900,0,3,5,NA,2,004,DEL AMO BLVD. (2700 BLOCK),SANTA FE AVE.,540,W,N,A,-,N,NA,NA,NA,NA,NA,NA,NA,NA,NA,N,4,0,2,2,A,-,21,22106,NA,N,C,C,A,A,H,-,A,D,0,NA,NA,NA,NA,Y,NA,A,01,0,0,2,0,0,0,0,0,0,-,-,33.84659,-118.21364,LOS ANGELES,UNINCORPORATED,-118.21349471,33.84658506
90595270,2017,2017-11-15,9565,2017-11-07,1045,021892,NA,2,1,9,1900,0,2,4,NA,2,022,120TH STREET,NORMANDIE AVENUE,0,NA,Y,A,-,N,NA,NA,NA,NA,NA,NA,NA,NA,NA,Y,4,0,1,2,A,-,12,21453,A,N,D,C,A,A,H,-,A,A,0,NA,NA,NA,NA,Y,NA,A,01,0,0,1,0,0,0,0,0,0,-,-,33.92399,-118.30033,LOS ANGELES,UNINCORPORATED,-118.30036002,33.92396011
90595279,2017,2017-11-15,9565,2017-11-07,1945,021512,NA,2,2,7,1942,0,1,1,NA,2,063,I-405 S/B TO I-10 E/B,EXPOSITION BLVD,200,S,N,A,-,Y,NA,NA,405,NA,NA,NA,R,NA,S,Y,4,0,1,1,C,-,18,NA,NA,N,E,I,A,A,H,-,C,D,0,NA,NA,NA,NA,Y,NA,-,-,0,0,1,0,0,0,0,0,0,-,-,34.03379,-118.43707,LOS ANGELES,LOS ANGELES,-118.43707,34.03379
9059528,2020,2020-03-20,1947,2020-02-13,1353,1302,NA,4,5,5,1947,0,0,0,NA,0,00C,E BEVERLY BL,POPLAR AV,130,E,N,A,-,N,NA,NA,NA,NA,NA,NA,NA,NA,NA,N,3,0,1,2,A,-,00,21955,I,M,G,B,D,A,H,-,A,D,0,Y,NA,NA,NA,Y,NA,N,60,0,1,0,0,1,0,0,0,0,-,-,34.01543045043945,-119.09752655029295,LOS ANGELES,MONTEBELLO,-118.0971450805664,34.01531982421875
9059529,2020,2020-05-09,1962,2020-03-01,1007,084,1962,7,5,4,1962,0,0,0,NA,0,003,DEL MAR AV,VALLEY BL,36,N,N,B,-,N,NA,NA,NA,NA,NA,NA,NA,NA,NA,NA,4,0,1,2,A,-,08,22107,NA,N,B,C,A,A,H,-,A,A,0,NA,NA,NA,NA,Y,NA,A,01,0,0,1,0,0,0,0,0,0,-,-,34.07973861694336,-118.099609375,LOS ANGELES,SAN GABRIEL,-118.0995635986328,34.07984924316406
90595290,2017,2017-11-16,9590,2017-11-08,0835,021906,NA,3,1,7,1942,0,1,1,NA,2,085,I-5 S/B (GSF),LOS FELIZ DR,1848,N,N,A,-,Y,NA,NA,5,NA,NA,NA,NA,NA,S,N,3,0,1,2,A,-,03,22350,NA,N,C,C,A,A,H,-,A,D,0,NA,NA,NA,NA,Y,NA,A,01,0,1,0,0,0,0,0,0,0,-,-,34.12948,-118.27441,LOS ANGELES,LOS ANGELES,-118.27426118,34.12952254
90595296,2017,2017-11-16,9565,2017-11-09,2215,021512,NA,4,3,7,1942,0,1,1,NA,2,062,I-405 S/B (SAN DIEGO FWY),PALMS BLVD,200,S,N,A,-,Y,NA,NA,405,NA,NA,NA,NA,NA,S,N,4,0,1,2,A,-,08,22107,NA,N,C,C,A,A,H,-,A,D,0,NA,NA,Y,NA,Y,NA,A,01,0,0,1,0,0,0,0,0,1,-,-,34.01833,-118.42355,LOS ANGELES,LOS ANGELES,-118.42348963,34.01837774
90595302,2017,2017-11-16,9550,2017-11-06,1745,020553,NA,1,2,9,1900,0,3,5,NA,2,002,GUNN AVENUE,MULBERRY DRIVE,0,NA,Y,A,-,N,NA,NA,NA,NA,NA,NA,NA,NA,NA,Y,4,0,1,2,A,-,09,21801,A,N,D,C,A,A,H,-,C,A,0,NA,NA,NA,NA,Y,NA,A,01,0,0,1,0,0,0,0,0,0,-,-,33.94565,-118.03131,LOS ANGELES,UNINCORPORATED,-118.03135008,33.9456701
90595306,2017,2017-11-16,9580,2017-11-02,1953,019952,NA,4,2,7,1942,0,1,2,NA,2,103,US-101 S/B (VENTURA FREEWAY),VAN NUYS BLVD,1320,N,N,B,-,Y,NA,NA,101,NA,NA,NA,NA,NA,S,Y,4,0,1,2,A,-,08,22107,NA,N,C,C,A,A,H,-,D,D,0,NA,NA,NA,NA,Y,NA,A,08,0,0,1,0,0,0,0,0,0,-,-,34.1578,-118.4541,LOS ANGELES,LOS ANGELES,-118.45411293,34.15765297
90595317,2017,2017-11-16,9565,2017-11-10,1931,021371,NA,5,2,9,1900,0,1,1,NA,2,012,I-105 W/B (CENTURY FWY),VAN NESS AVE,100,W,N,A,-,Y,NA,NA,NA,NA,NA,NA,NA,NA,NA,N,4,0,1,2,A,-,03,22350,NA,N,C,C,A,A,H,-,C,D,0,NA,NA,NA,Y,Y,NA,F,26,0,0,1,0,0,0,0,0,0,-,-,33.92574,-118.31824,LOS ANGELES,UNINCORPORATED,-118.31812862,33.92564136
9059532,2020,2020-03-19,1947,2020-02-12,0719,1402,NA,3,5,5,1947,0,0,0,NA,0,00E,S GREENWOOD AV,BEACH ST,424,S,N,A,-,N,NA,NA,NA,NA,NA,NA,NA,NA,NA,Y,4,0,2,2,A,-,09,21804,A,N,A,C,A,A,H,-,A,D,0,NA,NA,NA,NA,Y,NA,-,-,0,0,2,0,0,0,0,0,0,-,-,33.99802017211914,-118.11753082275392,LOS ANGELES,MONTEBELLO,-118.11751556396484,33.99821853637695
90595330,2017,2017-11-16,9530,2017-11-09,2238,013978,NA,4,3,5,1977,0,1,1,NA,2,410,I-405 S/B (SAN DIEGO FWY),WILMINGTON AVE,1100,S,N,A,-,Y,NA,NA,405,NA,NA,NA,NA,NA,S,Y,4,0,1,2,A,-,07,21658,A,M,B,C,A,A,H,-,C,D,0,NA,NA,NA,NA,Y,NA,-,99,0,0,1,0,0,0,0,0,0,-,-,33.82574,-118.2379,LOS ANGELES,CARSON,-118.2378999,33.8257681
90595336,2017,2017-11-16,9575,2017-11-08,0950,021878,NA,3,1,6,1925,0,1,3,NA,2,042,SR-2 E/B TO SR-134 W/B,HARVEY DRIVE UNDERCROSSING,30,W,N,A,-,Y,NA,NA,NA,NA,NA,NA,NA,NA,NA,N,4,0,1,2,A,-,21,22106,NA,N,C,C,A,A,H,-,A,D,0,NA,NA,NA,Y,Y,NA,F,26,0,0,1,0,0,0,0,0,0,-,-,34.14802,-118.22879,LOS ANGELES,GLENDALE,NA,NA
90595355,2017,2017-11-16,9590,2017-11-06,1730,021132,NA,1,2,7,1942,0,1,2,NA,2,073,US-101 S/B (HOF),HOLLYWOOD BLVD.,500,S,N,B,-,Y,NA,NA,101,NA,NA,NA,NA,NA,S,Y,4,0,1,3,A,-,03,22350,NA,N,C,C,A,A,H,-,B,D,0,NA,NA,NA,NA,Y,NA,D,22,0,0,1,0,0,0,0,0,0,-,-,34.10093,-118.31632,LOS ANGELES,LOS ANGELES,-118.31628623,34.1009497
9059536,2020,2020-03-19,1947,2020-02-12,0705,HECTOR,NA,3,5,5,1947,0,0,0,NA,0,00B,N 18TH ST,W BEVERLY BL W,0,NA,Y,A,-,N,NA,NA,NA,NA,NA,NA,NA,NA,NA,Y,4,0,1,2,A,-,00,21453,I,N,D,C,A,A,H,-,A,A,0,NA,NA,NA,NA,Y,NA,-,-,0,0,1,0,0,0,0,0,0,-,-,34.01976013183594,-118.1181182861328,LOS ANGELES,MONTEBELLO,-118.11817169189452,34.019691467285156
90595361,2017,2017-11-16,9525,2017-11-09,2240,015988,NA,4,3,6,1955,0,1,1,NA,2,110,I-10 E/B (SAN BERNARDINO FWY),DUDLEY ST.,1584,E,N,A,-,Y,NA,NA,10,NA,NA,NA,NA,NA,E,Y,3,0,1,2,A,-,01,23152,A,N,C,C,A,A,H,-,D,D,0,NA,NA,NA,NA,Y,Y,A,01,0,1,0,0,0,0,0,0,0,-,-,34.07144,-117.76788,LOS ANGELES,POMONA,-117.76787547,34.07146827
90595362,2017,2017-11-16,9565,2017-10-26,0710,021892,NA,4,1,9,1900,0,3,5,NA,2,004,LA CIENEGA BOULEVARD NORTHBOUND,104TH ST,254,N,N,A,-,N,NA,NA,NA,NA,NA,NA,NA,NA,NA,Y,4,0,1,5,A,-,03,22350,NA,F,C,C,A,A,H,-,A,D,0,NA,NA,NA,Y,Y,NA,A,01,0,0,1,0,0,0,0,0,0,-,-,34.94243,-118.36987,LOS ANGELES,UNINCORPORATED,-118.37012024,33.94247646
90595367,2017,2017-11-16,9575,2017-11-06,1905,020526,NA,1,2,6,1912,0,1,3,NA,2,044,SR-134 W/B (VENTURA FREEWAY),RIVERSIDE DRIVE,2000,E,N,B,-,Y,NA,NA,134,NA,NA,NA,NA,NA,W,Y,4,0,5,2,A,-,03,22350,NA,N,C,C,A,A,H,-,C,D,0,NA,NA,NA,NA,Y,NA,A,07,0,0,5,0,0,0,0,0,0,-,-,34.15515,-118.3188,LOS ANGELES,BURBANK,-118.31880043,34.15515997
90595370,2017,2017-11-16,9575,2017-11-06,0950,020945,NA,1,1,7,1942,0,1,1,NA,2,052,I-5 S/B (GOLDEN STATE FREEWAY),HOLLYWOOD WAY,700,N,N,A,-,Y,NA,NA,5,NA,NA,NA,NA,NA,S,N,4,0,1,2,A,-,03,22350,NA,N,C,C,A,A,H,-,A,D,0,NA,NA,NA,NA,Y,NA,D,22,0,0,1,0,0,0,0,0,0,-,-,34.21511,-118.35234,LOS ANGELES,LOS ANGELES,-118.35227295,34.21519062
90595378,2017,2017-11-16,9575,2017-11-06,0705,020945,NA,1,1,7,1942,0,1,1,NA,2,052,I-5 S/B (GOLDEN STATE FREEWAY),SUNLAND BLVD.,600,S,N,A,-,Y,NA,NA,5,NA,NA,NA,NA,NA,S,Y,4,0,1,3,A,-,03,22350,NA,N,C,C,A,A,H,-,A,D,0,NA,NA,NA,NA,Y,NA,A,07,0,0,1,0,0,0,0,0,0,-,-,34.22174,-118.36297,LOS ANGELES,LOS ANGELES,-118.36297112,34.22172021
90595382,2017,2017-11-16,9575,2017-11-06,0800,021878,NA,1,1,7,1942,0,1,1,NA,2,050,I-5 S/B (GOLDEN STATE FREEWAY),COLORADO STREET EXTENSION OVERCROSSING,310,N,N,A,-,Y,NA,NA,5,NA,NA,NA,NA,NA,S,Y,3,0,1,2,A,-,07,21658,A,N,B,C,A,A,H,-,A,D,0,NA,NA,Y,NA,Y,NA,A,07,0,1,0,0,0,0,0,0,1,-,-,34.14137,-118.27795,LOS ANGELES,LOS ANGELES,-118.27794182,34.1413723
90595387,2017,2017-11-16,9540,2017-11-13,1725,019772,NA,1,2,6,1985,0,1,3,NA,1,145,SR-14 S/B (ANTELOPE VALLEY FREEWAY),PLACERITA CANYON RD,271,S,N,A,-,Y,NA,NA,14,NA,NA,NA,NA,NA,S,Y,3,0,1,1,A,-,03,22350,NA,N,E,I,A,A,H,-,D,D,0,NA,NA,NA,NA,Y,NA,A,01,0,1,0,0,0,0,0,0,0,-,-,34.3772,-118.49448,LOS ANGELES,SANTA CLARITA,-118.49442188,34.37713418
90595394,2017,2017-11-16,9535,2017-11-11,0652,019540,NA,6,1,3,1914,0,1,1,NA,2,500,I-5 N/B (SANTA ANA FREEWAY),ATLANTIC BLVD,1800,S,N,A,-,Y,NA,NA,5,NA,NA,NA,NA,NA,N,Y,4,0,1,2,A,-,08,22107,NA,N,B,C,A,A,H,-,A,D,0,NA,NA,NA,Y,Y,NA,A,01,0,0,1,0,0,0,0,0,0,-,-,34.01376,-118.16638,LOS ANGELES,COMMERCE,-118.16636832,34.01378599
90595396,2017,2017-11-16,9575,2017-11-07,1800,021047,NA,2,2,7,1942,0,1,1,NA,2,061,I-210 W/B (FOOTHILL FREEWAY),SUNLAND BLVD.,200,W,N,A,-,Y,NA,NA,NA,NA,NA,NA,NA,NA,NA,Y,4,0,1,4,A,-,03,22350,NA,N,C,C,A,A,H,-,C,D,0,NA,NA,NA,NA,Y,NA,A,01,0,0,1,0,0,0,0,0,0,-,-,34.26299,-118.33103,LOS ANGELES,LOS ANGELES,-118.33012122,34.26017915
90595398,2017,2017-11-16,9525,2017-11-11,1105,018364,NA,6,1,5,1990,0,1,3,NA,2,571,SR-57 S/B (ORANGE FWY),SUNSET CROSSING ROAD U/C,140,S,N,A,-,Y,NA,NA,57,NA,NA,NA,NA,NA,S,Y,4,0,1,2,A,-,03,22350,NA,N,C,C,A,A,H,-,A,D,0,NA,NA,NA,NA,Y,NA,A,01,0,0,1,0,0,0,0,0,0,-,-,34.02844,-117.81172,LOS ANGELES,DIAMOND BAR,-117.81170235,34.02843326
9059540,2020,2020-03-20,1947,2020-02-13,1518,HECTOR,NA,4,5,5,1947,0,0,0,NA,0,00B,N MONTEBELLO BL,AVENIDA DE LA MERCED,0,NA,Y,A,-,N,NA,NA,NA,NA,NA,NA,NA,NA,NA,N,4,0,1,2,A,-,-,NA,NA,N,C,C,A,A,H,-,A,A,0,NA,NA,NA,NA,Y,NA,-,-,0,0,1,0,0,0,0,0,0,-,-,34.0224494934082,-118.10433959960938,LOS ANGELES,MONTEBELLO,-118.10440063476564,34.0224609375
90595401,2017,2017-11-16,9545,2017-11-06,2005,021814,NA,1,2,9,1900,0,3,5,NA,2,001,AVENUE H,60TH ST,863,W,N,B,-,N,NA,NA,NA,NA,NA,NA,NA,NA,NA,Y,4,0,1,1,A,-,01,23152,A,N,F,A,A,A,H,-,D,A,0,NA,NA,NA,NA,Y,Y,A,01,0,0,1,0,0,0,0,0,0,-,-,34.71916,-118.02633,LOS ANGELES,UNINCORPORATED,-118.24008596,34.71862863
90595414,2017,2017-11-16,9550,2017-11-07,0635,016237,NA,2,1,1,1932,0,1,3,NA,2,600,STATE ROUTE 60 W/B (POMONA FREEWAY),CROSSROADS PARKWAY,500,W,N,A,-,Y,NA,NA,NA,NA,NA,NA,NA,NA,NA,N,3,0,1,2,A,-,03,22350,NA,N,C,C,A,A,H,-,A,D,0,NA,NA,NA,NA,Y,NA,D,22,0,1,0,0,0,0,0,0,0,-,-,34.03171,-118.0161,LOS ANGELES,INDUSTRY,-118.01426615,34.0292097
90595426,2017,2017-11-16,9550,2017-11-08,0920,016237,NA,3,1,9,1900,0,1,3,NA,2,600,STATE ROUTE 60 E/B (POMONA FREEWAY),WORKMAN MILL ROAD,1000,E,N,A,-,Y,NA,NA,NA,NA,NA,NA,NA,NA,NA,Y,3,0,1,1,A,-,08,22107,NA,N,E,I,A,A,H,-,A,D,0,NA,NA,NA,NA,Y,NA,A,01,0,1,0,0,0,0,0,0,0,-,-,34.02948,-118.02169,LOS ANGELES,UNINCORPORATED,-118.01999611,34.0305463