CASE_ID,ACCIDENT_YEAR,PROC_DATE,JURIS,COLLISION_DATE,COLLISION_TIME,OFFICER_ID,REPORTING_DISTRICT,DAY_OF_WEEK,CHP_SHIFT,POPULATION,CNTY_CITY_LOC,SPECIAL_COND,BEAT_TYPE,CHP_BEAT_TYPE,CITY_DIVISION_LAPD,CHP_BEAT_CLASS,BEAT_NUMBER,PRIMARY_RD,SECONDARY_RD,DISTANCE,DIRECTION,INTERSECTION,WEATHER_1,WEATHER_2,STATE_HWY_IND,CALTRANS_COUNTY,CALTRANS_DISTRICT,STATE_ROUTE,ROUTE_SUFFIX,POSTMILE_PREFIX,POSTMILE,LOCATION_TYPE,RAMP_INTERSECTION,SIDE_OF_HWY,TOW_AWAY,COLLISION_SEVERITY,NUMBER_KILLED,NUMBER_INJURED,PARTY_COUNT,PRIMARY_COLL_FACTOR,PCF_CODE_OF_VIOL,PCF_VIOL_CATEGORY,PCF_VIOLATION,PCF_VIOL_SUBSECTION,HIT_AND_RUN,TYPE_OF_COLLISION,MVIW,PED_ACTION,ROAD_SURFACE,ROAD_COND_1,ROAD_COND_2,LIGHTING,CONTROL_DEVICE,CHP_ROAD_TYPE,PEDESTRIAN_ACCIDENT,BICYCLE_ACCIDENT,MOTORCYCLE_ACCIDENT,TRUCK_ACCIDENT,NOT_PRIVATE_PROPERTY,ALCOHOL_INVOLVED,STWD_VEHTYPE_AT_FAULT,CHP_VEHTYPE_AT_FAULT,COUNT_SEVERE_INJ,COUNT_VISIBLE_INJ,COUNT_COMPLAINT_PAIN,COUNT_PED_KILLED,COUNT_PED_INJURED,COUNT_BICYCLIST_KILLED,COUNT_BICYCLIST_INJURED,COUNT_MC_KILLED,COUNT_MC_INJURED,PRIMARY_RAMP,SECONDARY_RAMP,LATITUDE,LONGITUDE,COUNTY,CITY,POINT_X,POINT_Y
90597413,2017,2017-11-20,9575,2017-11-10,1335,021879,NA,5,1,7,1942,0,1,1,NA,2,050,I-5 S/B TO SR-134 E/B,LOS ANGELES RIVER,1500,S,N,A,-,Y,NA,NA,5,NA,NA,NA,R,NA,S,Y,4,0,1,2,A,-,03,22350,NA,N,C,C,A,A,H,-,A,D,0,NA,NA,NA,NA,Y,NA,A,01,0,0,1,0,0,0,0,0,0,-,-,34.15312,-118.28633,LOS ANGELES,LOS ANGELES,-118.28633,34.15312
90597423,2017,2017-11-20,9590,2017-11-17,1950,021201,NA,5,2,7,1942,0,1,1,NA,2,050,I-110 N/B (HARBOR FREEWAY),51ST STREET,500,N,N,A,-,Y,NA,NA,110,NA,NA,NA,NA,NA,N,N,4,0,2,2,A,-,03,22350,NA,N,C,C,A,A,H,-,C,D,0,NA,NA,NA,NA,Y,NA,A,01,0,0,2,0,0,0,0,0,0,-,-,33.99783,-118.28051,LOS ANGELES,LOS ANGELES,-118.280616,33.99782091
90597429,2017,2017-11-20,9575,2017-11-13,0820,020620,NA,1,1,6,1925,0,1,3,NA,2,090,SR-2 W/B FROM MOUNTAIN STREET,MOUNTAIN STREET,258,S,N,A,-,Y,NA,NA,2,NA,NA,NA,R,NA,W,N,4,0,1,2,A,-,03,22350,NA,N,C,C,A,A,H,-,A,A,0,NA,NA,NA,NA,Y,NA,D,22,0,0,1,0,0,0,0,0,0,-,-,34.16334,-118.22568,LOS ANGELES,GLENDALE,-118.22568,34.16334
90597457,2017,2017-11-20,9575,2017-11-05,0109,021340,NA,7,3,6,1953,0,1,1,NA,2,064,I-210 E/B (FOOTHILL FREEWAY),ALLEN AVE.,90,E,N,A,-,Y,NA,NA,210,NA,NA,NA,NA,NA,E,Y,3,0,1,2,A,-,07,21658,A,F,B,C,A,A,H,-,C,D,0,NA,NA,NA,NA,Y,NA,-,99,0,1,0,0,0,0,0,0,0,-,-,34.15226,-118.11272,LOS ANGELES,PASADENA,-118.11272041,34.15228174
90597458,2017,2017-11-20,9575,2017-11-07,1800,014187,NA,2,2,6,1925,0,1,3,NA,2,042,SR-134 W/B (VENTURA FREEWAY),JACKSON STREET,360,E,N,A,-,Y,NA,NA,NA,NA,NA,NA,NA,NA,NA,Y,4,0,1,4,A,-,03,22350,NA,N,C,C,A,A,H,-,D,D,0,NA,NA,NA,NA,Y,NA,A,01,0,0,1,0,0,0,0,0,0,-,-,34.92345,-118.14565,LOS ANGELES,GLENDALE,-118.2490525,34.15648
90597462,2017,2017-11-20,9575,2017-11-08,0045,020393,NA,3,3,6,1925,0,1,3,NA,2,042,SR-134 E/B (VENTURA FREEWAY),HARVEY DR.,300,W,N,A,-,Y,NA,NA,134,NA,NA,NA,NA,NA,E,Y,4,0,1,1,A,-,01,23152,A,N,E,I,A,A,H,-,C,D,0,NA,NA,NA,NA,Y,Y,A,01,0,0,1,0,0,0,0,0,0,-,-,34.15003,-118.23338,LOS ANGELES,GLENDALE,-118.233413,34.14997753
90597480,2017,2017-11-20,9590,2017-11-12,0035,021190,NA,7,3,7,1942,0,1,2,NA,2,072,US-101 N/B (HOF),UNIVERSAL STUDIOS BLVD,1000,N,N,A,-,Y,NA,NA,101,NA,NA,NA,NA,NA,N,Y,3,0,3,2,A,-,01,23152,A,N,E,I,A,A,H,-,C,D,0,NA,NA,NA,NA,Y,Y,A,01,0,3,0,0,0,0,0,0,0,-,-,34.13439,-118.35645,LOS ANGELES,LOS ANGELES,-118.35644897,34.134393180000004
9059749,2020,2020-03-25,1942,2020-01-10,1000,38469,1024,5,5,7,1942,0,0,0,J,0,10A21,RESEDA BL,KITTRIDGE ST,0,N,N,A,-,N,NA,NA,NA,NA,NA,NA,NA,NA,NA,Y,4,0,1,3,A,-,08,22107,NA,N,D,C,A,A,H,-,A,D,0,NA,NA,NA,NA,Y,NA,A,08,0,0,1,0,0,0,0,0,0,-,-,NA,NA,LOS ANGELES,LOS ANGELES,-118.53603363037108,34.190460205078125
90597493,2017,2017-11-20,9590,2017-11-11,0220,021542,NA,6,3,7,1942,0,1,1,NA,2,063,I-10 W/B (SANTA MONICA FREEWAY),GRAND AVE,100,W,N,A,-,Y,NA,NA,10,NA,NA,NA,NA,NA,W,Y,3,0,1,1,A,-,01,23152,A,N,E,I,A,A,H,-,C,D,0,NA,NA,NA,NA,Y,Y,A,01,0,1,0,0,0,0,0,0,0,-,-,34.03508,-118.26768,LOS ANGELES,LOS ANGELES,-118.26771524,34.03501839
90597553,2017,2017-11-20,9575,2017-11-10,1625,021732,NA,5,2,5,1902,0,1,1,NA,2,065,I-210 W/B (FOOTHILL FREEWAY),BALDWIN AVENUE,1056,W,N,A,-,Y,NA,NA,210,NA,NA,NA,NA,NA,W,Y,4,0,2,2,A,-,08,22107,NA,N,C,C,A,A,H,-,A,D,0,NA,NA,NA,NA,Y,NA,A,01,0,0,2,0,0,0,0,0,0,-,-,34.14889,-118.05718,LOS ANGELES,ARCADIA,-118.05718044,34.14894416
90597585,2017,2017-11-20,9575,2017-11-13,0852,020620,NA,1,1,6,1925,0,1,3,NA,2,042,SR-134 W/B (VENTURA FREEWAY),LOUISE ST. O/C,110,W,N,A,-,Y,NA,NA,134,NA,NA,NA,NA,NA,W,N,4,0,1,4,A,-,03,22350,NA,N,C,C,A,A,H,-,A,D,0,NA,NA,NA,NA,Y,NA,A,08,0,0,1,0,0,0,0,0,0,-,-,34.15644,-118.25302,LOS ANGELES,GLENDALE,-118.25302038,34.15646373
90597589,2017,2017-11-20,9575,2017-11-10,1710,021744,NA,5,2,7,1942,0,1,1,NA,2,052,I-5 N/B (GOLDEN STATE FREEWAY),SHELDON STREET,660,S,N,A,-,Y,NA,NA,5,NA,NA,NA,NA,NA,N,Y,4,0,1,4,A,-,03,22350,NA,N,C,C,A,A,H,-,B,D,0,NA,NA,NA,NA,Y,NA,A,01,0,0,1,0,0,0,0,0,0,-,-,34.23053,-118.39679,LOS ANGELES,LOS ANGELES,-118.39679793,34.23049701
90597592,2017,2017-11-20,9575,2017-11-10,1848,021026,NA,5,2,7,1942,0,1,1,NA,2,053,I-5 N/B (GOLDEN STATE FREEWAY),BRANFORD ST.,100,N,N,A,-,Y,NA,NA,5,NA,NA,NA,NA,NA,N,Y,4,0,1,2,A,-,08,22107,NA,F,B,C,A,A,H,-,C,D,0,NA,NA,NA,NA,Y,NA,-,99,0,0,1,0,0,0,0,0,0,-,-,34.23956,-118.41711,LOS ANGELES,LOS ANGELES,-118.41697347,34.23970732
90597637,2017,2017-11-20,9575,2017-11-10,2200,021006,NA,5,3,9,1900,0,3,5,NA,2,008,GOLDEN WEST AVE. (6600 BLOCK),EL CAMINO REAL AVE. (9800 BLOCK),138,S,N,A,-,N,NA,NA,NA,NA,NA,NA,NA,NA,NA,N,3,0,1,2,A,-,11,21954,A,N,G,B,E,A,H,-,C,D,0,Y,NA,NA,NA,Y,NA,N,60,0,1,0,0,1,0,0,0,0,-,-,34.12121,-118.05941,LOS ANGELES,UNINCORPORATED,-118.05936635,34.12119325
90597652,2017,2017-11-20,9535,2017-11-12,1820,019125,NA,7,2,5,1948,0,1,3,NA,2,621,SR-60 (POMONA FREEWAY) W/B,GREENWOOD AVE,550,E,N,B,-,Y,NA,NA,60,NA,NA,NA,NA,NA,W,N,4,0,4,4,A,-,03,22350,NA,N,C,C,A,A,H,-,D,D,0,NA,NA,NA,NA,Y,NA,E,22,0,0,4,0,0,0,0,0,0,-,-,34.0342,-118.1082,LOS ANGELES,MONTEREY PARK,-118.10821817,34.03427646
90597657,2017,2017-11-20,9535,2017-11-08,2315,021148,NA,3,3,6,1922,0,1,1,NA,2,110,I-10 (EL MONTE BUSWAY) HOT E/B,TYLER AVE,700,W,N,A,-,Y,NA,NA,10,NA,NA,NA,NA,NA,E,Y,3,0,1,1,A,-,01,23152,A,N,F,A,A,A,H,-,C,D,0,NA,NA,Y,NA,Y,Y,C,02,0,1,0,0,0,0,0,0,1,-,-,34.06849,-118.04004,LOS ANGELES,EL MONTE,-118.04005441,34.06839385
90597663,2017,2017-11-20,9530,2017-11-17,1800,017860,NA,5,2,6,1972,0,1,1,NA,2,400,I-405 S/B (SAN DIEGO FREEWAY),ARTESIA BLVD.,730,S,N,A,-,Y,NA,NA,405,NA,NA,NA,NA,NA,S,Y,4,0,1,2,A,-,03,22350,NA,N,C,C,A,A,H,-,A,D,0,NA,NA,NA,NA,Y,NA,A,01,0,0,1,0,0,0,0,0,0,-,-,33.87094,-118.34108,LOS ANGELES,TORRANCE,-118.34102033,33.8709811
90597668,2017,2017-11-20,9550,2017-11-17,1900,021486,NA,5,2,5,1908,0,1,1,NA,2,151,I-105 W/B,PARAMOUNT BOULEVARD,100,E,N,A,-,Y,NA,NA,NA,NA,NA,NA,NA,NA,NA,Y,3,0,1,2,A,-,01,23152,A,N,C,C,A,A,H,-,C,D,0,NA,NA,NA,NA,Y,Y,A,08,0,1,0,0,0,0,0,0,0,-,-,33.91206,-118.15984,LOS ANGELES,BELLFLOWER,-118.15958318,33.91210083
90597669,2017,2017-11-20,9550,2017-11-19,0242,021123,NA,7,3,6,1949,0,1,1,NA,2,651,I-605 SB,IMPERIAL HIGHWAY,190,N,N,A,-,Y,NA,NA,605,NA,NA,NA,NA,NA,S,Y,3,0,2,1,A,-,01,23152,A,N,E,I,A,A,H,-,D,D,0,NA,NA,NA,NA,Y,Y,A,07,0,2,0,0,0,0,0,0,0,-,-,33.91778,-118.10498,LOS ANGELES,NORWALK,-118.10480252,33.91777256
90597690,2017,2017-11-20,9590,2017-11-18,1130,020617,NA,6,1,7,1942,0,1,1,NA,2,060,I-10 E/B (SMF) LA BREA COLLECTOR,LA BREA AVE,400,E,N,A,-,Y,NA,NA,10,NA,NA,NA,NA,NA,E,N,4,0,1,4,A,-,03,22350,NA,N,C,C,A,A,H,-,A,D,0,NA,NA,NA,NA,Y,NA,A,01,0,0,1,0,0,0,0,0,0,-,-,34.03414,-118.34809,LOS ANGELES,LOS ANGELES,-118.34809823,34.03430888
90597707,2017,2017-11-20,9575,2017-10-25,1840,020526,NA,3,2,6,1912,0,1,3,NA,2,044,SR-134 W/B (VENTURA FREEWAY),BOB HOPE DR,50,E,N,A,-,Y,NA,NA,134,NA,NA,NA,NA,NA,W,Y,3,0,2,3,A,-,07,21658,A,N,B,C,A,A,H,-,C,D,0,NA,NA,Y,NA,Y,NA,C,02,0,1,1,0,0,0,0,0,1,-,-,34.153,-118.33005,LOS ANGELES,BURBANK,-118.33004706,34.15298547
90597743,2017,2017-11-20,9590,2017-10-27,0204,021264,NA,5,3,7,1942,0,1,2,NA,2,073,US-101 S/B (HOF) TO NORMANDIE AVENUE,MARATHON ST (4700 W BLOCK),8,N,N,A,-,Y,NA,NA,101,NA,NA,NA,R,NA,S,Y,3,0,1,1,A,-,01,23152,A,N,E,I,A,A,H,-,C,D,0,NA,NA,NA,NA,Y,Y,A,01,0,1,0,0,0,0,0,0,0,-,-,34.08518,-118.30164,LOS ANGELES,LOS ANGELES,-118.30164,34.08518
90597760,2017,2017-11-20,9590,2017-11-10,2115,021179,NA,5,2,7,1942,0,1,2,NA,2,072,US-101 N/B (HOLLYWOOD FREEWAY),SUNSET BOULEVARD,60,N,N,A,-,Y,NA,NA,101,NA,NA,NA,NA,NA,N,Y,3,0,1,1,A,-,01,23152,A,N,E,I,A,A,H,-,C,D,0,NA,NA,NA,NA,Y,NA,A,08,0,1,0,0,0,0,0,0,0,-,-,34.09788,-118.31424,LOS ANGELES,LOS ANGELES,-118.31425565,34.0978695
90597763,2017,2017-11-20,9575,2017-10-03,0950,016603,NA,2,1,6,1912,0,1,3,NA,2,044,SR-134 W/B (VENTURA FREEWAY),BUENA VISTA STREET,397,E,N,B,-,Y,NA,NA,134,NA,NA,NA,NA,NA,W,Y,4,0,1,10,A,-,07,21658,A,N,B,C,A,A,H,-,A,D,0,NA,NA,NA,Y,Y,NA,A,01,0,0,1,0,0,0,0,0,0,-,-,34.15389,-118.32587,LOS ANGELES,BURBANK,-118.32586084,34.15384476
90597851,2017,2017-11-20,9575,2017-11-07,1010,016603,NA,2,1,9,1900,0,1,1,NA,2,065,I-210 W/B (FOOTHILL FREEWAY),ROSEMEAD BOULEVARD,1056,E,N,A,-,Y,NA,NA,NA,NA,NA,NA,NA,NA,NA,Y,4,0,1,2,A,-,03,22350,NA,N,C,C,A,A,H,-,A,D,0,NA,NA,NA,NA,Y,NA,A,01,0,0,1,0,0,0,0,0,0,-,-,34.14903,-118.06256,LOS ANGELES,UNINCORPORATED,-118.06993728,34.14884972
90597950,2017,2017-11-20,9530,2017-10-22,0315,021191,NA,7,3,9,1900,0,3,5,NA,2,002,AVALON BLVD.,ROSECRANS AVENUE,0,NA,Y,A,-,N,NA,NA,NA,NA,NA,NA,NA,NA,NA,N,3,0,1,2,D,-,00,NA,NA,N,B,C,A,A,H,-,C,A,0,NA,NA,NA,NA,Y,NA,-,-,0,1,0,0,0,0,0,0,0,-,-,33.90202,-118.26526,LOS ANGELES,UNINCORPORATED,-118.26528002,33.90214004
90597954,2017,2017-11-20,9590,2017-11-12,1240,021789,NA,7,1,7,1942,0,1,1,NA,2,063,I-10 W/B (SANTA MONICA FREEWAY),GRIFFITH AVENUE,250,W,N,A,B,Y,NA,NA,10,NA,NA,NA,NA,NA,W,N,4,0,1,4,A,-,03,22350,NA,N,C,C,A,A,H,-,A,D,0,NA,NA,NA,NA,Y,NA,A,01,0,0,1,0,0,0,0,0,0,-,-,34.02796,-118.25277,LOS ANGELES,LOS ANGELES,-118.25277765,34.02794576
90597986,2017,2017-11-20,9535,2017-11-10,1215,016276,NA,5,1,9,1900,0,1,1,NA,2,501,I-5 (SANTA ANA FREEWAY) S/B,DOWNEY RD,100,N,N,A,-,Y,NA,NA,5,NA,NA,NA,NA,NA,S,N,4,0,1,2,A,-,03,22350,NA,N,C,C,A,A,H,-,A,D,0,NA,NA,NA,NA,Y,NA,A,07,0,0,1,0,0,0,0,0,0,-,-,34.01979,-118.1809,LOS ANGELES,UNINCORPORATED,-118.18090577,34.01976865
90598029,2017,2017-11-20,9550,2017-11-06,0820,015449,NA,1,1,6,1920,0,1,1,NA,2,651,I-605 N/B (SAN GABRIEL RIVER FREEWAY),FIRESTONE BLVD.,800,S,N,A,-,Y,NA,NA,NA,NA,NA,NA,NA,NA,NA,Y,3,0,1,2,A,-,03,22350,NA,N,B,C,A,A,H,-,A,D,0,NA,NA,Y,NA,Y,NA,C,02,0,1,0,0,0,0,0,0,1,-,-,33.92241,-118.1044,LOS ANGELES,DOWNEY,-118.10429,33.9226
90598051,2017,2017-11-20,9550,2017-11-07,0815,021274,NA,2,1,9,1900,0,2,4,NA,1,042,COLIMA ROAD,LARKVANE ROAD,0,NA,Y,A,-,N,NA,NA,NA,NA,NA,NA,NA,NA,NA,N,4,0,1,2,A,-,10,21950,A,F,G,B,B,A,H,-,A,A,0,Y,NA,NA,NA,Y,NA,-,99,0,0,1,0,1,0,0,0,0,-,-,33.9887,-117.90973,LOS ANGELES,UNINCORPORATED,-117.90970011,33.98860006
90598092,2017,2017-11-20,9540,2017-11-08,0810,021820,NA,3,1,9,1900,0,2,4,NA,1,204,BOUQUET CANYON ROAD,QUARRY ROAD,1056,N,N,A,-,N,NA,NA,NA,NA,NA,NA,NA,NA,NA,Y,4,0,1,1,A,-,08,22107,NA,N,E,I,A,A,H,-,A,D,0,NA,NA,NA,NA,Y,NA,A,01,0,0,1,0,0,0,0,0,0,-,-,34.55504,-118.40875,LOS ANGELES,UNINCORPORATED,-118.41090255,34.55439272
90598142,2017,2017-11-20,9540,2017-11-12,0742,019254,NA,7,1,9,1900,0,1,3,NA,2,147,SR-14 S/B (ANTELOPE VALLEY FREEWAY),ESCONDIDO CANYON ROAD,7920,N,N,B,-,Y,NA,NA,14,NA,NA,NA,NA,NA,S,Y,4,0,2,1,A,-,03,22350,NA,N,E,I,A,A,H,-,A,D,0,NA,NA,NA,NA,Y,NA,A,07,0,0,2,0,0,0,0,0,0,-,-,34.4996,-118.2588,LOS ANGELES,UNINCORPORATED,-118.25874393,34.49951259
90598153,2017,2017-11-20,9525,2017-11-04,1450,021080,NA,6,2,5,1990,0,1,3,NA,2,603,SR-60 W/B (POMONA FWY),GRAND AVE,1579,E,N,A,-,Y,NA,NA,60,NA,NA,NA,NA,NA,W,Y,4,0,2,4,A,-,03,22350,NA,N,C,C,A,A,H,-,A,D,0,NA,NA,NA,NA,Y,NA,A,07,0,0,2,0,0,0,0,0,0,-,-,34.01467,-117.8191,LOS ANGELES,DIAMOND BAR,-117.81919158,34.01474422
90598178,2017,2017-11-20,9535,2017-11-13,0610,017598,NA,1,1,5,1952,0,1,1,NA,2,075,I-710 S/B TO I-105 E/B,I-710 FWY,250,E,N,B,-,Y,NA,NA,NA,NA,NA,NA,NA,NA,NA,Y,3,0,1,1,A,-,08,22107,NA,N,E,I,A,A,H,-,B,D,0,NA,NA,NA,NA,Y,NA,A,01,0,1,0,0,0,0,0,0,0,-,-,33.91081,-118.17377,LOS ANGELES,PARAMOUNT,-118.18654247,33.90187102
90598187,2017,2017-11-20,9540,2017-11-09,1140,018513,NA,4,1,9,1900,0,2,4,NA,1,102,HASLEY CANYON RD (27700 BLOCK),CAMBRIDGE AVE,250,E,N,A,-,N,NA,NA,NA,NA,NA,NA,NA,NA,NA,Y,4,0,4,3,A,-,03,22350,NA,N,C,C,A,A,H,-,A,D,0,NA,NA,NA,NA,Y,NA,A,01,0,0,4,0,0,0,0,0,0,-,-,34.45525,-118.62055,LOS ANGELES,UNINCORPORATED,-118.62073171,34.45530702
90598197,2017,2017-11-20,9525,2017-11-10,0015,020636,NA,5,3,5,1990,0,1,3,NA,2,602,SR-60 E/B (POMONA FWY),BREA CANYON RD.,550,W,N,A,-,Y,NA,NA,60,NA,NA,NA,NA,NA,E,Y,3,0,2,3,A,-,03,22350,NA,N,C,C,E,A,H,-,D,D,0,Y,NA,NA,NA,Y,NA,A,01,0,2,0,0,1,0,0,0,0,-,-,33.99914,-117.85188,LOS ANGELES,DIAMOND BAR,-117.85188475,33.99917119
90598212,2017,2017-11-20,9540,2017-11-13,1958,021802,NA,1,2,9,1900,0,1,3,NA,2,146,SR-14 N/B (ANTELOPE VALLEY FREEWAY),SOLEDAD CANYON RD,5280,N,N,A,-,Y,NA,NA,14,NA,NA,NA,NA,NA,N,Y,4,0,2,2,A,-,03,22350,NA,N,C,C,A,A,H,-,D,D,0,NA,NA,NA,NA,Y,NA,A,01,0,0,2,0,0,0,0,0,0,-,-,34.44012,-118.36782,LOS ANGELES,UNINCORPORATED,-118.3677779,34.44005855
90598213,2017,2018-01-22,9530,2017-04-19,0630,021463,NA,3,1,7,1942,0,1,1,NA,2,110,I-110 N/B (HARBOR FREEWAY),111TH ST.,327,N,N,A,-,Y,NA,NA,110,NA,NA,NA,NA,NA,N,Y,1,1,0,1,A,-,08,22107,NA,N,E,I,A,A,H,-,B,D,0,NA,NA,Y,NA,Y,NA,C,02,0,0,0,0,0,0,0,1,0,-,-,33.9357,-118.27973,LOS ANGELES,LOS ANGELES,-118.27969832,33.9356991
90598238,2017,2017-11-20,9580,2017-11-03,1450,020728,NA,5,2,7,1942,0,1,3,NA,1,120,SR-1 S/B (PACIFIC COAST HWY.),COASTLINE DR,520,N,N,B,-,Y,NA,NA,1,NA,NA,NA,NA,NA,S,Y,4,0,2,3,A,-,21,22106,NA,N,C,C,A,A,H,-,A,D,0,NA,NA,NA,NA,Y,NA,A,01,0,0,2,0,0,0,0,0,0,-,-,34.04204,-118.56947,LOS ANGELES,LOS ANGELES,-118.56947315,34.04201024
90598259,2017,2017-11-20,9565,2017-11-07,1716,021663,NA,2,2,7,1942,0,1,1,NA,2,082,I-10 E/B (SANTA MONICA FREEWAY),GATEWAY BLVD.,40,W,N,A,-,Y,NA,NA,10,NA,NA,NA,NA,NA,E,Y,4,0,1,2,A,-,03,22350,NA,N,F,A,A,A,H,-,B,D,0,NA,NA,Y,NA,Y,NA,C,02,0,0,1,0,0,0,0,0,1,-,-,34.02971,-118.44307,LOS ANGELES,LOS ANGELES,-118.44307217,34.02971981
90598303,2017,2017-11-20,9575,2017-11-11,1855,021340,NA,6,2,7,1942,0,1,3,NA,2,043,SR-134 E/B (VENTURA FREEWAY),ZOO DR.,400,W,N,A,-,Y,NA,NA,134,NA,NA,NA,NA,NA,E,N,4,0,2,2,A,-,07,21658,A,N,B,C,A,A,H,-,C,D,0,NA,NA,NA,NA,Y,NA,I,09,0,0,2,0,0,0,0,0,0,-,-,34.15249,-118.28111,LOS ANGELES,LOS ANGELES,-118.28109892,34.15243998
90598313,2017,2017-11-20,9565,2017-11-08,1645,017574,NA,3,2,9,1900,0,3,5,NA,2,005,ADMIRALITY WAY,MINDANAO WAY,0,NA,Y,A,-,N,NA,NA,NA,NA,NA,NA,NA,NA,NA,N,4,0,1,2,A,-,10,21950,A,N,G,B,B,A,H,-,B,D,0,Y,NA,NA,NA,Y,NA,A,01,0,0,1,0,1,0,0,0,0,-,-,33.979,-118.4401,LOS ANGELES,UNINCORPORATED,-118.4401101,33.97985001
90598318,2017,2017-11-20,9565,2017-11-02,1920,020915,NA,4,2,5,1965,0,1,3,NA,2,080,I-10 E/B (SANTA MONICA FWY),14TH ST,75,W,N,A,-,Y,NA,NA,10,NA,NA,NA,NA,NA,E,Y,3,0,1,3,A,-,03,22350,NA,N,C,C,A,A,H,-,D,D,0,NA,NA,NA,NA,Y,NA,A,01,0,1,0,0,0,0,0,0,0,-,-,34.01891,-118.48005,LOS ANGELES,SANTA MONICA,-118.48004321,34.01890228
90598322,2017,2017-11-20,9565,2017-10-31,0130,021786,NA,2,3,9,1900,0,3,5,NA,2,002,103RD STREET,NORMANDIE AVE,280,W,N,A,-,N,NA,NA,NA,NA,NA,NA,NA,NA,NA,N,3,0,1,3,A,-,08,22107,NA,F,B,J,E,B,H,-,C,D,0,Y,NA,NA,NA,Y,NA,A,01,0,1,0,0,1,0,0,0,0,-,-,33.94317,-118.30129,LOS ANGELES,UNINCORPORATED,-118.3012214,33.94320001
90598325,2017,2017-11-20,9565,2017-10-25,1727,021819,NA,3,2,9,1900,0,3,5,NA,2,002,E/B 107TH ST.,VERMONT AVE.,600,W,N,A,-,N,NA,NA,NA,NA,NA,NA,NA,NA,NA,N,3,0,2,2,A,-,06,21750,A,N,B,C,A,A,H,-,A,D,0,NA,NA,Y,NA,Y,NA,C,03,0,2,0,0,0,0,0,0,2,-,-,33.93885,-118.29332,LOS ANGELES,UNINCORPORATED,-118.29390472,33.93883899
90598336,2017,2017-11-20,9565,2017-11-10,1842,021729,NA,5,2,5,1965,0,1,1,NA,2,081,I-10 (SANTA MONICA FWY),20TH ST,12,E,N,A,-,Y,NA,NA,10,NA,NA,NA,NA,NA,NA,Y,4,0,1,2,A,-,03,22350,NA,N,C,E,A,A,C,-,C,A,0,NA,NA,NA,NA,Y,NA,A,01,0,0,1,0,0,0,0,0,0,-,-,34.02322,-118.47379,LOS ANGELES,SANTA MONICA,-118.47378763,34.0232123
90598355,2017,2017-11-20,9550,2017-11-11,1250,021202,NA,6,1,6,1949,0,1,1,NA,2,651,I-605 S/B,ALONDRA BOULEVARD,1450,N,N,A,-,Y,NA,NA,605,NA,NA,NA,NA,NA,S,Y,4,0,2,2,A,-,03,22350,NA,N,C,C,A,A,H,-,A,D,0,NA,NA,NA,NA,Y,NA,A,01,0,0,2,0,0,0,0,0,0,-,-,33.89121,-118.10493,LOS ANGELES,NORWALK,-118.10478912,33.89121968
90598362,2017,2017-11-20,9540,2017-11-17,1620,020862,NA,5,2,6,1985,0,1,3,NA,1,144,SR-14 NORTHBOUND (ANTELOPE VALLEY FWY),VIA PRINCESSA,10,N,N,B,-,Y,NA,NA,14,NA,NA,NA,NA,NA,N,N,3,0,2,3,A,-,03,22350,NA,N,C,C,A,A,H,-,A,D,0,NA,NA,NA,NA,Y,NA,A,07,0,2,0,0,0,0,0,0,0,-,-,34.4056,-118.44978,LOS ANGELES,SANTA CLARITA,-118.44965632,34.40538093
90598448,2017,2017-11-20,9530,2017-11-03,1130,021792,NA,5,1,9,1900,0,3,5,NA,2,003,ROSECRANS AVE.,COOKACRE AVE.,0,NA,Y,A,-,N,NA,NA,NA,NA,NA,NA,NA,NA,NA,Y,2,0,1,2,A,-,09,21802,A,N,D,C,A,A,H,-,A,A,0,NA,NA,NA,NA,Y,NA,A,07,1,0,0,0,0,0,0,0,0,-,-,33.90359,-118.19499,LOS ANGELES,UNINCORPORATED,-118.19499003,33.90356004
90598462,2017,2017-11-20,9590,2017-10-22,2025,021789,NA,7,2,7,1942,0,1,3,NA,2,031,SR-60 W/B (POMONA FREEWAY),WHITTIER BLVD.,100,E,N,A,-,Y,NA,NA,60,NA,NA,NA,NA,NA,W,Y,4,0,1,3,A,-,07,21658,A,N,B,C,A,A,H,-,C,A,0,NA,NA,NA,NA,Y,NA,-,99,0,0,1,0,0,0,0,0,0,-,-,34.02904,-118.20277,LOS ANGELES,LOS ANGELES,-118.20277366,34.02906534
90598464,2017,2017-11-20,9550,2017-11-09,1730,021532,NA,4,2,5,1976,0,1,1,NA,2,650,INTERSTATE 605 S/B,BEVERLY BOULEVARD,100,S,N,A,-,Y,NA,NA,605,NA,NA,NA,NA,NA,S,N,4,0,1,2,A,-,08,22107,NA,F,F,I,A,A,H,-,C,D,0,NA,NA,Y,NA,Y,NA,-,99,0,0,1,0,0,0,0,0,1,-,-,34.00086,-118.06745,LOS ANGELES,WHITTIER,-118.0673163,34.0007863
90598492,2017,2017-11-20,9540,2017-11-11,1815,021389,NA,6,2,9,1900,0,3,5,NA,2,200,LITTLE TUJUNGA CANYON RD,PLACERITA CANYON RD,18480,S,N,A,-,N,NA,NA,NA,NA,NA,NA,NA,NA,NA,Y,4,0,1,1,A,-,03,22350,NA,N,E,I,A,A,H,-,D,D,0,NA,NA,NA,NA,Y,NA,A,07,0,0,1,0,0,0,0,0,0,-,-,34.37575,-118.40005,LOS ANGELES,UNINCORPORATED,-118.3906539,34.35836004