CASE_ID,ACCIDENT_YEAR,PROC_DATE,JURIS,COLLISION_DATE,COLLISION_TIME,OFFICER_ID,REPORTING_DISTRICT,DAY_OF_WEEK,CHP_SHIFT,POPULATION,CNTY_CITY_LOC,SPECIAL_COND,BEAT_TYPE,CHP_BEAT_TYPE,CITY_DIVISION_LAPD,CHP_BEAT_CLASS,BEAT_NUMBER,PRIMARY_RD,SECONDARY_RD,DISTANCE,DIRECTION,INTERSECTION,WEATHER_1,WEATHER_2,STATE_HWY_IND,CALTRANS_COUNTY,CALTRANS_DISTRICT,STATE_ROUTE,ROUTE_SUFFIX,POSTMILE_PREFIX,POSTMILE,LOCATION_TYPE,RAMP_INTERSECTION,SIDE_OF_HWY,TOW_AWAY,COLLISION_SEVERITY,NUMBER_KILLED,NUMBER_INJURED,PARTY_COUNT,PRIMARY_COLL_FACTOR,PCF_CODE_OF_VIOL,PCF_VIOL_CATEGORY,PCF_VIOLATION,PCF_VIOL_SUBSECTION,HIT_AND_RUN,TYPE_OF_COLLISION,MVIW,PED_ACTION,ROAD_SURFACE,ROAD_COND_1,ROAD_COND_2,LIGHTING,CONTROL_DEVICE,CHP_ROAD_TYPE,PEDESTRIAN_ACCIDENT,BICYCLE_ACCIDENT,MOTORCYCLE_ACCIDENT,TRUCK_ACCIDENT,NOT_PRIVATE_PROPERTY,ALCOHOL_INVOLVED,STWD_VEHTYPE_AT_FAULT,CHP_VEHTYPE_AT_FAULT,COUNT_SEVERE_INJ,COUNT_VISIBLE_INJ,COUNT_COMPLAINT_PAIN,COUNT_PED_KILLED,COUNT_PED_INJURED,COUNT_BICYCLIST_KILLED,COUNT_BICYCLIST_INJURED,COUNT_MC_KILLED,COUNT_MC_INJURED,PRIMARY_RAMP,SECONDARY_RAMP,LATITUDE,LONGITUDE,COUNTY,CITY,POINT_X,POINT_Y
90598926,2017,2017-11-21,9575,2017-11-09,0425,021254,NA,4,3,7,1942,0,1,3,NA,2,070,I-5 S/B FROM SR-118 W/B,LAUREL CANYON BOULEVARD,80,E,N,A,-,Y,NA,NA,5,NA,NA,NA,R,NA,S,Y,3,0,2,1,A,-,08,22107,NA,N,E,I,A,A,H,-,D,D,0,NA,NA,NA,NA,Y,NA,A,01,0,1,1,0,0,0,0,0,0,-,-,34.26752,-118.44086,LOS ANGELES,LOS ANGELES,-118.44086,34.26752
90598930,2017,2017-11-21,9590,2017-11-17,1500,021912,NA,5,2,7,1942,0,1,1,NA,2,060,I-10 E/B (SMF),ARLINGTON AVE,1000,W,N,A,-,Y,NA,NA,10,NA,NA,NA,NA,NA,E,N,4,0,1,2,A,-,03,22350,NA,N,C,C,A,A,H,-,A,D,0,NA,NA,NA,NA,Y,NA,A,01,0,0,1,0,0,0,0,0,0,-,-,34.036,-118.32182,LOS ANGELES,LOS ANGELES,-118.32182946,34.03604806
9059894,2019,2020-03-03,1948,2019-12-02,0555,398,NA,1,5,5,1948,0,0,0,NA,0,005,POTRERO GRANDE DR,SATURN ST,0,NA,Y,A,-,N,NA,NA,NA,NA,NA,NA,NA,NA,NA,N,4,0,1,2,A,-,12,21453,NA,N,D,C,A,A,H,-,B,A,0,NA,NA,NA,NA,Y,NA,D,22,0,0,1,0,0,0,0,0,0,-,-,34.03955841064453,-118.10832214355467,LOS ANGELES,MONTEREY PARK,-118.1082763671875,34.03956985473633
90598948,2017,2017-11-21,9550,2017-11-07,1432,020551,NA,2,2,9,1900,0,1,1,NA,2,650,I-605 NORTHBOUND,SLAUSON AVE.,800,S,N,A,-,Y,NA,NA,605,NA,NA,NA,NA,NA,N,Y,3,0,1,2,A,-,07,21658,A,N,B,C,A,A,H,-,A,D,0,NA,NA,NA,NA,Y,NA,D,22,0,1,0,0,0,0,0,0,0,-,-,33.96463,-118.08423,LOS ANGELES,UNINCORPORATED,-118.08427902,33.96465011
90598951,2017,2017-11-21,9590,2017-11-20,1040,013435,NA,1,1,7,1942,0,1,1,NA,2,050,I-110 N/B (HARBOR FREEWAY),79TH STREET,500,S,N,A,-,Y,NA,NA,110,NA,NA,NA,NA,NA,N,N,3,0,1,4,A,-,03,22350,NA,N,C,C,A,A,H,-,A,D,0,NA,NA,NA,NA,Y,NA,A,07,0,1,0,0,0,0,0,0,0,-,-,33.96681,-118.28062,LOS ANGELES,LOS ANGELES,-118.28073037,33.96681003
9059898,2019,2020-03-03,1948,2019-12-29,2048,465,1948,7,5,5,1948,0,0,0,NA,0,002,ALTALAKE AV,EMERSON AV,359,N,N,A,-,N,NA,NA,NA,NA,NA,NA,NA,NA,NA,N,3,0,1,2,A,-,03,22350,NA,N,C,C,A,A,H,-,C,A,0,NA,NA,NA,NA,Y,NA,A,01,0,1,0,0,0,0,0,0,0,-,-,34.066139221191406,-118.13433837890624,LOS ANGELES,MONTEREY PARK,NA,NA
90598984,2017,2017-12-28,9565,2017-11-04,2255,021761,NA,6,3,9,1900,0,2,4,NA,1,032,LA BREA AVE,SLAUSON AVE,0,NA,Y,B,-,N,NA,NA,NA,NA,NA,NA,NA,NA,NA,Y,4,0,2,2,A,-,12,21453,A,N,D,C,A,A,H,-,C,A,0,NA,NA,NA,NA,Y,NA,A,01,0,0,2,0,0,0,0,0,0,-,-,33.98858,-118.35854,LOS ANGELES,UNINCORPORATED,-118.35856001,33.98856002
9059899,2019,2020-03-03,1948,2019-12-02,1723,374,1948,1,5,5,1948,0,0,0,NA,0,003,GARFIELD AV,RIGGIN ST,54,S,N,B,-,N,NA,NA,NA,NA,NA,NA,NA,NA,NA,N,4,0,1,3,A,-,08,22107,NA,N,C,E,A,A,H,-,C,D,0,NA,NA,NA,NA,Y,NA,A,07,0,0,1,0,0,0,0,0,0,-,-,34.036678314208984,-118.13053894042967,LOS ANGELES,MONTEREY PARK,-118.13051605224608,34.03657150268555
90599012,2017,2017-11-21,9590,2017-11-14,1835,019805,NA,2,2,7,1942,0,1,3,NA,2,094,SR-2 E/B (GLENDALE FREEWAY),ROSEBUD AVE.,200,E,N,A,-,Y,NA,NA,2,NA,NA,NA,NA,NA,E,N,4,0,1,3,A,-,03,22350,NA,N,C,C,A,A,H,-,C,D,0,NA,NA,NA,NA,Y,NA,A,01,0,0,1,0,0,0,0,0,0,-,-,34.09912,-118.25147,LOS ANGELES,LOS ANGELES,-118.25147196,34.09912144
90599017,2017,2017-11-21,9565,2017-10-15,2145,021453,NA,7,2,7,1942,0,1,1,NA,2,060,I-405 N/B TO I-105 W/B,W 120TH ST.,100,N,N,A,-,Y,NA,NA,NA,NA,NA,NA,NA,NA,NA,N,3,0,1,3,A,-,11,21954,A,F,G,B,E,A,H,-,D,D,0,Y,NA,NA,NA,Y,NA,N,60,0,1,0,0,1,0,0,0,0,-,-,33.92433,-118.36779,LOS ANGELES,LOS ANGELES,NA,NA
90599024,2017,2017-11-21,9580,2017-11-08,0545,016413,NA,3,3,7,1942,0,1,3,NA,2,114,SR-118 E/B (RONALD REAGAN FWY.),ARLETA AVE,500,W,N,A,-,Y,NA,NA,NA,NA,NA,NA,NA,NA,NA,Y,4,0,2,3,A,-,03,22350,NA,N,C,C,A,A,H,-,D,D,0,NA,NA,NA,NA,Y,NA,D,22,0,0,2,0,0,0,0,0,0,-,-,34.25931,-118.46006,LOS ANGELES,LOS ANGELES,-118.45141152,34.26571158
90599028,2017,2017-11-21,9580,2017-11-08,1900,018185,NA,3,2,7,1942,0,1,2,NA,2,105,US-101 S/B (VENTURA FREEWAY),DE SOTO AVE,528,N,N,A,-,Y,NA,NA,101,NA,NA,NA,NA,NA,S,N,4,0,1,2,A,-,03,22350,NA,N,C,C,A,A,H,-,D,D,0,NA,NA,NA,NA,Y,NA,A,01,0,0,1,0,0,0,0,0,0,-,-,34.16821,-118.5899,LOS ANGELES,LOS ANGELES,-118.58990191,34.16819759
90599034,2017,2017-11-21,9540,2017-11-09,1000,021845,NA,4,1,9,1900,0,2,4,NA,2,071,THE OLD RD,LAKE HUGHES RD,0,NA,Y,A,-,N,NA,NA,NA,NA,NA,NA,NA,NA,NA,Y,4,0,2,3,A,-,09,21801,A,N,A,C,A,A,H,-,A,A,0,NA,NA,NA,NA,Y,NA,D,22,0,0,2,0,0,0,0,0,0,-,-,34.49555,-118.62457,LOS ANGELES,UNINCORPORATED,-118.6246115,34.49548668
90599044,2017,2017-11-21,9540,2017-11-09,0530,021820,NA,4,3,9,1900,0,1,3,NA,2,147,SR-14 S/B,VASQUEZ ROCKS,150,N,N,B,-,Y,NA,NA,14,NA,NA,NA,NA,NA,S,Y,4,0,1,3,A,-,03,22350,NA,N,C,C,A,A,H,-,B,D,0,NA,NA,NA,NA,Y,NA,D,22,0,0,1,0,0,0,0,0,0,-,-,34.4772,-118.30304,LOS ANGELES,UNINCORPORATED,-118.30299249,34.4771061
90599045,2017,2017-11-21,9575,2017-11-14,1630,020363,NA,2,2,9,1900,0,2,4,NA,2,020,NEW YORK DR.,ALLEN AVE,0,NA,Y,A,-,N,NA,NA,NA,NA,NA,NA,NA,NA,NA,Y,4,0,1,2,A,-,09,21800,D,N,D,C,A,A,H,-,A,B,0,NA,NA,NA,NA,Y,NA,A,07,0,0,1,0,0,0,0,0,0,-,-,34.17856,-118.11209,LOS ANGELES,UNINCORPORATED,-118.11207002,34.17853004
90599050,2017,2017-11-21,9565,2017-11-04,1755,021786,NA,6,2,9,1900,0,2,4,NA,2,024,IMPERIAL HIGHWAY E/B,NEW HAMPSHIRE AVE,100,W,N,A,-,N,NA,NA,NA,NA,NA,NA,NA,NA,NA,N,3,0,1,2,A,-,11,21954,A,N,H,B,D,A,H,-,C,D,0,Y,NA,NA,NA,Y,Y,N,60,0,1,0,0,1,0,0,0,0,-,-,33.93088,-118.29359,LOS ANGELES,UNINCORPORATED,-118.293529,33.930977060000004
90599052,2017,2017-11-21,9565,2017-09-26,1415,016545,NA,2,2,9,1900,0,1,1,NA,2,061,INGLEWOOD AVE,134TH PLACE,0,NA,Y,A,-,N,NA,NA,NA,NA,NA,NA,NA,NA,NA,Y,4,0,1,2,A,-,03,22350,NA,N,D,C,A,A,H,-,A,D,0,NA,NA,Y,NA,Y,NA,C,02,0,0,1,0,0,0,0,0,1,-,-,33.91034,-118.36125,LOS ANGELES,UNINCORPORATED,-118.36129014,33.91033003
90599055,2017,2017-11-21,9525,2017-11-11,2015,019491,NA,6,2,9,1900,0,2,4,NA,2,022,ARROW HIGHWAY,SUNFLOWER AVE,435,E,N,A,-,N,NA,NA,NA,NA,NA,NA,NA,NA,NA,N,3,0,1,2,A,-,07,21658,A,N,F,A,A,A,H,-,A,D,0,NA,NA,Y,NA,Y,NA,A,07,0,1,0,0,0,0,0,0,1,-,-,34.10663,-117.84471,LOS ANGELES,UNINCORPORATED,-117.84494653,34.10673973
90599060,2017,2017-11-21,9580,2017-11-08,0931,014900,NA,3,1,9,1900,0,2,4,NA,1,127,MALIBU CYN RD.,PIUMA RD.,4224,S,N,A,-,N,NA,NA,NA,NA,NA,NA,NA,NA,NA,Y,4,0,2,2,A,-,03,22350,NA,N,C,C,A,A,H,-,A,D,0,NA,NA,NA,NA,Y,NA,A,07,0,0,2,0,0,0,0,0,0,-,-,34.071,-118.70664,LOS ANGELES,UNINCORPORATED,-118.70626647,34.07187004
90599061,2017,2017-11-21,9540,2017-11-16,1850,019853,NA,4,2,9,1900,0,2,4,NA,1,201,SIERRA HWY,DAVENPORT RD,5280,N,N,B,-,N,NA,NA,NA,NA,NA,NA,NA,NA,NA,Y,3,0,1,1,A,-,08,22107,NA,N,E,I,A,B,H,-,D,D,0,NA,NA,NA,NA,Y,NA,A,01,0,1,0,0,0,0,0,0,0,-,-,34.50689,-118.37035,LOS ANGELES,UNINCORPORATED,-118.38494259,34.49572057
9059908,2020,2020-03-04,1900,2020-01-29,0256,600319,2813,3,5,5,1915,0,0,0,NA,0,281T1,ROSECRANS AV,WILMINGTON AV,0,NA,Y,A,-,N,NA,NA,NA,NA,NA,NA,NA,NA,NA,Y,3,0,1,2,A,-,12,21453,A,F,D,C,A,A,H,-,C,A,0,NA,NA,NA,NA,Y,NA,A,01,0,1,0,0,0,0,0,0,0,-,-,NA,NA,LOS ANGELES,COMPTON,-118.23813629150392,33.90336990356445
90599093,2017,2017-11-21,9540,2017-11-09,1820,019337,NA,4,2,6,1985,0,1,3,NA,1,144,SR-14 N/B (ANTELOPE VALLEY FREEWAY),SAND CANYON ROAD,3168,S,N,A,-,Y,NA,NA,14,NA,NA,NA,NA,NA,N,N,4,0,1,2,A,-,07,21658,A,N,B,C,A,A,H,-,C,D,0,NA,NA,Y,NA,Y,NA,D,22,0,0,1,0,0,0,0,0,1,-,-,34.42069,-118.43315,LOS ANGELES,SANTA CLARITA,-118.43316257,34.42071754
90599102,2017,2017-11-21,9575,2017-11-08,1525,021878,NA,3,2,6,1925,0,1,3,NA,2,042,SR-134 E/B (VENTURA FREEWAY),BRAND BOULEVARD OVERCROSSING,50,W,N,A,-,Y,NA,NA,134,NA,NA,NA,NA,NA,E,Y,4,0,2,3,A,-,03,22350,NA,N,C,C,A,A,H,-,A,D,0,NA,NA,NA,NA,Y,NA,A,01,0,0,2,0,0,0,0,0,0,-,-,34.15627,-118.25531,LOS ANGELES,GLENDALE,-118.25531,34.15627095
90599156,2017,2017-11-21,9540,2017-11-13,0640,014277,NA,1,1,9,1900,0,1,3,NA,2,147,SR-14 S/B (ANTELOPE VALLEY FREEWAY),SOLEDAD CANYON RD,6864,N,N,A,-,Y,NA,NA,14,NA,NA,NA,NA,NA,S,Y,3,0,4,3,A,-,03,22350,NA,N,C,C,A,A,H,-,A,D,0,NA,NA,NA,NA,Y,NA,A,01,0,4,0,0,0,0,0,0,0,-,-,34.443,-118.36484,LOS ANGELES,UNINCORPORATED,-118.36482839,34.44299298
90599181,2017,2017-11-21,9530,2017-11-07,1830,020140,NA,2,2,5,1956,0,1,1,NA,2,400,I-405 S/B FROM INGLEWOOD AVE S/B,INGLEWOOD AVE.,300,N,N,A,-,Y,NA,NA,405,NA,NA,NA,R,NA,S,N,4,0,1,2,A,-,03,22350,NA,M,C,C,A,A,H,-,C,D,0,NA,NA,NA,NA,Y,NA,-,99,0,0,1,0,0,0,0,0,0,-,-,33.89105,-118.36258,LOS ANGELES,REDONDO BEACH,-118.36258,33.89105
90599183,2017,2017-11-21,9575,2017-11-14,1855,020393,NA,2,2,5,1902,0,1,1,NA,2,065,I-210 W/B (FOOTHILL FREEWAY),BALDWIN AVE.,400,E,N,A,-,Y,NA,NA,210,NA,NA,NA,NA,NA,W,N,4,0,1,2,A,-,03,22350,NA,N,C,C,A,A,H,-,C,D,0,NA,NA,NA,NA,Y,NA,A,01,0,0,1,0,0,0,0,0,0,-,-,34.14901,-118.04394,LOS ANGELES,ARCADIA,-118.0439403,34.14904773
90599190,2017,2017-11-21,9590,2017-11-17,1916,021264,NA,5,2,7,1942,0,1,1,NA,2,040,I-5 N/B (SAF) TO I-10 E/B (SMF),MARIETTA ST,350,N,N,A,-,Y,NA,NA,5,NA,NA,NA,R,NA,N,Y,4,0,4,2,A,-,03,22350,NA,N,C,C,A,A,H,-,C,D,0,NA,NA,NA,NA,Y,Y,A,01,0,0,4,0,0,0,0,0,0,-,-,34.02973,-118.21403,LOS ANGELES,LOS ANGELES,-118.21403,34.02973
90599206,2017,2017-11-21,9590,2017-11-20,1310,016689,NA,1,1,7,1942,0,1,1,NA,2,060,I-10 E/B LA BREA AVENUE COLLECTOR ROAD,LA BREA AVENUE,120,E,N,A,-,Y,NA,NA,10,NA,NA,NA,NA,NA,E,Y,4,0,1,3,A,-,03,22350,NA,N,C,C,A,A,H,-,A,D,0,NA,NA,NA,Y,Y,NA,A,01,0,0,1,0,0,0,0,0,0,-,-,34.03408,-118.3496,LOS ANGELES,LOS ANGELES,-118.34960757,34.03423536
90599211,2017,2017-11-21,9565,2017-11-01,1705,021915,NA,3,2,7,1942,0,1,1,NA,2,083,I-10 W/B (SANTA MONICA FWY),NATIONAL BLVD,80,E,N,A,-,Y,NA,NA,10,NA,NA,NA,NA,NA,W,Y,4,0,1,4,A,-,03,22350,NA,N,C,C,A,A,H,-,A,D,0,NA,NA,NA,NA,Y,NA,A,01,0,0,1,0,0,0,0,0,0,-,-,34.03134,-118.39044,LOS ANGELES,LOS ANGELES,-118.39041155,34.03129178
90599238,2017,2017-11-21,9575,2017-11-14,0840,017354,NA,2,1,3,1961,0,1,1,NA,2,053,I-5 N/B (GOLDEN STATE FREEWAY),VAN NUYS BLVD. U/C,300,N,N,A,-,Y,NA,NA,NA,NA,NA,NA,NA,NA,NA,Y,4,0,3,3,A,-,03,22350,NA,N,C,C,A,A,H,-,A,D,0,NA,NA,NA,NA,Y,NA,A,07,0,0,3,0,0,0,0,0,0,-,-,34.25738,-118.43537,LOS ANGELES,SAN FERNANDO,-118.43558179,34.25735984
90599239,2017,2017-11-21,9530,2017-11-09,0040,013978,NA,4,3,7,1941,0,1,1,NA,2,072,I-710 (LONG BEACH FREEWAY) S/B,WILLOW ST,400,N,N,A,-,Y,NA,NA,710,NA,NA,NA,NA,NA,S,Y,4,0,1,1,A,-,08,22107,NA,N,F,A,A,A,H,-,D,D,0,NA,NA,NA,NA,Y,NA,A,07,0,0,1,0,0,0,0,0,0,-,-,33.80993,-118.20722,LOS ANGELES,LONG BEACH,-118.20706487,33.80993
90599241,2017,2017-11-21,9525,2017-11-14,1025,019264,NA,2,1,5,1906,0,1,1,NA,2,651,I-605 S/B (SAN GABRIEL RIVER FWY),RAMONA BLVD,2112,N,N,A,-,Y,NA,NA,NA,NA,NA,NA,NA,NA,NA,N,4,0,3,3,A,-,04,21703,NA,N,C,C,A,A,H,-,A,D,0,NA,NA,NA,NA,Y,NA,A,07,0,0,3,0,0,0,0,0,0,-,-,34.08294,-117.99755,LOS ANGELES,BALDWIN PARK,-117.99738838,34.08325676
90599256,2017,2017-11-21,9530,2017-11-15,1645,016110,NA,3,2,9,1900,0,3,5,NA,2,002,EL SEGUNDO BLVD. (200 BLOCK),SAN PEDRO ST.,70,W,N,A,-,N,NA,NA,NA,NA,NA,NA,NA,NA,NA,Y,4,0,1,3,A,-,08,22107,NA,F,A,C,A,A,H,-,A,A,0,NA,NA,NA,Y,Y,NA,F,25,0,0,1,0,0,0,0,0,0,-,-,33.91637,-118.27014,LOS ANGELES,UNINCORPORATED,-118.26985027,33.91642
90599272,2017,2017-11-21,9575,2017-11-15,1810,020393,NA,3,2,9,1900,0,3,5,NA,2,002,SANTA ANITA AVE.,CALAVERAS ST.,0,NA,Y,A,-,N,NA,NA,NA,NA,NA,NA,NA,NA,NA,N,4,0,1,2,A,-,09,21802,B,N,D,C,A,A,H,-,D,A,0,NA,NA,NA,NA,Y,NA,A,01,0,0,1,0,0,0,0,0,0,-,-,34.1865,-118.14067,LOS ANGELES,UNINCORPORATED,-118.14065003,34.18651002
90599276,2017,2017-11-21,9590,2017-11-16,0230,021504,NA,4,3,7,1942,0,1,1,NA,2,063,I-10 W/B (SANTA MONICA FREEWAY),FLOWER STREET,550,E,N,A,-,Y,NA,NA,10,NA,NA,NA,NA,NA,W,Y,3,0,2,1,A,-,01,23152,A,N,E,I,A,A,H,-,C,D,0,NA,NA,NA,NA,Y,Y,A,01,0,1,1,0,0,0,0,0,0,-,-,34.03587,-118.26854,LOS ANGELES,LOS ANGELES,-118.26870362,34.03562411
9059929,2020,2020-03-04,1942,2020-01-23,2120,39795,1563,4,5,7,1942,0,0,0,O,0,15A85,MOORPARK ST,SIMPSON AV,0,NA,Y,A,-,N,NA,NA,NA,NA,NA,NA,NA,NA,NA,N,4,0,1,2,A,-,07,21658,A,N,B,C,A,A,H,-,C,-,0,NA,NA,NA,NA,Y,NA,-,NA,0,0,1,0,0,0,0,0,0,-,-,NA,NA,LOS ANGELES,LOS ANGELES,-118.38883972167967,34.150360107421875
90599319,2017,2017-11-21,9550,2017-11-11,0033,021261,NA,6,3,9,1900,0,3,5,NA,2,002,IMPERIAL HWY W/B,TIGRINA AVE,585,W,N,A,-,N,NA,NA,NA,NA,NA,NA,NA,NA,NA,Y,2,0,1,1,A,-,08,22107,NA,N,E,I,A,A,H,-,C,D,0,NA,NA,Y,NA,Y,NA,C,02,1,0,0,0,0,0,0,0,1,-,-,33.91742,-117.98266,LOS ANGELES,UNINCORPORATED,-117.98272383,33.91734307
90599355,2017,2017-11-21,9540,2017-11-20,0820,020875,NA,1,1,7,1942,0,1,1,NA,1,501,I-5 S/B (GOLDEN STATE FREEWAY),BRAND BLVD.,100,S,N,B,-,Y,NA,NA,NA,NA,NA,NA,NA,NA,NA,N,4,0,1,2,A,-,03,22350,NA,N,C,C,A,A,H,-,A,D,0,NA,NA,NA,NA,Y,NA,A,01,0,0,1,0,0,0,0,0,0,-,-,34.273,-118.49963,LOS ANGELES,LOS ANGELES,-118.45016,34.27393
90599358,2017,2017-11-21,9590,2017-11-08,2051,020046,NA,3,2,7,1942,0,1,1,NA,2,082,I-5 N/B (GOLDEN STATE FREEWAY),HUMBOLDT ST,300,S,N,A,-,Y,NA,NA,5,NA,NA,NA,NA,NA,N,N,4,0,1,2,A,-,08,22107,NA,F,B,C,A,A,H,-,C,D,0,NA,NA,NA,NA,Y,NA,A,01,0,0,1,0,0,0,0,0,0,-,-,34.07828,-118.21967,LOS ANGELES,LOS ANGELES,-118.21965178,34.07829078
90599404,2017,2017-11-21,9590,2017-11-15,1744,020672,NA,3,2,7,1942,0,1,1,NA,2,501,I-110 S/B (HAF) HIGH OCCUPANCY TOLL RD,CENTURY BLVD.,150,N,N,A,-,Y,NA,NA,110,NA,NA,NA,NA,NA,S,Y,4,0,4,4,A,-,03,22350,NA,N,C,C,A,A,H,-,C,D,0,NA,NA,NA,NA,Y,NA,D,22,0,0,4,0,0,0,0,0,0,-,-,33.9465,-118.27967,LOS ANGELES,LOS ANGELES,-118.2797711,33.94651297
90599430,2017,2017-11-21,9565,2017-11-09,1715,020929,NA,4,2,7,1942,0,1,1,NA,2,064,I405 S/B (SAN DIEGO FREEWAY),SUNSET BLVD,10,S,N,A,-,Y,NA,NA,NA,NA,NA,NA,NA,NA,NA,Y,3,0,1,4,A,-,03,22350,NA,N,C,C,A,A,H,-,C,D,0,NA,NA,NA,Y,Y,NA,G,25,0,1,0,0,0,0,0,0,0,-,-,34.07292,-118.46678,LOS ANGELES,LOS ANGELES,-118.46669196,34.07274704
90599434,2017,2017-11-21,9565,2017-11-11,1948,021576,NA,6,2,6,1933,0,1,1,NA,2,060,I-405 N/B (SAN DIEGO FWY.),EL SEGUNDO BLVD.,425,N,N,B,-,Y,NA,NA,NA,NA,NA,NA,NA,NA,NA,Y,4,0,1,1,A,-,08,22107,NA,N,E,I,A,A,H,-,D,D,0,NA,NA,NA,NA,Y,Y,A,01,0,0,1,0,0,0,0,0,0,-,-,33.91659,-118.37002,LOS ANGELES,INGLEWOOD,-118.36990498,33.9174676
90599456,2017,2017-11-21,9525,2017-11-13,0520,020552,NA,1,3,4,1913,0,1,1,NA,2,219,SR-210 W/B (FOOTHILL FWY),BASELINE RD.,2640,W,N,A,-,Y,NA,NA,210,NA,NA,NA,NA,NA,W,Y,4,0,3,4,A,-,03,22350,NA,F,C,C,A,A,H,-,D,D,0,NA,NA,NA,NA,Y,NA,D,22,0,0,3,0,0,0,0,0,0,-,-,34.12019,-117.702,LOS ANGELES,CLAREMONT,-117.70199671,34.12016091
90599483,2017,2017-11-21,9545,2017-11-08,1245,012653,NA,3,1,9,1900,0,1,3,NA,2,021,SR-14 S/B,10TH ST  W,300,N,N,A,-,Y,NA,NA,NA,NA,NA,NA,NA,NA,NA,Y,3,0,2,3,C,-,18,NA,NA,N,C,C,A,A,H,-,A,D,0,NA,NA,NA,NA,Y,NA,-,-,0,1,1,0,0,0,0,0,0,-,-,34.60523,-118.14813,LOS ANGELES,UNINCORPORATED,NA,NA
90599497,2017,2017-11-21,9575,2017-11-15,1843,021879,NA,3,2,7,1942,0,1,3,NA,2,043,SR-134 E/B (VENTURA FREEWAY),FOREST LAWN DRIVE,1400,E,N,A,-,Y,NA,NA,134,NA,NA,NA,NA,NA,E,Y,4,0,1,2,A,-,07,21658,A,N,C,C,A,A,H,-,C,D,0,NA,NA,NA,NA,Y,NA,A,01,0,0,1,0,0,0,0,0,0,-,-,34.15602,-118.30638,LOS ANGELES,LOS ANGELES,-118.30636053,34.1559388
90599533,2017,2017-11-21,9590,2017-11-20,0140,021443,NA,1,3,7,1942,0,1,1,NA,2,063,I-10 W/B (SMF),GRAND AVENUE,200,W,N,A,-,Y,NA,NA,10,NA,NA,NA,NA,NA,W,N,4,0,1,1,A,-,08,22107,NA,N,E,I,A,A,H,-,C,D,0,NA,NA,NA,NA,Y,NA,A,01,0,0,1,0,0,0,0,0,0,-,-,34.03508,-118.26769,LOS ANGELES,LOS ANGELES,-118.26772277,34.0350227
90599548,2017,2017-11-21,9565,2017-11-14,1305,020239,NA,2,1,4,1918,0,1,1,NA,2,061,I-405 NORTHBOUND (SAN DIEGO FREEWAY),BALLONA CREEK,20,N,N,A,-,Y,NA,NA,405,NA,NA,NA,NA,NA,N,Y,4,0,1,3,A,-,03,22350,NA,N,C,C,A,A,H,-,A,D,0,NA,NA,NA,NA,Y,NA,A,01,0,0,1,0,0,0,0,0,0,-,-,33.99496,-118.40447,LOS ANGELES,CULVER CITY,-118.4046033,33.99485426
90599551,2017,2017-11-21,9525,2017-11-13,2100,021250,NA,1,2,9,1900,0,3,5,NA,2,002,GLENDORA MOUNTAIN RD.,GLENDORA RIDGE MTWY,9000,N,N,A,-,N,NA,NA,NA,NA,NA,NA,NA,NA,NA,Y,4,0,2,1,A,-,08,22107,NA,N,E,J,A,A,H,-,D,D,0,NA,NA,NA,NA,Y,NA,A,01,0,0,2,0,0,0,0,0,0,-,-,34.19924,-117.83407,LOS ANGELES,UNINCORPORATED,-117.8308806,34.20008589
90599592,2017,2017-11-21,9580,2017-11-08,1800,019952,NA,3,2,7,1942,0,1,2,NA,2,104,US-101 N/B (VENTURA FREEWAY),WINNETKA AVE,1320,N,N,A,-,Y,NA,NA,101,NA,NA,NA,NA,NA,N,Y,4,0,1,4,A,-,03,22350,NA,N,C,C,A,A,H,-,D,D,0,NA,NA,NA,NA,Y,NA,A,01,0,0,1,0,0,0,0,0,0,-,-,34.1701,-118.5769,LOS ANGELES,LOS ANGELES,-118.57689678,34.17009148
90599598,2017,2017-11-21,9580,2017-11-08,0820,019451,NA,3,1,7,1942,0,1,2,NA,2,104,US-101 N/B (VENTURA FREEWAY),WINNETKA AVE,528,S,N,A,-,Y,NA,NA,101,NA,NA,NA,NA,NA,N,Y,4,0,1,2,A,-,03,22350,NA,N,C,C,A,A,H,-,A,D,0,NA,NA,NA,NA,Y,NA,A,01,0,0,1,0,0,0,0,0,0,-,-,34.17282,-118.56945,LOS ANGELES,LOS ANGELES,-118.5694285,34.17272594
90599603,2017,2017-11-21,9580,2017-11-08,0750,019451,NA,3,1,7,1942,0,1,2,NA,2,105,US-101 S/B (VENTURA FREEWAY),CORBIN AVE,300,S,N,A,-,Y,NA,NA,101,NA,NA,NA,NA,NA,S,Y,4,0,1,3,A,-,07,21658,A,N,B,C,A,A,H,-,A,D,0,NA,NA,Y,NA,Y,NA,A,01,0,0,1,0,0,0,0,0,1,-,-,34.17329,-118.56187,LOS ANGELES,LOS ANGELES,-118.56187605,34.17336011
90599608,2017,2017-11-21,9580,2017-11-08,0805,016523,NA,3,1,7,1942,0,1,1,NA,2,407,I-405 S/B TO ROSCOE BLVD,ROSCOE BLVD,45,N,N,A,-,Y,NA,NA,405,NA,NA,NA,R,NA,S,N,4,0,1,2,A,-,07,21658,A,N,B,C,A,A,H,-,A,D,0,NA,NA,NA,Y,Y,NA,G,27,0,0,1,0,0,0,0,0,0,-,-,34.22174,-118.47371,LOS ANGELES,LOS ANGELES,-118.47371,34.22174