CASE_ID,ACCIDENT_YEAR,PROC_DATE,JURIS,COLLISION_DATE,COLLISION_TIME,OFFICER_ID,REPORTING_DISTRICT,DAY_OF_WEEK,CHP_SHIFT,POPULATION,CNTY_CITY_LOC,SPECIAL_COND,BEAT_TYPE,CHP_BEAT_TYPE,CITY_DIVISION_LAPD,CHP_BEAT_CLASS,BEAT_NUMBER,PRIMARY_RD,SECONDARY_RD,DISTANCE,DIRECTION,INTERSECTION,WEATHER_1,WEATHER_2,STATE_HWY_IND,CALTRANS_COUNTY,CALTRANS_DISTRICT,STATE_ROUTE,ROUTE_SUFFIX,POSTMILE_PREFIX,POSTMILE,LOCATION_TYPE,RAMP_INTERSECTION,SIDE_OF_HWY,TOW_AWAY,COLLISION_SEVERITY,NUMBER_KILLED,NUMBER_INJURED,PARTY_COUNT,PRIMARY_COLL_FACTOR,PCF_CODE_OF_VIOL,PCF_VIOL_CATEGORY,PCF_VIOLATION,PCF_VIOL_SUBSECTION,HIT_AND_RUN,TYPE_OF_COLLISION,MVIW,PED_ACTION,ROAD_SURFACE,ROAD_COND_1,ROAD_COND_2,LIGHTING,CONTROL_DEVICE,CHP_ROAD_TYPE,PEDESTRIAN_ACCIDENT,BICYCLE_ACCIDENT,MOTORCYCLE_ACCIDENT,TRUCK_ACCIDENT,NOT_PRIVATE_PROPERTY,ALCOHOL_INVOLVED,STWD_VEHTYPE_AT_FAULT,CHP_VEHTYPE_AT_FAULT,COUNT_SEVERE_INJ,COUNT_VISIBLE_INJ,COUNT_COMPLAINT_PAIN,COUNT_PED_KILLED,COUNT_PED_INJURED,COUNT_BICYCLIST_KILLED,COUNT_BICYCLIST_INJURED,COUNT_MC_KILLED,COUNT_MC_INJURED,PRIMARY_RAMP,SECONDARY_RAMP,LATITUDE,LONGITUDE,COUNTY,CITY,POINT_X,POINT_Y
90599614,2017,2017-12-19,9535,2017-11-13,1105,016277,NA,1,1,9,1900,0,3,5,NA,2,002,VIA SAN DELARRO STREET (5200 BLOCK),VIA CAMPO STREET,184,E,N,A,-,N,NA,NA,NA,NA,NA,NA,NA,NA,NA,N,3,0,1,2,A,-,21,22106,NA,N,H,E,A,A,H,-,A,D,0,NA,NA,NA,NA,Y,NA,A,07,0,1,0,0,0,0,0,0,0,-,-,34.03202,-118.1516,LOS ANGELES,UNINCORPORATED,-118.15164981,34.03202331
90599617,2017,2017-11-21,9575,2017-11-15,0820,017354,NA,3,1,7,1942,0,1,1,NA,2,052,I-5 S/B (GOLDEN STATE FREEWAY),PENROSE ST. U/C,450,N,N,A,-,Y,NA,NA,5,NA,NA,NA,NA,NA,S,N,4,0,1,2,A,-,07,21658,A,N,B,C,A,A,H,-,A,D,0,NA,NA,NA,NA,Y,NA,A,01,0,0,1,0,0,0,0,0,0,-,-,34.2265,-118.3771,LOS ANGELES,LOS ANGELES,-118.37709835,34.22650986
90599621,2017,2017-11-21,9580,2017-11-08,1735,020400,NA,3,2,7,1942,0,1,2,NA,2,104,US-101 N/B (VENTURA FREEWAY),TOPANGA CANYON BLVD,500,S,N,A,-,Y,NA,NA,101,NA,NA,NA,NA,NA,N,Y,4,0,2,2,A,-,03,22350,NA,N,C,C,A,A,H,-,C,D,0,NA,NA,NA,NA,Y,NA,A,07,0,0,2,0,0,0,0,0,0,-,-,34.17002,-118.60076,LOS ANGELES,LOS ANGELES,-118.60075375,34.17006061
90599625,2017,2017-11-21,9525,2017-11-14,1355,019264,NA,2,1,5,1906,0,1,1,NA,2,103,I-10 W/B TO BALDWIN PARK BLVD.,BALDWIN PARK BLVD,154,E,N,A,-,Y,NA,NA,10,NA,NA,NA,R,NA,W,Y,4,0,1,4,A,-,03,22350,NA,N,E,I,A,A,H,-,A,D,0,NA,NA,NA,NA,Y,NA,A,07,0,0,1,0,0,0,0,0,0,-,-,34.06872,-117.97991,LOS ANGELES,BALDWIN PARK,-117.97991,34.06872
90599627,2017,2017-11-21,9580,2017-11-08,0530,016088,NA,3,3,7,1942,0,1,3,NA,2,171,SR-170 S/B (HOLLYWOOD FWY.),CHANDLER BLVD,100,N,N,A,-,Y,NA,NA,170,NA,NA,NA,NA,NA,S,N,4,0,1,2,A,-,03,22350,NA,N,C,C,A,A,H,-,D,D,0,NA,NA,NA,NA,Y,NA,A,01,0,0,1,0,0,0,0,0,0,-,-,34.1648,-118.38348,LOS ANGELES,LOS ANGELES,-118.38288603,34.16505976
90599639,2017,2017-11-21,9590,2017-11-19,1110,021606,NA,7,1,7,1942,0,1,1,NA,2,052,I-110 N/B (HARBOR FREEWAY),I-10 (SANTA MONICA FREEWAY),20,S,N,A,-,Y,NA,NA,110,NA,NA,NA,NA,NA,N,Y,3,0,1,4,A,-,03,22350,NA,N,C,C,A,A,H,-,A,D,0,NA,NA,NA,NA,Y,NA,A,01,0,1,0,0,0,0,0,0,0,-,-,34.03797,-118.27392,LOS ANGELES,LOS ANGELES,-118.27392884,34.03797128
90599651,2017,2017-11-21,9565,2017-11-14,0045,021729,NA,2,3,5,1928,0,1,1,NA,2,060,I-405 S/B (SAN DIEGO FREEWAY),I-105,200,S,N,A,-,Y,NA,NA,405,NA,NA,NA,NA,NA,S,Y,3,0,1,2,A,-,03,22350,NA,N,C,C,A,A,H,-,C,D,0,NA,NA,NA,NA,Y,NA,A,01,0,1,0,0,0,0,0,0,0,-,-,33.92744,-118.36841,LOS ANGELES,HAWTHORNE,-118.36856205,33.92743731
90599661,2017,2017-11-21,9580,2017-11-09,1934,019952,NA,4,2,9,1900,0,1,2,NA,2,109,US-101 S/B (VENTURA FREEWAY),LIBERTY CANYON RD,1320,N,N,B,-,Y,NA,NA,101,NA,NA,NA,NA,NA,S,Y,4,0,1,1,A,-,03,22350,NA,N,E,I,A,A,H,-,D,D,0,NA,NA,NA,NA,Y,NA,A,01,0,0,1,0,0,0,0,0,0,-,-,34.1406,-118.7329,LOS ANGELES,UNINCORPORATED,-118.73292833,34.14055671
90599666,2017,2017-11-21,9550,2017-11-09,2215,021263,NA,4,3,3,1964,0,1,1,NA,2,501,INTERSTATE 5 N/B TO VALLEY VIEW AVENUE,VALLEY VIEW AVENUE,440,S,N,A,-,Y,NA,NA,5,NA,NA,NA,R,NA,N,Y,3,0,1,1,A,-,01,23152,A,N,E,I,A,A,H,-,C,D,0,NA,NA,NA,NA,Y,Y,A,01,0,1,0,0,0,0,0,0,0,-,-,33.8837,-118.02754,LOS ANGELES,SANTA FE SPRINGS,-118.02754,33.8837
90599674,2017,2017-11-21,9580,2017-11-09,1150,016413,NA,4,1,7,1942,0,1,2,NA,2,103,US-101 S/B (VENTURA FREEWAY),VAN NUYS BLVD,528,S,N,A,-,Y,NA,NA,NA,NA,NA,NA,NA,NA,NA,Y,4,0,1,2,A,-,03,22350,NA,N,C,C,A,A,H,-,A,D,0,NA,NA,NA,NA,Y,NA,A,01,0,0,1,0,0,0,0,0,0,-,-,34.15714,-118.4451,LOS ANGELES,LOS ANGELES,-118.44713937,34.15624144
90599679,2017,2017-11-21,9565,2017-11-15,1950,019443,NA,3,2,7,1942,0,1,1,NA,2,063,I-405 S/B (SAN DIEGO FREEWAY),SANTA MONICA BLVD,1500,S,N,A,-,Y,NA,NA,405,NA,NA,NA,NA,NA,S,N,4,0,1,3,A,-,08,22107,NA,N,B,C,A,A,H,-,C,D,0,NA,NA,NA,NA,Y,NA,A,01,0,0,1,0,0,0,0,0,0,-,-,34.04345,-118.44381,LOS ANGELES,LOS ANGELES,-118.44379537,34.04346262
90599699,2017,2017-11-21,9580,2017-11-09,1425,019715,NA,4,2,7,1942,0,1,1,NA,2,404,I-405 N/B (SAN DIEGO FWY),BURBANK BLVD,2640,N,N,A,-,Y,NA,NA,405,NA,NA,NA,NA,NA,N,Y,4,0,2,3,A,-,03,22350,NA,N,C,C,A,A,H,-,A,D,0,NA,NA,NA,NA,Y,NA,A,01,0,0,2,0,0,0,0,0,0,-,-,34.18045,-118.47042,LOS ANGELES,LOS ANGELES,-118.47042532,34.18044608
90599704,2017,2017-11-21,9565,2017-11-14,1557,017574,NA,2,2,4,1918,0,1,1,NA,2,061,INTERSTATE 405 SOUTHBOUND,VENICE BLVD.,200,S,N,A,-,Y,NA,NA,405,NA,NA,NA,NA,NA,S,Y,4,0,1,2,A,-,07,21658,A,N,B,C,A,A,H,-,A,D,0,NA,NA,Y,NA,Y,NA,A,01,0,0,1,0,0,0,0,0,1,-,-,34.011,-118.417,LOS ANGELES,CULVER CITY,-118.41738253,34.01069795
90599717,2017,2017-11-21,9580,2017-11-09,1623,018185,NA,4,2,9,1900,0,1,2,NA,2,107,US-101 S/B (VENTURA FREEWAY),VALLEY CIRCLE BLVD,1056,N,N,B,-,Y,NA,NA,101,NA,NA,NA,NA,NA,S,N,4,0,1,3,A,-,03,22350,NA,N,C,C,A,A,H,-,B,D,0,NA,NA,NA,NA,Y,NA,A,01,0,0,1,0,0,0,0,0,0,-,-,34.15666,-118.64424,LOS ANGELES,UNINCORPORATED,-118.64424812,34.1566784
90599727,2017,2017-11-21,9550,2017-11-13,0635,019939,NA,1,1,5,1919,0,1,1,NA,2,652,INTERSTATE 605 N/B,ALONDRA BOULEVARD,500,S,N,A,-,Y,NA,NA,605,NA,NA,NA,NA,NA,N,N,4,0,2,2,A,-,08,22107,NA,N,C,C,A,A,H,-,A,D,0,NA,NA,NA,NA,Y,NA,A,01,0,0,2,0,0,0,0,0,0,-,-,33.88688,-118.10404,LOS ANGELES,CERRITOS,-118.10423696,33.88686849
90599730,2017,2017-11-21,9580,2017-11-09,0825,020836,NA,4,1,7,1942,0,1,1,NA,2,405,I-405 S/B (SAN DIEGO FWY),VENTURA BLVD,100,S,N,A,-,Y,NA,NA,405,NA,NA,NA,NA,NA,S,N,4,0,1,2,A,-,08,22107,NA,N,B,C,A,A,H,-,A,D,0,NA,NA,Y,NA,Y,NA,A,01,0,0,1,0,0,0,0,0,1,-,-,34.15435,-118.46826,LOS ANGELES,LOS ANGELES,-118.46824666,34.15435235
90599781,2017,2017-11-21,9590,2017-11-17,1815,021583,NA,5,2,7,1942,0,1,2,NA,2,073,US-101 S/B (HOLLYWOOD FREEWAY),UNIVERSAL STUDIOS BOULEVARD,700,S,N,A,-,Y,NA,NA,101,NA,NA,NA,NA,NA,S,N,4,0,1,2,A,-,03,22350,NA,N,C,C,A,A,H,-,C,D,0,NA,NA,NA,Y,Y,NA,F,25,0,0,1,0,0,0,0,0,0,-,-,34.13146,-118.35,LOS ANGELES,LOS ANGELES,-118.34997438,34.13148627
90599788,2017,2017-11-21,9590,2017-11-15,1933,021917,NA,3,2,7,1942,0,1,2,NA,2,072,US-101 N/B,MELROSE AVE.,200,N,N,A,-,Y,NA,NA,101,NA,NA,NA,NA,NA,N,Y,3,0,1,1,A,-,08,22107,NA,N,F,A,A,A,H,-,C,D,0,NA,NA,Y,NA,Y,NA,C,02,0,1,0,0,0,0,0,0,1,-,-,34.08045,-118.29289,LOS ANGELES,LOS ANGELES,-118.29273447,34.08075793
90599792,2017,2017-11-21,9530,2017-11-08,0545,021004,NA,3,3,7,1942,0,1,1,NA,2,200,I-105 W/B (GLENN ANDERSON FWY),SAN PEDRO ST.,321,W,N,B,-,Y,NA,NA,105,NA,NA,NA,NA,NA,W,Y,4,0,1,2,A,-,07,21658,A,N,B,C,A,A,H,-,C,D,0,NA,NA,Y,NA,Y,NA,A,07,0,0,1,0,0,0,0,0,1,-,-,33.92749,-118.27022,LOS ANGELES,LOS ANGELES,-118.27020613,33.92769416
90599932,2017,2017-11-21,9590,2017-10-31,2330,018529,NA,2,3,7,1942,0,1,1,NA,2,052,I-110 N/B,OLYMPIC BLVD.,400,N,N,B,-,Y,NA,NA,110,NA,NA,NA,NA,NA,N,Y,3,0,1,3,A,-,03,22350,NA,F,C,C,A,A,H,-,C,D,0,NA,NA,Y,NA,Y,NA,D,22,0,1,0,0,0,0,0,0,1,-,-,34.04733,-118.26744,LOS ANGELES,LOS ANGELES,-118.26743616,34.04732372
90599933,2017,2017-11-21,9535,2017-11-12,1435,021773,NA,7,2,9,1900,0,3,5,NA,2,001,ALMA AVE. (300 BLOCK),CESAR E. CHAVEZ AVE.,180,S,N,A,-,N,NA,NA,NA,NA,NA,NA,NA,NA,NA,N,3,0,1,2,A,-,21,22106,NA,N,G,B,D,A,H,-,A,D,0,Y,NA,NA,NA,Y,NA,A,07,0,1,0,0,1,0,0,0,0,-,-,34.03999,-118.19143,LOS ANGELES,UNINCORPORATED,-118.19140013,34.04000646
90599958,2017,2017-11-21,9535,2017-11-15,1325,019540,NA,3,1,5,1901,0,1,1,NA,2,420,I-10 E/B (SAN BERNARDINO FREEWAY),ALMANSOR ST OVPS,200,W,N,A,-,Y,NA,NA,10,NA,NA,NA,NA,NA,E,Y,4,0,1,3,A,-,03,22350,NA,N,C,C,A,A,H,-,A,D,0,NA,NA,NA,NA,Y,NA,D,22,0,0,1,0,0,0,0,0,0,-,-,34.07155,-118.11762,LOS ANGELES,ALHAMBRA,-118.11761967,34.07152365
90599963,2017,2017-11-21,9535,2017-11-15,1425,020767,NA,3,2,5,1901,0,1,1,NA,2,420,I-10 (SAN BERNARDINO FREEWAY) E/B,FREMONT AVE,1000,E,N,A,-,Y,NA,NA,10,NA,NA,NA,NA,NA,E,Y,4,0,1,3,A,-,03,22350,NA,N,C,C,A,A,H,-,A,D,0,NA,NA,NA,NA,Y,NA,D,22,0,0,1,0,0,0,0,0,0,-,-,34.07137,-118.13063,LOS ANGELES,ALHAMBRA,-118.13062983,34.07135717
90599968,2017,2017-11-21,9525,2017-11-04,1155,021748,NA,6,1,5,1990,0,1,3,NA,2,583,SR-57 S/B (ORANGE FWY),DIAMOND BAR BLVD.,2640,S,N,A,-,Y,NA,NA,57,NA,NA,NA,NA,NA,S,Y,3,0,1,1,A,-,03,22350,NA,N,E,I,A,A,H,-,A,D,0,NA,NA,Y,NA,Y,NA,C,02,0,1,0,0,0,0,0,0,1,-,-,33.96156,-117.85403,LOS ANGELES,DIAMOND BAR,-117.85410042,33.96164323
90599969,2017,2017-11-21,9530,2017-11-10,1850,021541,NA,5,2,7,1942,0,1,1,NA,2,110,I-110 S/B (HARBOR FREEWAY),104TH ST.,300,N,N,A,-,Y,NA,NA,110,NA,NA,NA,NA,NA,S,Y,4,0,2,2,A,-,03,22350,NA,F,C,C,A,A,H,-,D,D,0,NA,NA,NA,NA,Y,NA,-,99,0,0,2,0,0,0,0,0,0,-,-,33.9424,-118.28007,LOS ANGELES,LOS ANGELES,-118.28009355,33.94239998
9059997,2019,2020-03-03,1948,2019-12-23,2257,465,1948,1,5,5,1948,0,0,0,NA,0,001,100TH AV,EL PORTAL PL,394,S,N,B,-,N,NA,NA,NA,NA,NA,NA,NA,NA,NA,N,2,0,1,3,A,-,03,22350,NA,N,C,E,A,B,G,-,C,D,0,NA,NA,NA,NA,Y,NA,A,01,1,0,0,0,0,0,0,0,0,-,-,34.05419158935547,-118.13606262207033,LOS ANGELES,MONTEREY PARK,NA,NA
9059998,2019,2020-03-03,1948,2019-12-29,1747,465,1948,7,5,5,1948,0,0,0,NA,0,002,EMERSON AV,YNEZ AV,81,E,N,A,-,N,NA,NA,NA,NA,NA,NA,NA,NA,NA,N,4,0,1,1,A,-,03,22350,NA,N,E,I,A,A,H,-,C,D,0,NA,NA,NA,NA,Y,NA,A,07,0,0,1,0,0,0,0,0,0,-,-,34.06610107421875,-118.1291275024414,LOS ANGELES,MONTEREY PARK,-118.12892150878906,34.06612777709961
90599992,2017,2017-11-21,9580,2017-11-08,1745,019715,NA,3,2,7,1942,0,1,2,NA,2,100,US-101 N/B (VENTURA FREEWAY),COLFAX AVE,100,N,N,A,-,Y,NA,NA,101,NA,NA,NA,NA,NA,N,N,4,0,2,2,A,-,03,22350,NA,N,C,C,A,A,H,-,D,D,0,NA,NA,NA,NA,Y,NA,A,01,0,0,2,0,0,0,0,0,0,-,-,34.1546,-118.38775,LOS ANGELES,LOS ANGELES,-118.38774989,34.15455314
90600002,2017,2017-11-21,9535,2017-11-16,1635,021599,NA,4,2,5,1947,0,1,3,NA,2,600,SR-60 (POMONA FREEWAY) E/B,MARKLAND DRIVE,350,W,N,A,-,Y,NA,NA,60,NA,NA,NA,NA,NA,E,Y,4,0,1,2,A,-,03,22350,NA,N,C,C,A,A,H,-,B,D,0,NA,NA,Y,NA,Y,NA,C,02,0,0,1,0,0,0,0,0,1,-,-,34.0331,-118.1186,LOS ANGELES,MONTEBELLO,-118.1186009,34.03317643
90600005,2017,2017-11-21,9590,2017-11-20,0740,016689,NA,1,1,7,1942,0,1,1,NA,2,062,I-10 E/B,GRAND AVENUE,10,E,N,A,-,Y,NA,NA,10,NA,NA,NA,NA,NA,E,Y,3,0,5,3,A,-,03,22350,NA,N,C,C,A,A,H,-,A,D,0,NA,NA,NA,NA,Y,NA,A,01,0,1,4,0,0,0,0,0,0,-,-,34.03432,-118.26715,LOS ANGELES,LOS ANGELES,-118.26708437,34.03443726
90600008,2017,2017-11-21,9590,2017-10-28,0355,021346,NA,6,3,7,1942,0,1,1,NA,2,010,SR-110 N/B (ARROYO SECO PARKWAY),STADIUM WAY,425,S,N,A,-,Y,NA,NA,110,NA,NA,NA,NA,NA,N,Y,3,0,1,1,A,-,08,22107,NA,N,E,I,A,A,H,-,C,D,0,NA,NA,NA,NA,Y,NA,A,01,0,1,0,0,0,0,0,0,0,-,-,34.07038,-118.23528,LOS ANGELES,LOS ANGELES,-118.23527341,34.07037836
90600014,2017,2017-11-21,9590,2017-11-20,1650,021133,NA,1,2,7,1942,0,1,1,NA,2,065,I-10 W/B (SANTA MONICA FREEWAY),LOS ANGELES RIVER,200,W,N,A,-,Y,NA,NA,10,NA,NA,NA,NA,NA,W,N,4,0,1,2,A,-,03,22350,NA,N,C,C,A,A,H,-,A,D,0,NA,NA,NA,NA,Y,NA,A,07,0,0,1,0,0,0,0,0,0,-,-,34.029,-118.22716,LOS ANGELES,LOS ANGELES,-118.2271935,34.02915829
90600015,2017,2017-11-21,9590,2017-10-22,1440,021883,NA,7,2,7,1942,0,1,1,NA,2,060,I-10 E/B (SANTA MONICA FREEWAY),10TH AVENUE,430,W,N,A,-,Y,NA,NA,10,NA,NA,NA,NA,NA,E,Y,4,0,1,2,A,-,07,21658,A,M,B,C,A,A,H,-,A,D,0,NA,NA,NA,NA,Y,NA,-,99,0,0,1,0,0,0,0,0,0,-,-,34.03511,-118.32962,LOS ANGELES,LOS ANGELES,-118.32962242,34.03514674
90600028,2017,2017-11-22,9525,2017-11-16,1650,019379,NA,4,2,4,1946,0,1,1,NA,2,202,I-210 E/B (FOOTHILL FWY),MYRTLE AVE,1320,E,N,B,-,Y,NA,NA,210,NA,NA,NA,NA,NA,E,N,4,0,2,2,A,-,03,22350,NA,M,C,C,A,A,H,-,D,D,0,NA,NA,NA,NA,Y,NA,A,07,0,0,2,0,0,0,0,0,0,-,-,34.13547,-117.99594,LOS ANGELES,MONROVIA,-117.99594113,34.13535303
90600030,2017,2017-11-22,9550,2017-11-14,0815,10000,NA,2,1,6,1920,0,1,1,NA,2,500,I-5 (SANTA ANA FREEWAY) S/B,LAKEWOOD BLVD,300,S,N,A,-,Y,NA,NA,5,NA,NA,NA,NA,NA,S,Y,4,0,2,3,A,-,03,22350,NA,N,C,C,A,A,H,-,A,D,0,NA,NA,NA,NA,Y,NA,E,22,0,0,2,0,0,0,0,0,0,-,-,33.95605,-118.10929,LOS ANGELES,DOWNEY,-118.10931081,33.95602116
90600037,2017,2017-11-22,9550,2017-11-14,1337,10000,NA,2,1,9,1900,0,3,5,NA,2,002,"SUNDANCE AVE, 13600 BLOCK",LELAND AVE,5,E,N,A,-,N,NA,NA,NA,NA,NA,NA,NA,NA,NA,N,4,0,1,2,A,-,10,21950,A,N,G,B,B,A,H,-,A,A,0,Y,NA,NA,NA,Y,NA,D,22,0,0,1,0,1,0,0,0,0,-,-,33.93497,-118.04193,LOS ANGELES,UNINCORPORATED,-118.0419938,33.93489765
90600062,2017,2017-11-22,9590,2017-11-15,1820,018997,NA,3,2,7,1942,0,1,3,NA,2,031,SR-60 W/B (POMONA FREEWAY),LORENA ST.,850,W,N,A,-,Y,NA,NA,NA,NA,NA,NA,NA,NA,NA,N,3,0,2,3,A,-,03,22350,NA,N,C,C,A,A,H,-,C,D,0,NA,NA,NA,NA,Y,NA,A,01,0,1,1,0,0,0,0,0,0,-,-,34.78569,-118.55686,LOS ANGELES,LOS ANGELES,-118.20261051,34.02907564
90600065,2017,2018-01-31,9590,2017-11-20,1800,020527,NA,1,2,7,1942,0,1,1,NA,2,064,I-10 E/B (SMF) TO I-5 N/B (GSF),LOS ANGELES RIVER,800,E,N,A,-,Y,NA,NA,10,NA,NA,NA,R,NA,E,N,3,0,1,2,A,-,03,22350,NA,N,C,C,A,A,H,-,C,D,0,NA,NA,NA,NA,Y,NA,A,01,0,1,0,0,0,0,0,0,0,-,-,34.03022,-118.22343,LOS ANGELES,LOS ANGELES,-118.22343,34.03022
90600128,2017,2017-11-22,9535,2017-11-09,1305,021880,NA,4,1,9,1900,1,2,4,NA,2,018,3RD ST E/B,DOWNEY RD,0,NA,Y,A,-,N,NA,NA,NA,NA,NA,NA,NA,NA,NA,Y,3,0,2,2,A,-,09,21453,C,N,D,C,A,A,H,-,A,A,0,NA,NA,NA,NA,Y,NA,-,-,0,2,0,0,0,0,0,0,0,-,-,34.03343,-118.18102,LOS ANGELES,UNINCORPORATED,-118.18021013,34.03344005
90600153,2017,2017-11-22,9565,2017-11-15,1225,021892,NA,3,1,9,1900,0,3,5,NA,2,003,55TH STREET EAST,REYNIER AVENUE,56,W,N,A,-,N,NA,NA,NA,NA,NA,NA,NA,NA,NA,Y,3,0,1,3,A,-,03,22350,NA,N,B,C,A,A,H,-,A,D,0,NA,NA,NA,NA,Y,NA,A,01,0,1,0,0,0,0,0,0,0,-,-,33.99231,-118.37613,LOS ANGELES,UNINCORPORATED,-118.37602865,33.99225193
90600155,2017,2017-11-22,9545,2017-11-11,0525,018097,NA,6,3,9,1900,0,1,3,NA,2,031,SR-14 N/B (ANTELOPE VALLEY FWY),SANTIAGO RD,3225,N,N,A,-,Y,NA,NA,14,NA,NA,NA,NA,NA,N,Y,3,0,1,1,A,-,01,23152,A,N,E,I,A,A,H,-,C,D,0,NA,NA,NA,NA,Y,Y,A,01,0,1,0,0,0,0,0,0,0,-,-,34.48525,-118.1527,LOS ANGELES,UNINCORPORATED,-118.15269812,34.4851838
90600159,2017,2017-11-22,9550,2017-11-15,1510,021202,NA,3,2,9,1900,0,2,4,NA,1,041,HALLIBURTON ROAD,STIMSON AVENUE,0,NA,Y,A,-,N,NA,NA,NA,NA,NA,NA,NA,NA,NA,Y,4,0,2,2,A,-,17,21451,A,N,A,C,A,A,H,-,A,A,0,NA,NA,NA,NA,Y,NA,A,01,0,0,2,0,0,0,0,0,0,-,-,33.99608,-117.96365,LOS ANGELES,UNINCORPORATED,-117.96359011,33.99640011
90600165,2017,2017-11-22,9550,2017-11-15,1700,020340,NA,3,2,3,1964,0,1,1,NA,2,650,I-605 N/B,SLAUSON AVENUE,300,S,N,A,-,Y,NA,NA,605,NA,NA,NA,NA,NA,N,N,4,0,2,5,A,-,03,22350,NA,N,C,C,A,A,H,-,D,D,0,NA,NA,NA,NA,Y,NA,D,22,0,0,2,0,0,0,0,0,0,-,-,33.9647,-118.0844,LOS ANGELES,SANTA FE SPRINGS,-118.08427893,33.96465033
90600166,2017,2017-11-22,9575,2017-10-26,1717,017491,NA,4,2,6,1953,0,1,1,NA,2,064,I-210 W/B (FOOTHILL FREEWAY),ALLEN AVE.,700,E,N,A,-,Y,NA,NA,210,NA,NA,NA,NA,NA,W,N,4,0,1,3,A,-,03,22350,NA,M,C,C,A,A,H,-,A,D,0,NA,NA,NA,NA,Y,NA,-,99,0,0,1,0,0,0,0,0,0,-,-,34.152590000000004,-118.11032,LOS ANGELES,PASADENA,-118.11032176,34.1526782
90600167,2017,2017-11-22,9565,2017-11-17,1343,021663,NA,5,1,7,1942,0,1,1,NA,2,063,I-405 S/B (SAN DIEGO FREEWAY),SUNSET BLVD.,1000,S,N,A,-,Y,NA,NA,405,NA,NA,NA,NA,NA,S,N,4,0,2,2,A,-,03,22350,NA,N,C,C,A,A,H,-,A,D,0,NA,NA,NA,NA,Y,NA,A,07,0,0,2,0,0,0,0,0,0,-,-,34.07163,-118.46589,LOS ANGELES,LOS ANGELES,-118.46584916,34.07166367
90600176,2017,2017-11-22,9540,2017-11-15,1525,021820,NA,3,2,9,1900,0,2,4,NA,1,201,SIERRA HIGHWAY (16400 BLOCK),ARLINE STREET,15,S,N,A,-,Y,NA,NA,NA,NA,NA,NA,NA,NA,NA,Y,3,0,1,2,A,-,03,22350,NA,N,C,C,A,A,H,-,A,D,0,NA,NA,NA,NA,Y,NA,A,01,0,1,0,0,0,0,0,0,0,-,-,34.4486,-118.42471,LOS ANGELES,UNINCORPORATED,-118.42476071,34.44864767
90600197,2017,2017-11-22,9535,2017-11-12,1520,021778,NA,7,2,6,1922,0,1,1,NA,2,401,I-10 (SAN BERNARDINO FREEWAY) W/B,SANTA ANITA AVE.,500,E,N,A,-,Y,NA,NA,10,NA,NA,NA,NA,NA,W,Y,3,0,2,3,A,-,07,21658,A,M,B,C,A,A,H,-,A,D,0,NA,NA,Y,NA,Y,NA,A,01,0,2,0,0,0,0,0,0,2,-,-,34.0682,-118.0367,LOS ANGELES,EL MONTE,-118.03669865,34.06821654
90600244,2017,2017-11-22,9550,2017-11-15,2005,021532,NA,3,2,3,1964,0,1,1,NA,2,651,INTERSTATE 605 S/B,INTERSTATE 5 (SANTA ANA FREEWAY),10,S,N,A,-,Y,NA,NA,NA,NA,NA,NA,NA,NA,NA,Y,4,0,1,3,A,-,03,22350,NA,N,C,C,A,A,H,-,C,D,0,NA,NA,NA,NA,Y,NA,A,01,0,0,1,0,0,0,0,0,0,-,-,33.94647,-118.09159,LOS ANGELES,SANTA FE SPRINGS,-118.09673415,33.94116524
90600247,2017,2017-11-22,9565,2017-11-18,1655,021632,NA,6,2,4,1918,0,1,1,NA,2,061,I-405 N/B (SAN DIEGO FREEWAY),BRADDOCK DRIVE,400,S,N,A,-,Y,NA,NA,405,NA,NA,NA,NA,NA,N,Y,4,0,2,2,A,-,03,22350,NA,N,C,C,A,A,H,-,C,D,0,NA,NA,NA,NA,Y,NA,A,01,0,0,2,0,0,0,0,0,0,-,-,33.99835,-118.40737,LOS ANGELES,CULVER CITY,-118.40737196,33.99834845
90600250,2017,2017-11-22,9535,2017-11-15,1630,018188,NA,3,2,9,1900,0,1,3,NA,2,601,SR-60 W/B (POMONA FREEWAY),BELVEDERE POC,900,E,N,A,-,Y,NA,NA,60,NA,NA,NA,NA,NA,W,N,4,0,1,2,A,-,03,22350,NA,N,C,C,A,A,H,-,A,D,0,NA,NA,NA,NA,Y,NA,A,01,0,0,1,0,0,0,0,0,0,-,-,34.0369,-118.1561,LOS ANGELES,UNINCORPORATED,-118.1560992,34.0367475
90600294,2017,2017-11-22,9535,2017-11-03,1815,021778,NA,5,2,9,1900,0,3,5,NA,2,002,VANCOUVER AVE. (1100 BLOCK),OLYMPIC BLVD.,140,N,N,A,-,N,NA,NA,NA,NA,NA,NA,NA,NA,NA,N,4,0,1,2,A,-,03,22350,NA,N,G,B,D,A,H,-,B,D,0,Y,NA,NA,NA,Y,NA,N,60,0,0,1,0,1,0,0,0,0,-,-,34.0173,-118.1608,LOS ANGELES,UNINCORPORATED,-118.16089527,34.01719183