CASE_ID,ACCIDENT_YEAR,PROC_DATE,JURIS,COLLISION_DATE,COLLISION_TIME,OFFICER_ID,REPORTING_DISTRICT,DAY_OF_WEEK,CHP_SHIFT,POPULATION,CNTY_CITY_LOC,SPECIAL_COND,BEAT_TYPE,CHP_BEAT_TYPE,CITY_DIVISION_LAPD,CHP_BEAT_CLASS,BEAT_NUMBER,PRIMARY_RD,SECONDARY_RD,DISTANCE,DIRECTION,INTERSECTION,WEATHER_1,WEATHER_2,STATE_HWY_IND,CALTRANS_COUNTY,CALTRANS_DISTRICT,STATE_ROUTE,ROUTE_SUFFIX,POSTMILE_PREFIX,POSTMILE,LOCATION_TYPE,RAMP_INTERSECTION,SIDE_OF_HWY,TOW_AWAY,COLLISION_SEVERITY,NUMBER_KILLED,NUMBER_INJURED,PARTY_COUNT,PRIMARY_COLL_FACTOR,PCF_CODE_OF_VIOL,PCF_VIOL_CATEGORY,PCF_VIOLATION,PCF_VIOL_SUBSECTION,HIT_AND_RUN,TYPE_OF_COLLISION,MVIW,PED_ACTION,ROAD_SURFACE,ROAD_COND_1,ROAD_COND_2,LIGHTING,CONTROL_DEVICE,CHP_ROAD_TYPE,PEDESTRIAN_ACCIDENT,BICYCLE_ACCIDENT,MOTORCYCLE_ACCIDENT,TRUCK_ACCIDENT,NOT_PRIVATE_PROPERTY,ALCOHOL_INVOLVED,STWD_VEHTYPE_AT_FAULT,CHP_VEHTYPE_AT_FAULT,COUNT_SEVERE_INJ,COUNT_VISIBLE_INJ,COUNT_COMPLAINT_PAIN,COUNT_PED_KILLED,COUNT_PED_INJURED,COUNT_BICYCLIST_KILLED,COUNT_BICYCLIST_INJURED,COUNT_MC_KILLED,COUNT_MC_INJURED,PRIMARY_RAMP,SECONDARY_RAMP,LATITUDE,LONGITUDE,COUNTY,CITY,POINT_X,POINT_Y
90607974,2017,2017-12-01,9545,2017-11-27,0600,015351,NA,1,1,9,1900,0,3,5,NA,2,004,PEARBLOSSOM HWY,OLD NADEAU RD,20,W,N,B,-,N,NA,NA,NA,NA,NA,NA,NA,NA,NA,Y,4,0,1,2,A,-,03,22350,NA,N,F,A,A,B,H,-,B,D,0,NA,NA,Y,NA,Y,NA,C,02,0,0,1,0,0,0,0,0,0,-,-,34.53512,-118.08543,LOS ANGELES,UNINCORPORATED,-118.0960142,34.52367311
9060801,2020,2020-03-06,1942,2020-02-05,1220,36599,1781,3,5,7,1942,0,0,0,Q,0,17A83,DESOTO AV,PARTHENIA ST,175,S,N,A,-,N,NA,NA,NA,NA,NA,NA,NA,NA,NA,Y,4,0,2,2,A,-,08,22102,NA,N,D,C,A,A,H,-,A,A,0,NA,NA,NA,NA,Y,NA,D,22,0,0,2,0,0,0,0,0,0,-,-,NA,NA,LOS ANGELES,LOS ANGELES,-118.58853912353516,34.22772979736328
9060802,2020,2020-05-20,1942,2020-02-02,1950,32774,1901,7,5,7,1942,0,0,0,NA,0,19A1,FOOTHILL BL,YARNELL ST,800,W,N,A,-,N,NA,NA,NA,NA,NA,NA,NA,NA,NA,Y,3,0,3,4,A,-,05,21650,NA,N,A,C,A,A,H,-,C,D,0,NA,NA,NA,NA,Y,NA,A,01,0,1,2,0,0,0,0,0,0,-,-,NA,NA,LOS ANGELES,LOS ANGELES,-118.48174285888672,34.321083068847656
90608035,2017,2017-12-01,9535,2017-11-22,0710,016276,NA,3,1,5,1959,0,1,1,NA,2,401,I-10 (SAN BERNARDINO FREEWAY) W/B,DEL MAR AVE,582,E,N,A,-,Y,NA,NA,10,NA,NA,NA,NA,NA,W,Y,3,0,2,3,A,-,03,22350,NA,N,C,C,A,A,H,-,A,D,0,NA,NA,NA,NA,Y,NA,A,01,0,1,1,0,0,0,0,0,0,-,-,34.07209,-118.09737,LOS ANGELES,ROSEMEAD,-118.09737021,34.07210705
90608037,2017,2017-12-01,9580,2017-11-26,0820,020836,NA,7,1,7,1942,0,1,2,NA,2,106,US-101 N/B (VENTURA FREEWAY),MUREAU RD,1056,N,N,A,-,Y,NA,NA,NA,NA,NA,NA,NA,NA,NA,Y,4,0,1,1,A,-,03,22350,NA,N,E,I,A,A,H,-,A,D,0,NA,NA,NA,NA,Y,NA,A,07,0,0,1,0,0,0,0,0,0,-,-,34.15355,-118.65255,LOS ANGELES,LOS ANGELES,-118.66152525,34.15059981
90608049,2017,2017-12-01,9580,2017-11-17,0645,019451,NA,5,1,3,1994,0,1,2,NA,2,108,US-101 N/B (VENTURA FREEWAY),KANAN RD,1056,N,N,B,-,Y,NA,NA,101,NA,NA,NA,NA,NA,N,Y,4,0,1,2,C,-,18,NA,NA,N,E,J,A,A,H,-,B,D,0,NA,NA,NA,NA,Y,NA,-,-,0,0,1,0,0,0,0,0,0,-,-,34.14711,-118.76995,LOS ANGELES,AGOURA HILLS,-118.76992814,34.14728233
90608054,2017,2017-12-01,9545,2017-11-27,1840,016124,NA,1,2,9,1900,0,3,5,NA,2,004,AVENUE O,150TH ST EAST,100,E,N,A,-,N,NA,NA,NA,NA,NA,NA,NA,NA,NA,Y,4,0,1,2,A,-,08,22107,NA,N,D,C,A,A,H,-,D,D,0,NA,NA,Y,NA,Y,NA,D,22,0,0,1,0,0,0,0,0,1,-,-,34.61659,-117.86114,LOS ANGELES,UNINCORPORATED,-117.86216843,34.61654
9060806,2020,2020-05-27,1942,2020-02-08,0040,38771,1924,6,5,7,1942,0,0,0,NA,0,19A1,HUBBARD ST,JACKMAN AV,150,E,N,A,-,N,NA,NA,NA,NA,NA,NA,NA,NA,NA,Y,4,0,1,3,A,-,08,22107,NA,N,C,E,A,A,H,-,C,A,0,NA,NA,NA,NA,Y,NA,A,01,0,0,1,0,0,0,0,0,0,-,-,NA,NA,LOS ANGELES,LOS ANGELES,-118.45249938964844,34.28816223144531
90608064,2017,2017-12-01,9580,2017-11-18,1725,021475,NA,6,2,7,1942,0,1,1,NA,2,407,I-405 S/B (SAN DIEGO FWY),SATICOY ST,528,S,N,A,-,Y,NA,NA,405,NA,NA,NA,NA,NA,S,Y,2,0,1,6,A,-,08,22107,NA,N,B,C,A,A,H,-,B,D,0,NA,NA,NA,NA,Y,NA,A,07,1,0,0,0,0,0,0,0,0,-,-,34.20739,-118.47347,LOS ANGELES,LOS ANGELES,-118.47345615,34.20738986
9060808,2020,2020-03-10,1900,2020-01-23,0700,274557,0263,4,5,4,1917,0,0,0,NA,0,26T,SANTA ANA ST,SALT LAKE AV,206,E,N,A,-,N,NA,NA,NA,NA,NA,NA,NA,NA,NA,N,4,0,1,2,A,-,09,21801,A,N,D,C,A,A,H,-,A,D,0,NA,NA,NA,NA,Y,NA,D,22,0,0,1,0,0,0,0,0,0,-,-,NA,NA,LOS ANGELES,CUDAHY,-118.19156646728516,33.96146774291992
9060810,2020,2020-03-06,1942,2020-01-31,0700,39154,1974,5,5,7,1942,0,0,0,NA,0,19A85,VAN NUYS BL,NORDHOFF ST,0,NA,Y,A,-,N,NA,NA,NA,NA,NA,NA,NA,NA,NA,Y,3,0,2,2,A,-,09,21801,A,N,D,C,A,A,H,-,A,A,0,NA,NA,NA,NA,Y,NA,D,22,0,1,1,0,0,0,0,0,0,-,-,NA,NA,LOS ANGELES,LOS ANGELES,-118.45024871826172,34.235408782958984
90608140,2017,2017-12-01,9580,2017-11-19,1345,019851,NA,7,1,9,1900,0,2,4,NA,1,131,MULHOLLAND HWY,KANAN DUME RD,3168,E,N,A,-,N,NA,NA,NA,NA,NA,NA,NA,NA,NA,Y,3,0,1,1,A,-,03,22350,NA,N,F,A,A,A,H,-,A,D,0,NA,NA,Y,NA,Y,NA,C,02,0,1,0,0,0,0,0,0,1,-,-,34.09958,-118.80395,LOS ANGELES,UNINCORPORATED,-118.8048461,34.09917424
90608159,2017,2017-12-01,9580,2017-11-29,1935,021257,NA,3,2,7,1942,0,1,2,NA,2,102,US-101 N/B (VENTURA FREEWAY),WOODMAN AVE.,250,N,N,A,-,Y,NA,NA,101,NA,NA,NA,NA,NA,N,Y,4,0,1,2,A,-,03,22350,NA,N,C,C,A,A,H,-,C,D,0,NA,NA,NA,NA,Y,NA,A,01,0,0,1,0,0,0,0,0,0,-,-,34.15572,-118.43456,LOS ANGELES,LOS ANGELES,-118.43455991,34.15573918
90608160,2017,2017-12-01,9580,2017-11-22,1700,021498,NA,3,2,7,1942,0,1,3,NA,2,170,SR-170 N/B TO SHERMAN WAY E/B,SHERMAN WAY,528,S,N,A,-,Y,NA,NA,170,NA,NA,NA,R,NA,N,Y,4,0,1,3,A,-,03,22350,NA,N,C,C,A,A,H,-,D,D,0,NA,NA,NA,NA,Y,NA,A,07,0,0,1,0,0,0,0,0,0,-,-,34.19865,-118.40254,LOS ANGELES,LOS ANGELES,-118.40254,34.19865
90608168,2017,2017-12-01,9590,2017-11-23,0945,021673,NA,4,1,7,1942,0,1,1,NA,2,041,I-5 S/B (SAF),WHITTIER BLVD.,100,S,N,A,-,Y,NA,NA,5,NA,NA,NA,NA,NA,S,N,4,0,2,2,A,-,03,22350,NA,N,C,C,A,A,H,-,A,D,0,NA,NA,NA,NA,Y,NA,A,01,0,0,2,0,0,0,0,0,0,-,-,34.0361,-118.22069,LOS ANGELES,LOS ANGELES,-118.22079477,34.03614922
90608170,2017,2017-12-01,9530,2017-11-21,1855,020935,NA,2,2,5,1956,0,1,1,NA,2,400,I-405 S/B (SAN DIEGO FREEWAY),INGLEWOOD AVE.,75,N,N,A,-,Y,NA,NA,405,NA,NA,NA,NA,NA,S,N,4,0,1,2,A,-,03,22350,NA,N,C,C,A,A,H,-,C,D,0,NA,NA,NA,NA,Y,NA,A,01,0,0,1,0,0,0,0,0,0,-,-,33.89108,-118.36159,LOS ANGELES,REDONDO BEACH,-118.36162175,33.89103614
90608171,2017,2017-12-01,9580,2017-11-30,0844,016523,NA,4,1,7,1942,0,1,1,NA,2,407,I-405 S/B (SAN DIEGO FWY),PLUMMER ST,100,N,N,A,-,Y,NA,NA,405,NA,NA,NA,NA,NA,S,Y,4,0,1,2,A,-,03,22350,NA,N,C,C,A,A,H,-,A,D,0,NA,NA,NA,NA,Y,NA,A,07,0,0,1,0,0,0,0,0,0,-,-,34.24372,-118.47317,LOS ANGELES,LOS ANGELES,-118.47310061,34.24371925
9060818,2020,2020-03-06,1942,2020-01-17,2200,36733,1961,5,5,7,1942,0,0,0,NA,0,19A61,SEPULVEDA BL,TUPPER ST,80,S,N,A,-,N,NA,NA,NA,NA,NA,NA,NA,NA,NA,N,4,0,1,2,A,-,08,22100,A,N,D,C,A,A,H,-,C,D,0,NA,NA,NA,NA,Y,NA,A,01,0,0,1,0,0,0,0,0,0,-,-,NA,NA,LOS ANGELES,LOS ANGELES,-118.46768188476564,34.238948822021484
90608187,2017,2017-12-01,9580,2017-11-23,1111,019451,NA,4,1,7,1942,0,1,3,NA,2,116,SR-118 E/B (RONALD REAGAN FWY.),LOUISE AVE,528,W,N,A,-,Y,NA,NA,118,NA,NA,NA,NA,NA,E,N,4,0,1,2,A,-,03,22350,NA,N,C,C,A,A,H,-,A,D,0,NA,NA,NA,NA,Y,NA,A,07,0,0,1,0,0,0,0,0,0,-,-,34.27761,-118.5124,LOS ANGELES,LOS ANGELES,-118.5124033,34.27772086
90608192,2017,2017-12-01,9580,2017-11-23,1505,021257,NA,4,2,7,1942,0,1,2,NA,2,102,US-101 N/B (VENTURA FREEWAY),WOODMAN AVE.,100,N,N,A,-,Y,NA,NA,101,NA,NA,NA,NA,NA,N,N,4,0,1,2,A,-,03,22350,NA,N,C,C,A,A,H,-,A,D,0,NA,NA,NA,NA,Y,NA,A,01,0,0,1,0,0,0,0,0,0,-,-,34.15571,-118.43249,LOS ANGELES,LOS ANGELES,-118.43248991,34.15572999
9060820,2020,2020-03-10,1900,2020-01-14,1815,622220,0250,2,5,4,1945,0,0,0,NA,0,28T,SLAUSON AV,LOMA VISTA AV,308,E,N,A,B,N,NA,NA,NA,NA,NA,NA,NA,NA,NA,Y,4,0,1,3,A,-,01,23153,A,N,C,C,A,A,H,-,C,A,0,NA,NA,NA,Y,Y,Y,A,07,0,0,1,0,0,0,0,0,0,-,-,33.988399505615234,-118.19760131835938,LOS ANGELES,MAYWOOD,-118.19775390625,33.988380432128906
90608203,2017,2017-12-01,9580,2017-11-30,1720,018185,NA,4,2,9,1900,0,1,2,NA,2,106,US-101 N/B (VENTURA FREEWAY),LOST HILLS RD,1400,S,N,A,-,Y,NA,NA,101,NA,NA,NA,NA,NA,N,Y,3,0,1,3,A,-,03,22350,NA,N,C,C,A,A,H,-,D,D,0,NA,NA,NA,NA,Y,NA,A,01,0,1,0,0,0,0,0,0,0,-,-,34.14232,-118.70651,LOS ANGELES,UNINCORPORATED,-118.70652827,34.14235234
90608207,2017,2017-12-01,9530,2017-11-20,1510,021871,NA,1,2,9,1900,0,3,5,NA,2,002,EL SEGUNDO BLVD. (2200 BLOCK),WILLOWBROOK AVE.,350,W,N,A,-,N,NA,NA,NA,NA,NA,NA,NA,NA,NA,Y,2,0,2,2,A,-,07,21658,A,N,D,C,A,A,H,-,A,D,0,NA,NA,Y,NA,Y,NA,A,01,1,0,1,0,0,0,0,0,1,-,-,33.9162,-118.2329,LOS ANGELES,UNINCORPORATED,-118.23282031,33.91614
90608210,2017,2017-12-01,9580,2017-11-23,2037,021257,NA,4,2,7,1942,0,1,1,NA,2,404,I-405 N/B (SAN DIEGO FWY),SEPULVEDA BLVD.,600,S,N,A,-,Y,NA,NA,405,NA,NA,NA,NA,NA,N,Y,4,0,1,7,A,-,03,22350,NA,N,C,C,A,A,H,-,C,D,0,NA,NA,NA,NA,Y,NA,A,07,0,0,1,0,0,0,0,0,0,-,-,34.14598,-118.47032,LOS ANGELES,LOS ANGELES,-118.47048868,34.14606005
9060822,2020,2020-03-10,1942,2020-01-15,2025,36466,1915,3,5,7,1942,0,0,0,NA,0,0A1,GLENOAKS,BERG ST,150,S,N,A,-,N,NA,NA,NA,NA,NA,NA,NA,NA,NA,NA,3,0,1,3,A,-,07,21658,A,N,C,E,A,A,-,-,C,D,0,NA,NA,NA,NA,Y,NA,A,01,0,1,0,0,0,0,0,0,0,-,-,NA,NA,LOS ANGELES,LOS ANGELES,-118.44498443603516,34.3039436340332
90608222,2017,2017-12-01,9580,2017-11-24,1025,021015,NA,5,1,7,1942,0,1,2,NA,2,104,US-101 N/B (VENTURA FREEWAY),LINDLEY AVE,200,N,N,A,-,Y,NA,NA,101,NA,NA,NA,NA,NA,N,Y,3,0,1,2,A,-,03,22350,NA,N,C,C,A,A,H,-,A,D,0,NA,NA,NA,NA,Y,NA,D,22,0,1,0,0,0,0,0,0,0,-,-,34.17123,-118.52807,LOS ANGELES,LOS ANGELES,-118.52806996,34.17127656
90608231,2017,2017-12-01,9580,2017-11-26,1350,020451,NA,7,1,9,1900,0,1,3,NA,1,270,SR-27 N/B (TOPANGA CYN. BLVD.),FALLS DR,5280,S,N,A,-,Y,NA,NA,27,NA,NA,NA,NA,NA,N,Y,4,0,2,2,A,-,08,22107,NA,N,F,A,A,A,H,-,A,D,0,NA,NA,Y,NA,Y,NA,C,02,0,0,2,0,0,0,0,0,0,-,-,34.06866,-118.58717,LOS ANGELES,UNINCORPORATED,-118.58726171,34.06869602
90608240,2017,2017-12-01,9530,2017-11-21,1645,021709,NA,2,2,7,1942,0,1,1,NA,2,210,I-105 E/B (GLENN ANDERSON FWY),COMPTON AVE.,250,W,N,A,-,Y,NA,NA,105,NA,NA,NA,NA,NA,E,Y,3,0,1,3,A,-,03,22350,NA,N,C,C,A,A,H,-,B,D,0,NA,NA,Y,NA,Y,NA,C,02,0,1,0,0,0,0,0,0,1,-,-,33.92849,-118.24659,LOS ANGELES,LOS ANGELES,-118.2465856,33.92860548
90608248,2017,2017-12-01,9590,2017-11-21,1915,020697,NA,2,2,7,1942,0,1,1,NA,2,050,I-110 N/B (HAF) FROM FLORENCE AVE,FLORENCE AVE,450,N,N,A,-,Y,NA,NA,110,NA,NA,NA,R,NA,N,Y,4,0,2,2,A,-,03,22350,NA,N,C,C,A,A,H,-,C,D,0,NA,NA,NA,NA,Y,NA,A,01,0,0,2,0,0,0,0,0,0,-,-,33.97608,-118.28042,LOS ANGELES,LOS ANGELES,-118.28042,33.97608
90608264,2017,2017-12-01,9530,2017-11-21,1935,021059,NA,2,2,7,1942,0,1,1,NA,2,110,I-110 S/B (HARBOR FREEWAY),FIGUEROA ST.,100,N,N,A,-,Y,NA,NA,110,NA,NA,NA,NA,NA,S,N,4,0,1,2,A,-,03,22350,NA,N,C,C,A,A,H,-,C,A,0,NA,NA,NA,NA,Y,NA,A,01,0,0,1,0,0,0,0,0,0,-,-,33.9209,-118.28258,LOS ANGELES,LOS ANGELES,-118.28253772,33.92086638
9060828,2020,2020-03-10,1900,2020-01-14,1236,507510,0242,2,5,3,1914,0,0,0,NA,0,27T1,GOODRICH BL,OLYMPIC BL,0,NA,Y,A,-,N,NA,NA,NA,NA,NA,NA,NA,NA,NA,Y,4,0,1,5,A,-,12,21453,A,N,A,C,A,A,H,-,A,A,0,NA,NA,NA,NA,Y,NA,A,01,0,0,1,0,0,0,0,0,0,-,-,NA,NA,LOS ANGELES,COMMERCE,-118.15590667724608,34.015750885009766
90608290,2017,2017-12-01,9550,2017-11-20,0725,020755,NA,1,1,3,1903,0,1,3,NA,2,091,SR-91 W/B,GRIDLEY RD.,180,W,N,A,-,Y,NA,NA,91,NA,NA,NA,NA,NA,W,N,4,0,1,3,A,-,07,21658,A,F,B,C,A,A,H,-,A,D,0,NA,NA,Y,NA,Y,NA,-,99,0,0,1,0,0,0,0,0,1,-,-,33.87651,-118.09222,LOS ANGELES,ARTESIA,-118.09221962,33.87641575
9060830,2020,2020-03-10,1942,2020-01-19,1300,33294,1915,7,5,7,1942,0,0,0,NA,0,19A1,GLENOAKS BL,AZTEC ST,75,S,N,B,-,N,NA,NA,NA,NA,NA,NA,NA,NA,NA,Y,4,0,1,3,A,-,08,22107,NA,N,B,E,A,A,H,-,A,A,0,NA,NA,NA,NA,Y,NA,A,01,0,0,1,0,0,0,0,0,0,-,-,NA,NA,LOS ANGELES,LOS ANGELES,-118.43994140625,34.300048828125
90608305,2017,2017-12-01,9550,2017-11-19,0555,021269,NA,7,3,3,1964,0,1,1,NA,2,501,INTERSTATE 5 (SANTA ANA FREEWAY),SHOEMAKER AVENUE,119,S,N,A,-,Y,NA,NA,5,NA,NA,NA,NA,NA,NA,Y,4,0,1,1,A,-,01,23152,A,N,E,I,A,A,D,-,B,A,0,NA,NA,NA,NA,Y,Y,A,07,0,0,1,0,0,0,0,0,0,-,-,33.89849,-118.0554,LOS ANGELES,SANTA FE SPRINGS,-118.05540082,33.89848849
90608309,2017,2017-12-01,9575,2017-11-19,0300,020887,NA,7,3,9,1900,0,1,3,NA,2,081,ROSEMEAD BLVD (6600 BLOCK),ARDENDALE AVE,275,S,N,A,-,Y,NA,NA,NA,NA,NA,NA,NA,NA,NA,Y,3,0,1,3,A,-,08,22107,NA,N,A,E,A,A,H,-,C,D,0,NA,NA,NA,NA,Y,NA,A,01,0,1,0,0,0,0,0,0,0,-,-,34.11941,-118.07277,LOS ANGELES,UNINCORPORATED,-118.07295526,34.11923758
90608317,2017,2017-12-01,9550,2017-11-25,1625,021862,NA,6,2,9,1900,0,3,5,NA,2,004,GARO STREET,HINNEN AVENUE,110,W,N,A,-,N,NA,NA,NA,NA,NA,NA,NA,NA,NA,Y,4,0,1,2,A,-,09,21801,A,N,D,C,A,A,H,-,A,D,0,NA,NA,NA,NA,Y,NA,A,01,0,0,1,0,0,0,0,0,0,-,-,34.00309,-117.95462,LOS ANGELES,UNINCORPORATED,-117.95465207,34.00307891
90608318,2017,2017-12-01,9590,2017-12-01,0700,021596,NA,5,1,7,1942,0,1,1,NA,2,061,I-10 W/B (SANTA MONICA FREEWAY),LA BREA ST,300,W,N,A,-,Y,NA,NA,10,NA,NA,NA,NA,NA,W,Y,4,0,1,2,A,-,03,22350,NA,N,C,C,A,A,H,-,A,D,0,NA,NA,NA,NA,Y,NA,A,01,0,0,1,0,0,0,0,0,0,-,-,34.03452,-118.35118,LOS ANGELES,LOS ANGELES,-118.35117123,34.03433434
9060832,2020,2020-03-10,1900,2020-01-14,1204,507510,0243,2,5,3,1914,0,0,0,NA,0,27T1,ATLANTIC BL,HARBOR ST,200,N,N,A,-,N,NA,NA,NA,NA,NA,NA,NA,NA,NA,N,4,0,1,4,A,-,07,21658,A,N,B,C,A,A,H,-,A,D,0,NA,NA,NA,NA,Y,NA,D,22,0,0,1,0,0,0,0,0,0,-,-,NA,NA,LOS ANGELES,COMMERCE,-118.16314697265624,34.00613784790039
90608331,2017,2017-12-01,9550,2017-11-27,1525,020969,NA,1,2,3,1964,0,1,1,NA,2,650,INTERSTATE 605 (S/B) FROM TELEGRAPH RD.,TELEGRAPH ROAD,200,N,N,A,-,Y,NA,NA,605,NA,NA,NA,R,NA,NA,Y,4,0,1,2,A,-,03,22350,NA,N,C,C,A,A,H,-,A,D,0,NA,NA,NA,NA,Y,NA,A,01,0,0,1,0,0,0,0,0,0,-,-,33.95075,-118.0923,LOS ANGELES,SANTA FE SPRINGS,-118.0923,33.95075
90608343,2017,2017-12-01,9530,2017-11-22,1120,021004,NA,3,1,6,1972,0,1,1,NA,2,400,I-405 N/B (SAN DIEGO FREEWAY),INGLEWOOD AVE.,831,S,N,A,-,Y,NA,NA,NA,NA,NA,NA,NA,NA,NA,Y,3,0,1,2,A,-,03,22350,NA,N,F,C,A,A,H,-,A,D,0,NA,NA,Y,NA,Y,NA,C,02,0,1,0,0,0,0,0,0,1,-,-,33.88797,-118.3571,LOS ANGELES,TORRANCE,-118.35923768,33.889534330000004
90608373,2017,2017-12-01,9550,2017-11-17,2349,021386,NA,5,3,6,1920,0,1,1,NA,2,651,I-605 NB,FLORENCE AVENUE,2000,S,N,A,-,Y,NA,NA,605,NA,NA,NA,NA,NA,N,Y,3,0,1,2,A,-,11,21954,A,N,F,A,E,A,H,-,D,D,0,Y,NA,Y,NA,Y,NA,N,60,0,1,0,0,0,0,0,0,1,-,-,33.93323,-118.10049,LOS ANGELES,DOWNEY,-118.1005839,33.93327605
9060838,2020,2020-08-05,1942,2020-01-17,1105,42561,1907,5,5,7,1942,0,0,0,NA,0,19A7,HUBBARD ST,FENTON AV,0,NA,Y,A,-,N,NA,NA,NA,NA,NA,NA,NA,NA,NA,Y,2,0,1,2,A,-,12,21453,A,N,D,C,A,B,H,-,A,A,0,NA,NA,NA,Y,Y,NA,A,01,1,0,0,0,0,0,0,0,0,-,-,NA,NA,LOS ANGELES,LOS ANGELES,-118.42436981201172,34.312721252441406
90608405,2017,2017-12-01,9530,2017-11-17,1330,021792,NA,5,1,7,1942,0,1,1,NA,2,120,I-110 S/B (HARBOR FREEWAY),MAC ARTHUR AVE.,100,S,N,A,-,Y,NA,NA,110,NA,NA,NA,NA,NA,S,N,4,0,4,2,A,-,08,22107,NA,N,A,C,A,A,H,-,A,D,0,NA,NA,NA,NA,Y,NA,D,22,0,0,4,0,0,0,0,0,0,-,-,33.75074,-118.29109,LOS ANGELES,LOS ANGELES,-118.29110112,33.75073943
9060841,2020,2020-05-28,1925,2020-02-22,0856,25775,280,6,5,6,1925,0,0,0,NA,0,003,CHEVY CHASE DR,BOYNTON ST,50,E,N,A,-,N,NA,NA,NA,NA,NA,NA,NA,NA,NA,Y,4,0,1,2,A,-,03,22350,NA,N,C,C,A,A,H,-,A,A,0,NA,NA,NA,NA,Y,NA,A,01,0,0,1,0,0,0,0,0,0,-,-,NA,NA,LOS ANGELES,GLENDALE,-118.24891662597656,34.133670806884766
90608422,2017,2017-12-01,9530,2017-11-22,0610,020307,NA,3,1,7,1942,0,1,1,NA,2,200,I-105 W/B (GLENN ANDERSON FWY),HOOVER ST.,100,W,N,A,-,Y,NA,NA,NA,NA,NA,NA,NA,NA,NA,N,4,0,1,3,A,-,07,21658,A,N,B,C,A,A,H,-,A,D,0,NA,NA,Y,NA,Y,NA,D,22,0,0,1,0,0,0,0,0,1,-,-,33.92717,-118.28063,LOS ANGELES,LOS ANGELES,-118.28732901,33.92889
9060843,2020,2020-03-09,1900,2020-02-16,2105,636424,0560,7,5,3,1968,0,0,0,NA,0,055,GARVEY AV,LEE AV,27,W,N,A,-,N,NA,NA,NA,NA,NA,NA,NA,NA,NA,Y,3,0,3,2,A,-,09,21801,A,N,C,C,A,A,H,-,C,A,0,NA,NA,NA,NA,Y,NA,A,01,0,2,1,0,0,0,0,0,0,-,-,34.09669876098633,-118.10565948486328,LOS ANGELES,SOUTH EL MONTE,-118.0669403076172,34.06271743774414
90608430,2017,2017-12-01,9580,2017-11-19,1214,021544,NA,7,1,7,1942,0,1,2,NA,2,101,US-101 S/B (VENTURA FREEWAY),LAUREL CANYON BLVD,50,N,N,A,-,Y,NA,NA,101,NA,NA,NA,NA,NA,S,Y,4,0,1,3,A,-,03,22350,NA,N,C,C,A,A,H,-,A,D,0,NA,NA,NA,NA,Y,NA,A,01,0,0,1,0,0,0,0,0,0,-,-,34.15436,-118.39676,LOS ANGELES,LOS ANGELES,-118.39676004,34.15433959
90608440,2017,2017-12-01,9550,2017-11-26,0935,020741,NA,7,1,9,1900,0,3,5,NA,2,002,MILLS AVENUE,CLOSE STREET,10,W,N,B,-,N,NA,NA,NA,NA,NA,NA,NA,NA,NA,Y,2,0,1,1,A,-,08,22107,NA,N,E,I,A,A,H,-,A,D,0,NA,NA,NA,NA,Y,NA,D,22,1,0,0,0,0,0,0,0,0,-,-,33.93885,-118.03638,LOS ANGELES,UNINCORPORATED,-118.03598877,33.939106699999996
90608443,2017,2017-12-01,9550,2017-11-23,1530,020594,NA,4,2,9,1900,0,3,5,NA,2,002,TIGRINA AVE.,WOODBRIER DR.,32,S,N,A,-,N,NA,NA,NA,NA,NA,NA,NA,NA,NA,Y,4,0,1,1,A,-,01,23152,F,N,E,I,A,A,H,-,A,A,0,NA,NA,NA,NA,Y,NA,A,01,0,0,1,0,0,0,0,0,0,-,-,33.92107,-117.98084,LOS ANGELES,UNINCORPORATED,-117.98074258,33.92101229
9060845,2020,2020-05-20,1925,2020-02-18,0904,23811,280,2,5,6,1925,0,0,0,NA,0,003,GLENDALE AV,RALEIGH ST,6,S,N,A,-,N,NA,NA,NA,NA,NA,NA,NA,NA,NA,N,3,0,1,2,A,-,10,21950,A,N,G,B,B,A,H,-,A,A,0,Y,NA,NA,NA,Y,NA,D,22,0,1,0,0,1,0,0,0,0,-,-,NA,NA,LOS ANGELES,GLENDALE,-118.25121307373048,34.138092041015625
90608451,2017,2017-12-04,9550,2017-11-23,2015,020932,NA,4,2,9,1900,0,3,5,NA,2,001,WASHINGTON BOULEVARD,GRETNA AVENUE,0,NA,Y,A,-,N,NA,NA,NA,NA,NA,NA,NA,NA,NA,Y,4,0,1,2,A,-,09,21801,A,F,D,C,A,A,H,-,C,D,0,NA,NA,NA,NA,Y,NA,A,01,0,0,1,0,0,0,0,0,0,-,-,33.97056,-118.06509,LOS ANGELES,UNINCORPORATED,-118.06506006,33.97051005
90608459,2017,2017-12-04,9590,2017-11-17,0540,021823,NA,5,3,7,1942,0,1,1,NA,2,050,I-110 N/B (HARBOR FREEWAY),MANCHESTER AVE,200,S,N,B,-,Y,NA,NA,110,NA,NA,NA,NA,NA,N,Y,3,0,2,2,A,-,08,22107,NA,N,B,C,A,B,H,-,B,D,0,NA,NA,NA,NA,Y,NA,A,01,0,2,0,0,0,0,0,0,0,-,-,33.95893,-118.28064,LOS ANGELES,LOS ANGELES,-118.28072017,33.95893007