CASE_ID,ACCIDENT_YEAR,PROC_DATE,JURIS,COLLISION_DATE,COLLISION_TIME,OFFICER_ID,REPORTING_DISTRICT,DAY_OF_WEEK,CHP_SHIFT,POPULATION,CNTY_CITY_LOC,SPECIAL_COND,BEAT_TYPE,CHP_BEAT_TYPE,CITY_DIVISION_LAPD,CHP_BEAT_CLASS,BEAT_NUMBER,PRIMARY_RD,SECONDARY_RD,DISTANCE,DIRECTION,INTERSECTION,WEATHER_1,WEATHER_2,STATE_HWY_IND,CALTRANS_COUNTY,CALTRANS_DISTRICT,STATE_ROUTE,ROUTE_SUFFIX,POSTMILE_PREFIX,POSTMILE,LOCATION_TYPE,RAMP_INTERSECTION,SIDE_OF_HWY,TOW_AWAY,COLLISION_SEVERITY,NUMBER_KILLED,NUMBER_INJURED,PARTY_COUNT,PRIMARY_COLL_FACTOR,PCF_CODE_OF_VIOL,PCF_VIOL_CATEGORY,PCF_VIOLATION,PCF_VIOL_SUBSECTION,HIT_AND_RUN,TYPE_OF_COLLISION,MVIW,PED_ACTION,ROAD_SURFACE,ROAD_COND_1,ROAD_COND_2,LIGHTING,CONTROL_DEVICE,CHP_ROAD_TYPE,PEDESTRIAN_ACCIDENT,BICYCLE_ACCIDENT,MOTORCYCLE_ACCIDENT,TRUCK_ACCIDENT,NOT_PRIVATE_PROPERTY,ALCOHOL_INVOLVED,STWD_VEHTYPE_AT_FAULT,CHP_VEHTYPE_AT_FAULT,COUNT_SEVERE_INJ,COUNT_VISIBLE_INJ,COUNT_COMPLAINT_PAIN,COUNT_PED_KILLED,COUNT_PED_INJURED,COUNT_BICYCLIST_KILLED,COUNT_BICYCLIST_INJURED,COUNT_MC_KILLED,COUNT_MC_INJURED,PRIMARY_RAMP,SECONDARY_RAMP,LATITUDE,LONGITUDE,COUNTY,CITY,POINT_X,POINT_Y
90615297,2017,2017-12-12,9565,2017-12-05,1415,017713,NA,2,2,4,1918,0,1,1,NA,2,061,I-405 S/B (SAN DIEGO FREEWAY),WASHINGTON BLVD.,300,N,N,A,-,Y,NA,NA,405,NA,NA,NA,NA,NA,S,N,4,0,1,2,A,-,03,22350,NA,N,C,C,A,A,H,-,A,D,0,NA,NA,NA,NA,Y,NA,A,01,0,0,1,0,0,0,0,0,0,-,-,34.00655,-118.41416,LOS ANGELES,CULVER CITY,-118.41412919,34.00657401
9061530,2019,2020-03-09,1900,2019-12-23,1700,624467,0332,1,5,4,1939,0,0,0,NA,0,35A,INGLEWOOD AV,147TH ST,11,S,N,A,-,N,NA,NA,NA,NA,NA,NA,NA,NA,NA,N,3,0,1,2,A,-,08,22107,NA,N,H,G,A,A,H,-,A,A,0,NA,Y,NA,NA,Y,NA,-,99,0,1,0,0,0,0,1,0,0,-,-,33.89773941040039,-118.36142730712892,LOS ANGELES,LAWNDALE,-118.36131286621094,33.898258209228516
9061532,2020,2020-05-20,1942,2020-02-18,0500,43543,10256,2,5,7,1942,0,0,0,J,0,110A21,VANOWEN ST,WHITEOAK AV,0,NA,Y,A,-,N,NA,NA,NA,NA,NA,NA,NA,NA,NA,N,4,0,1,2,A,-,09,21801,A,N,D,C,A,A,H,-,C,A,0,NA,NA,NA,NA,Y,NA,-,NA,0,0,1,0,0,0,0,0,0,-,-,NA,NA,LOS ANGELES,LOS ANGELES,-118.5185775756836,34.193870544433594
90615321,2017,2017-12-12,9525,2017-12-04,1900,021074,NA,1,2,9,1900,0,3,5,NA,2,002,GLADSTONE ST.,CLYDEBANK AVE.,0,NA,Y,A,-,N,NA,NA,NA,NA,NA,NA,NA,NA,NA,Y,3,0,3,3,A,-,09,21802,A,N,D,C,A,A,H,-,C,A,0,NA,NA,NA,NA,Y,NA,A,01,0,2,1,0,0,0,0,0,0,-,-,34.11429,-117.92077,LOS ANGELES,UNINCORPORATED,-117.92077004,34.11432009
90615328,2017,2017-12-12,9580,2017-11-16,2156,017371,NA,4,2,3,1989,0,1,2,NA,2,106,US-101 N/B (VENTURA FREEWAY),PARKWAY CALABASAS,1056,S,N,B,-,Y,NA,NA,101,NA,NA,NA,NA,NA,N,Y,3,0,1,3,A,-,01,23152,A,N,C,C,A,A,H,-,C,D,0,NA,NA,NA,NA,Y,Y,A,07,0,1,0,0,0,0,0,0,0,-,-,34.15489,-118.64882,LOS ANGELES,CALABASAS,-118.64882579,34.15490339
9061535,2020,2020-05-22,1942,2020-02-13,1700,38947,1049,4,5,7,1942,0,0,0,J,0,10A17,BALBOA BL,VICTORY BL,1732,S,N,A,-,N,NA,NA,NA,NA,NA,NA,NA,NA,NA,Y,3,0,2,3,A,-,09,21804,A,N,D,C,A,A,H,-,B,D,0,NA,NA,NA,NA,Y,NA,A,01,0,1,1,0,0,0,0,0,0,-,-,NA,NA,LOS ANGELES,LOS ANGELES,-118.50125885009766,34.181884765625
90615361,2017,2017-12-12,9550,2017-12-03,0020,021123,NA,7,3,5,1919,0,1,3,NA,2,091,SR-91 E/B,STUDEBAKER RD.,600,E,N,A,-,Y,NA,NA,91,NA,NA,NA,NA,NA,E,Y,3,0,2,4,A,-,03,22350,NA,N,C,C,A,A,D,-,D,D,0,NA,NA,NA,NA,Y,NA,A,01,0,1,1,0,0,0,0,0,0,-,-,33.87627,-118.09751,LOS ANGELES,CERRITOS,-118.09751051,33.87639411
9061538,2019,2020-06-17,1942,2019-12-31,2355,43506,0171,2,5,7,1942,0,0,0,A,0,1FB93,FRANCISCO,OLYMPIC,0,NA,Y,A,-,N,NA,NA,NA,NA,NA,NA,NA,NA,NA,N,3,0,1,2,A,-,21,22106,NA,F,G,B,F,A,H,-,C,D,0,Y,NA,NA,NA,Y,Y,-,99,0,1,0,0,1,0,0,0,0,-,-,NA,NA,LOS ANGELES,LOS ANGELES,-118.26576232910156,34.045440673828125
9061539,2020,2020-05-22,1942,2020-02-13,0710,39154,1004,4,5,7,1942,0,0,0,J,0,10A3,ROSCOE BL,LINDLEY AV,42,E,N,A,-,N,NA,NA,NA,NA,NA,NA,NA,NA,NA,Y,4,0,1,1,A,-,03,22350,NA,N,E,I,A,B,H,-,A,D,0,NA,NA,NA,NA,Y,NA,A,01,0,0,1,0,0,0,0,0,0,-,-,NA,NA,LOS ANGELES,LOS ANGELES,-118.5272216796875,34.22085189819336
9061542,2019,2020-03-09,1942,2019-12-16,1505,41757,6112,1,5,7,1942,0,0,0,NA,0,11AW2,NORTH MAIN ST,E COLLEGE ST,0,NA,Y,A,-,N,NA,NA,NA,NA,NA,NA,NA,NA,NA,Y,2,0,2,2,D,-,00,NA,NA,N,A,C,A,A,H,-,A,D,0,NA,NA,NA,NA,Y,NA,-,-,1,1,0,0,0,0,0,0,0,-,-,NA,NA,LOS ANGELES,LOS ANGELES,-118.23407745361328,34.06270980834961
9061543,2020,2020-05-22,1942,2020-02-19,1625,38687,1063,3,5,7,1942,0,0,0,J,0,10A83,MECCA AV,VENTURA BL,10,S,N,A,-,N,NA,NA,NA,NA,NA,NA,NA,NA,NA,N,4,0,2,3,A,-,10,21950,A,N,G,B,B,A,H,-,A,A,0,Y,NA,NA,NA,Y,NA,A,01,0,0,2,0,2,0,0,0,0,-,-,NA,NA,LOS ANGELES,LOS ANGELES,-118.53749847412108,34.16930389404297
90615431,2017,2017-12-12,9575,2017-12-04,1000,021925,NA,1,1,6,1925,0,1,3,NA,2,042,SR-134 W/B (VENTURA FREEWAY),JACKSON STREET,30,E,N,A,-,Y,NA,NA,134,NA,NA,NA,NA,NA,W,Y,4,0,1,3,A,-,03,22350,NA,F,C,C,A,A,H,-,A,D,0,NA,NA,NA,NA,Y,NA,A,01,0,0,1,0,0,0,0,0,0,-,-,34.15656,-118.2501,LOS ANGELES,GLENDALE,-118.25009937,34.15645696
90615445,2017,2017-12-12,9545,2017-12-05,0810,012653,NA,2,1,9,1900,0,3,5,NA,2,003,SIERRA HIGHWAY,ANGELES FOREST HWY,1056,S,N,A,-,N,NA,NA,NA,NA,NA,NA,NA,NA,NA,Y,3,0,1,1,A,-,08,22107,NA,N,F,A,A,A,H,-,A,D,0,NA,NA,NA,NA,Y,NA,A,01,0,1,0,0,0,0,0,0,0,-,-,34.50665,-118.11293,LOS ANGELES,UNINCORPORATED,-118.11297889,34.50674239
90615465,2017,2017-12-12,9550,2017-12-04,1215,018408,NA,1,1,9,1900,0,3,5,NA,2,006,BREA CANYON CUT OFF ROAD,COLIMA ROAD,0,NA,Y,A,-,N,NA,NA,NA,NA,NA,NA,NA,NA,NA,Y,3,0,1,2,A,-,09,21800,D,N,D,C,A,A,H,-,A,B,0,NA,NA,NA,NA,Y,NA,A,01,0,1,0,0,0,0,0,0,0,-,-,33.9868,-117.8698,LOS ANGELES,UNINCORPORATED,-117.86992002,33.98675
90615469,2017,2017-12-12,9565,2017-12-03,0450,021761,NA,7,3,9,1900,0,3,5,NA,2,004,LENNOX BLVD,FIRMONA AVE.,153,W,N,A,-,N,NA,NA,NA,NA,NA,NA,NA,NA,NA,Y,3,0,1,3,A,-,01,23152,A,N,B,E,A,A,H,-,C,D,0,NA,NA,NA,NA,Y,Y,A,01,0,1,0,0,0,0,0,0,0,-,-,33.93819,-118.35742,LOS ANGELES,UNINCORPORATED,-118.35750348,33.93817
9061547,2020,2020-05-22,1942,2020-02-19,2030,32774,1012,3,5,7,1942,0,0,0,J,0,10A21,RESEDA BL,SHERMAN WY,0,NA,Y,A,-,N,NA,NA,NA,NA,NA,NA,NA,NA,NA,Y,4,0,5,2,A,-,03,22350,NA,N,C,C,A,A,H,-,C,D,0,NA,NA,NA,NA,Y,NA,A,01,0,0,5,0,0,0,0,0,0,-,-,NA,NA,LOS ANGELES,LOS ANGELES,-118.53604125976564,34.20117950439453
90615472,2017,2017-12-12,9525,2017-12-08,1756,021007,NA,5,2,5,1990,0,1,3,NA,2,574,SR-57 N/B (ORANGE FWY),PATHFINDER ROAD,800,S,N,B,-,Y,NA,NA,57,NA,NA,NA,NA,NA,N,N,4,0,1,2,A,-,03,22350,NA,N,B,C,A,A,H,-,C,D,0,NA,NA,NA,NA,Y,NA,A,01,0,0,1,0,0,0,0,0,0,-,-,33.98001,-117.84151,LOS ANGELES,DIAMOND BAR,-117.84155311,33.98001098
9061548,2020,2020-05-20,1941,2020-02-06,1627,10937,NA,4,5,7,1941,0,0,0,NA,0,NA,PACIFIC AV,28TH ST,0,NA,-,A,-,N,NA,NA,NA,NA,NA,NA,NA,NA,NA,N,4,0,1,2,A,-,10,21950,A,N,-,B,B,A,H,-,A,A,0,Y,NA,NA,NA,Y,NA,-,NA,0,0,1,0,1,0,0,0,0,-,-,NA,NA,LOS ANGELES,LONG BEACH,-118.19371795654295,33.80801010131836
90615485,2017,2017-12-12,9530,2017-12-12,0600,021709,NA,2,1,5,1977,0,1,3,NA,2,310,SR-91 W/B TO I-110 N/B,MAIN ST.,250,E,N,A,-,Y,NA,NA,91,NA,NA,NA,R,NA,W,Y,4,0,1,2,A,-,03,22350,NA,N,C,C,A,A,H,-,A,D,0,NA,NA,NA,NA,Y,NA,A,01,0,0,1,0,0,0,0,0,0,-,-,33.87287,-118.27465,LOS ANGELES,CARSON,-118.27465,33.87287
90615494,2017,2017-12-12,9550,2017-12-06,0820,015449,NA,3,1,6,1920,0,1,1,NA,2,500,I-5 N/B (SANTA ANA FREEWAY),PARAMOUNT BLVD.,1000,S,N,A,-,Y,NA,NA,5,NA,NA,NA,NA,NA,N,Y,4,0,1,3,A,-,03,22350,NA,N,C,C,A,A,H,-,A,D,0,NA,NA,NA,NA,Y,NA,A,07,0,0,1,0,0,0,0,0,0,-,-,33.96233,-118.11766,LOS ANGELES,DOWNEY,-118.11771154,33.96225866
90615497,2017,2017-12-12,9530,2017-12-08,1700,013978,NA,5,2,6,1972,0,1,1,NA,2,400,I-405 S/B (SAN DIEGO FWY.),VAN NESS AVE.,400,S,N,A,-,Y,NA,NA,405,NA,NA,NA,NA,NA,S,Y,4,0,1,2,A,-,03,22350,NA,N,C,C,A,A,H,-,A,D,0,NA,NA,NA,NA,Y,NA,A,07,0,0,1,0,0,0,0,0,0,-,-,33.86142,-118.31641,LOS ANGELES,TORRANCE,-118.3163998,33.86145402
90615498,2017,2017-12-12,9525,2017-12-09,1105,019966,NA,6,1,4,1913,0,1,1,NA,2,110,I-10 E/B (SAN BERNARDINO FWY),INDIAN HILL BLVD,75,E,N,A,-,Y,NA,NA,10,NA,NA,NA,NA,NA,E,N,4,0,1,3,A,-,03,22350,NA,N,C,C,A,A,H,-,A,D,0,NA,NA,NA,NA,Y,NA,A,01,0,0,1,0,0,0,0,0,0,-,-,34.08171,-117.71698,LOS ANGELES,CLAREMONT,-117.71697988,34.08169948
9061550,2019,2020-03-09,1942,2019-12-18,1730,43370,13,3,5,7,1942,0,0,0,M,0,13X71,HOOPER AV,55TH ST,0,NA,Y,A,-,N,NA,NA,NA,NA,NA,NA,NA,NA,NA,Y,4,0,1,2,A,-,03,22350,NA,N,D,C,A,A,H,-,C,A,0,NA,NA,NA,NA,Y,NA,A,01,0,0,1,0,0,0,0,0,0,-,-,NA,NA,LOS ANGELES,LOS ANGELES,-118.25212860107422,33.99300003051758
9061551,2020,2020-05-22,1942,2020-02-13,0940,37093,1041,4,5,7,1942,0,0,0,J,0,21A97,CORBIN AV,OXNARD ST,300,S,N,A,-,N,NA,NA,NA,NA,NA,NA,NA,NA,NA,N,3,0,1,2,A,-,09,21804,A,N,G,G,A,A,H,-,A,D,0,NA,Y,NA,NA,Y,NA,A,01,0,1,0,0,0,0,1,0,0,-,-,NA,NA,LOS ANGELES,LOS ANGELES,-118.56224060058594,34.1784553527832
9061552,2020,2020-05-21,1941,2020-02-13,1805,11457,NA,4,5,7,1941,0,0,0,NA,0,901,LONG BEACH BL,14TH ST,225,N,N,A,-,N,NA,NA,NA,NA,NA,NA,NA,NA,NA,N,4,0,1,4,A,-,03,22350,NA,N,C,C,A,A,H,-,-,A,0,NA,NA,NA,NA,Y,NA,A,NA,0,0,1,0,0,0,0,0,0,-,-,NA,NA,LOS ANGELES,LONG BEACH,-118.18949127197266,33.78453826904297
90615537,2017,2017-12-12,9550,2017-12-04,1742,019808,NA,1,2,9,1900,0,3,5,NA,2,003,TURNBULL CANYON ROAD,LOS ROBLES AVENUE,0,NA,Y,A,-,N,NA,NA,NA,NA,NA,NA,NA,NA,NA,N,4,0,1,2,A,-,09,21801,A,N,D,C,A,A,H,-,C,A,0,NA,NA,NA,NA,Y,NA,A,01,0,0,1,0,0,0,0,0,0,-,-,34.00816,-117.97974,LOS ANGELES,UNINCORPORATED,-117.97979003,34.00814002
90615540,2017,2017-12-12,9525,2017-12-07,1703,020058,NA,4,2,9,1900,0,2,4,NA,2,022,SAN BERNARDINO RD. (15000 BLOCK),IRWINDALE AVE,0,NA,Y,A,-,N,NA,NA,NA,NA,NA,NA,NA,NA,NA,N,3,0,1,2,A,-,05,21650,NA,N,D,G,A,A,H,-,C,A,0,NA,Y,NA,NA,Y,NA,L,04,0,1,0,0,0,0,1,0,0,-,-,34.08984,-117.93436,LOS ANGELES,UNINCORPORATED,-117.93417012,34.08977005
90615544,2017,2017-12-12,9545,2017-12-06,0630,012653,NA,3,1,9,1900,0,3,5,NA,2,004,PEARBLOSSOM HWY,SMALL ROAD,528,W,N,A,-,N,NA,NA,NA,NA,NA,NA,NA,NA,NA,Y,4,0,1,2,A,-,09,21801,A,N,C,C,A,A,H,-,A,D,0,NA,NA,NA,NA,Y,NA,A,01,0,0,1,0,0,0,0,0,0,-,-,34.52774,-118.0925,LOS ANGELES,UNINCORPORATED,-118.0925897,34.52766207
90615549,2017,2017-12-12,9550,2017-12-04,1050,020594,NA,1,1,6,1949,0,1,1,NA,2,651,I-605 N/B,IMPERIAL HIGHWAY,700,N,N,A,-,Y,NA,NA,605,NA,NA,NA,NA,NA,N,Y,4,0,1,2,A,-,03,22350,NA,N,C,C,A,A,H,-,A,D,0,NA,NA,NA,NA,Y,NA,A,01,0,0,1,0,0,0,0,0,0,-,-,33.9215,-118.10423,LOS ANGELES,NORWALK,-118.10437297,33.9215072
9061555,2020,2020-05-22,1942,2020-02-12,2005,42746,1003,3,5,7,1942,0,0,0,J,0,10X1W3,RESEDA BL,ROSCOE BL,100,S,N,A,-,N,NA,NA,NA,NA,NA,NA,NA,NA,NA,Y,4,0,3,2,A,-,09,21801,A,N,A,C,A,A,H,-,C,A,0,NA,NA,NA,NA,Y,NA,A,01,0,0,3,0,0,0,0,0,0,-,-,NA,NA,LOS ANGELES,LOS ANGELES,-118.53607940673828,34.22047424316406
9061556,2020,2020-08-11,1900,2020-02-17,0726,608280,0532,1,5,5,1959,0,0,0,NA,0,53T1,HELLMAN AV,DEL MAR AV,0,NA,N,A,-,N,NA,NA,NA,NA,NA,NA,NA,NA,NA,Y,3,0,1,2,A,-,12,21453,A,N,D,C,A,A,H,-,A,A,0,NA,NA,NA,NA,Y,NA,-,-,0,1,0,0,0,0,0,0,0,-,-,34.06990051269531,-118.09950256347656,LOS ANGELES,ROSEMEAD,-118.09954071044922,34.06985855102539
90615568,2017,2017-12-12,9540,2017-12-09,1440,021260,NA,6,2,9,1900,0,3,5,NA,2,100,HENRY MAYO DRIVE (28000 BLOCK),COMMERCE CENTER DR,12,W,N,A,-,N,NA,NA,NA,NA,NA,NA,NA,NA,NA,N,4,0,1,2,A,-,03,22350,NA,M,C,C,A,A,H,-,A,A,0,NA,NA,NA,NA,Y,NA,-,99,0,0,1,0,0,0,0,0,0,-,-,34.43398,-118.61726,LOS ANGELES,UNINCORPORATED,-118.61838107,34.43526948
90615576,2017,2017-12-12,9525,2017-12-09,1556,021007,NA,6,2,6,1955,0,1,3,NA,2,571,SR-57 S/B (ORANGE FWY),TEMPLE AVE,300,S,N,A,-,Y,NA,NA,57,NA,NA,NA,NA,NA,S,N,4,0,1,3,A,-,03,22350,NA,N,C,C,A,A,H,-,A,D,0,NA,NA,NA,NA,Y,NA,A,01,0,0,1,0,0,0,0,0,0,-,-,34.04111,-117.80221,LOS ANGELES,POMONA,-117.80223536,34.04112785
90615588,2017,2017-12-12,9525,2017-12-09,1920,020951,NA,6,2,6,1955,0,1,3,NA,2,605,SR-60 W/B (POMONA FWY),PHILLIPS RANCH RD.,100,E,N,A,-,Y,NA,NA,60,NA,NA,NA,NA,NA,W,N,4,0,1,2,A,-,07,21658,A,M,B,C,A,A,H,-,C,D,0,NA,NA,NA,NA,Y,NA,D,22,0,0,1,0,0,0,0,0,0,-,-,34.02381,-117.76971,LOS ANGELES,POMONA,-117.76970848,34.02382157
9061559,2020,2020-05-22,1942,2020-02-16,1630,43697,1029,7,5,7,1942,0,0,0,J,0,10X8,SHERMAN WAY,FIRMAMENT AV,0,NA,Y,A,-,N,NA,NA,NA,NA,NA,NA,NA,NA,NA,N,4,0,1,2,A,-,04,21703,NA,N,C,C,A,A,H,-,A,A,0,NA,NA,NA,NA,Y,NA,A,01,0,0,1,0,0,0,0,0,0,-,-,NA,NA,LOS ANGELES,LOS ANGELES,-118.472412109375,34.20111083984375
90615597,2017,2017-12-12,9525,2017-12-08,1655,021355,NA,5,2,5,1990,0,1,3,NA,2,571,SR-57 S/B (ORANGE FWY),SUNSET CROSSING RD.,1056,N,N,A,-,Y,NA,NA,57,NA,NA,NA,NA,NA,S,N,4,0,1,3,A,-,03,22350,NA,N,C,C,A,A,H,-,C,D,0,NA,NA,NA,NA,Y,NA,A,08,0,0,1,0,0,0,0,0,0,-,-,34.03262,-117.80918,LOS ANGELES,DIAMOND BAR,-117.80923324,34.03265613
9061560,2020,2020-05-21,1900,2020-02-14,0831,434049,0533,5,5,5,1959,0,0,0,NA,0,53T1,HELLMAN AV,EARLE AV,115,W,N,A,-,N,NA,NA,NA,NA,NA,NA,NA,NA,NA,Y,3,0,1,3,A,-,08,22107,NA,N,B,E,A,A,H,-,A,D,0,NA,NA,NA,NA,Y,NA,A,01,0,1,0,0,0,0,0,0,0,-,-,NA,NA,LOS ANGELES,ROSEMEAD,-118.08509063720705,34.06991958618164
90615605,2017,2017-12-15,9535,2017-11-19,1540,021554,NA,7,2,4,1907,0,1,1,NA,2,072,I-710 (LONG BEACH FREEWAY) N/B,FLORENCE AVENUE,730,N,N,A,-,Y,NA,NA,710,NA,NA,NA,NA,NA,N,Y,3,0,1,2,A,-,01,23152,A,F,B,C,A,A,H,-,A,D,0,NA,NA,NA,NA,Y,Y,A,01,0,1,0,0,0,0,0,0,0,-,-,33.97024,-118.16759,LOS ANGELES,BELL,-118.16757999,33.97023991
90615611,2017,2017-12-12,9580,2017-11-27,0110,020573,NA,1,3,7,1942,0,1,3,NA,2,170,SR-170 N/B (HOLLYWOOD FWY.),ROSCOE BLVD,1400,S,N,A,-,Y,NA,NA,170,NA,NA,NA,NA,NA,N,Y,2,0,1,2,A,-,01,23152,A,N,C,C,A,A,H,-,C,D,0,NA,NA,Y,NA,Y,Y,C,02,1,0,0,0,0,0,0,0,1,-,-,34.21752,-118.40898,LOS ANGELES,LOS ANGELES,-118.40891975,34.21753633
90615618,2017,2017-12-12,9530,2017-12-11,0940,019412,NA,1,1,9,1900,0,3,5,NA,2,005,MARINE AVE. (3200 BLOCK),LEMOLI AVE.,5,E,N,A,-,N,NA,NA,NA,NA,NA,NA,NA,NA,NA,Y,4,0,1,2,A,-,10,21950,A,N,G,B,B,A,H,-,A,A,0,Y,NA,NA,NA,Y,NA,A,07,0,0,1,0,1,0,0,0,0,-,-,33.89466,-118.33081,LOS ANGELES,UNINCORPORATED,-118.33085356,33.89467
9061563,2020,2020-05-22,1942,2020-02-15,1400,43751,1075,6,5,7,1942,0,0,0,J,0,10A3,VENTURA BL,NEWCASTLE AV,0,NA,Y,A,-,N,NA,NA,NA,NA,NA,NA,NA,NA,NA,Y,3,0,1,1,A,-,03,22350,NA,N,H,J,A,A,H,-,A,A,0,NA,NA,Y,NA,Y,NA,C,02,0,1,0,0,0,0,0,0,1,-,-,NA,NA,LOS ANGELES,LOS ANGELES,-118.52440643310548,34.16447830200195
90615633,2017,2017-12-12,9565,2017-12-06,0845,020086,NA,3,1,4,1918,0,1,1,NA,2,061,I-405 S/B,SR-90,1000,S,N,A,-,Y,NA,NA,405,NA,NA,NA,NA,NA,S,Y,4,0,2,3,A,-,03,22350,NA,N,C,C,A,A,H,-,A,D,0,NA,NA,NA,NA,Y,NA,A,01,0,0,2,0,0,0,0,0,0,-,-,33.98517,-118.39688,LOS ANGELES,CULVER CITY,-118.39710931,33.98498878
90615636,2017,2017-12-12,9580,2017-12-11,0135,020788,NA,1,3,7,1942,0,1,2,NA,2,100,US-101 N/B (HOLLYWOOD FREEWAY),CAMPO DE CAHUENGA,50,N,N,A,-,Y,NA,NA,101,NA,NA,NA,NA,NA,N,N,4,0,1,2,A,-,03,22350,NA,F,C,C,A,A,H,-,C,D,0,NA,NA,NA,NA,Y,NA,-,99,0,0,1,0,0,0,0,0,0,-,-,34.14012,-118.36562,LOS ANGELES,LOS ANGELES,-118.36561131,34.14012693
9061564,2020,2020-05-21,1900,2020-02-15,1116,434049,0533,6,5,5,1959,0,0,0,NA,0,53T1,WALNUT GROVE AV,GARVEY AV,851,N,N,A,-,N,NA,NA,NA,NA,NA,NA,NA,NA,NA,Y,3,0,2,3,A,-,21,22106,NA,N,B,C,A,A,H,-,A,D,0,NA,NA,NA,NA,Y,NA,A,01,0,2,0,0,0,0,0,0,0,-,-,NA,NA,LOS ANGELES,ROSEMEAD,-118.08202362060548,34.06501388549805
90615645,2017,2017-12-12,9525,2017-12-09,1111,021713,NA,6,1,1,1934,0,1,1,NA,2,651,I-605 S/B (SAN GABRIEL RIVER FWY),ARROW HIGHWAY,5280,N,N,A,-,Y,NA,NA,605,NA,NA,NA,NA,NA,S,Y,4,0,1,2,A,-,07,21658,A,N,B,C,A,A,H,-,A,D,0,NA,NA,Y,NA,Y,NA,A,01,0,0,1,0,0,0,0,0,1,-,-,34.12508,-117.96567,LOS ANGELES,IRWINDALE,-117.96567186,34.12508193
9061566,2019,2020-03-09,1948,2019-12-05,1043,464,1948,4,5,5,1948,0,0,0,NA,0,002,SOUTH YNEZ AV,WEST GARVEY AV,483,S,N,A,-,N,NA,NA,NA,NA,NA,NA,NA,NA,NA,N,4,0,2,2,A,-,09,21804,A,N,D,C,A,A,H,-,A,D,0,NA,NA,NA,NA,Y,NA,A,08,0,0,2,0,0,0,0,0,0,-,-,NA,NA,LOS ANGELES,MONTEREY PARK,-118.1291275024414,34.06109619140625
9061567,2020,2020-05-22,1942,2020-02-20,1445,38326,1001,4,5,7,1942,0,0,0,J,0,10A3,SATICOY ST,TAMPA AV,0,NA,Y,A,-,N,NA,NA,NA,NA,NA,NA,NA,NA,NA,N,4,0,3,3,A,-,09,21801,A,N,D,C,-,A,H,-,A,A,0,Y,NA,NA,NA,Y,NA,A,01,0,0,3,0,1,0,0,0,0,-,-,NA,NA,LOS ANGELES,LOS ANGELES,-118.5535125732422,34.20835876464844
90615674,2017,2017-12-12,9530,2017-11-22,1935,021902,NA,3,2,7,1942,0,1,1,NA,2,400,I-405 N/B (SAN DIEGO FREEWAY),WESTERN AVE.,200,S,N,A,-,Y,NA,NA,405,NA,NA,NA,NA,NA,N,Y,4,0,3,6,A,-,03,22350,NA,M,C,C,A,A,H,-,C,D,0,NA,NA,NA,NA,Y,NA,A,01,0,0,3,0,0,0,0,0,0,-,-,33.85989,-118.30307,LOS ANGELES,LOS ANGELES,-118.30307002,33.85991384
90615676,2017,2017-12-12,9580,2017-12-03,1700,021607,NA,7,2,7,1942,0,1,2,NA,2,102,US-101 N/B (VENTURA FREEWAY),SEPULVEDA BLVD,3168,S,N,B,-,Y,NA,NA,101,NA,NA,NA,NA,NA,N,Y,3,0,1,2,A,-,03,22350,NA,N,C,C,A,A,H,-,D,D,0,NA,NA,NA,NA,Y,NA,A,01,0,1,0,0,0,0,0,0,0,-,-,34.15843,-118.45627,LOS ANGELES,LOS ANGELES,-118.45631873,34.15825943
9061568,2020,2020-05-21,1900,2020-02-20,2200,623201,0560,4,5,3,1968,0,0,0,NA,0,55F/PM,GARVEY AV,ROSEMEAD BL,0,NA,Y,A,-,N,NA,NA,NA,NA,NA,NA,NA,NA,NA,Y,3,0,1,2,A,-,03,22350,NA,N,C,C,A,A,H,-,C,A,0,NA,NA,NA,NA,Y,NA,A,07,0,1,0,0,0,0,0,0,0,-,-,NA,NA,LOS ANGELES,SOUTH EL MONTE,-118.0654067993164,34.062721252441406
90615688,2017,2017-12-12,9580,2017-12-08,1325,020153,NA,5,1,7,1942,0,1,2,NA,2,101,US-101 S/B (VENTURA FREEWAY),FULTON AVE,300,N,N,A,-,Y,NA,NA,101,NA,NA,NA,NA,NA,S,Y,4,0,3,4,A,-,03,22350,NA,N,C,C,A,A,H,-,A,D,0,NA,NA,NA,NA,Y,NA,D,22,0,0,3,0,0,0,0,0,0,-,-,34.15639,-118.42358,LOS ANGELES,LOS ANGELES,-118.42356668,34.15633013
90615692,2017,2017-12-12,9580,2017-12-08,0745,016088,NA,5,1,7,1942,0,1,2,NA,2,101,US-101 S/B (VENTURA FREEWAY),COLDWATER CANYON AVE,600,S,N,A,-,Y,NA,NA,NA,NA,NA,NA,NA,NA,NA,Y,4,0,1,3,A,-,03,22350,NA,N,C,C,A,A,H,-,A,D,0,NA,NA,NA,NA,Y,NA,A,01,0,0,1,0,0,0,0,0,0,-,-,34.15996,-118.41113,LOS ANGELES,LOS ANGELES,-118.41379,34.15666
9061570,2019,2020-03-13,1948,2019-12-01,1921,452,1948,7,5,5,1948,0,0,0,NA,0,002,GARFIELD AV,HELLMAN AV,425,S,N,A,-,N,NA,NA,NA,NA,NA,NA,NA,NA,NA,Y,4,0,1,2,A,-,12,21453,A,N,D,C,A,A,H,-,C,A,0,NA,NA,NA,NA,Y,NA,-,-,0,0,1,0,0,0,0,0,0,-,-,NA,NA,LOS ANGELES,MONTEREY PARK,-118.12291717529295,34.06859588623047